Store,DayOfWeek,Date,Sales,Customers,Open,Promo,StateHoliday,SchoolHoliday
14,4,2015-04-30,8208,882,1,1,0,0
14,5,2015-05-01,0,0,0,1,a,0
14,6,2015-05-02,4933,512,1,0,0,0
14,7,2015-05-03,0,0,0,0,0,0
14,1,2015-05-04,8076,824,1,1,0,0
14,2,2015-05-05,5779,637,1,1,0,0
14,3,2015-05-06,6345,658,1,1,0,0
14,4,2015-05-07,6684,689,1,1,0,0
14,5,2015-05-08,6801,727,1,1,0,0
14,6,2015-05-09,3829,421,1,0,0,0
14,7,2015-05-10,0,0,0,0,0,0
14,1,2015-05-11,5219,622,1,0,0,0
14,2,2015-05-12,5518,644,1,0,0,0
14,3,2015-05-13,6234,705,1,0,0,0
14,4,2015-05-14,0,0,0,0,a,0
14,5,2015-05-15,5890,685,1,0,0,0
14,6,2015-05-16,3374,393,1,0,0,0
14,7,2015-05-17,0,0,0,0,0,0
14,1,2015-05-18,8303,842,1,1,0,0
14,2,2015-05-19,6830,701,1,1,0,0
14,3,2015-05-20,5966,640,1,1,0,0
14,4,2015-05-21,6565,682,1,1,0,0
14,5,2015-05-22,6981,748,1,1,0,0
14,6,2015-05-23,3848,442,1,0,0,0
14,7,2015-05-24,0,0,0,0,0,0
14,1,2015-05-25,0,0,0,0,a,0
14,2,2015-05-26,5775,717,1,0,0,1
14,3,2015-05-27,5283,617,1,0,0,0
14,4,2015-05-28,5206,607,1,0,0,0
14,5,2015-05-29,6392,719,1,0,0,0
14,6,2015-05-30,3672,420,1,0,0,0
14,7,2015-05-31,0,0,0,0,0,0
14,1,2015-06-01,8365,818,1,1,0,0
14,2,2015-06-02,7005,722,1,1,0,0
14,3,2015-06-03,6713,778,1,1,0,0
14,4,2015-06-04,0,0,0,1,a,0
14,5,2015-06-05,7252,787,1,1,0,0
14,6,2015-06-06,3640,440,1,0,0,0
14,7,2015-06-07,0,0,0,0,0,0
14,1,2015-06-08,6111,723,1,0,0,0
14,2,2015-06-09,5622,656,1,0,0,0
14,3,2015-06-10,4909,582,1,0,0,0
14,4,2015-06-11,5048,609,1,0,0,0
14,5,2015-06-12,5108,646,1,0,0,0
14,6,2015-06-13,3541,404,1,0,0,0
14,7,2015-06-14,0,0,0,0,0,0
14,1,2015-06-15,8077,779,1,1,0,0
14,2,2015-06-16,7071,740,1,1,0,0
14,3,2015-06-17,6108,662,1,1,0,0
14,4,2015-06-18,5918,651,1,1,0,0
14,5,2015-06-19,6239,664,1,1,0,0
14,6,2015-06-20,3472,402,1,0,0,0
14,7,2015-06-21,0,0,0,0,0,0
14,1,2015-06-22,4687,599,1,0,0,0
14,2,2015-06-23,5346,599,1,0,0,0
14,3,2015-06-24,5344,619,1,0,0,0
14,4,2015-06-25,5089,587,1,0,0,0
14,5,2015-06-26,5232,609,1,0,0,0
14,6,2015-06-27,3498,409,1,0,0,0
14,7,2015-06-28,0,0,0,0,0,0
14,1,2015-06-29,8671,839,1,1,0,1
14,2,2015-06-30,10175,910,1,1,0,1
14,3,2015-07-01,5881,630,1,1,0,1
14,4,2015-07-02,6153,621,1,1,0,1
14,5,2015-07-03,6252,656,1,1,0,1
14,6,2015-07-04,3649,408,1,0,0,0
14,7,2015-07-05,0,0,0,0,0,0
14,1,2015-07-06,5706,656,1,0,0,1
14,2,2015-07-07,4955,606,1,0,0,1
14,3,2015-07-08,4720,574,1,0,0,1
14,4,2015-07-09,5050,602,1,0,0,1
14,5,2015-07-10,4981,595,1,0,0,1
14,6,2015-07-11,3103,368,1,0,0,0
14,7,2015-07-12,0,0,0,0,0,0
14,1,2015-07-13,7202,751,1,1,0,1
14,2,2015-07-14,6509,668,1,1,0,1
14,3,2015-07-15,6143,668,1,1,0,1
14,4,2015-07-16,6152,664,1,1,0,1
14,5,2015-07-17,5346,579,1,1,0,1
14,6,2015-07-18,3254,362,1,0,0,0
14,7,2015-07-19,0,0,0,0,0,0
14,1,2015-07-20,4780,571,1,0,0,1
14,2,2015-07-21,4518,555,1,0,0,1
14,3,2015-07-22,4409,541,1,0,0,1
14,4,2015-07-23,4080,514,1,0,0,1
14,5,2015-07-24,4775,567,1,0,0,1
14,6,2015-07-25,2952,348,1,0,0,0
14,7,2015-07-26,0,0,0,0,0,0
14,1,2015-07-27,6614,727,1,1,0,1
14,2,2015-07-28,5957,628,1,1,0,1
14,3,2015-07-29,5412,579,1,1,0,1
14,4,2015-07-30,5672,613,1,1,0,1
14,5,2015-07-31,6544,710,1,1,0,1
52,4,2015-04-30,9811,619,1,1,0,0
52,5,2015-05-01,0,0,0,1,a,0
52,6,2015-05-02,8682,581,1,0,0,0
52,7,2015-05-03,0,0,0,0,0,0
52,1,2015-05-04,9241,527,1,1,0,0
52,2,2015-05-05,5688,388,1,1,0,0
52,3,2015-05-06,7482,458,1,1,0,0
52,4,2015-05-07,7623,486,1,1,0,0
52,5,2015-05-08,7418,501,1,1,0,0
52,6,2015-05-09,7212,516,1,0,0,0
52,7,2015-05-10,0,0,0,0,0,0
52,1,2015-05-11,4363,304,1,0,0,0
52,2,2015-05-12,4279,308,1,0,0,0
52,3,2015-05-13,6403,480,1,0,0,0
52,4,2015-05-14,0,0,0,0,a,0
52,5,2015-05-15,6989,505,1,0,0,0
52,6,2015-05-16,5936,448,1,0,0,0
52,7,2015-05-17,0,0,0,0,0,0
52,1,2015-05-18,8669,505,1,1,0,0
52,2,2015-05-19,8008,458,1,1,0,0
52,3,2015-05-20,7216,455,1,1,0,0
52,4,2015-05-21,7732,468,1,1,0,0
52,5,2015-05-22,7697,496,1,1,0,0
52,6,2015-05-23,6311,471,1,0,0,0
52,7,2015-05-24,0,0,0,0,0,0
52,1,2015-05-25,0,0,0,0,a,0
52,2,2015-05-26,6970,477,1,0,0,1
52,3,2015-05-27,5204,357,1,0,0,1
52,4,2015-05-28,4824,339,1,0,0,1
52,5,2015-05-29,6402,449,1,0,0,1
52,6,2015-05-30,6807,459,1,0,0,0
52,7,2015-05-31,0,0,0,0,0,0
52,1,2015-06-01,9972,554,1,1,0,1
52,2,2015-06-02,8204,481,1,1,0,1
52,3,2015-06-03,8342,521,1,1,0,1
52,4,2015-06-04,0,0,0,1,a,1
52,5,2015-06-05,8552,546,1,1,0,1
52,6,2015-06-06,5504,412,1,0,0,0
52,7,2015-06-07,0,0,0,0,0,0
52,1,2015-06-08,5843,399,1,0,0,0
52,2,2015-06-09,5245,358,1,0,0,0
52,3,2015-06-10,4957,351,1,0,0,0
52,4,2015-06-11,5358,386,1,0,0,0
52,5,2015-06-12,4966,365,1,0,0,0
52,6,2015-06-13,6314,437,1,0,0,0
52,7,2015-06-14,0,0,0,0,0,0
52,1,2015-06-15,10900,602,1,1,0,0
52,2,2015-06-16,8396,463,1,1,0,0
52,3,2015-06-17,7157,420,1,1,0,0
52,4,2015-06-18,6839,461,1,1,0,0
52,5,2015-06-19,7732,501,1,1,0,0
52,6,2015-06-20,6339,451,1,0,0,0
52,7,2015-06-21,0,0,0,0,0,0
52,1,2015-06-22,4364,346,1,0,0,0
52,2,2015-06-23,4941,362,1,0,0,0
52,3,2015-06-24,5210,378,1,0,0,0
52,4,2015-06-25,4610,346,1,0,0,0
52,5,2015-06-26,5165,376,1,0,0,0
52,6,2015-06-27,6700,475,1,0,0,0
52,7,2015-06-28,0,0,0,0,0,0
52,1,2015-06-29,9885,543,1,1,0,0
52,2,2015-06-30,10587,529,1,1,0,0
52,3,2015-07-01,6689,402,1,1,0,0
52,4,2015-07-02,7170,446,1,1,0,0
52,5,2015-07-03,7593,481,1,1,0,0
52,6,2015-07-04,5968,422,1,0,0,0
52,7,2015-07-05,0,0,0,0,0,0
52,1,2015-07-06,5659,394,1,0,0,0
52,2,2015-07-07,4925,340,1,0,0,0
52,3,2015-07-08,5231,395,1,0,0,0
52,4,2015-07-09,6234,416,1,0,0,0
52,5,2015-07-10,6260,438,1,0,0,0
52,6,2015-07-11,6068,453,1,0,0,0
52,7,2015-07-12,0,0,0,0,0,0
52,1,2015-07-13,8894,512,1,1,0,0
52,2,2015-07-14,9429,531,1,1,0,0
52,3,2015-07-15,6395,452,1,1,0,0
52,4,2015-07-16,7010,462,1,1,0,0
52,5,2015-07-17,6562,457,1,1,0,0
52,6,2015-07-18,6375,472,1,0,0,0
52,7,2015-07-19,0,0,0,0,0,0
52,1,2015-07-20,5297,370,1,0,0,0
52,2,2015-07-21,5453,357,1,0,0,0
52,3,2015-07-22,4411,331,1,0,0,0
52,4,2015-07-23,6213,433,1,0,0,0
52,5,2015-07-24,5988,426,1,0,0,0
52,6,2015-07-25,6117,442,1,0,0,0
52,7,2015-07-26,0,0,0,0,0,0
52,1,2015-07-27,9118,508,1,1,0,0
52,2,2015-07-28,7787,450,1,1,0,0
52,3,2015-07-29,7584,472,1,1,0,0
52,4,2015-07-30,7024,453,1,1,0,0
52,5,2015-07-31,8031,527,1,1,0,0
55,4,2015-04-30,7167,844,1,1,0,0
55,5,2015-05-01,0,0,0,1,a,0
55,6,2015-05-02,4243,511,1,0,0,0
55,7,2015-05-03,0,0,0,0,0,0
55,1,2015-05-04,7547,812,1,1,0,0
55,2,2015-05-05,6218,679,1,1,0,0
55,3,2015-05-06,7034,725,1,1,0,0
55,4,2015-05-07,5816,672,1,1,0,0
55,5,2015-05-08,5635,721,1,1,0,0
55,6,2015-05-09,3402,410,1,0,0,0
55,7,2015-05-10,0,0,0,0,0,0
55,1,2015-05-11,4383,621,1,0,0,0
55,2,2015-05-12,4709,605,1,0,0,0
55,3,2015-05-13,6156,725,1,0,0,0
55,4,2015-05-14,0,0,0,0,a,0
55,5,2015-05-15,4526,593,1,0,0,1
55,6,2015-05-16,2846,344,1,0,0,0
55,7,2015-05-17,0,0,0,0,0,0
55,1,2015-05-18,7286,801,1,1,0,0
55,2,2015-05-19,6986,745,1,1,0,0
55,3,2015-05-20,6188,678,1,1,0,0
55,4,2015-05-21,6080,715,1,1,0,0
55,5,2015-05-22,6155,708,1,1,0,0
55,6,2015-05-23,3554,437,1,0,0,0
55,7,2015-05-24,0,0,0,0,0,0
55,1,2015-05-25,0,0,0,0,a,0
55,2,2015-05-26,5296,688,1,0,0,0
55,3,2015-05-27,4637,569,1,0,0,0
55,4,2015-05-28,4916,608,1,0,0,0
55,5,2015-05-29,5399,612,1,0,0,0
55,6,2015-05-30,3855,415,1,0,0,0
55,7,2015-05-31,0,0,0,0,0,0
55,1,2015-06-01,8245,822,1,1,0,0
55,2,2015-06-02,7144,788,1,1,0,0
55,3,2015-06-03,6255,668,1,1,0,0
55,4,2015-06-04,5984,702,1,1,a,0
55,5,2015-06-05,6120,684,1,1,0,0
55,6,2015-06-06,3016,368,1,0,0,0
55,7,2015-06-07,0,0,0,0,0,0
55,1,2015-06-08,4767,585,1,0,0,0
55,2,2015-06-09,4442,565,1,0,0,0
55,3,2015-06-10,4911,615,1,0,0,0
55,4,2015-06-11,4955,627,1,0,0,0
55,5,2015-06-12,4799,586,1,0,0,0
55,6,2015-06-13,2875,347,1,0,0,0
55,7,2015-06-14,0,0,0,0,0,0
55,1,2015-06-15,8441,895,1,1,0,0
55,2,2015-06-16,6939,735,1,1,0,0
55,3,2015-06-17,5624,630,1,1,0,0
55,4,2015-06-18,5231,595,1,1,0,0
55,5,2015-06-19,5847,682,1,1,0,0
55,6,2015-06-20,3475,374,1,0,0,0
55,7,2015-06-21,0,0,0,0,0,0
55,1,2015-06-22,3741,489,1,0,0,0
55,2,2015-06-23,4221,558,1,0,0,0
55,3,2015-06-24,4697,570,1,0,0,0
55,4,2015-06-25,4648,574,1,0,0,0
55,5,2015-06-26,4583,574,1,0,0,0
55,6,2015-06-27,2586,326,1,0,0,0
55,7,2015-06-28,0,0,0,0,0,0
55,1,2015-06-29,8172,813,1,1,0,0
55,2,2015-06-30,6614,731,1,1,0,0
55,3,2015-07-01,6111,654,1,1,0,0
55,4,2015-07-02,5851,658,1,1,0,0
55,5,2015-07-03,5385,611,1,1,0,0
55,6,2015-07-04,3066,362,1,0,0,0
55,7,2015-07-05,0,0,0,0,0,0
55,1,2015-07-06,5283,625,1,0,0,0
55,2,2015-07-07,4822,567,1,0,0,0
55,3,2015-07-08,5167,623,1,0,0,0
55,4,2015-07-09,4555,576,1,0,0,0
55,5,2015-07-10,5242,574,1,0,0,0
55,6,2015-07-11,3704,388,1,0,0,0
55,7,2015-07-12,0,0,0,0,0,0
55,1,2015-07-13,7224,777,1,1,0,1
55,2,2015-07-14,6776,703,1,1,0,1
55,3,2015-07-15,6202,668,1,1,0,1
55,4,2015-07-16,5313,609,1,1,0,1
55,5,2015-07-17,4736,596,1,1,0,1
55,6,2015-07-18,2903,347,1,0,0,0
55,7,2015-07-19,0,0,0,0,0,0
55,1,2015-07-20,4640,579,1,0,0,1
55,2,2015-07-21,4158,501,1,0,0,1
55,3,2015-07-22,3068,465,1,0,0,1
55,4,2015-07-23,4406,562,1,0,0,1
55,5,2015-07-24,3901,526,1,0,0,1
55,6,2015-07-25,2632,321,1,0,0,0
55,7,2015-07-26,0,0,0,0,0,0
55,1,2015-07-27,6017,670,1,1,0,1
55,2,2015-07-28,6252,678,1,1,0,1
55,3,2015-07-29,5924,629,1,1,0,1
55,4,2015-07-30,5610,639,1,1,0,1
55,5,2015-07-31,6096,673,1,1,0,1
62,4,2015-04-30,8371,854,1,1,0,0
62,5,2015-05-01,0,0,0,1,a,0
62,6,2015-05-02,5101,514,1,0,0,0
62,7,2015-05-03,0,0,0,0,0,0
62,1,2015-05-04,9601,960,1,1,0,0
62,2,2015-05-05,8587,862,1,1,0,0
62,3,2015-05-06,7398,776,1,1,0,0
62,4,2015-05-07,7335,791,1,1,0,0
62,5,2015-05-08,7748,797,1,1,0,0
62,6,2015-05-09,4242,446,1,0,0,0
62,7,2015-05-10,0,0,0,0,0,0
62,1,2015-05-11,7226,788,1,0,0,0
62,2,2015-05-12,6421,756,1,0,0,0
62,3,2015-05-13,7140,836,1,0,0,0
62,4,2015-05-14,0,0,0,0,a,0
62,5,2015-05-15,7583,802,1,0,0,0
62,6,2015-05-16,4094,432,1,0,0,0
62,7,2015-05-17,0,0,0,0,0,0
62,1,2015-05-18,9412,935,1,1,0,0
62,2,2015-05-19,8975,876,1,1,0,0
62,3,2015-05-20,7356,751,1,1,0,0
62,4,2015-05-21,7515,792,1,1,0,0
62,5,2015-05-22,7190,758,1,1,0,0
62,6,2015-05-23,4497,437,1,0,0,0
62,7,2015-05-24,0,0,0,0,0,0
62,1,2015-05-25,0,0,0,0,a,0
62,2,2015-05-26,7718,896,1,0,0,1
62,3,2015-05-27,6184,724,1,0,0,0
62,4,2015-05-28,6396,748,1,0,0,0
62,5,2015-05-29,6897,756,1,0,0,0
62,6,2015-05-30,3732,404,1,0,0,0
62,7,2015-05-31,0,0,0,0,0,0
62,1,2015-06-01,10274,979,1,1,0,0
62,2,2015-06-02,8854,898,1,1,0,0
62,3,2015-06-03,8746,932,1,1,0,0
62,4,2015-06-04,0,0,0,1,a,0
62,5,2015-06-05,8436,886,1,1,0,0
62,6,2015-06-06,4023,418,1,0,0,0
62,7,2015-06-07,0,0,0,0,0,0
62,1,2015-06-08,7156,809,1,0,0,0
62,2,2015-06-09,6783,729,1,0,0,0
62,3,2015-06-10,6087,683,1,0,0,0
62,4,2015-06-11,5975,708,1,0,0,0
62,5,2015-06-12,6048,705,1,0,0,0
62,6,2015-06-13,3350,387,1,0,0,0
62,7,2015-06-14,0,0,0,0,0,0
62,1,2015-06-15,9637,958,1,1,0,0
62,2,2015-06-16,8807,863,1,1,0,0
62,3,2015-06-17,8281,813,1,1,0,0
62,4,2015-06-18,6825,764,1,1,0,0
62,5,2015-06-19,6890,721,1,1,0,0
62,6,2015-06-20,3696,391,1,0,0,0
62,7,2015-06-21,0,0,0,0,0,0
62,1,2015-06-22,6062,654,1,0,0,0
62,2,2015-06-23,6539,705,1,0,0,0
62,3,2015-06-24,6106,703,1,0,0,0
62,4,2015-06-25,6494,766,1,0,0,0
62,5,2015-06-26,6514,736,1,0,0,0
62,6,2015-06-27,4396,470,1,0,0,0
62,7,2015-06-28,0,0,0,0,0,0
62,1,2015-06-29,10933,1012,1,1,0,1
62,2,2015-06-30,9265,879,1,1,0,1
62,3,2015-07-01,8439,823,1,1,0,1
62,4,2015-07-02,6730,737,1,1,0,1
62,5,2015-07-03,7005,747,1,1,0,1
62,6,2015-07-04,3747,412,1,0,0,0
62,7,2015-07-05,0,0,0,0,0,0
62,1,2015-07-06,7268,794,1,0,0,1
62,2,2015-07-07,5747,667,1,0,0,1
62,3,2015-07-08,5837,716,1,0,0,1
62,4,2015-07-09,5725,645,1,0,0,1
62,5,2015-07-10,6326,700,1,0,0,1
62,6,2015-07-11,3746,369,1,0,0,0
62,7,2015-07-12,0,0,0,0,0,0
62,1,2015-07-13,8362,836,1,1,0,1
62,2,2015-07-14,8676,796,1,1,0,1
62,3,2015-07-15,7668,774,1,1,0,1
62,4,2015-07-16,7064,727,1,1,0,1
62,5,2015-07-17,6792,725,1,1,0,1
62,6,2015-07-18,3981,390,1,0,0,0
62,7,2015-07-19,0,0,0,0,0,0
62,1,2015-07-20,5617,684,1,0,0,1
62,2,2015-07-21,6115,675,1,0,0,1
62,3,2015-07-22,5472,679,1,0,0,1
62,4,2015-07-23,5643,657,1,0,0,1
62,5,2015-07-24,5392,672,1,0,0,1
62,6,2015-07-25,3043,324,1,0,0,0
62,7,2015-07-26,0,0,0,0,0,0
62,1,2015-07-27,8619,846,1,1,0,1
62,2,2015-07-28,7593,802,1,1,0,1
62,3,2015-07-29,6820,719,1,1,0,1
62,4,2015-07-30,7181,762,1,1,0,1
62,5,2015-07-31,7495,772,1,1,0,1
66,4,2015-04-30,9136,673,1,1,0,0
66,5,2015-05-01,0,0,0,1,a,0
66,6,2015-05-02,7245,636,1,0,0,0
66,7,2015-05-03,0,0,0,0,0,0
66,1,2015-05-04,8272,649,1,1,0,0
66,2,2015-05-05,7231,548,1,1,0,0
66,3,2015-05-06,5991,501,1,1,0,0
66,4,2015-05-07,6454,539,1,1,0,0
66,5,2015-05-08,6811,587,1,1,0,0
66,6,2015-05-09,6836,613,1,0,0,0
66,7,2015-05-10,0,0,0,0,0,0
66,1,2015-05-11,5287,459,1,0,0,0
66,2,2015-05-12,4879,436,1,0,0,0
66,3,2015-05-13,7063,619,1,0,0,0
66,4,2015-05-14,0,0,0,0,a,0
66,5,2015-05-15,7321,621,1,0,0,0
66,6,2015-05-16,5611,491,1,0,0,0
66,7,2015-05-17,0,0,0,0,0,0
66,1,2015-05-18,6984,563,1,1,0,0
66,2,2015-05-19,6621,496,1,1,0,0
66,3,2015-05-20,6670,528,1,1,0,0
66,4,2015-05-21,7005,540,1,1,0,0
66,5,2015-05-22,7580,602,1,1,0,0
66,6,2015-05-23,6793,621,1,0,0,0
66,7,2015-05-24,0,0,0,0,0,0
66,1,2015-05-25,0,0,0,0,a,0
66,2,2015-05-26,6601,574,1,0,0,1
66,3,2015-05-27,4868,435,1,0,0,1
66,4,2015-05-28,5096,465,1,0,0,1
66,5,2015-05-29,6571,522,1,0,0,1
66,6,2015-05-30,5725,555,1,0,0,0
66,7,2015-05-31,0,0,0,0,0,0
66,1,2015-06-01,7078,552,1,1,0,1
66,2,2015-06-02,6244,487,1,1,0,1
66,3,2015-06-03,8320,658,1,1,0,1
66,4,2015-06-04,0,0,0,1,a,1
66,5,2015-06-05,8223,649,1,1,0,1
66,6,2015-06-06,6478,556,1,0,0,0
66,7,2015-06-07,0,0,0,0,0,0
66,1,2015-06-08,5827,519,1,0,0,0
66,2,2015-06-09,5614,447,1,0,0,0
66,3,2015-06-10,5188,442,1,0,0,0
66,4,2015-06-11,5018,448,1,0,0,0
66,5,2015-06-12,5608,489,1,0,0,0
66,6,2015-06-13,5992,539,1,0,0,0
66,7,2015-06-14,0,0,0,0,0,0
66,1,2015-06-15,8078,587,1,1,0,0
66,2,2015-06-16,7120,523,1,1,0,0
66,3,2015-06-17,6609,482,1,1,0,0
66,4,2015-06-18,5943,518,1,1,0,0
66,5,2015-06-19,7038,572,1,1,0,0
66,6,2015-06-20,6212,540,1,0,0,0
66,7,2015-06-21,0,0,0,0,0,0
66,1,2015-06-22,5028,475,1,0,0,0
66,2,2015-06-23,4548,424,1,0,0,0
66,3,2015-06-24,4588,415,1,0,0,0
66,4,2015-06-25,5134,462,1,0,0,0
66,5,2015-06-26,5642,512,1,0,0,0
66,6,2015-06-27,6462,549,1,0,0,0
66,7,2015-06-28,0,0,0,0,0,0
66,1,2015-06-29,8526,609,1,1,0,0
66,2,2015-06-30,8517,628,1,1,0,0
66,3,2015-07-01,5586,468,1,1,0,0
66,4,2015-07-02,6138,499,1,1,0,0
66,5,2015-07-03,7479,576,1,1,0,0
66,6,2015-07-04,6378,548,1,0,0,0
66,7,2015-07-05,0,0,0,0,0,0
66,1,2015-07-06,5893,523,1,0,0,0
66,2,2015-07-07,4882,422,1,0,0,0
66,3,2015-07-08,5873,494,1,0,0,0
66,4,2015-07-09,5800,518,1,0,0,0
66,5,2015-07-10,5900,528,1,0,0,0
66,6,2015-07-11,5930,531,1,0,0,0
66,7,2015-07-12,0,0,0,0,0,0
66,1,2015-07-13,8895,633,1,1,0,0
66,2,2015-07-14,7145,528,1,1,0,0
66,3,2015-07-15,6642,536,1,1,0,0
66,4,2015-07-16,6177,530,1,1,0,0
66,5,2015-07-17,6524,550,1,1,0,0
66,6,2015-07-18,7175,634,1,0,0,0
66,7,2015-07-19,0,0,0,0,0,0
66,1,2015-07-20,5418,525,1,0,0,0
66,2,2015-07-21,5111,469,1,0,0,0
66,3,2015-07-22,5005,451,1,0,0,0
66,4,2015-07-23,6430,517,1,0,0,0
66,5,2015-07-24,5314,507,1,0,0,0
66,6,2015-07-25,6398,559,1,0,0,0
66,7,2015-07-26,0,0,0,0,0,0
66,1,2015-07-27,8775,635,1,1,0,0
66,2,2015-07-28,6927,535,1,1,0,0
66,3,2015-07-29,7050,520,1,1,0,0
66,4,2015-07-30,6937,530,1,1,0,1
66,5,2015-07-31,8306,636,1,1,0,1
89,4,2015-04-30,7730,764,1,1,0,0
89,5,2015-05-01,0,0,0,1,a,0
89,6,2015-05-02,5552,550,1,0,0,0
89,7,2015-05-03,0,0,0,0,0,0
89,1,2015-05-04,8103,775,1,1,0,0
89,2,2015-05-05,6050,617,1,1,0,0
89,3,2015-05-06,5914,598,1,1,0,0
89,4,2015-05-07,6898,679,1,1,0,0
89,5,2015-05-08,6462,672,1,1,0,0
89,6,2015-05-09,5155,484,1,0,0,0
89,7,2015-05-10,0,0,0,0,0,0
89,1,2015-05-11,6695,691,1,0,0,0
89,2,2015-05-12,6146,638,1,0,0,0
89,3,2015-05-13,6629,700,1,0,0,0
89,4,2015-05-14,0,0,0,0,a,0
89,5,2015-05-15,6906,689,1,0,0,0
89,6,2015-05-16,4786,467,1,0,0,0
89,7,2015-05-17,0,0,0,0,0,0
89,1,2015-05-18,8456,766,1,1,0,0
89,2,2015-05-19,6746,641,1,1,0,0
89,3,2015-05-20,6063,543,1,1,0,0
89,4,2015-05-21,7185,702,1,1,0,0
89,5,2015-05-22,7666,748,1,1,0,0
89,6,2015-05-23,5252,476,1,0,0,0
89,7,2015-05-24,0,0,0,0,0,0
89,1,2015-05-25,0,0,0,0,a,0
89,2,2015-05-26,6184,655,1,0,0,1
89,3,2015-05-27,6080,611,1,0,0,1
89,4,2015-05-28,5774,600,1,0,0,1
89,5,2015-05-29,5962,614,1,0,0,1
89,6,2015-05-30,4708,439,1,0,0,0
89,7,2015-05-31,0,0,0,0,0,0
89,1,2015-06-01,7907,721,1,1,0,1
89,2,2015-06-02,6611,624,1,1,0,1
89,3,2015-06-03,6611,641,1,1,0,1
89,4,2015-06-04,0,0,0,1,a,1
89,5,2015-06-05,7585,727,1,1,0,1
89,6,2015-06-06,4227,431,1,0,0,0
89,7,2015-06-07,0,0,0,0,0,0
89,1,2015-06-08,6296,637,1,0,0,0
89,2,2015-06-09,6390,611,1,0,0,0
89,3,2015-06-10,6282,594,1,0,0,0
89,4,2015-06-11,5864,598,1,0,0,0
89,5,2015-06-12,5826,599,1,0,0,0
89,6,2015-06-13,4833,439,1,0,0,0
89,7,2015-06-14,0,0,0,0,0,0
89,1,2015-06-15,7372,646,1,1,0,0
89,2,2015-06-16,8411,787,1,1,0,0
89,3,2015-06-17,5712,634,1,1,0,0
89,4,2015-06-18,6127,566,1,1,0,0
89,5,2015-06-19,6597,662,1,1,0,0
89,6,2015-06-20,4086,407,1,0,0,0
89,7,2015-06-21,0,0,0,0,0,0
89,1,2015-06-22,6401,662,1,0,0,0
89,2,2015-06-23,5593,632,1,0,0,0
89,3,2015-06-24,5132,592,1,0,0,0
89,4,2015-06-25,5445,595,1,0,0,0
89,5,2015-06-26,6268,644,1,0,0,0
89,6,2015-06-27,5006,452,1,0,0,0
89,7,2015-06-28,0,0,0,0,0,0
89,1,2015-06-29,9152,828,1,1,0,0
89,2,2015-06-30,8186,723,1,1,0,0
89,3,2015-07-01,6256,616,1,1,0,0
89,4,2015-07-02,6200,641,1,1,0,0
89,5,2015-07-03,6657,669,1,1,0,0
89,6,2015-07-04,4350,451,1,0,0,0
89,7,2015-07-05,0,0,0,0,0,0
89,1,2015-07-06,6220,681,1,0,0,0
89,2,2015-07-07,5191,625,1,0,0,0
89,3,2015-07-08,5423,587,1,0,0,0
89,4,2015-07-09,6307,626,1,0,0,0
89,5,2015-07-10,6327,662,1,0,0,0
89,6,2015-07-11,4039,416,1,0,0,0
89,7,2015-07-12,0,0,0,0,0,0
89,1,2015-07-13,8788,781,1,1,0,0
89,2,2015-07-14,7632,715,1,1,0,0
89,3,2015-07-15,6738,653,1,1,0,0
89,4,2015-07-16,5996,639,1,1,0,0
89,5,2015-07-17,6575,656,1,1,0,0
89,6,2015-07-18,4639,461,1,0,0,0
89,7,2015-07-19,0,0,0,0,0,0
89,1,2015-07-20,6853,662,1,0,0,0
89,2,2015-07-21,5346,584,1,0,0,0
89,3,2015-07-22,5049,553,1,0,0,0
89,4,2015-07-23,6103,678,1,0,0,0
89,5,2015-07-24,5870,651,1,0,0,0
89,6,2015-07-25,4831,461,1,0,0,0
89,7,2015-07-26,0,0,0,0,0,0
89,1,2015-07-27,8335,794,1,1,0,0
89,2,2015-07-28,7313,702,1,1,0,0
89,3,2015-07-29,6658,634,1,1,0,0
89,4,2015-07-30,6433,683,1,1,0,0
89,5,2015-07-31,7295,716,1,1,0,0
94,4,2015-04-30,11143,882,1,1,0,0
94,5,2015-05-01,0,0,0,1,a,0
94,6,2015-05-02,6969,673,1,0,0,0
94,7,2015-05-03,0,0,0,0,0,0
94,1,2015-05-04,11865,932,1,1,0,0
94,2,2015-05-05,8290,684,1,1,0,0
94,3,2015-05-06,8573,707,1,1,0,0
94,4,2015-05-07,9070,745,1,1,0,0
94,5,2015-05-08,8085,740,1,1,0,0
94,6,2015-05-09,6775,591,1,0,0,0
94,7,2015-05-10,0,0,0,0,0,0
94,1,2015-05-11,5763,579,1,0,0,0
94,2,2015-05-12,6522,613,1,0,0,0
94,3,2015-05-13,7712,745,1,0,0,0
94,4,2015-05-14,0,0,0,0,a,0
94,5,2015-05-15,8041,753,1,0,0,0
94,6,2015-05-16,5624,553,1,0,0,0
94,7,2015-05-17,0,0,0,0,0,0
94,1,2015-05-18,11435,863,1,1,0,0
94,2,2015-05-19,9274,720,1,1,0,0
94,3,2015-05-20,7541,653,1,1,0,0
94,4,2015-05-21,7558,684,1,1,0,0
94,5,2015-05-22,8027,696,1,1,0,0
94,6,2015-05-23,6641,574,1,0,0,0
94,7,2015-05-24,0,0,0,0,0,0
94,1,2015-05-25,0,0,0,0,a,0
94,2,2015-05-26,6690,646,1,0,0,1
94,3,2015-05-27,6167,581,1,0,0,0
94,4,2015-05-28,6850,611,1,0,0,0
94,5,2015-05-29,7916,680,1,0,0,0
94,6,2015-05-30,6639,606,1,0,0,0
94,7,2015-05-31,0,0,0,0,0,0
94,1,2015-06-01,12278,929,1,1,0,0
94,2,2015-06-02,10632,788,1,1,0,0
94,3,2015-06-03,10053,810,1,1,0,0
94,4,2015-06-04,0,0,0,1,a,0
94,5,2015-06-05,9728,830,1,1,0,0
94,6,2015-06-06,6042,558,1,0,0,0
94,7,2015-06-07,0,0,0,0,0,0
94,1,2015-06-08,6853,650,1,0,0,0
94,2,2015-06-09,6120,561,1,0,0,0
94,3,2015-06-10,6602,596,1,0,0,0
94,4,2015-06-11,6661,622,1,0,0,0
94,5,2015-06-12,6506,629,1,0,0,0
94,6,2015-06-13,5625,559,1,0,0,0
94,7,2015-06-14,0,0,0,0,0,0
94,1,2015-06-15,11167,876,1,1,0,0
94,2,2015-06-16,9800,743,1,1,0,0
94,3,2015-06-17,8612,672,1,1,0,0
94,4,2015-06-18,8678,734,1,1,0,0
94,5,2015-06-19,8692,744,1,1,0,0
94,6,2015-06-20,5538,566,1,0,0,0
94,7,2015-06-21,0,0,0,0,0,0
94,1,2015-06-22,6196,581,1,0,0,0
94,2,2015-06-23,5268,544,1,0,0,0
94,3,2015-06-24,5507,566,1,0,0,0
94,4,2015-06-25,6216,583,1,0,0,0
94,5,2015-06-26,6488,607,1,0,0,0
94,6,2015-06-27,5896,544,1,0,0,0
94,7,2015-06-28,0,0,0,0,0,0
94,1,2015-06-29,11278,809,1,1,0,1
94,2,2015-06-30,10792,732,1,1,0,1
94,3,2015-07-01,9790,713,1,1,0,1
94,4,2015-07-02,8926,681,1,1,0,1
94,5,2015-07-03,8972,698,1,1,0,1
94,6,2015-07-04,5839,493,1,0,0,0
94,7,2015-07-05,0,0,0,0,0,0
94,1,2015-07-06,7228,655,1,0,0,1
94,2,2015-07-07,5828,529,1,0,0,1
94,3,2015-07-08,6684,543,1,0,0,1
94,4,2015-07-09,6985,630,1,0,0,1
94,5,2015-07-10,6876,632,1,0,0,1
94,6,2015-07-11,5444,517,1,0,0,0
94,7,2015-07-12,0,0,0,0,0,0
94,1,2015-07-13,11421,821,1,1,0,1
94,2,2015-07-14,8734,700,1,1,0,1
94,3,2015-07-15,8731,705,1,1,0,1
94,4,2015-07-16,7846,708,1,1,0,1
94,5,2015-07-17,7567,654,1,1,0,1
94,6,2015-07-18,5694,539,1,0,0,0
94,7,2015-07-19,0,0,0,0,0,0
94,1,2015-07-20,6099,591,1,0,0,1
94,2,2015-07-21,5282,505,1,0,0,1
94,3,2015-07-22,5556,541,1,0,0,1
94,4,2015-07-23,5580,560,1,0,0,1
94,5,2015-07-24,5524,538,1,0,0,1
94,6,2015-07-25,5176,496,1,0,0,0
94,7,2015-07-26,0,0,0,0,0,0
94,1,2015-07-27,11168,780,1,1,0,1
94,2,2015-07-28,8929,701,1,1,0,1
94,3,2015-07-29,7718,616,1,1,0,1
94,4,2015-07-30,7964,649,1,1,0,1
94,5,2015-07-31,8372,694,1,1,0,1
143,4,2015-04-30,9324,765,1,1,0,0
143,5,2015-05-01,0,0,0,1,a,0
143,6,2015-05-02,7277,675,1,0,0,0
143,7,2015-05-03,0,0,0,0,0,0
143,1,2015-05-04,9514,834,1,1,0,0
143,2,2015-05-05,7419,637,1,1,0,0
143,3,2015-05-06,7016,624,1,1,0,0
143,4,2015-05-07,6883,609,1,1,0,0
143,5,2015-05-08,6477,629,1,1,0,0
143,6,2015-05-09,6367,594,1,0,0,0
143,7,2015-05-10,0,0,0,0,0,0
143,1,2015-05-11,5058,520,1,0,0,0
143,2,2015-05-12,5497,555,1,0,0,0
143,3,2015-05-13,6677,624,1,0,0,0
143,4,2015-05-14,0,0,0,0,a,0
143,5,2015-05-15,6780,654,1,0,0,0
143,6,2015-05-16,4839,478,1,0,0,0
143,7,2015-05-17,0,0,0,0,0,0
143,1,2015-05-18,9947,814,1,1,0,0
143,2,2015-05-19,7850,693,1,1,0,0
143,3,2015-05-20,6726,581,1,1,0,0
143,4,2015-05-21,6414,577,1,1,0,0
143,5,2015-05-22,6594,613,1,1,0,0
143,6,2015-05-23,5228,467,1,0,0,0
143,7,2015-05-24,0,0,0,0,0,0
143,1,2015-05-25,0,0,0,0,a,0
143,2,2015-05-26,6283,591,1,0,0,0
143,3,2015-05-27,4806,496,1,0,0,0
143,4,2015-05-28,5066,481,1,0,0,0
143,5,2015-05-29,7343,609,1,0,0,0
143,6,2015-05-30,6237,559,1,0,0,0
143,7,2015-05-31,0,0,0,0,0,0
143,1,2015-06-01,10782,835,1,1,0,0
143,2,2015-06-02,8697,731,1,1,0,0
143,3,2015-06-03,8589,714,1,1,0,0
143,4,2015-06-04,0,0,0,1,a,0
143,5,2015-06-05,7749,700,1,1,0,0
143,6,2015-06-06,5689,531,1,0,0,0
143,7,2015-06-07,0,0,0,0,0,0
143,1,2015-06-08,6106,583,1,0,0,0
143,2,2015-06-09,5715,520,1,0,0,0
143,3,2015-06-10,5265,477,1,0,0,0
143,4,2015-06-11,4466,469,1,0,0,0
143,5,2015-06-12,5458,496,1,0,0,0
143,6,2015-06-13,4938,494,1,0,0,0
143,7,2015-06-14,0,0,0,0,0,0
143,1,2015-06-15,10442,844,1,1,0,0
143,2,2015-06-16,7477,691,1,1,0,0
143,3,2015-06-17,7218,616,1,1,0,0
143,4,2015-06-18,6597,558,1,1,0,0
143,5,2015-06-19,7079,642,1,1,0,0
143,6,2015-06-20,4902,458,1,0,0,0
143,7,2015-06-21,0,0,0,0,0,0
143,1,2015-06-22,4687,479,1,0,0,0
143,2,2015-06-23,4291,417,1,0,0,0
143,3,2015-06-24,4161,423,1,0,0,0
143,4,2015-06-25,3726,410,1,0,0,0
143,5,2015-06-26,4595,444,1,0,0,0
143,6,2015-06-27,4917,477,1,0,0,0
143,7,2015-06-28,0,0,0,0,0,0
143,1,2015-06-29,10736,794,1,1,0,0
143,2,2015-06-30,9499,740,1,1,0,0
143,3,2015-07-01,8026,656,1,1,0,0
143,4,2015-07-02,7201,597,1,1,0,0
143,5,2015-07-03,7692,661,1,1,0,0
143,6,2015-07-04,5270,495,1,0,0,0
143,7,2015-07-05,0,0,0,0,0,0
143,1,2015-07-06,5906,547,1,0,0,0
143,2,2015-07-07,4552,450,1,0,0,0
143,3,2015-07-08,5961,570,1,0,0,0
143,4,2015-07-09,5056,491,1,0,0,0
143,5,2015-07-10,5134,486,1,0,0,0
143,6,2015-07-11,5355,501,1,0,0,0
143,7,2015-07-12,0,0,0,0,0,0
143,1,2015-07-13,11025,882,1,1,0,0
143,2,2015-07-14,8625,690,1,1,0,0
143,3,2015-07-15,6634,593,1,1,0,0
143,4,2015-07-16,6235,547,1,1,0,0
143,5,2015-07-17,7168,630,1,1,0,0
143,6,2015-07-18,5453,535,1,0,0,0
143,7,2015-07-19,0,0,0,0,0,0
143,1,2015-07-20,5560,552,1,0,0,0
143,2,2015-07-21,4518,469,1,0,0,0
143,3,2015-07-22,5245,468,1,0,0,0
143,4,2015-07-23,5058,504,1,0,0,0
143,5,2015-07-24,5041,499,1,0,0,0
143,6,2015-07-25,5126,480,1,0,0,0
143,7,2015-07-26,0,0,0,0,0,0
143,1,2015-07-27,9732,761,1,1,0,1
143,2,2015-07-28,8214,678,1,1,0,1
143,3,2015-07-29,7100,554,1,1,0,1
143,4,2015-07-30,6740,584,1,1,0,1
143,5,2015-07-31,8382,720,1,1,0,1
162,4,2015-04-30,12212,771,1,1,0,0
162,5,2015-05-01,0,0,0,1,a,0
162,6,2015-05-02,9327,731,1,0,0,0
162,7,2015-05-03,0,0,0,0,0,0
162,1,2015-05-04,11079,657,1,1,0,0
162,2,2015-05-05,9274,603,1,1,0,0
162,3,2015-05-06,8134,561,1,1,0,0
162,4,2015-05-07,7492,523,1,1,0,0
162,5,2015-05-08,9198,644,1,1,0,0
162,6,2015-05-09,7836,625,1,0,0,0
162,7,2015-05-10,0,0,0,0,0,0
162,1,2015-05-11,5572,448,1,0,0,0
162,2,2015-05-12,5314,427,1,0,0,0
162,3,2015-05-13,7749,615,1,0,0,0
162,4,2015-05-14,0,0,0,0,a,0
162,5,2015-05-15,7514,583,1,0,0,0
162,6,2015-05-16,7017,565,1,0,0,0
162,7,2015-05-17,0,0,0,0,0,0
162,1,2015-05-18,11020,689,1,1,0,0
162,2,2015-05-19,8908,589,1,1,0,0
162,3,2015-05-20,7263,536,1,1,0,0
162,4,2015-05-21,8049,557,1,1,0,0
162,5,2015-05-22,8003,620,1,1,0,0
162,6,2015-05-23,7777,599,1,0,0,0
162,7,2015-05-24,0,0,0,0,0,0
162,1,2015-05-25,0,0,0,0,a,0
162,2,2015-05-26,6862,532,1,0,0,0
162,3,2015-05-27,5849,485,1,0,0,0
162,4,2015-05-28,6194,476,1,0,0,0
162,5,2015-05-29,7674,521,1,0,0,0
162,6,2015-05-30,9179,644,1,0,0,0
162,7,2015-05-31,0,0,0,0,0,0
162,1,2015-06-01,12111,680,1,1,0,0
162,2,2015-06-02,10616,641,1,1,0,0
162,3,2015-06-03,10637,690,1,1,0,0
162,4,2015-06-04,0,0,0,1,a,0
162,5,2015-06-05,10989,701,1,1,0,0
162,6,2015-06-06,7257,576,1,0,0,0
162,7,2015-06-07,0,0,0,0,0,0
162,1,2015-06-08,6359,500,1,0,0,0
162,2,2015-06-09,6128,473,1,0,0,0
162,3,2015-06-10,5304,459,1,0,0,0
162,4,2015-06-11,6246,469,1,0,0,0
162,5,2015-06-12,5362,461,1,0,0,0
162,6,2015-06-13,7386,581,1,0,0,0
162,7,2015-06-14,0,0,0,0,0,0
162,1,2015-06-15,13378,771,1,1,0,0
162,2,2015-06-16,10504,635,1,1,0,0
162,3,2015-06-17,8228,558,1,1,0,0
162,4,2015-06-18,8524,619,1,1,0,0
162,5,2015-06-19,8698,620,1,1,0,0
162,6,2015-06-20,6380,519,1,0,0,0
162,7,2015-06-21,0,0,0,0,0,0
162,1,2015-06-22,5378,450,1,0,0,0
162,2,2015-06-23,5790,482,1,0,0,0
162,3,2015-06-24,5488,448,1,0,0,0
162,4,2015-06-25,5235,452,1,0,0,0
162,5,2015-06-26,6463,507,1,0,0,0
162,6,2015-06-27,8155,616,1,0,0,0
162,7,2015-06-28,0,0,0,0,0,0
162,1,2015-06-29,14082,786,1,1,0,0
162,2,2015-06-30,13334,748,1,1,0,0
162,3,2015-07-01,7390,496,1,1,0,0
162,4,2015-07-02,7686,517,1,1,0,0
162,5,2015-07-03,8422,588,1,1,0,0
162,6,2015-07-04,7059,533,1,0,0,0
162,7,2015-07-05,0,0,0,0,0,0
162,1,2015-07-06,6462,507,1,0,0,0
162,2,2015-07-07,5646,465,1,0,0,0
162,3,2015-07-08,6250,468,1,0,0,0
162,4,2015-07-09,6591,487,1,0,0,0
162,5,2015-07-10,6868,533,1,0,0,0
162,6,2015-07-11,7432,553,1,0,0,0
162,7,2015-07-12,0,0,0,0,0,0
162,1,2015-07-13,11916,741,1,1,0,0
162,2,2015-07-14,9424,633,1,1,0,0
162,3,2015-07-15,8723,536,1,1,0,0
162,4,2015-07-16,8551,558,1,1,0,0
162,5,2015-07-17,9064,627,1,1,0,0
162,6,2015-07-18,6887,523,1,0,0,0
162,7,2015-07-19,0,0,0,0,0,0
162,1,2015-07-20,5869,469,1,0,0,0
162,2,2015-07-21,5457,433,1,0,0,0
162,3,2015-07-22,5737,458,1,0,0,0
162,4,2015-07-23,7160,507,1,0,0,0
162,5,2015-07-24,7179,551,1,0,0,0
162,6,2015-07-25,6936,538,1,0,0,0
162,7,2015-07-26,0,0,0,0,0,0
162,1,2015-07-27,12977,737,1,1,0,1
162,2,2015-07-28,9218,562,1,1,0,1
162,3,2015-07-29,8089,549,1,1,0,1
162,4,2015-07-30,9618,598,1,1,0,1
162,5,2015-07-31,10735,658,1,1,0,1
164,4,2015-04-30,9721,882,1,1,0,0
164,5,2015-05-01,0,0,0,1,a,0
164,6,2015-05-02,5926,544,1,0,0,0
164,7,2015-05-03,0,0,0,0,0,0
164,1,2015-05-04,10499,862,1,1,0,0
164,2,2015-05-05,8087,736,1,1,0,0
164,3,2015-05-06,7125,684,1,1,0,0
164,4,2015-05-07,7629,721,1,1,0,0
164,5,2015-05-08,6765,652,1,1,0,0
164,6,2015-05-09,5116,491,1,0,0,0
164,7,2015-05-10,0,0,0,0,0,0
164,1,2015-05-11,6050,663,1,0,0,0
164,2,2015-05-12,5231,605,1,0,0,0
164,3,2015-05-13,6651,705,1,0,0,0
164,4,2015-05-14,0,0,0,0,a,0
164,5,2015-05-15,7328,737,1,0,0,0
164,6,2015-05-16,4831,477,1,0,0,0
164,7,2015-05-17,0,0,0,0,0,0
164,1,2015-05-18,9243,834,1,1,0,0
164,2,2015-05-19,8110,770,1,1,0,0
164,3,2015-05-20,6898,662,1,1,0,0
164,4,2015-05-21,8233,736,1,1,0,0
164,5,2015-05-22,7033,710,1,1,0,0
164,6,2015-05-23,4761,497,1,0,0,0
164,7,2015-05-24,0,0,0,0,0,0
164,1,2015-05-25,0,0,0,0,a,0
164,2,2015-05-26,7509,688,1,0,0,1
164,3,2015-05-27,5552,615,1,0,0,1
164,4,2015-05-28,6140,629,1,0,0,1
164,5,2015-05-29,7515,716,1,0,0,1
164,6,2015-05-30,4581,446,1,0,0,0
164,7,2015-05-31,0,0,0,0,0,0
164,1,2015-06-01,9780,844,1,1,0,1
164,2,2015-06-02,8834,767,1,1,0,1
164,3,2015-06-03,8316,826,1,1,0,1
164,4,2015-06-04,0,0,0,1,a,1
164,5,2015-06-05,9029,884,1,1,0,1
164,6,2015-06-06,5144,501,1,0,0,0
164,7,2015-06-07,0,0,0,0,0,0
164,1,2015-06-08,5699,580,1,0,0,0
164,2,2015-06-09,6706,657,1,0,0,0
164,3,2015-06-10,5983,603,1,0,0,0
164,4,2015-06-11,5399,577,1,0,0,0
164,5,2015-06-12,5823,631,1,0,0,0
164,6,2015-06-13,4244,429,1,0,0,0
164,7,2015-06-14,0,0,0,0,0,0
164,1,2015-06-15,10832,918,1,1,0,0
164,2,2015-06-16,8330,753,1,1,0,0
164,3,2015-06-17,8229,757,1,1,0,0
164,4,2015-06-18,6537,606,1,1,0,0
164,5,2015-06-19,7825,739,1,1,0,0
164,6,2015-06-20,4050,394,1,0,0,0
164,7,2015-06-21,0,0,0,0,0,0
164,1,2015-06-22,5783,615,1,0,0,0
164,2,2015-06-23,5342,593,1,0,0,0
164,3,2015-06-24,5489,582,1,0,0,0
164,4,2015-06-25,6113,599,1,0,0,0
164,5,2015-06-26,5462,581,1,0,0,0
164,6,2015-06-27,4092,416,1,0,0,0
164,7,2015-06-28,0,0,0,0,0,0
164,1,2015-06-29,12292,1004,1,1,0,0
164,2,2015-06-30,11727,948,1,1,0,0
164,3,2015-07-01,6406,635,1,1,0,0
164,4,2015-07-02,6433,620,1,1,0,0
164,5,2015-07-03,6115,630,1,1,0,0
164,6,2015-07-04,4297,471,1,0,0,0
164,7,2015-07-05,0,0,0,0,0,0
164,1,2015-07-06,5994,635,1,0,0,0
164,2,2015-07-07,4600,560,1,0,0,0
164,3,2015-07-08,5445,564,1,0,0,0
164,4,2015-07-09,5025,558,1,0,0,0
164,5,2015-07-10,5769,602,1,0,0,0
164,6,2015-07-11,4937,454,1,0,0,0
164,7,2015-07-12,0,0,0,0,0,0
164,1,2015-07-13,8819,823,1,1,0,0
164,2,2015-07-14,8882,769,1,1,0,0
164,3,2015-07-15,7490,688,1,1,0,0
164,4,2015-07-16,8070,701,1,1,0,0
164,5,2015-07-17,7142,694,1,1,0,0
164,6,2015-07-18,4565,461,1,0,0,0
164,7,2015-07-19,0,0,0,0,0,0
164,1,2015-07-20,6028,666,1,0,0,0
164,2,2015-07-21,5399,614,1,0,0,0
164,3,2015-07-22,4560,528,1,0,0,0
164,4,2015-07-23,6027,598,1,0,0,0
164,5,2015-07-24,5218,569,1,0,0,0
164,6,2015-07-25,4521,405,1,0,0,0
164,7,2015-07-26,0,0,0,0,0,0
164,1,2015-07-27,10513,817,1,1,0,0
164,2,2015-07-28,8454,737,1,1,0,0
164,3,2015-07-29,7309,659,1,1,0,0
164,4,2015-07-30,8844,755,1,1,0,0
164,5,2015-07-31,9240,792,1,1,0,0
179,4,2015-04-30,10683,1246,1,1,0,0
179,5,2015-05-01,0,0,0,1,a,0
179,6,2015-05-02,9655,1273,1,0,0,0
179,7,2015-05-03,0,0,0,0,0,0
179,1,2015-05-04,11466,1342,1,1,0,0
179,2,2015-05-05,8874,1094,1,1,0,0
179,3,2015-05-06,8864,1073,1,1,0,0
179,4,2015-05-07,7788,1012,1,1,0,0
179,5,2015-05-08,7999,1012,1,1,0,0
179,6,2015-05-09,7151,979,1,0,0,0
179,7,2015-05-10,0,0,0,0,0,0
179,1,2015-05-11,6425,930,1,0,0,0
179,2,2015-05-12,6486,915,1,0,0,0
179,3,2015-05-13,6886,995,1,0,0,0
179,4,2015-05-14,0,0,0,0,a,0
179,5,2015-05-15,7880,1062,1,0,0,0
179,6,2015-05-16,6385,868,1,0,0,0
179,7,2015-05-17,0,0,0,0,0,0
179,1,2015-05-18,11533,1281,1,1,0,0
179,2,2015-05-19,9310,1110,1,1,0,0
179,3,2015-05-20,7545,982,1,1,0,0
179,4,2015-05-21,7846,1005,1,1,0,0
179,5,2015-05-22,7794,950,1,1,0,0
179,6,2015-05-23,6351,887,1,0,0,0
179,7,2015-05-24,0,0,0,0,0,0
179,1,2015-05-25,0,0,0,0,a,0
179,2,2015-05-26,6848,964,1,0,0,1
179,3,2015-05-27,5859,832,1,0,0,0
179,4,2015-05-28,6369,858,1,0,0,0
179,5,2015-05-29,8662,1055,1,0,0,0
179,6,2015-05-30,7321,920,1,0,0,0
179,7,2015-05-31,0,0,0,0,0,0
179,1,2015-06-01,14160,1499,1,1,0,0
179,2,2015-06-02,10252,1181,1,1,0,0
179,3,2015-06-03,9504,1204,1,1,0,0
179,4,2015-06-04,0,0,0,1,a,0
179,5,2015-06-05,9283,1172,1,1,0,0
179,6,2015-06-06,6861,1011,1,0,0,0
179,7,2015-06-07,0,0,0,0,0,0
179,1,2015-06-08,6772,898,1,0,0,0
179,2,2015-06-09,6905,935,1,0,0,0
179,3,2015-06-10,6577,930,1,0,0,0
179,4,2015-06-11,6005,887,1,0,0,0
179,5,2015-06-12,5346,752,1,0,0,0
179,6,2015-06-13,5808,787,1,0,0,0
179,7,2015-06-14,0,0,0,0,0,0
179,1,2015-06-15,11626,1245,1,1,0,0
179,2,2015-06-16,10085,1169,1,1,0,0
179,3,2015-06-17,7959,1005,1,1,0,0
179,4,2015-06-18,7790,970,1,1,0,0
179,5,2015-06-19,6474,871,1,1,0,0
179,6,2015-06-20,6336,843,1,0,0,0
179,7,2015-06-21,0,0,0,0,0,0
179,1,2015-06-22,5083,725,1,0,0,0
179,2,2015-06-23,5956,842,1,0,0,0
179,3,2015-06-24,5749,827,1,0,0,0
179,4,2015-06-25,5862,825,1,0,0,0
179,5,2015-06-26,5957,797,1,0,0,0
179,6,2015-06-27,5858,831,1,0,0,0
179,7,2015-06-28,0,0,0,0,0,0
179,1,2015-06-29,12945,1328,1,1,0,1
179,2,2015-06-30,12691,1315,1,1,0,1
179,3,2015-07-01,9419,1085,1,1,0,1
179,4,2015-07-02,7923,939,1,1,0,1
179,5,2015-07-03,7475,1015,1,1,0,1
179,6,2015-07-04,5009,710,1,0,0,0
179,7,2015-07-05,0,0,0,0,0,0
179,1,2015-07-06,7267,995,1,0,0,1
179,2,2015-07-07,6232,873,1,0,0,1
179,3,2015-07-08,6031,823,1,0,0,1
179,4,2015-07-09,6195,875,1,0,0,1
179,5,2015-07-10,6016,830,1,0,0,1
179,6,2015-07-11,6127,844,1,0,0,0
179,7,2015-07-12,0,0,0,0,0,0
179,1,2015-07-13,9525,1093,1,1,0,1
179,2,2015-07-14,8735,1027,1,1,0,1
179,3,2015-07-15,8268,1028,1,1,0,1
179,4,2015-07-16,8223,986,1,1,0,1
179,5,2015-07-17,6221,804,1,1,0,1
179,6,2015-07-18,6638,900,1,0,0,0
179,7,2015-07-19,0,0,0,0,0,0
179,1,2015-07-20,6640,877,1,0,0,1
179,2,2015-07-21,5888,876,1,0,0,1
179,3,2015-07-22,5699,794,1,0,0,1
179,4,2015-07-23,5068,783,1,0,0,1
179,5,2015-07-24,5176,766,1,0,0,1
179,6,2015-07-25,4510,579,1,0,0,0
179,7,2015-07-26,0,0,0,0,0,0
179,1,2015-07-27,9581,1062,1,1,0,1
179,2,2015-07-28,8207,999,1,1,0,1
179,3,2015-07-29,6692,804,1,1,0,1
179,4,2015-07-30,9668,1107,1,1,0,1
179,5,2015-07-31,10635,1183,1,1,0,1
190,4,2015-04-30,10205,864,1,1,0,0
190,5,2015-05-01,0,0,0,1,a,0
190,6,2015-05-02,9170,759,1,0,0,0
190,7,2015-05-03,0,0,0,0,0,0
190,1,2015-05-04,10293,905,1,1,0,0
190,2,2015-05-05,8277,791,1,1,0,0
190,3,2015-05-06,8186,681,1,1,0,0
190,4,2015-05-07,8411,752,1,1,0,0
190,5,2015-05-08,8226,742,1,1,0,0
190,6,2015-05-09,7594,636,1,0,0,0
190,7,2015-05-10,0,0,0,0,0,0
190,1,2015-05-11,6644,693,1,0,0,0
190,2,2015-05-12,6480,643,1,0,0,0
190,3,2015-05-13,7922,768,1,0,0,0
190,4,2015-05-14,0,0,0,0,a,0
190,5,2015-05-15,8874,806,1,0,0,0
190,6,2015-05-16,6804,614,1,0,0,0
190,7,2015-05-17,0,0,0,0,0,0
190,1,2015-05-18,9930,848,1,1,0,0
190,2,2015-05-19,8798,710,1,1,0,0
190,3,2015-05-20,6622,587,1,1,0,0
190,4,2015-05-21,7832,657,1,1,0,0
190,5,2015-05-22,9625,829,1,1,0,0
190,6,2015-05-23,7236,665,1,0,0,0
190,7,2015-05-24,0,0,0,0,0,0
190,1,2015-05-25,0,0,0,0,a,0
190,2,2015-05-26,8510,735,1,0,0,1
190,3,2015-05-27,7117,669,1,0,0,1
190,4,2015-05-28,7004,657,1,0,0,1
190,5,2015-05-29,8002,673,1,0,0,1
190,6,2015-05-30,7471,625,1,0,0,0
190,7,2015-05-31,0,0,0,0,0,0
190,1,2015-06-01,10484,827,1,1,0,1
190,2,2015-06-02,10008,786,1,1,0,1
190,3,2015-06-03,9047,766,1,1,0,1
190,4,2015-06-04,0,0,0,1,a,1
190,5,2015-06-05,9781,809,1,1,0,1
190,6,2015-06-06,5712,520,1,0,0,0
190,7,2015-06-07,0,0,0,0,0,0
190,1,2015-06-08,8078,710,1,0,0,0
190,2,2015-06-09,7100,696,1,0,0,0
190,3,2015-06-10,7431,684,1,0,0,0
190,4,2015-06-11,7142,662,1,0,0,0
190,5,2015-06-12,6492,646,1,0,0,0
190,6,2015-06-13,7195,610,1,0,0,0
190,7,2015-06-14,0,0,0,0,0,0
190,1,2015-06-15,9514,775,1,1,0,0
190,2,2015-06-16,10439,797,1,1,0,0
190,3,2015-06-17,9053,769,1,1,0,0
190,4,2015-06-18,7189,673,1,1,0,0
190,5,2015-06-19,8610,748,1,1,0,0
190,6,2015-06-20,6824,566,1,0,0,0
190,7,2015-06-21,0,0,0,0,0,0
190,1,2015-06-22,6875,708,1,0,0,0
190,2,2015-06-23,6570,651,1,0,0,0
190,3,2015-06-24,6913,649,1,0,0,0
190,4,2015-06-25,5748,579,1,0,0,0
190,5,2015-06-26,7412,663,1,0,0,0
190,6,2015-06-27,7262,603,1,0,0,0
190,7,2015-06-28,0,0,0,0,0,0
190,1,2015-06-29,12172,891,1,1,0,0
190,2,2015-06-30,10763,850,1,1,0,0
190,3,2015-07-01,7834,695,1,1,0,0
190,4,2015-07-02,8318,687,1,1,0,0
190,5,2015-07-03,8959,759,1,1,0,0
190,6,2015-07-04,6206,550,1,0,0,0
190,7,2015-07-05,0,0,0,0,0,0
190,1,2015-07-06,7473,694,1,0,0,0
190,2,2015-07-07,6367,630,1,0,0,0
190,3,2015-07-08,7023,684,1,0,0,0
190,4,2015-07-09,6870,665,1,0,0,0
190,5,2015-07-10,7035,705,1,0,0,0
190,6,2015-07-11,5809,575,1,0,0,0
190,7,2015-07-12,0,0,0,0,0,0
190,1,2015-07-13,10497,815,1,1,0,0
190,2,2015-07-14,9400,810,1,1,0,0
190,3,2015-07-15,8175,702,1,1,0,0
190,4,2015-07-16,7296,667,1,1,0,0
190,5,2015-07-17,7804,662,1,1,0,0
190,6,2015-07-18,6631,614,1,0,0,0
190,7,2015-07-19,0,0,0,0,0,0
190,1,2015-07-20,7513,717,1,0,0,0
190,2,2015-07-21,6531,632,1,0,0,0
190,3,2015-07-22,6266,582,1,0,0,0
190,4,2015-07-23,6945,666,1,0,0,0
190,5,2015-07-24,7495,697,1,0,0,0
190,6,2015-07-25,7294,590,1,0,0,0
190,7,2015-07-26,0,0,0,0,0,0
190,1,2015-07-27,10876,856,1,1,0,0
190,2,2015-07-28,10136,861,1,1,0,0
190,3,2015-07-29,8941,751,1,1,0,0
190,4,2015-07-30,9079,754,1,1,0,0
190,5,2015-07-31,9772,821,1,1,0,0
192,4,2015-04-30,16539,1118,1,1,0,0
192,5,2015-05-01,0,0,0,1,a,0
192,6,2015-05-02,18795,1280,1,0,0,0
192,7,2015-05-03,0,0,0,0,0,0
192,1,2015-05-04,15559,1010,1,1,0,0
192,2,2015-05-05,12558,831,1,1,0,0
192,3,2015-05-06,12604,774,1,1,0,0
192,4,2015-05-07,12797,848,1,1,0,0
192,5,2015-05-08,13777,942,1,1,0,0
192,6,2015-05-09,16169,1155,1,0,0,0
192,7,2015-05-10,0,0,0,0,0,0
192,1,2015-05-11,10520,764,1,0,0,0
192,2,2015-05-12,10051,690,1,0,0,0
192,3,2015-05-13,12903,989,1,0,0,0
192,4,2015-05-14,0,0,0,0,a,0
192,5,2015-05-15,14980,1001,1,0,0,0
192,6,2015-05-16,14231,1019,1,0,0,0
192,7,2015-05-17,0,0,0,0,0,0
192,1,2015-05-18,15288,1016,1,1,0,0
192,2,2015-05-19,14188,877,1,1,0,0
192,3,2015-05-20,12310,764,1,1,0,0
192,4,2015-05-21,14269,898,1,1,0,0
192,5,2015-05-22,15296,1023,1,1,0,0
192,6,2015-05-23,16896,1134,1,0,0,0
192,7,2015-05-24,0,0,0,0,0,0
192,1,2015-05-25,0,0,0,0,a,0
192,2,2015-05-26,12799,879,1,0,0,1
192,3,2015-05-27,9804,703,1,0,0,1
192,4,2015-05-28,8608,650,1,0,0,1
192,5,2015-05-29,11382,777,1,0,0,1
192,6,2015-05-30,16106,1068,1,0,0,0
192,7,2015-05-31,0,0,0,0,0,0
192,1,2015-06-01,15799,969,1,1,0,1
192,2,2015-06-02,13804,911,1,1,0,1
192,3,2015-06-03,14208,975,1,1,0,1
192,4,2015-06-04,0,0,0,1,a,1
192,5,2015-06-05,18165,1128,1,1,0,1
192,6,2015-06-06,14684,1005,1,0,0,0
192,7,2015-06-07,0,0,0,0,0,0
192,1,2015-06-08,12151,811,1,0,0,0
192,2,2015-06-09,9544,763,1,0,0,0
192,3,2015-06-10,8646,675,1,0,0,0
192,4,2015-06-11,9960,710,1,0,0,0
192,5,2015-06-12,10774,764,1,0,0,0
192,6,2015-06-13,15743,1057,1,0,0,0
192,7,2015-06-14,0,0,0,0,0,0
192,1,2015-06-15,15414,942,1,1,0,0
192,2,2015-06-16,14660,945,1,1,0,0
192,3,2015-06-17,14273,906,1,1,0,0
192,4,2015-06-18,11906,796,1,1,0,0
192,5,2015-06-19,15313,1028,1,1,0,0
192,6,2015-06-20,14817,1010,1,0,0,0
192,7,2015-06-21,0,0,0,0,0,0
192,1,2015-06-22,10511,776,1,0,0,0
192,2,2015-06-23,9559,754,1,0,0,0
192,3,2015-06-24,9632,713,1,0,0,0
192,4,2015-06-25,10471,734,1,0,0,0
192,5,2015-06-26,10976,786,1,0,0,0
192,6,2015-06-27,15074,1039,1,0,0,0
192,7,2015-06-28,0,0,0,0,0,0
192,1,2015-06-29,19222,1102,1,1,0,0
192,2,2015-06-30,19024,1026,1,1,0,0
192,3,2015-07-01,11290,775,1,1,0,0
192,4,2015-07-02,13671,822,1,1,0,0
192,5,2015-07-03,13922,901,1,1,0,0
192,6,2015-07-04,13662,978,1,0,0,0
192,7,2015-07-05,0,0,0,0,0,0
192,1,2015-07-06,11172,787,1,0,0,0
192,2,2015-07-07,8446,630,1,0,0,0
192,3,2015-07-08,10236,748,1,0,0,0
192,4,2015-07-09,10130,737,1,0,0,0
192,5,2015-07-10,12272,853,1,0,0,0
192,6,2015-07-11,14955,1008,1,0,0,0
192,7,2015-07-12,0,0,0,0,0,0
192,1,2015-07-13,15996,1012,1,1,0,0
192,2,2015-07-14,14816,936,1,1,0,0
192,3,2015-07-15,13958,894,1,1,0,0
192,4,2015-07-16,12779,798,1,1,0,0
192,5,2015-07-17,13333,900,1,1,0,0
192,6,2015-07-18,15071,1027,1,0,0,0
192,7,2015-07-19,0,0,0,0,0,0
192,1,2015-07-20,12262,857,1,0,0,0
192,2,2015-07-21,9394,679,1,0,0,0
192,3,2015-07-22,9024,652,1,0,0,0
192,4,2015-07-23,10178,742,1,0,0,0
192,5,2015-07-24,12006,823,1,0,0,0
192,6,2015-07-25,15935,1042,1,0,0,0
192,7,2015-07-26,0,0,0,0,0,0
192,1,2015-07-27,18048,1100,1,1,0,0
192,2,2015-07-28,15136,936,1,1,0,0
192,3,2015-07-29,13896,896,1,1,0,0
192,4,2015-07-30,15620,925,1,1,0,0
192,5,2015-07-31,16191,1027,1,1,0,0
199,4,2015-04-30,12049,849,1,1,0,0
199,5,2015-05-01,0,0,0,1,a,0
199,6,2015-05-02,10547,831,1,0,0,0
199,7,2015-05-03,0,0,0,0,0,0
199,1,2015-05-04,12029,839,1,1,0,0
199,2,2015-05-05,9330,661,1,1,0,0
199,3,2015-05-06,9033,657,1,1,0,0
199,4,2015-05-07,8687,643,1,1,0,0
199,5,2015-05-08,9222,694,1,1,0,0
199,6,2015-05-09,9667,806,1,0,0,0
199,7,2015-05-10,0,0,0,0,0,0
199,1,2015-05-11,6738,577,1,0,0,0
199,2,2015-05-12,7231,524,1,0,0,0
199,3,2015-05-13,8641,731,1,0,0,0
199,4,2015-05-14,0,0,0,0,a,0
199,5,2015-05-15,9043,731,1,0,0,0
199,6,2015-05-16,7721,658,1,0,0,0
199,7,2015-05-17,0,0,0,0,0,0
199,1,2015-05-18,11810,847,1,1,0,0
199,2,2015-05-19,9536,698,1,1,0,0
199,3,2015-05-20,8454,617,1,1,0,0
199,4,2015-05-21,8508,662,1,1,0,0
199,5,2015-05-22,8448,693,1,1,0,0
199,6,2015-05-23,7884,699,1,0,0,0
199,7,2015-05-24,0,0,0,0,0,0
199,1,2015-05-25,0,0,0,0,a,0
199,2,2015-05-26,7903,651,1,0,0,0
199,3,2015-05-27,7127,569,1,0,0,0
199,4,2015-05-28,7165,588,1,0,0,0
199,5,2015-05-29,9614,743,1,0,0,0
199,6,2015-05-30,9707,775,1,0,0,0
199,7,2015-05-31,0,0,0,0,0,0
199,1,2015-06-01,11187,813,1,1,0,0
199,2,2015-06-02,10699,721,1,1,0,0
199,3,2015-06-03,12616,875,1,1,0,0
199,4,2015-06-04,0,0,0,1,a,0
199,5,2015-06-05,11468,826,1,1,0,0
199,6,2015-06-06,8315,700,1,0,0,0
199,7,2015-06-07,0,0,0,0,0,0
199,1,2015-06-08,7180,616,1,0,0,0
199,2,2015-06-09,7272,597,1,0,0,0
199,3,2015-06-10,6537,527,1,0,0,0
199,4,2015-06-11,6674,575,1,0,0,0
199,5,2015-06-12,7475,568,1,0,0,0
199,6,2015-06-13,8354,650,1,0,0,0
199,7,2015-06-14,0,0,0,0,0,0
199,1,2015-06-15,13854,891,1,1,0,0
199,2,2015-06-16,10922,749,1,1,0,0
199,3,2015-06-17,8940,617,1,1,0,0
199,4,2015-06-18,8833,662,1,1,0,0
199,5,2015-06-19,9239,698,1,1,0,0
199,6,2015-06-20,8214,681,1,0,0,0
199,7,2015-06-21,0,0,0,0,0,0
199,1,2015-06-22,6200,518,1,0,0,0
199,2,2015-06-23,5642,501,1,0,0,0
199,3,2015-06-24,6381,517,1,0,0,0
199,4,2015-06-25,5999,517,1,0,0,0
199,5,2015-06-26,6289,548,1,0,0,0
199,6,2015-06-27,6971,605,1,0,0,0
199,7,2015-06-28,0,0,0,0,0,0
199,1,2015-06-29,12528,785,1,1,0,0
199,2,2015-06-30,10709,726,1,1,0,0
199,3,2015-07-01,9238,646,1,1,0,0
199,4,2015-07-02,8715,633,1,1,0,0
199,5,2015-07-03,8758,674,1,1,0,0
199,6,2015-07-04,7830,639,1,0,0,0
199,7,2015-07-05,0,0,0,0,0,0
199,1,2015-07-06,7080,604,1,0,0,0
199,2,2015-07-07,6319,530,1,0,0,0
199,3,2015-07-08,7043,571,1,0,0,0
199,4,2015-07-09,7139,562,1,0,0,0
199,5,2015-07-10,7775,634,1,0,0,0
199,6,2015-07-11,7662,588,1,0,0,0
199,7,2015-07-12,0,0,0,0,0,0
199,1,2015-07-13,12273,805,1,1,0,0
199,2,2015-07-14,9983,706,1,1,0,0
199,3,2015-07-15,9424,665,1,1,0,0
199,4,2015-07-16,8093,630,1,1,0,0
199,5,2015-07-17,8775,648,1,1,0,0
199,6,2015-07-18,8382,698,1,0,0,0
199,7,2015-07-19,0,0,0,0,0,0
199,1,2015-07-20,8395,648,1,0,0,0
199,2,2015-07-21,6101,516,1,0,0,0
199,3,2015-07-22,7512,537,1,0,0,0
199,4,2015-07-23,7303,588,1,0,0,0
199,5,2015-07-24,7487,603,1,0,0,0
199,6,2015-07-25,7562,604,1,0,0,0
199,7,2015-07-26,0,0,0,0,0,0
199,1,2015-07-27,12333,827,1,1,0,1
199,2,2015-07-28,10245,679,1,1,0,1
199,3,2015-07-29,9121,640,1,1,0,1
199,4,2015-07-30,9391,631,1,1,0,1
199,5,2015-07-31,10260,756,1,1,0,1
207,4,2015-04-30,15014,1590,1,1,0,0
207,5,2015-05-01,0,0,0,1,a,0
207,6,2015-05-02,11584,1313,1,0,0,0
207,7,2015-05-03,0,0,0,0,0,0
207,1,2015-05-04,17362,1735,1,1,0,0
207,2,2015-05-05,12900,1354,1,1,0,0
207,3,2015-05-06,13400,1410,1,1,0,0
207,4,2015-05-07,12524,1381,1,1,0,0
207,5,2015-05-08,11733,1308,1,1,0,0
207,6,2015-05-09,9512,1107,1,0,0,0
207,7,2015-05-10,0,0,0,0,0,0
207,1,2015-05-11,9794,1273,1,0,0,0
207,2,2015-05-12,9463,1171,1,0,0,0
207,3,2015-05-13,11122,1406,1,0,0,0
207,4,2015-05-14,0,0,0,0,a,0
207,5,2015-05-15,10686,1297,1,0,0,1
207,6,2015-05-16,8520,996,1,0,0,0
207,7,2015-05-17,0,0,0,0,0,0
207,1,2015-05-18,16786,1670,1,1,0,0
207,2,2015-05-19,12191,1340,1,1,0,0
207,3,2015-05-20,12991,1414,1,1,0,0
207,4,2015-05-21,11135,1235,1,1,0,0
207,5,2015-05-22,10908,1231,1,1,0,0
207,6,2015-05-23,7831,980,1,0,0,0
207,7,2015-05-24,0,0,0,0,0,0
207,1,2015-05-25,0,0,0,0,a,0
207,2,2015-05-26,10722,1319,1,0,0,0
207,3,2015-05-27,10668,1317,1,0,0,0
207,4,2015-05-28,9521,1249,1,0,0,0
207,5,2015-05-29,11325,1316,1,0,0,0
207,6,2015-05-30,8478,1032,1,0,0,0
207,7,2015-05-31,0,0,0,0,0,0
207,1,2015-06-01,19135,1772,1,1,0,0
207,2,2015-06-02,14417,1442,1,1,0,0
207,3,2015-06-03,15323,1538,1,1,0,0
207,4,2015-06-04,12063,1328,1,1,0,0
207,5,2015-06-05,11107,1248,1,1,0,0
207,6,2015-06-06,8735,1002,1,0,0,0
207,7,2015-06-07,0,0,0,0,0,0
207,1,2015-06-08,10436,1299,1,0,0,0
207,2,2015-06-09,9658,1224,1,0,0,0
207,3,2015-06-10,9578,1209,1,0,0,0
207,4,2015-06-11,8598,1093,1,0,0,0
207,5,2015-06-12,9151,1122,1,0,0,0
207,6,2015-06-13,7670,943,1,0,0,0
207,7,2015-06-14,0,0,0,0,0,0
207,1,2015-06-15,18425,1755,1,1,0,0
207,2,2015-06-16,14575,1455,1,1,0,0
207,3,2015-06-17,13573,1441,1,1,0,0
207,4,2015-06-18,11196,1278,1,1,0,0
207,5,2015-06-19,11341,1279,1,1,0,0
207,6,2015-06-20,7700,944,1,0,0,0
207,7,2015-06-21,0,0,0,0,0,0
207,1,2015-06-22,8995,1177,1,0,0,0
207,2,2015-06-23,8943,1118,1,0,0,0
207,3,2015-06-24,8972,1131,1,0,0,0
207,4,2015-06-25,8509,1108,1,0,0,0
207,5,2015-06-26,8810,1102,1,0,0,0
207,6,2015-06-27,8026,952,1,0,0,0
207,7,2015-06-28,0,0,0,0,0,0
207,1,2015-06-29,17866,1630,1,1,0,0
207,2,2015-06-30,17005,1564,1,1,0,0
207,3,2015-07-01,14621,1534,1,1,0,0
207,4,2015-07-02,13310,1459,1,1,0,0
207,5,2015-07-03,12775,1339,1,1,0,0
207,6,2015-07-04,8194,920,1,0,0,0
207,7,2015-07-05,0,0,0,0,0,0
207,1,2015-07-06,11033,1332,1,0,0,0
207,2,2015-07-07,9452,1189,1,0,0,0
207,3,2015-07-08,10047,1200,1,0,0,0
207,4,2015-07-09,9792,1220,1,0,0,0
207,5,2015-07-10,9928,1192,1,0,0,0
207,6,2015-07-11,7948,983,1,0,0,0
207,7,2015-07-12,0,0,0,0,0,0
207,1,2015-07-13,19454,1771,1,1,0,0
207,2,2015-07-14,14549,1477,1,1,0,0
207,3,2015-07-15,13777,1474,1,1,0,0
207,4,2015-07-16,13889,1480,1,1,0,0
207,5,2015-07-17,11357,1249,1,1,0,0
207,6,2015-07-18,8599,999,1,0,0,0
207,7,2015-07-19,0,0,0,0,0,0
207,1,2015-07-20,9830,1233,1,0,0,1
207,2,2015-07-21,8749,1086,1,0,0,1
207,3,2015-07-22,8579,1083,1,0,0,1
207,4,2015-07-23,8953,1134,1,0,0,1
207,5,2015-07-24,8952,1091,1,0,0,1
207,6,2015-07-25,7257,881,1,0,0,0
207,7,2015-07-26,0,0,0,0,0,0
207,1,2015-07-27,17819,1604,1,1,0,1
207,2,2015-07-28,13335,1326,1,1,0,1
207,3,2015-07-29,13042,1342,1,1,0,1
207,4,2015-07-30,10983,1146,1,1,0,1
207,5,2015-07-31,13957,1436,1,1,0,1
210,4,2015-04-30,6017,522,1,1,0,0
210,5,2015-05-01,0,0,0,1,a,0
210,6,2015-05-02,3833,418,1,0,0,0
210,7,2015-05-03,0,0,0,0,0,0
210,1,2015-05-04,4624,373,1,1,0,0
210,2,2015-05-05,3880,379,1,1,0,0
210,3,2015-05-06,3842,365,1,1,0,0
210,4,2015-05-07,3467,330,1,1,0,0
210,5,2015-05-08,3805,368,1,1,0,0
210,6,2015-05-09,2442,272,1,0,0,0
210,7,2015-05-10,0,0,0,0,0,0
210,1,2015-05-11,2374,257,1,0,0,0
210,2,2015-05-12,2538,260,1,0,0,0
210,3,2015-05-13,3382,342,1,0,0,0
210,4,2015-05-14,0,0,0,0,a,0
210,5,2015-05-15,3483,356,1,0,0,0
210,6,2015-05-16,2361,266,1,0,0,0
210,7,2015-05-17,0,0,0,0,0,0
210,1,2015-05-18,3885,382,1,1,0,0
210,2,2015-05-19,3239,312,1,1,0,0
210,3,2015-05-20,4215,377,1,1,0,0
210,4,2015-05-21,3233,304,1,1,0,0
210,5,2015-05-22,3382,335,1,1,0,0
210,6,2015-05-23,3339,325,1,0,0,0
210,7,2015-05-24,0,0,0,0,0,0
210,1,2015-05-25,0,0,0,0,a,0
210,2,2015-05-26,3110,314,1,0,0,0
210,3,2015-05-27,2569,279,1,0,0,0
210,4,2015-05-28,2717,279,1,0,0,0
210,5,2015-05-29,3720,335,1,0,0,0
210,6,2015-05-30,3314,318,1,0,0,0
210,7,2015-05-31,0,0,0,0,0,0
210,1,2015-06-01,4400,386,1,1,0,0
210,2,2015-06-02,4048,367,1,1,0,0
210,3,2015-06-03,4413,379,1,1,0,0
210,4,2015-06-04,0,0,0,1,a,0
210,5,2015-06-05,4489,407,1,1,0,0
210,6,2015-06-06,2730,287,1,0,0,0
210,7,2015-06-07,0,0,0,0,0,0
210,1,2015-06-08,2954,286,1,0,0,0
210,2,2015-06-09,2580,277,1,0,0,0
210,3,2015-06-10,2431,239,1,0,0,0
210,4,2015-06-11,2296,255,1,0,0,0
210,5,2015-06-12,2488,271,1,0,0,0
210,6,2015-06-13,2837,280,1,0,0,0
210,7,2015-06-14,0,0,0,0,0,0
210,1,2015-06-15,4391,365,1,1,0,0
210,2,2015-06-16,3782,330,1,1,0,0
210,3,2015-06-17,3383,308,1,1,0,0
210,4,2015-06-18,3776,351,1,1,0,0
210,5,2015-06-19,3591,345,1,1,0,0
210,6,2015-06-20,2588,263,1,0,0,0
210,7,2015-06-21,0,0,0,0,0,0
210,1,2015-06-22,2495,267,1,0,0,0
210,2,2015-06-23,2252,267,1,0,0,0
210,3,2015-06-24,2091,257,1,0,0,0
210,4,2015-06-25,1840,226,1,0,0,0
210,5,2015-06-26,2429,270,1,0,0,0
210,6,2015-06-27,2376,281,1,0,0,0
210,7,2015-06-28,0,0,0,0,0,0
210,1,2015-06-29,4280,370,1,1,0,0
210,2,2015-06-30,3917,362,1,1,0,0
210,3,2015-07-01,3679,346,1,1,0,0
210,4,2015-07-02,3543,328,1,1,0,0
210,5,2015-07-03,3751,372,1,1,0,0
210,6,2015-07-04,3056,336,1,0,0,0
210,7,2015-07-05,0,0,0,0,0,0
210,1,2015-07-06,2591,279,1,0,0,0
210,2,2015-07-07,2026,220,1,0,0,0
210,3,2015-07-08,2696,277,1,0,0,0
210,4,2015-07-09,2866,292,1,0,0,0
210,5,2015-07-10,2588,273,1,0,0,0
210,6,2015-07-11,2198,277,1,0,0,0
210,7,2015-07-12,0,0,0,0,0,0
210,1,2015-07-13,4639,396,1,1,0,0
210,2,2015-07-14,3371,327,1,1,0,0
210,3,2015-07-15,3868,349,1,1,0,0
210,4,2015-07-16,3272,319,1,1,0,0
210,5,2015-07-17,3653,346,1,1,0,0
210,6,2015-07-18,2259,266,1,0,0,0
210,7,2015-07-19,0,0,0,0,0,0
210,1,2015-07-20,2387,271,1,0,0,0
210,2,2015-07-21,2385,248,1,0,0,0
210,3,2015-07-22,2296,247,1,0,0,0
210,4,2015-07-23,2374,243,1,0,0,0
210,5,2015-07-24,2375,281,1,0,0,0
210,6,2015-07-25,2790,298,1,0,0,0
210,7,2015-07-26,0,0,0,0,0,0
210,1,2015-07-27,3849,362,1,1,0,1
210,2,2015-07-28,3634,328,1,1,0,1
210,3,2015-07-29,3555,337,1,1,0,1
210,4,2015-07-30,4338,360,1,1,0,1
210,5,2015-07-31,4275,409,1,1,0,1
229,4,2015-04-30,14229,1071,1,1,0,0
229,5,2015-05-01,0,0,0,1,a,0
229,6,2015-05-02,11252,953,1,0,0,0
229,7,2015-05-03,0,0,0,0,0,0
229,1,2015-05-04,11636,920,1,1,0,0
229,2,2015-05-05,10281,794,1,1,0,0
229,3,2015-05-06,10459,802,1,1,0,0
229,4,2015-05-07,9689,799,1,1,0,0
229,5,2015-05-08,9910,846,1,1,0,0
229,6,2015-05-09,8075,746,1,0,0,0
229,7,2015-05-10,0,0,0,0,0,0
229,1,2015-05-11,6894,638,1,0,0,0
229,2,2015-05-12,6867,651,1,0,0,0
229,3,2015-05-13,10714,900,1,0,0,0
229,4,2015-05-14,0,0,0,0,a,0
229,5,2015-05-15,10690,892,1,0,0,0
229,6,2015-05-16,6809,633,1,0,0,0
229,7,2015-05-17,0,0,0,0,0,0
229,1,2015-05-18,11606,902,1,1,0,0
229,2,2015-05-19,10573,804,1,1,0,0
229,3,2015-05-20,8839,730,1,1,0,0
229,4,2015-05-21,9428,777,1,1,0,0
229,5,2015-05-22,10370,850,1,1,0,0
229,6,2015-05-23,7567,707,1,0,0,0
229,7,2015-05-24,0,0,0,0,0,0
229,1,2015-05-25,0,0,0,0,a,0
229,2,2015-05-26,7426,731,1,0,0,0
229,3,2015-05-27,7349,652,1,0,0,0
229,4,2015-05-28,7105,660,1,0,0,0
229,5,2015-05-29,10427,834,1,0,0,0
229,6,2015-05-30,8837,741,1,0,0,0
229,7,2015-05-31,0,0,0,0,0,0
229,1,2015-06-01,14098,1004,1,1,0,0
229,2,2015-06-02,12814,936,1,1,0,0
229,3,2015-06-03,12970,987,1,1,0,0
229,4,2015-06-04,0,0,0,1,a,0
229,5,2015-06-05,12612,979,1,1,0,0
229,6,2015-06-06,7650,664,1,0,0,0
229,7,2015-06-07,0,0,0,0,0,0
229,1,2015-06-08,8007,769,1,0,0,0
229,2,2015-06-09,7428,677,1,0,0,0
229,3,2015-06-10,7849,691,1,0,0,0
229,4,2015-06-11,7675,672,1,0,0,0
229,5,2015-06-12,7930,684,1,0,0,0
229,6,2015-06-13,8574,751,1,0,0,0
229,7,2015-06-14,0,0,0,0,0,0
229,1,2015-06-15,12693,952,1,1,0,0
229,2,2015-06-16,10530,818,1,1,0,0
229,3,2015-06-17,10809,780,1,1,0,0
229,4,2015-06-18,10237,782,1,1,0,0
229,5,2015-06-19,10796,857,1,1,0,0
229,6,2015-06-20,7065,637,1,0,0,0
229,7,2015-06-21,0,0,0,0,0,0
229,1,2015-06-22,6746,638,1,0,0,0
229,2,2015-06-23,6768,590,1,0,0,0
229,3,2015-06-24,6321,594,1,0,0,0
229,4,2015-06-25,7073,641,1,0,0,0
229,5,2015-06-26,7117,653,1,0,0,0
229,6,2015-06-27,7050,640,1,0,0,0
229,7,2015-06-28,0,0,0,0,0,0
229,1,2015-06-29,13477,940,1,1,0,0
229,2,2015-06-30,14211,957,1,1,0,0
229,3,2015-07-01,9809,746,1,1,0,0
229,4,2015-07-02,10270,829,1,1,0,0
229,5,2015-07-03,10515,846,1,1,0,0
229,6,2015-07-04,8202,683,1,0,0,0
229,7,2015-07-05,0,0,0,0,0,0
229,1,2015-07-06,8150,671,1,0,0,0
229,2,2015-07-07,7442,604,1,0,0,0
229,3,2015-07-08,7799,670,1,0,0,0
229,4,2015-07-09,7969,696,1,0,0,0
229,5,2015-07-10,7380,709,1,0,0,0
229,6,2015-07-11,7543,655,1,0,0,0
229,7,2015-07-12,0,0,0,0,0,0
229,1,2015-07-13,12779,912,1,1,0,0
229,2,2015-07-14,10430,802,1,1,0,0
229,3,2015-07-15,10243,791,1,1,0,0
229,4,2015-07-16,9302,747,1,1,0,0
229,5,2015-07-17,9653,753,1,1,0,0
229,6,2015-07-18,7643,657,1,0,0,0
229,7,2015-07-19,0,0,0,0,0,0
229,1,2015-07-20,7670,724,1,0,0,0
229,2,2015-07-21,6565,596,1,0,0,0
229,3,2015-07-22,7208,635,1,0,0,0
229,4,2015-07-23,7858,705,1,0,0,0
229,5,2015-07-24,7673,709,1,0,0,0
229,6,2015-07-25,8142,708,1,0,0,0
229,7,2015-07-26,0,0,0,0,0,0
229,1,2015-07-27,12763,847,1,1,0,1
229,2,2015-07-28,10745,786,1,1,0,1
229,3,2015-07-29,10081,721,1,1,0,1
229,4,2015-07-30,10159,743,1,1,0,1
229,5,2015-07-31,13016,937,1,1,0,1
256,4,2015-04-30,10628,1227,1,1,0,0
256,5,2015-05-01,0,0,0,1,a,0
256,6,2015-05-02,11285,1534,1,0,0,0
256,7,2015-05-03,0,0,0,0,0,0
256,1,2015-05-04,12587,1404,1,1,0,0
256,2,2015-05-05,9695,1125,1,1,0,0
256,3,2015-05-06,9169,1057,1,1,0,0
256,4,2015-05-07,9574,1143,1,1,0,0
256,5,2015-05-08,8227,1073,1,1,0,0
256,6,2015-05-09,8085,1130,1,0,0,0
256,7,2015-05-10,0,0,0,0,0,0
256,1,2015-05-11,6949,974,1,0,0,0
256,2,2015-05-12,6433,985,1,0,0,0
256,3,2015-05-13,7470,1080,1,0,0,0
256,4,2015-05-14,0,0,0,0,a,0
256,5,2015-05-15,9199,1147,1,0,0,0
256,6,2015-05-16,7290,1032,1,0,0,0
256,7,2015-05-17,0,0,0,0,0,0
256,1,2015-05-18,12102,1311,1,1,0,0
256,2,2015-05-19,9446,1089,1,1,0,0
256,3,2015-05-20,8150,951,1,1,0,0
256,4,2015-05-21,8130,1057,1,1,0,0
256,5,2015-05-22,8196,994,1,1,0,0
256,6,2015-05-23,7392,1059,1,0,0,0
256,7,2015-05-24,0,0,0,0,0,0
256,1,2015-05-25,0,0,0,0,a,0
256,2,2015-05-26,8358,1104,1,0,0,1
256,3,2015-05-27,7765,1010,1,0,0,0
256,4,2015-05-28,8632,1072,1,0,0,0
256,5,2015-05-29,8954,1118,1,0,0,0
256,6,2015-05-30,8850,1097,1,0,0,0
256,7,2015-05-31,0,0,0,0,0,0
256,1,2015-06-01,12598,1342,1,1,0,0
256,2,2015-06-02,10677,1284,1,1,0,0
256,3,2015-06-03,10714,1275,1,1,0,0
256,4,2015-06-04,0,0,0,1,a,0
256,5,2015-06-05,11292,1327,1,1,0,0
256,6,2015-06-06,7670,1062,1,0,0,0
256,7,2015-06-07,0,0,0,0,0,0
256,1,2015-06-08,7829,1029,1,0,0,0
256,2,2015-06-09,7593,1065,1,0,0,0
256,3,2015-06-10,6410,882,1,0,0,0
256,4,2015-06-11,6870,984,1,0,0,0
256,5,2015-06-12,6885,928,1,0,0,0
256,6,2015-06-13,7381,1005,1,0,0,0
256,7,2015-06-14,0,0,0,0,0,0
256,1,2015-06-15,13307,1361,1,1,0,0
256,2,2015-06-16,10704,1278,1,1,0,0
256,3,2015-06-17,9340,1113,1,1,0,0
256,4,2015-06-18,8942,1031,1,1,0,0
256,5,2015-06-19,7744,971,1,1,0,0
256,6,2015-06-20,7600,1004,1,0,0,0
256,7,2015-06-21,0,0,0,0,0,0
256,1,2015-06-22,6210,795,1,0,0,0
256,2,2015-06-23,6650,905,1,0,0,0
256,3,2015-06-24,6123,860,1,0,0,0
256,4,2015-06-25,6979,991,1,0,0,0
256,5,2015-06-26,7516,1013,1,0,0,0
256,6,2015-06-27,8671,1049,1,0,0,0
256,7,2015-06-28,0,0,0,0,0,0
256,1,2015-06-29,15114,1437,1,1,0,1
256,2,2015-06-30,12964,1310,1,1,0,1
256,3,2015-07-01,10452,1133,1,1,0,1
256,4,2015-07-02,7829,998,1,1,0,1
256,5,2015-07-03,7702,919,1,1,0,1
256,6,2015-07-04,5590,790,1,0,0,0
256,7,2015-07-05,0,0,0,0,0,0
256,1,2015-07-06,7988,1067,1,0,0,1
256,2,2015-07-07,7070,928,1,0,0,1
256,3,2015-07-08,6997,897,1,0,0,1
256,4,2015-07-09,6678,896,1,0,0,1
256,5,2015-07-10,6779,916,1,0,0,1
256,6,2015-07-11,6461,922,1,0,0,0
256,7,2015-07-12,0,0,0,0,0,0
256,1,2015-07-13,11075,1183,1,1,0,1
256,2,2015-07-14,10559,1150,1,1,0,1
256,3,2015-07-15,9188,1018,1,1,0,1
256,4,2015-07-16,8826,1083,1,1,0,1
256,5,2015-07-17,6563,870,1,1,0,1
256,6,2015-07-18,6393,887,1,0,0,0
256,7,2015-07-19,0,0,0,0,0,0
256,1,2015-07-20,7271,922,1,0,0,1
256,2,2015-07-21,6913,923,1,0,0,1
256,3,2015-07-22,5642,849,1,0,0,1
256,4,2015-07-23,6125,883,1,0,0,1
256,5,2015-07-24,5884,817,1,0,0,1
256,6,2015-07-25,4784,669,1,0,0,0
256,7,2015-07-26,0,0,0,0,0,0
256,1,2015-07-27,10768,1134,1,1,0,1
256,2,2015-07-28,8955,972,1,1,0,1
256,3,2015-07-29,10851,1095,1,1,0,1
256,4,2015-07-30,9677,1036,1,1,0,1
256,5,2015-07-31,11536,1185,1,1,0,1
286,4,2015-04-30,6705,573,1,1,0,0
286,5,2015-05-01,0,0,0,1,a,0
286,6,2015-05-02,2144,201,1,0,0,0
286,7,2015-05-03,0,0,0,0,0,0
286,1,2015-05-04,5738,502,1,1,0,0
286,2,2015-05-05,5192,444,1,1,0,0
286,3,2015-05-06,4187,409,1,1,0,0
286,4,2015-05-07,4796,429,1,1,0,0
286,5,2015-05-08,4964,474,1,1,0,0
286,6,2015-05-09,1906,164,1,0,0,0
286,7,2015-05-10,0,0,0,0,0,0
286,1,2015-05-11,2871,336,1,0,0,0
286,2,2015-05-12,2852,326,1,0,0,0
286,3,2015-05-13,3892,403,1,0,0,0
286,4,2015-05-14,0,0,0,0,a,0
286,5,2015-05-15,3424,355,1,0,0,1
286,6,2015-05-16,1379,133,1,0,0,0
286,7,2015-05-17,0,0,0,0,0,0
286,1,2015-05-18,5662,472,1,1,0,0
286,2,2015-05-19,4757,412,1,1,0,0
286,3,2015-05-20,4077,389,1,1,0,0
286,4,2015-05-21,4890,413,1,1,0,0
286,5,2015-05-22,4406,442,1,1,0,0
286,6,2015-05-23,1743,159,1,0,0,0
286,7,2015-05-24,0,0,0,0,0,0
286,1,2015-05-25,0,0,0,0,a,0
286,2,2015-05-26,3904,410,1,0,0,0
286,3,2015-05-27,2895,300,1,0,0,0
286,4,2015-05-28,3727,372,1,0,0,0
286,5,2015-05-29,3906,378,1,0,0,0
286,6,2015-05-30,1583,148,1,0,0,0
286,7,2015-05-31,0,0,0,0,0,0
286,1,2015-06-01,7218,533,1,1,0,0
286,2,2015-06-02,5999,461,1,1,0,0
286,3,2015-06-03,5327,458,1,1,0,0
286,4,2015-06-04,0,0,0,1,0,0
286,5,2015-06-05,5521,487,1,1,0,0
286,6,2015-06-06,1494,138,1,0,0,0
286,7,2015-06-07,0,0,0,0,0,0
286,1,2015-06-08,3447,379,1,0,0,0
286,2,2015-06-09,3459,357,1,0,0,0
286,3,2015-06-10,2783,284,1,0,0,0
286,4,2015-06-11,3002,324,1,0,0,0
286,5,2015-06-12,3284,330,1,0,0,0
286,6,2015-06-13,1455,136,1,0,0,0
286,7,2015-06-14,0,0,0,0,0,0
286,1,2015-06-15,6482,517,1,1,0,0
286,2,2015-06-16,5776,468,1,1,0,0
286,3,2015-06-17,4509,412,1,1,0,0
286,4,2015-06-18,4212,384,1,1,0,0
286,5,2015-06-19,4562,408,1,1,0,0
286,6,2015-06-20,1607,163,1,0,0,0
286,7,2015-06-21,0,0,0,0,0,0
286,1,2015-06-22,2950,320,1,0,0,0
286,2,2015-06-23,2866,322,1,0,0,0
286,3,2015-06-24,3141,318,1,0,0,0
286,4,2015-06-25,3040,339,1,0,0,0
286,5,2015-06-26,2971,331,1,0,0,0
286,6,2015-06-27,1365,142,1,0,0,0
286,7,2015-06-28,0,0,0,0,0,0
286,1,2015-06-29,7111,492,1,1,0,0
286,2,2015-06-30,5629,455,1,1,0,0
286,3,2015-07-01,5538,421,1,1,0,0
286,4,2015-07-02,4649,415,1,1,0,0
286,5,2015-07-03,4397,393,1,1,0,0
286,6,2015-07-04,1552,161,1,0,0,0
286,7,2015-07-05,0,0,0,0,0,0
286,1,2015-07-06,3187,342,1,0,0,0
286,2,2015-07-07,2890,320,1,0,0,0
286,3,2015-07-08,3259,359,1,0,0,0
286,4,2015-07-09,3616,380,1,0,0,0
286,5,2015-07-10,3689,363,1,0,0,0
286,6,2015-07-11,1558,160,1,0,0,0
286,7,2015-07-12,0,0,0,0,0,0
286,1,2015-07-13,6335,452,1,1,0,1
286,2,2015-07-14,4734,396,1,1,0,1
286,3,2015-07-15,4487,361,1,1,0,1
286,4,2015-07-16,4478,373,1,1,0,1
286,5,2015-07-17,4340,403,1,1,0,1
286,6,2015-07-18,1677,159,1,0,0,0
286,7,2015-07-19,0,0,0,0,0,0
286,1,2015-07-20,3476,331,1,0,0,1
286,2,2015-07-21,2764,281,1,0,0,1
286,3,2015-07-22,2449,270,1,0,0,1
286,4,2015-07-23,3245,325,1,0,0,1
286,5,2015-07-24,3081,324,1,0,0,1
286,6,2015-07-25,1438,142,1,0,0,0
286,7,2015-07-26,0,0,0,0,0,0
286,1,2015-07-27,6087,432,1,1,0,1
286,2,2015-07-28,4654,399,1,1,0,1
286,3,2015-07-29,4340,334,1,1,0,1
286,4,2015-07-30,4192,380,1,1,0,1
286,5,2015-07-31,5093,438,1,1,0,1
319,4,2015-04-30,10707,1062,1,1,0,0
319,5,2015-05-01,0,0,0,1,a,0
319,6,2015-05-02,7220,742,1,0,0,0
319,7,2015-05-03,0,0,0,0,0,0
319,1,2015-05-04,9776,947,1,1,0,0
319,2,2015-05-05,8178,796,1,1,0,0
319,3,2015-05-06,8184,844,1,1,0,0
319,4,2015-05-07,8039,820,1,1,0,0
319,5,2015-05-08,8864,1000,1,1,0,0
319,6,2015-05-09,5750,677,1,0,0,0
319,7,2015-05-10,0,0,0,0,0,0
319,1,2015-05-11,6835,793,1,0,0,0
319,2,2015-05-12,6930,768,1,0,0,0
319,3,2015-05-13,8400,905,1,0,0,0
319,4,2015-05-14,0,0,0,0,a,0
319,5,2015-05-15,9795,1029,1,0,0,1
319,6,2015-05-16,5192,545,1,0,0,0
319,7,2015-05-17,0,0,0,0,0,0
319,1,2015-05-18,9803,989,1,1,0,0
319,2,2015-05-19,7635,770,1,1,0,0
319,3,2015-05-20,8121,793,1,1,0,0
319,4,2015-05-21,7623,798,1,1,0,0
319,5,2015-05-22,9003,957,1,1,0,0
319,6,2015-05-23,5498,592,1,0,0,0
319,7,2015-05-24,0,0,0,0,0,0
319,1,2015-05-25,0,0,0,0,a,0
319,2,2015-05-26,7716,836,1,0,0,0
319,3,2015-05-27,7839,783,1,0,0,0
319,4,2015-05-28,7132,760,1,0,0,0
319,5,2015-05-29,9771,1097,1,0,0,0
319,6,2015-05-30,7003,679,1,0,0,0
319,7,2015-05-31,0,0,0,0,0,0
319,1,2015-06-01,8946,945,1,1,0,0
319,2,2015-06-02,7847,796,1,1,0,0
319,3,2015-06-03,7930,842,1,1,0,0
319,4,2015-06-04,7201,753,1,1,0,0
319,5,2015-06-05,9068,949,1,1,0,0
319,6,2015-06-06,6085,609,1,0,0,0
319,7,2015-06-07,0,0,0,0,0,0
319,1,2015-06-08,7271,833,1,0,0,0
319,2,2015-06-09,6960,768,1,0,0,0
319,3,2015-06-10,6320,696,1,0,0,0
319,4,2015-06-11,6734,751,1,0,0,0
319,5,2015-06-12,7272,835,1,0,0,0
319,6,2015-06-13,5377,545,1,0,0,0
319,7,2015-06-14,0,0,0,0,0,0
319,1,2015-06-15,9727,958,1,1,0,0
319,2,2015-06-16,8268,780,1,1,0,0
319,3,2015-06-17,7874,797,1,1,0,0
319,4,2015-06-18,7761,748,1,1,0,0
319,5,2015-06-19,9015,922,1,1,0,0
319,6,2015-06-20,5550,596,1,0,0,0
319,7,2015-06-21,0,0,0,0,0,0
319,1,2015-06-22,6311,697,1,0,0,0
319,2,2015-06-23,5939,668,1,0,0,0
319,3,2015-06-24,5867,658,1,0,0,0
319,4,2015-06-25,6541,703,1,0,0,0
319,5,2015-06-26,6530,784,1,0,0,0
319,6,2015-06-27,5761,586,1,0,0,0
319,7,2015-06-28,0,0,0,0,0,0
319,1,2015-06-29,10170,945,1,1,0,0
319,2,2015-06-30,10793,973,1,1,0,0
319,3,2015-07-01,8818,867,1,1,0,0
319,4,2015-07-02,8175,798,1,1,0,0
319,5,2015-07-03,8862,877,1,1,0,0
319,6,2015-07-04,5106,545,1,0,0,0
319,7,2015-07-05,0,0,0,0,0,0
319,1,2015-07-06,7470,775,1,0,0,0
319,2,2015-07-07,6006,716,1,0,0,0
319,3,2015-07-08,7034,696,1,0,0,0
319,4,2015-07-09,6725,723,1,0,0,0
319,5,2015-07-10,7976,894,1,0,0,0
319,6,2015-07-11,4770,523,1,0,0,0
319,7,2015-07-12,0,0,0,0,0,0
319,1,2015-07-13,9336,875,1,1,0,0
319,2,2015-07-14,8814,806,1,1,0,0
319,3,2015-07-15,8491,824,1,1,0,0
319,4,2015-07-16,9115,856,1,1,0,0
319,5,2015-07-17,8656,906,1,1,0,0
319,6,2015-07-18,5766,591,1,0,0,0
319,7,2015-07-19,0,0,0,0,0,0
319,1,2015-07-20,7668,836,1,0,0,1
319,2,2015-07-21,6322,694,1,0,0,1
319,3,2015-07-22,6217,679,1,0,0,1
319,4,2015-07-23,6134,703,1,0,0,1
319,5,2015-07-24,7044,780,1,0,0,1
319,6,2015-07-25,4858,501,1,0,0,0
319,7,2015-07-26,0,0,0,0,0,0
319,1,2015-07-27,9041,812,1,1,0,1
319,2,2015-07-28,7034,661,1,1,0,1
319,3,2015-07-29,8039,757,1,1,0,1
319,4,2015-07-30,7955,764,1,1,0,1
319,5,2015-07-31,11280,1079,1,1,0,1
327,4,2015-04-30,11745,1218,1,1,0,0
327,5,2015-05-01,0,0,0,1,a,0
327,6,2015-05-02,8446,1016,1,0,0,0
327,7,2015-05-03,0,0,0,0,0,0
327,1,2015-05-04,10451,1176,1,1,0,0
327,2,2015-05-05,10044,1020,1,1,0,0
327,3,2015-05-06,8371,921,1,1,0,0
327,4,2015-05-07,8581,984,1,1,0,0
327,5,2015-05-08,8607,946,1,1,0,0
327,6,2015-05-09,6562,806,1,0,0,0
327,7,2015-05-10,0,0,0,0,0,0
327,1,2015-05-11,7522,909,1,0,0,0
327,2,2015-05-12,6797,849,1,0,0,0
327,3,2015-05-13,8721,1005,1,0,0,0
327,4,2015-05-14,0,0,0,0,a,0
327,5,2015-05-15,9831,1048,1,0,0,1
327,6,2015-05-16,6396,731,1,0,0,0
327,7,2015-05-17,0,0,0,0,0,0
327,1,2015-05-18,11219,1163,1,1,0,1
327,2,2015-05-19,9298,1030,1,1,0,1
327,3,2015-05-20,7767,921,1,1,0,1
327,4,2015-05-21,7159,861,1,1,0,1
327,5,2015-05-22,7355,828,1,1,0,1
327,6,2015-05-23,5873,753,1,0,0,0
327,7,2015-05-24,0,0,0,0,0,0
327,1,2015-05-25,0,0,0,0,a,0
327,2,2015-05-26,8240,982,1,0,0,0
327,3,2015-05-27,6511,834,1,0,0,0
327,4,2015-05-28,7167,875,1,0,0,0
327,5,2015-05-29,9283,976,1,0,0,0
327,6,2015-05-30,7548,882,1,0,0,0
327,7,2015-05-31,0,0,0,0,0,0
327,1,2015-06-01,12166,1249,1,1,0,0
327,2,2015-06-02,9658,1075,1,1,0,0
327,3,2015-06-03,8565,898,1,1,0,0
327,4,2015-06-04,8125,938,1,1,0,0
327,5,2015-06-05,7982,893,1,1,0,0
327,6,2015-06-06,5662,665,1,0,0,0
327,7,2015-06-07,0,0,0,0,0,0
327,1,2015-06-08,6925,874,1,0,0,0
327,2,2015-06-09,6613,828,1,0,0,0
327,3,2015-06-10,6861,823,1,0,0,0
327,4,2015-06-11,6641,794,1,0,0,0
327,5,2015-06-12,5742,728,1,0,0,0
327,6,2015-06-13,5205,626,1,0,0,0
327,7,2015-06-14,0,0,0,0,0,0
327,1,2015-06-15,13405,1315,1,1,0,0
327,2,2015-06-16,10214,1108,1,1,0,0
327,3,2015-06-17,8690,931,1,1,0,0
327,4,2015-06-18,8574,994,1,1,0,0
327,5,2015-06-19,8382,997,1,1,0,0
327,6,2015-06-20,7358,886,1,0,0,0
327,7,2015-06-21,0,0,0,0,0,0
327,1,2015-06-22,6419,811,1,0,0,0
327,2,2015-06-23,6848,847,1,0,0,0
327,3,2015-06-24,6036,775,1,0,0,0
327,4,2015-06-25,6125,784,1,0,0,0
327,5,2015-06-26,6389,768,1,0,0,0
327,6,2015-06-27,6124,712,1,0,0,0
327,7,2015-06-28,0,0,0,0,0,0
327,1,2015-06-29,11141,1108,1,1,0,0
327,2,2015-06-30,11937,1169,1,1,0,0
327,3,2015-07-01,9148,1015,1,1,0,0
327,4,2015-07-02,9151,983,1,1,0,0
327,5,2015-07-03,7285,812,1,1,0,0
327,6,2015-07-04,4940,630,1,0,0,0
327,7,2015-07-05,0,0,0,0,0,0
327,1,2015-07-06,6748,861,1,0,0,0
327,2,2015-07-07,5931,739,1,0,0,0
327,3,2015-07-08,6829,823,1,0,0,0
327,4,2015-07-09,7886,883,1,0,0,0
327,5,2015-07-10,7193,841,1,0,0,0
327,6,2015-07-11,6110,755,1,0,0,0
327,7,2015-07-12,0,0,0,0,0,0
327,1,2015-07-13,12937,1284,1,1,0,1
327,2,2015-07-14,9846,1044,1,1,0,1
327,3,2015-07-15,9009,1003,1,1,0,1
327,4,2015-07-16,7837,911,1,1,0,1
327,5,2015-07-17,7440,848,1,1,0,1
327,6,2015-07-18,5490,728,1,0,0,0
327,7,2015-07-19,0,0,0,0,0,0
327,1,2015-07-20,7651,935,1,0,0,1
327,2,2015-07-21,6459,780,1,0,0,1
327,3,2015-07-22,5702,727,1,0,0,1
327,4,2015-07-23,6416,814,1,0,0,1
327,5,2015-07-24,6101,759,1,0,0,1
327,6,2015-07-25,5679,706,1,0,0,0
327,7,2015-07-26,0,0,0,0,0,0
327,1,2015-07-27,11973,1257,1,1,0,1
327,2,2015-07-28,9686,1021,1,1,0,1
327,3,2015-07-29,8703,939,1,1,0,1
327,4,2015-07-30,8328,965,1,1,0,1
327,5,2015-07-31,11035,1150,1,1,0,1
394,4,2015-04-30,12675,913,1,1,0,0
394,5,2015-05-01,0,0,0,1,a,0
394,6,2015-05-02,11391,872,1,0,0,0
394,7,2015-05-03,0,0,0,0,0,0
394,1,2015-05-04,12823,866,1,1,0,0
394,2,2015-05-05,10098,748,1,1,0,0
394,3,2015-05-06,10005,714,1,1,0,0
394,4,2015-05-07,9917,740,1,1,0,0
394,5,2015-05-08,10099,791,1,1,0,0
394,6,2015-05-09,9226,794,1,0,0,0
394,7,2015-05-10,0,0,0,0,0,0
394,1,2015-05-11,6869,569,1,0,0,0
394,2,2015-05-12,6813,593,1,0,0,0
394,3,2015-05-13,8878,751,1,0,0,0
394,4,2015-05-14,0,0,0,0,a,0
394,5,2015-05-15,10042,817,1,0,0,0
394,6,2015-05-16,8304,676,1,0,0,0
394,7,2015-05-17,0,0,0,0,0,0
394,1,2015-05-18,10062,787,1,1,0,0
394,2,2015-05-19,7936,603,1,1,0,0
394,3,2015-05-20,7706,576,1,1,0,0
394,4,2015-05-21,8670,679,1,1,0,0
394,5,2015-05-22,10105,757,1,1,0,0
394,6,2015-05-23,9269,753,1,0,0,0
394,7,2015-05-24,0,0,0,0,0,0
394,1,2015-05-25,0,0,0,0,a,0
394,2,2015-05-26,7595,647,1,0,0,0
394,3,2015-05-27,7143,593,1,0,0,0
394,4,2015-05-28,8014,603,1,0,0,0
394,5,2015-05-29,9961,747,1,0,0,0
394,6,2015-05-30,10712,806,1,0,0,0
394,7,2015-05-31,0,0,0,0,0,0
394,1,2015-06-01,13447,881,1,1,0,0
394,2,2015-06-02,11203,741,1,1,0,0
394,3,2015-06-03,12349,858,1,1,0,0
394,4,2015-06-04,0,0,0,1,a,0
394,5,2015-06-05,12630,936,1,1,0,0
394,6,2015-06-06,8802,742,1,0,0,0
394,7,2015-06-07,0,0,0,0,0,0
394,1,2015-06-08,7873,654,1,0,0,0
394,2,2015-06-09,7150,584,1,0,0,0
394,3,2015-06-10,6250,554,1,0,0,0
394,4,2015-06-11,6341,526,1,0,0,0
394,5,2015-06-12,7529,598,1,0,0,0
394,6,2015-06-13,9252,780,1,0,0,0
394,7,2015-06-14,0,0,0,0,0,0
394,1,2015-06-15,13373,900,1,1,0,0
394,2,2015-06-16,11633,803,1,1,0,0
394,3,2015-06-17,9670,705,1,1,0,0
394,4,2015-06-18,8580,663,1,1,0,0
394,5,2015-06-19,10265,805,1,1,0,0
394,6,2015-06-20,8213,712,1,0,0,0
394,7,2015-06-21,0,0,0,0,0,0
394,1,2015-06-22,7095,592,1,0,0,0
394,2,2015-06-23,6412,542,1,0,0,0
394,3,2015-06-24,5996,525,1,0,0,0
394,4,2015-06-25,6445,559,1,0,0,0
394,5,2015-06-26,7360,623,1,0,0,0
394,6,2015-06-27,8741,713,1,0,0,0
394,7,2015-06-28,0,0,0,0,0,0
394,1,2015-06-29,12751,819,1,1,0,0
394,2,2015-06-30,11306,782,1,1,0,0
394,3,2015-07-01,10164,712,1,1,0,0
394,4,2015-07-02,8733,636,1,1,0,0
394,5,2015-07-03,9893,729,1,1,0,0
394,6,2015-07-04,8429,694,1,0,0,0
394,7,2015-07-05,0,0,0,0,0,0
394,1,2015-07-06,7824,673,1,0,0,0
394,2,2015-07-07,6732,544,1,0,0,0
394,3,2015-07-08,7524,627,1,0,0,0
394,4,2015-07-09,7112,610,1,0,0,0
394,5,2015-07-10,8024,659,1,0,0,0
394,6,2015-07-11,8851,716,1,0,0,0
394,7,2015-07-12,0,0,0,0,0,0
394,1,2015-07-13,12498,898,1,1,0,0
394,2,2015-07-14,9908,732,1,1,0,0
394,3,2015-07-15,8977,671,1,1,0,0
394,4,2015-07-16,7796,571,1,1,0,0
394,5,2015-07-17,9882,732,1,1,0,0
394,6,2015-07-18,8893,705,1,0,0,0
394,7,2015-07-19,0,0,0,0,0,0
394,1,2015-07-20,7762,643,1,0,0,0
394,2,2015-07-21,6379,560,1,0,0,0
394,3,2015-07-22,6649,554,1,0,0,0
394,4,2015-07-23,7948,648,1,0,0,0
394,5,2015-07-24,7615,669,1,0,0,0
394,6,2015-07-25,8853,717,1,0,0,0
394,7,2015-07-26,0,0,0,0,0,0
394,1,2015-07-27,13142,830,1,1,0,1
394,2,2015-07-28,10603,736,1,1,0,1
394,3,2015-07-29,9827,684,1,1,0,1
394,4,2015-07-30,8920,684,1,1,0,1
394,5,2015-07-31,10549,760,1,1,0,1
408,4,2015-04-30,8230,687,1,1,0,0
408,5,2015-05-01,0,0,0,1,a,0
408,6,2015-05-02,6367,608,1,0,0,0
408,7,2015-05-03,0,0,0,0,0,0
408,1,2015-05-04,6397,550,1,1,0,0
408,2,2015-05-05,5567,478,1,1,0,0
408,3,2015-05-06,5737,499,1,1,0,0
408,4,2015-05-07,5437,475,1,1,0,0
408,5,2015-05-08,5040,504,1,1,0,0
408,6,2015-05-09,4854,507,1,0,0,0
408,7,2015-05-10,0,0,0,0,0,0
408,1,2015-05-11,3895,437,1,0,0,0
408,2,2015-05-12,3937,428,1,0,0,0
408,3,2015-05-13,5421,574,1,0,0,0
408,4,2015-05-14,0,0,0,0,a,0
408,5,2015-05-15,4727,465,1,0,0,0
408,6,2015-05-16,5251,515,1,0,0,0
408,7,2015-05-17,0,0,0,0,0,0
408,1,2015-05-18,6210,523,1,1,0,0
408,2,2015-05-19,5663,507,1,1,0,0
408,3,2015-05-20,5044,460,1,1,0,0
408,4,2015-05-21,4756,440,1,1,0,0
408,5,2015-05-22,5807,530,1,1,0,0
408,6,2015-05-23,5749,566,1,0,0,0
408,7,2015-05-24,0,0,0,0,0,0
408,1,2015-05-25,0,0,0,0,a,0
408,2,2015-05-26,4539,479,1,0,0,1
408,3,2015-05-27,3824,410,1,0,0,1
408,4,2015-05-28,3572,357,1,0,0,1
408,5,2015-05-29,4428,426,1,0,0,1
408,6,2015-05-30,5213,463,1,0,0,0
408,7,2015-05-31,0,0,0,0,0,0
408,1,2015-06-01,6552,516,1,1,0,1
408,2,2015-06-02,5297,466,1,1,0,1
408,3,2015-06-03,6687,572,1,1,0,1
408,4,2015-06-04,0,0,0,1,a,1
408,5,2015-06-05,7315,599,1,1,0,1
408,6,2015-06-06,4764,499,1,0,0,0
408,7,2015-06-07,0,0,0,0,0,0
408,1,2015-06-08,4531,453,1,0,0,0
408,2,2015-06-09,4183,427,1,0,0,0
408,3,2015-06-10,4199,391,1,0,0,0
408,4,2015-06-11,3636,366,1,0,0,0
408,5,2015-06-12,4061,415,1,0,0,0
408,6,2015-06-13,4924,483,1,0,0,0
408,7,2015-06-14,0,0,0,0,0,0
408,1,2015-06-15,6936,603,1,1,0,0
408,2,2015-06-16,5816,523,1,1,0,0
408,3,2015-06-17,5332,454,1,1,0,0
408,4,2015-06-18,4846,429,1,1,0,0
408,5,2015-06-19,5458,509,1,1,0,0
408,6,2015-06-20,5045,500,1,0,0,0
408,7,2015-06-21,0,0,0,0,0,0
408,1,2015-06-22,3963,401,1,0,0,0
408,2,2015-06-23,3646,405,1,0,0,0
408,3,2015-06-24,3760,387,1,0,0,0
408,4,2015-06-25,3260,329,1,0,0,0
408,5,2015-06-26,4208,426,1,0,0,0
408,6,2015-06-27,4587,442,1,0,0,0
408,7,2015-06-28,0,0,0,0,0,0
408,1,2015-06-29,6701,536,1,1,0,0
408,2,2015-06-30,6039,483,1,1,0,0
408,3,2015-07-01,5736,494,1,1,0,0
408,4,2015-07-02,4771,443,1,1,0,0
408,5,2015-07-03,5682,488,1,1,0,0
408,6,2015-07-04,5241,517,1,0,0,0
408,7,2015-07-05,0,0,0,0,0,0
408,1,2015-07-06,4533,469,1,0,0,0
408,2,2015-07-07,3818,413,1,0,0,0
408,3,2015-07-08,4170,416,1,0,0,0
408,4,2015-07-09,4246,426,1,0,0,0
408,5,2015-07-10,4384,435,1,0,0,0
408,6,2015-07-11,4386,460,1,0,0,0
408,7,2015-07-12,0,0,0,0,0,0
408,1,2015-07-13,6889,582,1,1,0,0
408,2,2015-07-14,6329,504,1,1,0,0
408,3,2015-07-15,5960,527,1,1,0,0
408,4,2015-07-16,5025,432,1,1,0,0
408,5,2015-07-17,6191,510,1,1,0,0
408,6,2015-07-18,4307,458,1,0,0,0
408,7,2015-07-19,0,0,0,0,0,0
408,1,2015-07-20,4418,461,1,0,0,0
408,2,2015-07-21,3804,439,1,0,0,0
408,3,2015-07-22,3721,384,1,0,0,0
408,4,2015-07-23,4433,458,1,0,0,0
408,5,2015-07-24,3978,433,1,0,0,0
408,6,2015-07-25,4656,472,1,0,0,0
408,7,2015-07-26,0,0,0,0,0,0
408,1,2015-07-27,8411,631,1,1,0,0
408,2,2015-07-28,6338,533,1,1,0,0
408,3,2015-07-29,5885,499,1,1,0,0
408,4,2015-07-30,6129,510,1,1,0,1
408,5,2015-07-31,7985,639,1,1,0,1
441,4,2015-04-30,11596,1118,1,1,0,0
441,5,2015-05-01,0,0,0,1,a,0
441,6,2015-05-02,10476,1081,1,0,0,0
441,7,2015-05-03,0,0,0,0,0,0
441,1,2015-05-04,8821,898,1,1,0,0
441,2,2015-05-05,7485,776,1,1,0,0
441,3,2015-05-06,7329,753,1,1,0,0
441,4,2015-05-07,7095,763,1,1,0,0
441,5,2015-05-08,7768,822,1,1,0,0
441,6,2015-05-09,7603,923,1,0,0,0
441,7,2015-05-10,0,0,0,0,0,0
441,1,2015-05-11,4537,619,1,0,0,0
441,2,2015-05-12,5853,657,1,0,0,0
441,3,2015-05-13,8405,959,1,0,0,0
441,4,2015-05-14,0,0,0,0,a,0
441,5,2015-05-15,7434,852,1,0,0,0
441,6,2015-05-16,7359,857,1,0,0,0
441,7,2015-05-17,0,0,0,0,0,0
441,1,2015-05-18,7836,842,1,1,0,0
441,2,2015-05-19,8187,783,1,1,0,0
441,3,2015-05-20,6911,734,1,1,0,0
441,4,2015-05-21,7082,800,1,1,0,0
441,5,2015-05-22,7687,775,1,1,0,0
441,6,2015-05-23,7622,878,1,0,0,0
441,7,2015-05-24,0,0,0,0,0,0
441,1,2015-05-25,0,0,0,0,a,0
441,2,2015-05-26,5808,705,1,0,0,1
441,3,2015-05-27,5070,633,1,0,0,0
441,4,2015-05-28,5182,630,1,0,0,0
441,5,2015-05-29,9273,902,1,0,0,0
441,6,2015-05-30,8701,940,1,0,0,0
441,7,2015-05-31,0,0,0,0,0,0
441,1,2015-06-01,10714,957,1,1,0,0
441,2,2015-06-02,8353,830,1,1,0,0
441,3,2015-06-03,10062,1000,1,1,0,0
441,4,2015-06-04,0,0,0,1,a,0
441,5,2015-06-05,9519,902,1,1,0,0
441,6,2015-06-06,7856,865,1,0,0,0
441,7,2015-06-07,0,0,0,0,0,0
441,1,2015-06-08,7027,767,1,0,0,0
441,2,2015-06-09,5548,670,1,0,0,0
441,3,2015-06-10,5665,625,1,0,0,0
441,4,2015-06-11,5164,630,1,0,0,0
441,5,2015-06-12,5996,663,1,0,0,0
441,6,2015-06-13,7474,856,1,0,0,0
441,7,2015-06-14,0,0,0,0,0,0
441,1,2015-06-15,9133,893,1,1,0,0
441,2,2015-06-16,7207,726,1,1,0,0
441,3,2015-06-17,7835,755,1,1,0,0
441,4,2015-06-18,6775,712,1,1,0,0
441,5,2015-06-19,8225,834,1,1,0,0
441,6,2015-06-20,6166,759,1,0,0,0
441,7,2015-06-21,0,0,0,0,0,0
441,1,2015-06-22,5866,652,1,0,0,0
441,2,2015-06-23,5286,631,1,0,0,0
441,3,2015-06-24,4998,599,1,0,0,0
441,4,2015-06-25,5693,632,1,0,0,0
441,5,2015-06-26,5882,683,1,0,0,0
441,6,2015-06-27,6843,782,1,0,0,0
441,7,2015-06-28,0,0,0,0,0,0
441,1,2015-06-29,9030,817,1,1,0,1
441,2,2015-06-30,9520,849,1,1,0,1
441,3,2015-07-01,7651,758,1,1,0,1
441,4,2015-07-02,6172,597,1,1,0,1
441,5,2015-07-03,8352,784,1,1,0,1
441,6,2015-07-04,6416,744,1,0,0,0
441,7,2015-07-05,0,0,0,0,0,0
441,1,2015-07-06,6903,747,1,0,0,1
441,2,2015-07-07,5796,596,1,0,0,1
441,3,2015-07-08,5845,654,1,0,0,1
441,4,2015-07-09,5135,600,1,0,0,1
441,5,2015-07-10,6262,708,1,0,0,1
441,6,2015-07-11,6690,710,1,0,0,0
441,7,2015-07-12,0,0,0,0,0,0
441,1,2015-07-13,8973,830,1,1,0,1
441,2,2015-07-14,6888,700,1,1,0,1
441,3,2015-07-15,6467,701,1,1,0,1
441,4,2015-07-16,6819,690,1,1,0,1
441,5,2015-07-17,6524,681,1,1,0,1
441,6,2015-07-18,6475,714,1,0,0,0
441,7,2015-07-19,0,0,0,0,0,0
441,1,2015-07-20,6152,680,1,0,0,1
441,2,2015-07-21,4605,546,1,0,0,1
441,3,2015-07-22,4361,550,1,0,0,1
441,4,2015-07-23,4941,611,1,0,0,1
441,5,2015-07-24,5309,630,1,0,0,1
441,6,2015-07-25,5107,632,1,0,0,0
441,7,2015-07-26,0,0,0,0,0,0
441,1,2015-07-27,7534,786,1,1,0,1
441,2,2015-07-28,6522,629,1,1,0,1
441,3,2015-07-29,6657,649,1,1,0,1
441,4,2015-07-30,6399,673,1,1,0,1
441,5,2015-07-31,8718,847,1,1,0,1
448,4,2015-04-30,11343,920,1,1,0,0
448,5,2015-05-01,0,0,0,1,a,0
448,6,2015-05-02,7750,592,1,0,0,0
448,7,2015-05-03,0,0,0,0,0,0
448,1,2015-05-04,12997,1048,1,1,0,0
448,2,2015-05-05,9032,780,1,1,0,0
448,3,2015-05-06,9530,797,1,1,0,0
448,4,2015-05-07,9924,809,1,1,0,0
448,5,2015-05-08,9829,858,1,1,0,0
448,6,2015-05-09,6136,557,1,0,0,0
448,7,2015-05-10,0,0,0,0,0,0
448,1,2015-05-11,7603,733,1,0,0,0
448,2,2015-05-12,8295,744,1,0,0,0
448,3,2015-05-13,9637,866,1,0,0,0
448,4,2015-05-14,0,0,0,0,a,0
448,5,2015-05-15,9936,893,1,0,0,0
448,6,2015-05-16,6379,505,1,0,0,0
448,7,2015-05-17,0,0,0,0,0,0
448,1,2015-05-18,11697,930,1,1,0,0
448,2,2015-05-19,10130,826,1,1,0,0
448,3,2015-05-20,9685,813,1,1,0,0
448,4,2015-05-21,8771,759,1,1,0,0
448,5,2015-05-22,10369,881,1,1,0,0
448,6,2015-05-23,6223,517,1,0,0,0
448,7,2015-05-24,0,0,0,0,0,0
448,1,2015-05-25,0,0,0,0,a,0
448,2,2015-05-26,9550,815,1,0,0,1
448,3,2015-05-27,7893,739,1,0,0,0
448,4,2015-05-28,8517,737,1,0,0,0
448,5,2015-05-29,9759,843,1,0,0,0
448,6,2015-05-30,5825,452,1,0,0,0
448,7,2015-05-31,0,0,0,0,0,0
448,1,2015-06-01,12826,984,1,1,0,0
448,2,2015-06-02,10352,829,1,1,0,0
448,3,2015-06-03,11933,961,1,1,0,0
448,4,2015-06-04,0,0,0,1,a,0
448,5,2015-06-05,12123,945,1,1,0,0
448,6,2015-06-06,6018,507,1,0,0,0
448,7,2015-06-07,0,0,0,0,0,0
448,1,2015-06-08,7968,758,1,0,0,0
448,2,2015-06-09,8185,770,1,0,0,0
448,3,2015-06-10,7527,669,1,0,0,0
448,4,2015-06-11,8072,727,1,0,0,0
448,5,2015-06-12,8082,773,1,0,0,0
448,6,2015-06-13,5794,461,1,0,0,0
448,7,2015-06-14,0,0,0,0,0,0
448,1,2015-06-15,12790,1003,1,1,0,0
448,2,2015-06-16,10355,820,1,1,0,0
448,3,2015-06-17,9802,822,1,1,0,0
448,4,2015-06-18,8728,737,1,1,0,0
448,5,2015-06-19,9468,808,1,1,0,0
448,6,2015-06-20,4350,413,1,0,0,0
448,7,2015-06-21,0,0,0,0,0,0
448,1,2015-06-22,7470,653,1,0,0,0
448,2,2015-06-23,6601,624,1,0,0,0
448,3,2015-06-24,7901,724,1,0,0,0
448,4,2015-06-25,8227,699,1,0,0,0
448,5,2015-06-26,8612,763,1,0,0,0
448,6,2015-06-27,6519,496,1,0,0,0
448,7,2015-06-28,0,0,0,0,0,0
448,1,2015-06-29,13563,966,1,1,0,1
448,2,2015-06-30,11291,847,1,1,0,1
448,3,2015-07-01,9513,771,1,1,0,1
448,4,2015-07-02,9029,710,1,1,0,1
448,5,2015-07-03,10194,778,1,1,0,1
448,6,2015-07-04,6041,450,1,0,0,0
448,7,2015-07-05,0,0,0,0,0,0
448,1,2015-07-06,9114,782,1,0,0,1
448,2,2015-07-07,7590,670,1,0,0,1
448,3,2015-07-08,7862,674,1,0,0,1
448,4,2015-07-09,8399,727,1,0,0,1
448,5,2015-07-10,7429,661,1,0,0,1
448,6,2015-07-11,4861,433,1,0,0,0
448,7,2015-07-12,0,0,0,0,0,0
448,1,2015-07-13,11977,845,1,1,0,1
448,2,2015-07-14,9693,753,1,1,0,1
448,3,2015-07-15,9561,762,1,1,0,1
448,4,2015-07-16,9886,796,1,1,0,1
448,5,2015-07-17,8727,731,1,1,0,1
448,6,2015-07-18,5464,460,1,0,0,0
448,7,2015-07-19,0,0,0,0,0,0
448,1,2015-07-20,8064,721,1,0,0,1
448,2,2015-07-21,6771,612,1,0,0,1
448,3,2015-07-22,7265,689,1,0,0,1
448,4,2015-07-23,7436,661,1,0,0,1
448,5,2015-07-24,7439,714,1,0,0,1
448,6,2015-07-25,4559,380,1,0,0,0
448,7,2015-07-26,0,0,0,0,0,0
448,1,2015-07-27,11303,872,1,1,0,1
448,2,2015-07-28,9296,750,1,1,0,1
448,3,2015-07-29,8621,700,1,1,0,1
448,4,2015-07-30,8584,691,1,1,0,1
448,5,2015-07-31,8924,786,1,1,0,1
452,4,2015-04-30,7319,631,1,1,0,0
452,5,2015-05-01,0,0,0,1,a,0
452,6,2015-05-02,4171,379,1,0,0,0
452,7,2015-05-03,0,0,0,0,0,0
452,1,2015-05-04,7395,641,1,1,0,0
452,2,2015-05-05,5816,550,1,1,0,0
452,3,2015-05-06,5219,498,1,1,0,0
452,4,2015-05-07,5402,493,1,1,0,0
452,5,2015-05-08,5491,486,1,1,0,0
452,6,2015-05-09,2702,276,1,0,0,0
452,7,2015-05-10,0,0,0,0,0,0
452,1,2015-05-11,3842,467,1,0,0,0
452,2,2015-05-12,3787,433,1,0,0,0
452,3,2015-05-13,4039,425,1,0,0,0
452,4,2015-05-14,0,0,0,0,a,0
452,5,2015-05-15,5096,565,1,0,0,1
452,6,2015-05-16,2626,255,1,0,0,0
452,7,2015-05-17,0,0,0,0,0,0
452,1,2015-05-18,6589,554,1,1,0,0
452,2,2015-05-19,6169,544,1,1,0,0
452,3,2015-05-20,4945,486,1,1,0,0
452,4,2015-05-21,5313,478,1,1,0,0
452,5,2015-05-22,5236,500,1,1,0,0
452,6,2015-05-23,3063,288,1,0,0,0
452,7,2015-05-24,0,0,0,0,0,0
452,1,2015-05-25,0,0,0,0,a,0
452,2,2015-05-26,3936,407,1,0,0,0
452,3,2015-05-27,4013,411,1,0,0,0
452,4,2015-05-28,4557,436,1,0,0,0
452,5,2015-05-29,5107,494,1,0,0,0
452,6,2015-05-30,3254,290,1,0,0,0
452,7,2015-05-31,0,0,0,0,0,0
452,1,2015-06-01,8060,634,1,1,0,0
452,2,2015-06-02,6407,522,1,1,0,0
452,3,2015-06-03,5614,469,1,1,0,0
452,4,2015-06-04,5425,496,1,1,0,0
452,5,2015-06-05,5551,511,1,1,0,0
452,6,2015-06-06,2518,269,1,0,0,0
452,7,2015-06-07,0,0,0,0,0,0
452,1,2015-06-08,3857,410,1,0,0,0
452,2,2015-06-09,3776,438,1,0,0,0
452,3,2015-06-10,3871,393,1,0,0,0
452,4,2015-06-11,3698,395,1,0,0,0
452,5,2015-06-12,3667,390,1,0,0,0
452,6,2015-06-13,2846,267,1,0,0,0
452,7,2015-06-14,0,0,0,0,0,0
452,1,2015-06-15,7057,587,1,1,0,0
452,2,2015-06-16,5397,511,1,1,0,0
452,3,2015-06-17,5384,464,1,1,0,0
452,4,2015-06-18,5118,460,1,1,0,0
452,5,2015-06-19,5669,501,1,1,0,0
452,6,2015-06-20,2777,257,1,0,0,0
452,7,2015-06-21,0,0,0,0,0,0
452,1,2015-06-22,4048,411,1,0,0,0
452,2,2015-06-23,3384,382,1,0,0,0
452,3,2015-06-24,2968,336,1,0,0,0
452,4,2015-06-25,3246,353,1,0,0,0
452,5,2015-06-26,3779,385,1,0,0,0
452,6,2015-06-27,2609,261,1,0,0,0
452,7,2015-06-28,0,0,0,0,0,0
452,1,2015-06-29,8067,594,1,1,0,0
452,2,2015-06-30,7612,623,1,1,0,0
452,3,2015-07-01,6532,555,1,1,0,0
452,4,2015-07-02,6000,519,1,1,0,0
452,5,2015-07-03,5951,505,1,1,0,0
452,6,2015-07-04,3343,304,1,0,0,0
452,7,2015-07-05,0,0,0,0,0,0
452,1,2015-07-06,3937,424,1,0,0,0
452,2,2015-07-07,4048,467,1,0,0,0
452,3,2015-07-08,3768,373,1,0,0,0
452,4,2015-07-09,4208,432,1,0,0,0
452,5,2015-07-10,4722,474,1,0,0,0
452,6,2015-07-11,2861,285,1,0,0,0
452,7,2015-07-12,0,0,0,0,0,0
452,1,2015-07-13,7413,601,1,1,0,0
452,2,2015-07-14,6737,528,1,1,0,0
452,3,2015-07-15,5177,488,1,1,0,0
452,4,2015-07-16,5796,590,1,1,0,0
452,5,2015-07-17,5529,514,1,1,0,0
452,6,2015-07-18,2961,307,1,0,0,0
452,7,2015-07-19,0,0,0,0,0,0
452,1,2015-07-20,5065,501,1,0,0,1
452,2,2015-07-21,3934,432,1,0,0,1
452,3,2015-07-22,3631,389,1,0,0,1
452,4,2015-07-23,3873,439,1,0,0,1
452,5,2015-07-24,3817,428,1,0,0,1
452,6,2015-07-25,2454,224,1,0,0,0
452,7,2015-07-26,0,0,0,0,0,0
452,1,2015-07-27,7881,590,1,1,0,1
452,2,2015-07-28,5896,473,1,1,0,1
452,3,2015-07-29,5888,448,1,1,0,1
452,4,2015-07-30,6254,538,1,1,0,1
452,5,2015-07-31,7541,642,1,1,0,1
458,4,2015-04-30,11477,948,1,1,0,0
458,5,2015-05-01,0,0,0,1,a,0
458,6,2015-05-02,11894,1122,1,0,0,0
458,7,2015-05-03,0,0,0,0,0,0
458,1,2015-05-04,9123,796,1,1,0,0
458,2,2015-05-05,7654,743,1,1,0,0
458,3,2015-05-06,7380,668,1,1,0,0
458,4,2015-05-07,7420,689,1,1,0,0
458,5,2015-05-08,8136,768,1,1,0,0
458,6,2015-05-09,10027,984,1,0,0,0
458,7,2015-05-10,0,0,0,0,0,0
458,1,2015-05-11,6252,619,1,0,0,0
458,2,2015-05-12,6063,557,1,0,0,0
458,3,2015-05-13,8368,800,1,0,0,0
458,4,2015-05-14,0,0,0,0,a,0
458,5,2015-05-15,8348,796,1,0,0,0
458,6,2015-05-16,8834,842,1,0,0,0
458,7,2015-05-17,0,0,0,0,0,0
458,1,2015-05-18,9771,843,1,1,0,0
458,2,2015-05-19,7236,666,1,1,0,0
458,3,2015-05-20,6886,679,1,1,0,0
458,4,2015-05-21,7122,693,1,1,0,0
458,5,2015-05-22,7497,748,1,1,0,0
458,6,2015-05-23,10513,953,1,0,0,0
458,7,2015-05-24,0,0,0,0,0,0
458,1,2015-05-25,0,0,0,0,a,0
458,2,2015-05-26,6820,694,1,0,0,0
458,3,2015-05-27,5796,614,1,0,0,0
458,4,2015-05-28,5806,589,1,0,0,0
458,5,2015-05-29,8226,731,1,0,0,0
458,6,2015-05-30,11467,975,1,0,0,0
458,7,2015-05-31,0,0,0,0,0,0
458,1,2015-06-01,10308,841,1,1,0,0
458,2,2015-06-02,9747,802,1,1,0,0
458,3,2015-06-03,10616,930,1,1,0,0
458,4,2015-06-04,0,0,0,1,a,0
458,5,2015-06-05,10318,922,1,1,0,0
458,6,2015-06-06,9857,932,1,0,0,0
458,7,2015-06-07,0,0,0,0,0,0
458,1,2015-06-08,6473,628,1,0,0,0
458,2,2015-06-09,6076,614,1,0,0,0
458,3,2015-06-10,5679,556,1,0,0,0
458,4,2015-06-11,4956,512,1,0,0,0
458,5,2015-06-12,5877,582,1,0,0,0
458,6,2015-06-13,9950,871,1,0,0,0
458,7,2015-06-14,0,0,0,0,0,0
458,1,2015-06-15,11052,870,1,1,0,0
458,2,2015-06-16,8036,692,1,1,0,0
458,3,2015-06-17,7923,659,1,1,0,0
458,4,2015-06-18,6809,631,1,1,0,0
458,5,2015-06-19,7362,688,1,1,0,0
458,6,2015-06-20,9673,871,1,0,0,0
458,7,2015-06-21,0,0,0,0,0,0
458,1,2015-06-22,5511,564,1,0,0,0
458,2,2015-06-23,5712,559,1,0,0,0
458,3,2015-06-24,5738,565,1,0,0,0
458,4,2015-06-25,5239,501,1,0,0,0
458,5,2015-06-26,5310,526,1,0,0,0
458,6,2015-06-27,9824,895,1,0,0,0
458,7,2015-06-28,0,0,0,0,0,0
458,1,2015-06-29,9872,800,1,1,0,0
458,2,2015-06-30,9698,752,1,1,0,0
458,3,2015-07-01,8685,716,1,1,0,0
458,4,2015-07-02,7415,643,1,1,0,0
458,5,2015-07-03,8114,728,1,1,0,0
458,6,2015-07-04,9477,876,1,0,0,0
458,7,2015-07-05,0,0,0,0,0,0
458,1,2015-07-06,6771,660,1,0,0,0
458,2,2015-07-07,5526,552,1,0,0,0
458,3,2015-07-08,6532,614,1,0,0,0
458,4,2015-07-09,5684,582,1,0,0,0
458,5,2015-07-10,5501,577,1,0,0,0
458,6,2015-07-11,9536,811,1,0,0,0
458,7,2015-07-12,0,0,0,0,0,0
458,1,2015-07-13,9532,817,1,1,0,0
458,2,2015-07-14,8387,736,1,1,0,0
458,3,2015-07-15,8539,736,1,1,0,0
458,4,2015-07-16,7450,709,1,1,0,0
458,5,2015-07-17,8272,678,1,1,0,0
458,6,2015-07-18,9615,859,1,0,0,0
458,7,2015-07-19,0,0,0,0,0,0
458,1,2015-07-20,7163,661,1,0,0,0
458,2,2015-07-21,7401,622,1,0,0,0
458,3,2015-07-22,6856,603,1,0,0,0
458,4,2015-07-23,6832,666,1,0,0,0
458,5,2015-07-24,6821,646,1,0,0,0
458,6,2015-07-25,10461,888,1,0,0,0
458,7,2015-07-26,0,0,0,0,0,0
458,1,2015-07-27,10606,857,1,1,0,1
458,2,2015-07-28,9299,754,1,1,0,1
458,3,2015-07-29,7048,654,1,1,0,1
458,4,2015-07-30,7531,622,1,1,0,1
458,5,2015-07-31,9276,779,1,1,0,1
467,4,2015-04-30,18236,1901,1,1,0,0
467,5,2015-05-01,0,0,0,1,a,0
467,6,2015-05-02,17640,1970,1,0,0,0
467,7,2015-05-03,0,0,0,0,0,0
467,1,2015-05-04,17883,1869,1,1,0,0
467,2,2015-05-05,15019,1640,1,1,0,0
467,3,2015-05-06,14733,1634,1,1,0,0
467,4,2015-05-07,14925,1662,1,1,0,0
467,5,2015-05-08,13758,1636,1,1,0,0
467,6,2015-05-09,14002,1723,1,0,0,0
467,7,2015-05-10,0,0,0,0,0,0
467,1,2015-05-11,11423,1519,1,0,0,0
467,2,2015-05-12,12936,1584,1,0,0,0
467,3,2015-05-13,13600,1638,1,0,0,0
467,4,2015-05-14,0,0,0,0,a,0
467,5,2015-05-15,16536,1987,1,0,0,0
467,6,2015-05-16,11979,1386,1,0,0,0
467,7,2015-05-17,0,0,0,0,0,0
467,1,2015-05-18,16743,1733,1,1,0,0
467,2,2015-05-19,14545,1617,1,1,0,0
467,3,2015-05-20,14459,1594,1,1,0,0
467,4,2015-05-21,14096,1573,1,1,0,0
467,5,2015-05-22,11793,1436,1,1,0,0
467,6,2015-05-23,12564,1524,1,0,0,0
467,7,2015-05-24,0,0,0,0,0,0
467,1,2015-05-25,0,0,0,0,a,0
467,2,2015-05-26,14132,1697,1,0,0,1
467,3,2015-05-27,10663,1354,1,0,0,0
467,4,2015-05-28,10937,1381,1,0,0,0
467,5,2015-05-29,15730,1771,1,0,0,0
467,6,2015-05-30,14075,1575,1,0,0,0
467,7,2015-05-31,0,0,0,0,0,0
467,1,2015-06-01,19988,1949,1,1,0,0
467,2,2015-06-02,17048,1730,1,1,0,0
467,3,2015-06-03,16516,1731,1,1,0,0
467,4,2015-06-04,0,0,0,1,a,0
467,5,2015-06-05,16069,1871,1,1,0,0
467,6,2015-06-06,12770,1578,1,0,0,0
467,7,2015-06-07,0,0,0,0,0,0
467,1,2015-06-08,13201,1595,1,0,0,0
467,2,2015-06-09,12931,1568,1,0,0,0
467,3,2015-06-10,11476,1391,1,0,0,0
467,4,2015-06-11,11854,1570,1,0,0,0
467,5,2015-06-12,10881,1373,1,0,0,0
467,6,2015-06-13,13124,1579,1,0,0,0
467,7,2015-06-14,0,0,0,0,0,0
467,1,2015-06-15,19059,1928,1,1,0,0
467,2,2015-06-16,15874,1708,1,1,0,0
467,3,2015-06-17,15484,1813,1,1,0,0
467,4,2015-06-18,14971,1587,1,1,0,0
467,5,2015-06-19,11878,1385,1,1,0,0
467,6,2015-06-20,13507,1548,1,0,0,0
467,7,2015-06-21,0,0,0,0,0,0
467,1,2015-06-22,10638,1309,1,0,0,0
467,2,2015-06-23,12396,1545,1,0,0,0
467,3,2015-06-24,11353,1424,1,0,0,0
467,4,2015-06-25,10918,1433,1,0,0,0
467,5,2015-06-26,11921,1425,1,0,0,0
467,6,2015-06-27,13118,1509,1,0,0,0
467,7,2015-06-28,0,0,0,0,0,0
467,1,2015-06-29,20656,1993,1,1,0,1
467,2,2015-06-30,19586,1997,1,1,0,1
467,3,2015-07-01,15109,1639,1,1,0,1
467,4,2015-07-02,14256,1564,1,1,0,1
467,5,2015-07-03,13349,1449,1,1,0,1
467,6,2015-07-04,9661,1189,1,0,0,0
467,7,2015-07-05,0,0,0,0,0,0
467,1,2015-07-06,15549,1774,1,0,0,1
467,2,2015-07-07,13176,1566,1,0,0,1
467,3,2015-07-08,12366,1365,1,0,0,1
467,4,2015-07-09,13085,1552,1,0,0,1
467,5,2015-07-10,11764,1434,1,0,0,1
467,6,2015-07-11,11956,1484,1,0,0,0
467,7,2015-07-12,0,0,0,0,0,0
467,1,2015-07-13,17072,1636,1,1,0,1
467,2,2015-07-14,16358,1704,1,1,0,1
467,3,2015-07-15,15191,1638,1,1,0,1
467,4,2015-07-16,14967,1676,1,1,0,1
467,5,2015-07-17,11392,1294,1,1,0,1
467,6,2015-07-18,12584,1529,1,0,0,0
467,7,2015-07-19,0,0,0,0,0,0
467,1,2015-07-20,13267,1568,1,0,0,1
467,2,2015-07-21,11674,1439,1,0,0,1
467,3,2015-07-22,10922,1384,1,0,0,1
467,4,2015-07-23,11825,1507,1,0,0,1
467,5,2015-07-24,10294,1310,1,0,0,1
467,6,2015-07-25,9472,1083,1,0,0,0
467,7,2015-07-26,0,0,0,0,0,0
467,1,2015-07-27,14472,1463,1,1,0,1
467,2,2015-07-28,14300,1536,1,1,0,1
467,3,2015-07-29,12568,1365,1,1,0,1
467,4,2015-07-30,14503,1586,1,1,0,1
467,5,2015-07-31,17208,1761,1,1,0,1
477,4,2015-04-30,8478,600,1,1,0,0
477,5,2015-05-01,0,0,0,1,a,0
477,6,2015-05-02,7690,576,1,0,0,0
477,7,2015-05-03,0,0,0,0,0,0
477,1,2015-05-04,8692,555,1,1,0,0
477,2,2015-05-05,5646,395,1,1,0,0
477,3,2015-05-06,6032,386,1,1,0,0
477,4,2015-05-07,6860,490,1,1,0,0
477,5,2015-05-08,6155,453,1,1,0,0
477,6,2015-05-09,6410,491,1,0,0,0
477,7,2015-05-10,0,0,0,0,0,0
477,1,2015-05-11,5399,406,1,0,0,0
477,2,2015-05-12,4709,337,1,0,0,0
477,3,2015-05-13,6130,461,1,0,0,0
477,4,2015-05-14,0,0,0,0,a,0
477,5,2015-05-15,6944,504,1,0,0,0
477,6,2015-05-16,5397,433,1,0,0,0
477,7,2015-05-17,0,0,0,0,0,0
477,1,2015-05-18,8094,513,1,1,0,0
477,2,2015-05-19,7421,488,1,1,0,0
477,3,2015-05-20,6761,421,1,1,0,0
477,4,2015-05-21,6539,469,1,1,0,0
477,5,2015-05-22,7718,530,1,1,0,0
477,6,2015-05-23,6564,514,1,0,0,0
477,7,2015-05-24,0,0,0,0,0,0
477,1,2015-05-25,0,0,0,0,a,0
477,2,2015-05-26,5597,436,1,0,0,1
477,3,2015-05-27,5997,415,1,0,0,1
477,4,2015-05-28,4761,364,1,0,0,1
477,5,2015-05-29,5406,413,1,0,0,1
477,6,2015-05-30,6297,464,1,0,0,0
477,7,2015-05-31,0,0,0,0,0,0
477,1,2015-06-01,8036,519,1,1,0,1
477,2,2015-06-02,7205,469,1,1,0,1
477,3,2015-06-03,7544,557,1,1,0,1
477,4,2015-06-04,0,0,0,1,a,1
477,5,2015-06-05,8431,547,1,1,0,1
477,6,2015-06-06,6083,444,1,0,0,0
477,7,2015-06-07,0,0,0,0,0,0
477,1,2015-06-08,5834,454,1,0,0,0
477,2,2015-06-09,5556,388,1,0,0,0
477,3,2015-06-10,5139,403,1,0,0,0
477,4,2015-06-11,4945,416,1,0,0,0
477,5,2015-06-12,4919,389,1,0,0,0
477,6,2015-06-13,6689,464,1,0,0,0
477,7,2015-06-14,0,0,0,0,0,0
477,1,2015-06-15,9275,577,1,1,0,0
477,2,2015-06-16,8004,492,1,1,0,0
477,3,2015-06-17,6056,391,1,1,0,0
477,4,2015-06-18,6660,483,1,1,0,0
477,5,2015-06-19,7294,476,1,1,0,0
477,6,2015-06-20,5637,432,1,0,0,0
477,7,2015-06-21,0,0,0,0,0,0
477,1,2015-06-22,5511,423,1,0,0,0
477,2,2015-06-23,5226,379,1,0,0,0
477,3,2015-06-24,4300,354,1,0,0,0
477,4,2015-06-25,5426,401,1,0,0,0
477,5,2015-06-26,5670,438,1,0,0,0
477,6,2015-06-27,6216,452,1,0,0,0
477,7,2015-06-28,0,0,0,0,0,0
477,1,2015-06-29,10102,658,1,1,0,0
477,2,2015-06-30,10828,558,1,1,0,0
477,3,2015-07-01,5966,410,1,1,0,0
477,4,2015-07-02,6990,479,1,1,0,0
477,5,2015-07-03,9163,579,1,1,0,0
477,6,2015-07-04,5814,442,1,0,0,0
477,7,2015-07-05,0,0,0,0,0,0
477,1,2015-07-06,5820,424,1,0,0,0
477,2,2015-07-07,4563,354,1,0,0,0
477,3,2015-07-08,5536,406,1,0,0,0
477,4,2015-07-09,6265,464,1,0,0,0
477,5,2015-07-10,5985,432,1,0,0,0
477,6,2015-07-11,5468,421,1,0,0,0
477,7,2015-07-12,0,0,0,0,0,0
477,1,2015-07-13,9689,623,1,1,0,0
477,2,2015-07-14,7470,476,1,1,0,0
477,3,2015-07-15,6279,421,1,1,0,0
477,4,2015-07-16,6842,507,1,1,0,0
477,5,2015-07-17,6524,437,1,1,0,0
477,6,2015-07-18,6291,467,1,0,0,0
477,7,2015-07-19,0,0,0,0,0,0
477,1,2015-07-20,5172,423,1,0,0,0
477,2,2015-07-21,5296,369,1,0,0,0
477,3,2015-07-22,4935,359,1,0,0,0
477,4,2015-07-23,5462,451,1,0,0,0
477,5,2015-07-24,5842,438,1,0,0,0
477,6,2015-07-25,6416,459,1,0,0,0
477,7,2015-07-26,0,0,0,0,0,0
477,1,2015-07-27,8832,582,1,1,0,0
477,2,2015-07-28,7060,452,1,1,0,0
477,3,2015-07-29,7473,468,1,1,0,0
477,4,2015-07-30,6766,448,1,1,0,0
477,5,2015-07-31,7885,533,1,1,0,0
502,4,2015-04-30,17383,1954,1,1,0,0
502,5,2015-05-01,0,0,0,1,a,0
502,6,2015-05-02,13159,1768,1,0,0,0
502,7,2015-05-03,0,0,0,0,0,0
502,1,2015-05-04,15133,1970,1,1,0,0
502,2,2015-05-05,12038,1639,1,1,0,0
502,3,2015-05-06,11905,1627,1,1,0,0
502,4,2015-05-07,11485,1574,1,1,0,0
502,5,2015-05-08,12020,1643,1,1,0,0
502,6,2015-05-09,9576,1416,1,0,0,0
502,7,2015-05-10,0,0,0,0,0,0
502,1,2015-05-11,9774,1559,1,0,0,0
502,2,2015-05-12,8022,1342,1,0,0,0
502,3,2015-05-13,10180,1563,1,0,0,0
502,4,2015-05-14,0,0,0,0,a,0
502,5,2015-05-15,11247,1598,1,0,0,0
502,6,2015-05-16,8693,1263,1,0,0,0
502,7,2015-05-17,0,0,0,0,0,0
502,1,2015-05-18,13713,1723,1,1,0,0
502,2,2015-05-19,11956,1635,1,1,0,0
502,3,2015-05-20,10510,1442,1,1,0,0
502,4,2015-05-21,10604,1486,1,1,0,0
502,5,2015-05-22,11204,1611,1,1,0,0
502,6,2015-05-23,9872,1563,1,0,0,0
502,7,2015-05-24,0,0,0,0,0,0
502,1,2015-05-25,0,0,0,0,a,0
502,2,2015-05-26,9867,1525,1,0,0,0
502,3,2015-05-27,9137,1345,1,0,0,0
502,4,2015-05-28,9220,1414,1,0,0,0
502,5,2015-05-29,12315,1652,1,0,0,0
502,6,2015-05-30,10428,1380,1,0,0,0
502,7,2015-05-31,0,0,0,0,0,0
502,1,2015-06-01,15901,1885,1,1,0,0
502,2,2015-06-02,13883,1779,1,1,0,0
502,3,2015-06-03,13400,1790,1,1,0,0
502,4,2015-06-04,0,0,0,1,a,0
502,5,2015-06-05,13756,1861,1,1,0,0
502,6,2015-06-06,8718,1310,1,0,0,0
502,7,2015-06-07,0,0,0,0,0,0
502,1,2015-06-08,9885,1478,1,0,0,0
502,2,2015-06-09,9301,1371,1,0,0,0
502,3,2015-06-10,8872,1345,1,0,0,0
502,4,2015-06-11,8221,1332,1,0,0,0
502,5,2015-06-12,8098,1280,1,0,0,0
502,6,2015-06-13,9278,1310,1,0,0,0
502,7,2015-06-14,0,0,0,0,0,0
502,1,2015-06-15,14094,1759,1,1,0,0
502,2,2015-06-16,12607,1590,1,1,0,0
502,3,2015-06-17,11857,1538,1,1,0,0
502,4,2015-06-18,10813,1411,1,1,0,0
502,5,2015-06-19,10095,1365,1,1,0,0
502,6,2015-06-20,7954,1188,1,0,0,0
502,7,2015-06-21,0,0,0,0,0,0
502,1,2015-06-22,8427,1230,1,0,0,0
502,2,2015-06-23,8442,1302,1,0,0,0
502,3,2015-06-24,7797,1248,1,0,0,0
502,4,2015-06-25,7740,1259,1,0,0,0
502,5,2015-06-26,7728,1234,1,0,0,0
502,6,2015-06-27,8495,1235,1,0,0,0
502,7,2015-06-28,0,0,0,0,0,0
502,1,2015-06-29,15556,1768,1,1,0,0
502,2,2015-06-30,18981,2067,1,1,0,0
502,3,2015-07-01,11167,1547,1,1,0,0
502,4,2015-07-02,10635,1483,1,1,0,0
502,5,2015-07-03,10316,1423,1,1,0,0
502,6,2015-07-04,6665,1116,1,0,0,0
502,7,2015-07-05,0,0,0,0,0,0
502,1,2015-07-06,9798,1494,1,0,0,0
502,2,2015-07-07,7375,1241,1,0,0,0
502,3,2015-07-08,9100,1335,1,0,0,0
502,4,2015-07-09,8994,1329,1,0,0,0
502,5,2015-07-10,8645,1374,1,0,0,0
502,6,2015-07-11,8686,1311,1,0,0,0
502,7,2015-07-12,0,0,0,0,0,0
502,1,2015-07-13,13940,1637,1,1,0,0
502,2,2015-07-14,11761,1561,1,1,0,0
502,3,2015-07-15,12578,1624,1,1,0,0
502,4,2015-07-16,11665,1563,1,1,0,0
502,5,2015-07-17,9948,1430,1,1,0,0
502,6,2015-07-18,8675,1273,1,0,0,0
502,7,2015-07-19,0,0,0,0,0,0
502,1,2015-07-20,10046,1441,1,0,0,0
502,2,2015-07-21,8882,1336,1,0,0,0
502,3,2015-07-22,8835,1350,1,0,0,0
502,4,2015-07-23,9236,1348,1,0,0,0
502,5,2015-07-24,9044,1348,1,0,0,0
502,6,2015-07-25,8145,1121,1,0,0,0
502,7,2015-07-26,0,0,0,0,0,0
502,1,2015-07-27,13152,1578,1,1,0,1
502,2,2015-07-28,11548,1445,1,1,0,1
502,3,2015-07-29,10784,1384,1,1,0,1
502,4,2015-07-30,12534,1522,1,1,0,1
502,5,2015-07-31,15473,1820,1,1,0,1
542,4,2015-04-30,8657,696,1,1,0,0
542,5,2015-05-01,0,0,0,1,a,0
542,6,2015-05-02,6349,530,1,0,0,0
542,7,2015-05-03,0,0,0,0,0,0
542,1,2015-05-04,8030,634,1,1,0,0
542,2,2015-05-05,6548,545,1,1,0,0
542,3,2015-05-06,7045,532,1,1,0,0
542,4,2015-05-07,6579,544,1,1,0,0
542,5,2015-05-08,6656,571,1,1,0,0
542,6,2015-05-09,6238,506,1,0,0,0
542,7,2015-05-10,0,0,0,0,0,0
542,1,2015-05-11,5519,490,1,0,0,0
542,2,2015-05-12,5847,498,1,0,0,0
542,3,2015-05-13,6092,533,1,0,0,0
542,4,2015-05-14,0,0,0,0,a,0
542,5,2015-05-15,7053,552,1,0,0,0
542,6,2015-05-16,5014,426,1,0,0,0
542,7,2015-05-17,0,0,0,0,0,0
542,1,2015-05-18,8336,635,1,1,0,0
542,2,2015-05-19,7796,561,1,1,0,0
542,3,2015-05-20,6976,537,1,1,0,0
542,4,2015-05-21,6757,534,1,1,0,0
542,5,2015-05-22,7103,567,1,1,0,0
542,6,2015-05-23,5344,444,1,0,0,0
542,7,2015-05-24,0,0,0,0,0,0
542,1,2015-05-25,0,0,0,0,a,0
542,2,2015-05-26,5931,517,1,0,0,1
542,3,2015-05-27,4928,449,1,0,0,1
542,4,2015-05-28,5118,434,1,0,0,1
542,5,2015-05-29,5760,465,1,0,0,1
542,6,2015-05-30,4707,403,1,0,0,0
542,7,2015-05-31,0,0,0,0,0,0
542,1,2015-06-01,6952,549,1,1,0,1
542,2,2015-06-02,7800,589,1,1,0,1
542,3,2015-06-03,7046,576,1,1,0,1
542,4,2015-06-04,0,0,0,1,a,1
542,5,2015-06-05,8617,616,1,1,0,1
542,6,2015-06-06,4411,376,1,0,0,0
542,7,2015-06-07,0,0,0,0,0,0
542,1,2015-06-08,5467,487,1,0,0,0
542,2,2015-06-09,6006,500,1,0,0,0
542,3,2015-06-10,5873,504,1,0,0,0
542,4,2015-06-11,5121,513,1,0,0,0
542,5,2015-06-12,5128,448,1,0,0,0
542,6,2015-06-13,5040,425,1,0,0,0
542,7,2015-06-14,0,0,0,0,0,0
542,1,2015-06-15,8603,588,1,1,0,0
542,2,2015-06-16,8333,618,1,1,0,0
542,3,2015-06-17,6832,560,1,1,0,0
542,4,2015-06-18,6404,542,1,1,0,0
542,5,2015-06-19,7275,572,1,1,0,0
542,6,2015-06-20,4360,364,1,0,0,0
542,7,2015-06-21,0,0,0,0,0,0
542,1,2015-06-22,5623,496,1,0,0,0
542,2,2015-06-23,4719,438,1,0,0,0
542,3,2015-06-24,4701,441,1,0,0,0
542,4,2015-06-25,5085,453,1,0,0,0
542,5,2015-06-26,5781,489,1,0,0,0
542,6,2015-06-27,5063,418,1,0,0,0
542,7,2015-06-28,0,0,0,0,0,0
542,1,2015-06-29,9867,665,1,1,0,0
542,2,2015-06-30,9408,631,1,1,0,0
542,3,2015-07-01,6073,467,1,1,0,0
542,4,2015-07-02,5674,474,1,1,0,0
542,5,2015-07-03,6020,496,1,1,0,0
542,6,2015-07-04,4444,378,1,0,0,0
542,7,2015-07-05,0,0,0,0,0,0
542,1,2015-07-06,5682,513,1,0,0,0
542,2,2015-07-07,4358,400,1,0,0,0
542,3,2015-07-08,5149,496,1,0,0,0
542,4,2015-07-09,5286,475,1,0,0,0
542,5,2015-07-10,5801,497,1,0,0,0
542,6,2015-07-11,5539,475,1,0,0,0
542,7,2015-07-12,0,0,0,0,0,0
542,1,2015-07-13,8540,635,1,1,0,0
542,2,2015-07-14,7908,574,1,1,0,0
542,3,2015-07-15,6789,544,1,1,0,0
542,4,2015-07-16,6132,540,1,1,0,0
542,5,2015-07-17,6482,509,1,1,0,0
542,6,2015-07-18,5483,458,1,0,0,0
542,7,2015-07-19,0,0,0,0,0,0
542,1,2015-07-20,5489,509,1,0,0,0
542,2,2015-07-21,4886,427,1,0,0,0
542,3,2015-07-22,5072,423,1,0,0,0
542,4,2015-07-23,5969,534,1,0,0,0
542,5,2015-07-24,5734,471,1,0,0,0
542,6,2015-07-25,5356,446,1,0,0,0
542,7,2015-07-26,0,0,0,0,0,0
542,1,2015-07-27,9078,691,1,1,0,0
542,2,2015-07-28,7160,576,1,1,0,0
542,3,2015-07-29,6694,530,1,1,0,0
542,4,2015-07-30,7236,601,1,1,0,0
542,5,2015-07-31,6598,568,1,1,0,0
564,4,2015-04-30,8384,721,1,1,0,0
564,5,2015-05-01,0,0,0,1,a,0
564,6,2015-05-02,6517,610,1,0,0,0
564,7,2015-05-03,0,0,0,0,0,0
564,1,2015-05-04,8204,621,1,1,0,0
564,2,2015-05-05,6681,539,1,1,0,0
564,3,2015-05-06,5683,485,1,1,0,0
564,4,2015-05-07,6185,562,1,1,0,0
564,5,2015-05-08,6823,591,1,1,0,0
564,6,2015-05-09,6278,593,1,0,0,0
564,7,2015-05-10,0,0,0,0,0,0
564,1,2015-05-11,4555,437,1,0,0,0
564,2,2015-05-12,5178,469,1,0,0,0
564,3,2015-05-13,6816,632,1,0,0,0
564,4,2015-05-14,0,0,0,0,a,0
564,5,2015-05-15,6291,586,1,0,0,0
564,6,2015-05-16,6089,553,1,0,0,0
564,7,2015-05-17,0,0,0,0,0,0
564,1,2015-05-18,7286,611,1,1,0,0
564,2,2015-05-19,6278,525,1,1,0,0
564,3,2015-05-20,6112,504,1,1,0,0
564,4,2015-05-21,6638,547,1,1,0,0
564,5,2015-05-22,5548,534,1,1,0,0
564,6,2015-05-23,5637,526,1,0,0,0
564,7,2015-05-24,0,0,0,0,0,0
564,1,2015-05-25,0,0,0,0,a,0
564,2,2015-05-26,5759,528,1,0,0,1
564,3,2015-05-27,4602,390,1,0,0,0
564,4,2015-05-28,5255,493,1,0,0,0
564,5,2015-05-29,6386,573,1,0,0,0
564,6,2015-05-30,6398,567,1,0,0,0
564,7,2015-05-31,0,0,0,0,0,0
564,1,2015-06-01,8649,641,1,1,0,0
564,2,2015-06-02,6923,546,1,1,0,0
564,3,2015-06-03,7897,657,1,1,0,0
564,4,2015-06-04,0,0,0,1,a,0
564,5,2015-06-05,7881,670,1,1,0,0
564,6,2015-06-06,6047,531,1,0,0,0
564,7,2015-06-07,0,0,0,0,0,0
564,1,2015-06-08,5303,474,1,0,0,0
564,2,2015-06-09,5124,480,1,0,0,0
564,3,2015-06-10,5679,482,1,0,0,0
564,4,2015-06-11,5321,509,1,0,0,0
564,5,2015-06-12,5488,496,1,0,0,0
564,6,2015-06-13,6128,574,1,0,0,0
564,7,2015-06-14,0,0,0,0,0,0
564,1,2015-06-15,8606,645,1,1,0,0
564,2,2015-06-16,6736,533,1,1,0,0
564,3,2015-06-17,7058,504,1,1,0,0
564,4,2015-06-18,6921,570,1,1,0,0
564,5,2015-06-19,6722,550,1,1,0,0
564,6,2015-06-20,5322,507,1,0,0,0
564,7,2015-06-21,0,0,0,0,0,0
564,1,2015-06-22,4401,437,1,0,0,0
564,2,2015-06-23,5298,454,1,0,0,0
564,3,2015-06-24,5071,449,1,0,0,0
564,4,2015-06-25,5014,442,1,0,0,0
564,5,2015-06-26,5503,524,1,0,0,0
564,6,2015-06-27,6170,548,1,0,0,0
564,7,2015-06-28,0,0,0,0,0,0
564,1,2015-06-29,9047,660,1,1,0,1
564,2,2015-06-30,8467,614,1,1,0,1
564,3,2015-07-01,6686,525,1,1,0,1
564,4,2015-07-02,6949,560,1,1,0,1
564,5,2015-07-03,6733,539,1,1,0,1
564,6,2015-07-04,6034,516,1,0,0,0
564,7,2015-07-05,0,0,0,0,0,0
564,1,2015-07-06,5225,463,1,0,0,1
564,2,2015-07-07,5021,442,1,0,0,1
564,3,2015-07-08,5009,468,1,0,0,1
564,4,2015-07-09,6124,517,1,0,0,1
564,5,2015-07-10,5464,488,1,0,0,1
564,6,2015-07-11,5174,479,1,0,0,0
564,7,2015-07-12,0,0,0,0,0,0
564,1,2015-07-13,7993,579,1,1,0,1
564,2,2015-07-14,6800,507,1,1,0,1
564,3,2015-07-15,5956,498,1,1,0,1
564,4,2015-07-16,5866,497,1,1,0,1
564,5,2015-07-17,6019,528,1,1,0,1
564,6,2015-07-18,6718,576,1,0,0,0
564,7,2015-07-19,0,0,0,0,0,0
564,1,2015-07-20,5292,491,1,0,0,1
564,2,2015-07-21,4592,419,1,0,0,1
564,3,2015-07-22,4736,438,1,0,0,1
564,4,2015-07-23,4488,442,1,0,0,1
564,5,2015-07-24,5068,465,1,0,0,1
564,6,2015-07-25,5167,466,1,0,0,0
564,7,2015-07-26,0,0,0,0,0,0
564,1,2015-07-27,7283,570,1,1,0,1
564,2,2015-07-28,5964,480,1,1,0,1
564,3,2015-07-29,6114,475,1,1,0,1
564,4,2015-07-30,6413,523,1,1,0,1
564,5,2015-07-31,5924,540,1,1,0,1
570,4,2015-04-30,6701,857,1,1,0,0
570,5,2015-05-01,0,0,0,1,a,0
570,6,2015-05-02,4358,630,1,0,0,0
570,7,2015-05-03,0,0,0,0,0,0
570,1,2015-05-04,7199,948,1,1,0,0
570,2,2015-05-05,4826,687,1,1,0,0
570,3,2015-05-06,5596,740,1,1,0,0
570,4,2015-05-07,5389,737,1,1,0,0
570,5,2015-05-08,4807,696,1,1,0,0
570,6,2015-05-09,3228,486,1,0,0,0
570,7,2015-05-10,0,0,0,0,0,0
570,1,2015-05-11,3775,592,1,0,0,0
570,2,2015-05-12,3988,631,1,0,0,0
570,3,2015-05-13,4825,753,1,0,0,0
570,4,2015-05-14,0,0,0,0,a,0
570,5,2015-05-15,4418,694,1,0,0,0
570,6,2015-05-16,3137,482,1,0,0,0
570,7,2015-05-17,0,0,0,0,0,0
570,1,2015-05-18,6427,858,1,1,0,0
570,2,2015-05-19,5065,695,1,1,0,0
570,3,2015-05-20,4701,651,1,1,0,0
570,4,2015-05-21,4642,679,1,1,0,0
570,5,2015-05-22,4014,644,1,1,0,0
570,6,2015-05-23,3042,432,1,0,0,0
570,7,2015-05-24,0,0,0,0,0,0
570,1,2015-05-25,0,0,0,0,a,0
570,2,2015-05-26,3803,637,1,0,0,1
570,3,2015-05-27,3636,570,1,0,0,0
570,4,2015-05-28,4238,587,1,0,0,0
570,5,2015-05-29,5102,716,1,0,0,0
570,6,2015-05-30,3779,469,1,0,0,0
570,7,2015-05-31,0,0,0,0,0,0
570,1,2015-06-01,7231,952,1,1,0,0
570,2,2015-06-02,5492,756,1,1,0,0
570,3,2015-06-03,5818,796,1,1,0,0
570,4,2015-06-04,0,0,0,1,a,0
570,5,2015-06-05,5484,754,1,1,0,0
570,6,2015-06-06,3100,489,1,0,0,0
570,7,2015-06-07,0,0,0,0,0,0
570,1,2015-06-08,3491,586,1,0,0,0
570,2,2015-06-09,3916,609,1,0,0,0
570,3,2015-06-10,3364,569,1,0,0,0
570,4,2015-06-11,3737,584,1,0,0,0
570,5,2015-06-12,3369,530,1,0,0,0
570,6,2015-06-13,2632,390,1,0,0,0
570,7,2015-06-14,0,0,0,0,0,0
570,1,2015-06-15,6447,862,1,1,0,0
570,2,2015-06-16,5265,724,1,1,0,0
570,3,2015-06-17,4947,718,1,1,0,0
570,4,2015-06-18,4472,626,1,1,0,0
570,5,2015-06-19,4056,563,1,1,0,0
570,6,2015-06-20,2803,455,1,0,0,0
570,7,2015-06-21,0,0,0,0,0,0
570,1,2015-06-22,3458,507,1,0,0,0
570,2,2015-06-23,3257,522,1,0,0,0
570,3,2015-06-24,3904,583,1,0,0,0
570,4,2015-06-25,3291,560,1,0,0,0
570,5,2015-06-26,3392,576,1,0,0,0
570,6,2015-06-27,2875,426,1,0,0,0
570,7,2015-06-28,0,0,0,0,0,0
570,1,2015-06-29,6537,812,1,1,0,1
570,2,2015-06-30,6631,837,1,1,0,1
570,3,2015-07-01,5782,775,1,1,0,1
570,4,2015-07-02,4437,596,1,1,0,1
570,5,2015-07-03,3867,577,1,1,0,1
570,6,2015-07-04,2544,396,1,0,0,0
570,7,2015-07-05,0,0,0,0,0,0
570,1,2015-07-06,3684,596,1,0,0,1
570,2,2015-07-07,3249,534,1,0,0,1
570,3,2015-07-08,3531,549,1,0,0,1
570,4,2015-07-09,3902,526,1,0,0,1
570,5,2015-07-10,3287,550,1,0,0,1
570,6,2015-07-11,2374,382,1,0,0,0
570,7,2015-07-12,0,0,0,0,0,0
570,1,2015-07-13,5530,716,1,1,0,1
570,2,2015-07-14,4694,649,1,1,0,1
570,3,2015-07-15,5056,688,1,1,0,1
570,4,2015-07-16,4331,623,1,1,0,1
570,5,2015-07-17,3817,595,1,1,0,1
570,6,2015-07-18,2670,431,1,0,0,0
570,7,2015-07-19,0,0,0,0,0,0
570,1,2015-07-20,3411,546,1,0,0,1
570,2,2015-07-21,3565,539,1,0,0,1
570,3,2015-07-22,3330,533,1,0,0,1
570,4,2015-07-23,3338,539,1,0,0,1
570,5,2015-07-24,2826,475,1,0,0,1
570,6,2015-07-25,1849,298,1,0,0,0
570,7,2015-07-26,0,0,0,0,0,0
570,1,2015-07-27,5130,662,1,1,0,1
570,2,2015-07-28,4705,643,1,1,0,1
570,3,2015-07-29,4175,614,1,1,0,1
570,4,2015-07-30,3908,560,1,1,0,1
570,5,2015-07-31,6102,804,1,1,0,1
593,4,2015-04-30,13490,1681,1,1,0,0
593,5,2015-05-01,0,0,0,1,a,0
593,6,2015-05-02,10256,1306,1,0,0,0
593,7,2015-05-03,0,0,0,0,0,0
593,1,2015-05-04,12863,1483,1,1,0,0
593,2,2015-05-05,9428,1177,1,1,0,0
593,3,2015-05-06,9784,1173,1,1,0,0
593,4,2015-05-07,11849,1528,1,1,0,0
593,5,2015-05-08,9802,1246,1,1,0,0
593,6,2015-05-09,7465,957,1,0,0,0
593,7,2015-05-10,0,0,0,0,0,0
593,1,2015-05-11,9034,1263,1,0,0,0
593,2,2015-05-12,8328,1166,1,0,0,0
593,3,2015-05-13,11179,1411,1,0,0,0
593,4,2015-05-14,0,0,0,0,a,0
593,5,2015-05-15,10818,1368,1,0,0,1
593,6,2015-05-16,7074,906,1,0,0,0
593,7,2015-05-17,0,0,0,0,0,0
593,1,2015-05-18,11139,1276,1,1,0,0
593,2,2015-05-19,10898,1322,1,1,0,0
593,3,2015-05-20,9449,1163,1,1,0,0
593,4,2015-05-21,11725,1509,1,1,0,0
593,5,2015-05-22,9019,1153,1,1,0,0
593,6,2015-05-23,8112,1036,1,0,0,0
593,7,2015-05-24,0,0,0,0,0,0
593,1,2015-05-25,0,0,0,0,a,0
593,2,2015-05-26,9908,1303,1,0,0,0
593,3,2015-05-27,8409,1071,1,0,0,0
593,4,2015-05-28,10690,1461,1,0,0,0
593,5,2015-05-29,9575,1139,1,0,0,0
593,6,2015-05-30,9051,1087,1,0,0,0
593,7,2015-05-31,0,0,0,0,0,0
593,1,2015-06-01,14307,1629,1,1,0,0
593,2,2015-06-02,10500,1157,1,1,0,0
593,3,2015-06-03,11326,1305,1,1,0,0
593,4,2015-06-04,11878,1565,1,1,0,0
593,5,2015-06-05,9726,1250,1,1,0,0
593,6,2015-06-06,7479,1006,1,0,0,0
593,7,2015-06-07,0,0,0,0,0,0
593,1,2015-06-08,8689,1218,1,0,0,0
593,2,2015-06-09,8652,1177,1,0,0,0
593,3,2015-06-10,7429,1019,1,0,0,0
593,4,2015-06-11,9743,1466,1,0,0,0
593,5,2015-06-12,7418,1049,1,0,0,0
593,6,2015-06-13,7303,874,1,0,0,0
593,7,2015-06-14,0,0,0,0,0,0
593,1,2015-06-15,11964,1447,1,1,0,0
593,2,2015-06-16,10857,1284,1,1,0,0
593,3,2015-06-17,8662,1102,1,1,0,0
593,4,2015-06-18,11723,1524,1,1,0,0
593,5,2015-06-19,8612,1129,1,1,0,0
593,6,2015-06-20,6667,908,1,0,0,0
593,7,2015-06-21,0,0,0,0,0,0
593,1,2015-06-22,8081,1104,1,0,0,0
593,2,2015-06-23,7229,1070,1,0,0,0
593,3,2015-06-24,6945,1002,1,0,0,0
593,4,2015-06-25,8779,1269,1,0,0,0
593,5,2015-06-26,7658,1073,1,0,0,0
593,6,2015-06-27,7590,955,1,0,0,0
593,7,2015-06-28,0,0,0,0,0,0
593,1,2015-06-29,14017,1556,1,1,0,0
593,2,2015-06-30,13016,1429,1,1,0,0
593,3,2015-07-01,10959,1311,1,1,0,0
593,4,2015-07-02,13296,1592,1,1,0,0
593,5,2015-07-03,9784,1241,1,1,0,0
593,6,2015-07-04,6853,893,1,0,0,0
593,7,2015-07-05,0,0,0,0,0,0
593,1,2015-07-06,11094,1398,1,0,0,0
593,2,2015-07-07,8217,1083,1,0,0,0
593,3,2015-07-08,8799,1160,1,0,0,0
593,4,2015-07-09,10807,1487,1,0,0,0
593,5,2015-07-10,8678,1175,1,0,0,0
593,6,2015-07-11,7982,1071,1,0,0,0
593,7,2015-07-12,0,0,0,0,0,0
593,1,2015-07-13,13750,1600,1,1,0,0
593,2,2015-07-14,12237,1478,1,1,0,0
593,3,2015-07-15,11302,1367,1,1,0,0
593,4,2015-07-16,12314,1611,1,1,0,0
593,5,2015-07-17,8799,1123,1,1,0,0
593,6,2015-07-18,7811,966,1,0,0,0
593,7,2015-07-19,0,0,0,0,0,0
593,1,2015-07-20,10293,1332,1,0,0,1
593,2,2015-07-21,8909,1152,1,0,0,1
593,3,2015-07-22,8163,1045,1,0,0,1
593,4,2015-07-23,9588,1395,1,0,0,1
593,5,2015-07-24,8440,1112,1,0,0,1
593,6,2015-07-25,5543,775,1,0,0,0
593,7,2015-07-26,0,0,0,0,0,0
593,1,2015-07-27,12273,1430,1,1,0,1
593,2,2015-07-28,9974,1207,1,1,0,1
593,3,2015-07-29,9924,1186,1,1,0,1
593,4,2015-07-30,12571,1413,1,1,0,1
593,5,2015-07-31,11333,1375,1,1,0,1
601,4,2015-04-30,7698,553,1,1,0,0
601,5,2015-05-01,0,0,0,1,a,0
601,6,2015-05-02,6090,523,1,0,0,0
601,7,2015-05-03,0,0,0,0,0,0
601,1,2015-05-04,6152,438,1,1,0,0
601,2,2015-05-05,5746,407,1,1,0,0
601,3,2015-05-06,5159,397,1,1,0,0
601,4,2015-05-07,4390,333,1,1,0,0
601,5,2015-05-08,5671,437,1,1,0,0
601,6,2015-05-09,5403,480,1,0,0,0
601,7,2015-05-10,0,0,0,0,0,0
601,1,2015-05-11,3886,341,1,0,0,0
601,2,2015-05-12,3731,297,1,0,0,0
601,3,2015-05-13,5523,442,1,0,0,0
601,4,2015-05-14,0,0,0,0,a,0
601,5,2015-05-15,5502,453,1,0,0,0
601,6,2015-05-16,5262,421,1,0,0,0
601,7,2015-05-17,0,0,0,0,0,0
601,1,2015-05-18,6195,445,1,1,0,0
601,2,2015-05-19,5755,397,1,1,0,0
601,3,2015-05-20,5096,355,1,1,0,0
601,4,2015-05-21,5124,380,1,1,0,0
601,5,2015-05-22,5415,433,1,1,0,0
601,6,2015-05-23,5247,454,1,0,0,0
601,7,2015-05-24,0,0,0,0,0,0
601,1,2015-05-25,0,0,0,0,a,0
601,2,2015-05-26,4946,412,1,0,0,0
601,3,2015-05-27,4382,362,1,0,0,0
601,4,2015-05-28,3954,346,1,0,0,0
601,5,2015-05-29,4547,416,1,0,0,0
601,6,2015-05-30,5519,470,1,0,0,0
601,7,2015-05-31,0,0,0,0,0,0
601,1,2015-06-01,7022,460,1,1,0,0
601,2,2015-06-02,6251,444,1,1,0,0
601,3,2015-06-03,6797,487,1,1,0,0
601,4,2015-06-04,0,0,0,1,a,0
601,5,2015-06-05,6763,504,1,1,0,0
601,6,2015-06-06,4847,421,1,0,0,0
601,7,2015-06-07,0,0,0,0,0,0
601,1,2015-06-08,4793,387,1,0,0,0
601,2,2015-06-09,4320,343,1,0,0,0
601,3,2015-06-10,3427,300,1,0,0,0
601,4,2015-06-11,3469,314,1,0,0,0
601,5,2015-06-12,4144,362,1,0,0,0
601,6,2015-06-13,4911,389,1,0,0,0
601,7,2015-06-14,0,0,0,0,0,0
601,1,2015-06-15,6423,475,1,1,0,0
601,2,2015-06-16,5699,425,1,1,0,0
601,3,2015-06-17,5181,367,1,1,0,0
601,4,2015-06-18,4648,342,1,1,0,0
601,5,2015-06-19,6311,437,1,1,0,0
601,6,2015-06-20,4727,439,1,0,0,0
601,7,2015-06-21,0,0,0,0,0,0
601,1,2015-06-22,3570,308,1,0,0,0
601,2,2015-06-23,3892,319,1,0,0,0
601,3,2015-06-24,4090,333,1,0,0,0
601,4,2015-06-25,3550,297,1,0,0,0
601,5,2015-06-26,4277,349,1,0,0,0
601,6,2015-06-27,4585,400,1,0,0,0
601,7,2015-06-28,0,0,0,0,0,0
601,1,2015-06-29,8048,536,1,1,0,0
601,2,2015-06-30,7426,499,1,1,0,0
601,3,2015-07-01,4187,330,1,1,0,0
601,4,2015-07-02,4605,351,1,1,0,0
601,5,2015-07-03,5906,410,1,1,0,0
601,6,2015-07-04,4264,378,1,0,0,0
601,7,2015-07-05,0,0,0,0,0,0
601,1,2015-07-06,4321,387,1,0,0,0
601,2,2015-07-07,3705,305,1,0,0,0
601,3,2015-07-08,4153,321,1,0,0,0
601,4,2015-07-09,3670,317,1,0,0,0
601,5,2015-07-10,4021,363,1,0,0,0
601,6,2015-07-11,5368,425,1,0,0,0
601,7,2015-07-12,0,0,0,0,0,0
601,1,2015-07-13,6460,439,1,1,0,0
601,2,2015-07-14,6060,405,1,1,0,0
601,3,2015-07-15,5077,396,1,1,0,0
601,4,2015-07-16,4844,363,1,1,0,0
601,5,2015-07-17,5245,412,1,1,0,0
601,6,2015-07-18,5068,416,1,0,0,0
601,7,2015-07-19,0,0,0,0,0,0
601,1,2015-07-20,4279,355,1,0,0,0
601,2,2015-07-21,4109,324,1,0,0,0
601,3,2015-07-22,3452,287,1,0,0,0
601,4,2015-07-23,3808,361,1,0,0,0
601,5,2015-07-24,4715,377,1,0,0,0
601,6,2015-07-25,5273,399,1,0,0,0
601,7,2015-07-26,0,0,0,0,0,0
601,1,2015-07-27,7173,433,1,1,0,1
601,2,2015-07-28,5664,382,1,1,0,1
601,3,2015-07-29,4496,358,1,1,0,1
601,4,2015-07-30,5249,394,1,1,0,1
601,5,2015-07-31,6153,441,1,1,0,1
690,4,2015-04-30,8044,1009,1,1,0,0
690,5,2015-05-01,0,0,0,1,a,0
690,6,2015-05-02,6462,888,1,0,0,0
690,7,2015-05-03,0,0,0,0,0,0
690,1,2015-05-04,8627,1081,1,1,0,0
690,2,2015-05-05,6462,896,1,1,0,0
690,3,2015-05-06,6980,925,1,1,0,0
690,4,2015-05-07,6822,921,1,1,0,0
690,5,2015-05-08,6266,862,1,1,0,0
690,6,2015-05-09,4823,709,1,0,0,0
690,7,2015-05-10,0,0,0,0,0,0
690,1,2015-05-11,4716,773,1,0,0,0
690,2,2015-05-12,4960,786,1,0,0,0
690,3,2015-05-13,5593,848,1,0,0,0
690,4,2015-05-14,0,0,0,0,a,0
690,5,2015-05-15,6304,881,1,0,0,0
690,6,2015-05-16,4989,694,1,0,0,0
690,7,2015-05-17,0,0,0,0,0,0
690,1,2015-05-18,7701,985,1,1,0,0
690,2,2015-05-19,7188,947,1,1,0,0
690,3,2015-05-20,6848,925,1,1,0,0
690,4,2015-05-21,6059,854,1,1,0,0
690,5,2015-05-22,5601,852,1,1,0,0
690,6,2015-05-23,4926,662,1,0,0,0
690,7,2015-05-24,0,0,0,0,0,0
690,1,2015-05-25,0,0,0,0,a,0
690,2,2015-05-26,5813,877,1,0,0,1
690,3,2015-05-27,4741,737,1,0,0,0
690,4,2015-05-28,4991,761,1,0,0,0
690,5,2015-05-29,5824,849,1,0,0,0
690,6,2015-05-30,5318,747,1,0,0,0
690,7,2015-05-31,0,0,0,0,0,0
690,1,2015-06-01,9358,1099,1,1,0,0
690,2,2015-06-02,6841,939,1,1,0,0
690,3,2015-06-03,7853,1005,1,1,0,0
690,4,2015-06-04,0,0,0,1,a,0
690,5,2015-06-05,7393,1016,1,1,0,0
690,6,2015-06-06,4918,705,1,0,0,0
690,7,2015-06-07,0,0,0,0,0,0
690,1,2015-06-08,5370,788,1,0,0,0
690,2,2015-06-09,5155,800,1,0,0,0
690,3,2015-06-10,5014,751,1,0,0,0
690,4,2015-06-11,5078,768,1,0,0,0
690,5,2015-06-12,4326,689,1,0,0,0
690,6,2015-06-13,4198,639,1,0,0,0
690,7,2015-06-14,0,0,0,0,0,0
690,1,2015-06-15,7617,985,1,1,0,0
690,2,2015-06-16,7597,956,1,1,0,0
690,3,2015-06-17,5889,855,1,1,0,0
690,4,2015-06-18,5656,769,1,1,0,0
690,5,2015-06-19,6295,802,1,1,0,0
690,6,2015-06-20,4842,651,1,0,0,0
690,7,2015-06-21,0,0,0,0,0,0
690,1,2015-06-22,4109,686,1,0,0,0
690,2,2015-06-23,4564,712,1,0,0,0
690,3,2015-06-24,5150,749,1,0,0,0
690,4,2015-06-25,4548,694,1,0,0,0
690,5,2015-06-26,4527,681,1,0,0,0
690,6,2015-06-27,4863,653,1,0,0,0
690,7,2015-06-28,0,0,0,0,0,0
690,1,2015-06-29,8682,993,1,1,0,1
690,2,2015-06-30,7766,949,1,1,0,1
690,3,2015-07-01,6746,825,1,1,0,1
690,4,2015-07-02,5646,802,1,1,0,1
690,5,2015-07-03,5788,761,1,1,0,1
690,6,2015-07-04,4368,579,1,0,0,0
690,7,2015-07-05,0,0,0,0,0,0
690,1,2015-07-06,5580,819,1,0,0,1
690,2,2015-07-07,4489,659,1,0,0,1
690,3,2015-07-08,5022,723,1,0,0,1
690,4,2015-07-09,4555,712,1,0,0,1
690,5,2015-07-10,4251,662,1,0,0,1
690,6,2015-07-11,3894,584,1,0,0,0
690,7,2015-07-12,0,0,0,0,0,0
690,1,2015-07-13,7263,902,1,1,0,1
690,2,2015-07-14,6936,910,1,1,0,1
690,3,2015-07-15,6023,844,1,1,0,1
690,4,2015-07-16,5720,796,1,1,0,1
690,5,2015-07-17,4662,693,1,1,0,1
690,6,2015-07-18,4310,612,1,0,0,0
690,7,2015-07-19,0,0,0,0,0,0
690,1,2015-07-20,5333,783,1,0,0,1
690,2,2015-07-21,4724,693,1,0,0,1
690,3,2015-07-22,4595,678,1,0,0,1
690,4,2015-07-23,4778,697,1,0,0,1
690,5,2015-07-24,4132,626,1,0,0,1
690,6,2015-07-25,4065,558,1,0,0,0
690,7,2015-07-26,0,0,0,0,0,0
690,1,2015-07-27,6774,897,1,1,0,1
690,2,2015-07-28,6434,854,1,1,0,1
690,3,2015-07-29,6170,787,1,1,0,1
690,4,2015-07-30,5565,775,1,1,0,1
690,5,2015-07-31,7070,898,1,1,0,1
697,4,2015-04-30,16553,1361,1,1,0,0
697,5,2015-05-01,0,0,0,1,a,0
697,6,2015-05-02,13719,1240,1,0,0,0
697,7,2015-05-03,0,0,0,0,0,0
697,1,2015-05-04,15714,1294,1,1,0,0
697,2,2015-05-05,12840,1027,1,1,0,0
697,3,2015-05-06,13034,1094,1,1,0,0
697,4,2015-05-07,12772,1116,1,1,0,0
697,5,2015-05-08,12617,1115,1,1,0,0
697,6,2015-05-09,10208,1073,1,0,0,0
697,7,2015-05-10,0,0,0,0,0,0
697,1,2015-05-11,9038,921,1,0,0,0
697,2,2015-05-12,9023,884,1,0,0,0
697,3,2015-05-13,11518,1176,1,0,0,0
697,4,2015-05-14,0,0,0,0,a,0
697,5,2015-05-15,11413,1133,1,0,0,0
697,6,2015-05-16,10978,1008,1,0,0,0
697,7,2015-05-17,0,0,0,0,0,0
697,1,2015-05-18,14929,1198,1,1,0,0
697,2,2015-05-19,12594,1027,1,1,0,0
697,3,2015-05-20,12153,1037,1,1,0,0
697,4,2015-05-21,10871,1008,1,1,0,0
697,5,2015-05-22,12064,1103,1,1,0,0
697,6,2015-05-23,10043,1010,1,0,0,0
697,7,2015-05-24,0,0,0,0,0,0
697,1,2015-05-25,0,0,0,0,a,0
697,2,2015-05-26,10216,984,1,0,0,1
697,3,2015-05-27,9109,855,1,0,0,0
697,4,2015-05-28,10274,917,1,0,0,0
697,5,2015-05-29,11297,1005,1,0,0,0
697,6,2015-05-30,9621,877,1,0,0,0
697,7,2015-05-31,0,0,0,0,0,0
697,1,2015-06-01,18880,1411,1,1,0,0
697,2,2015-06-02,13921,1058,1,1,0,0
697,3,2015-06-03,14661,1250,1,1,0,0
697,4,2015-06-04,0,0,0,1,a,0
697,5,2015-06-05,15149,1207,1,1,0,0
697,6,2015-06-06,9811,968,1,0,0,0
697,7,2015-06-07,0,0,0,0,0,0
697,1,2015-06-08,10628,1021,1,0,0,0
697,2,2015-06-09,9615,903,1,0,0,0
697,3,2015-06-10,9007,900,1,0,0,0
697,4,2015-06-11,9435,872,1,0,0,0
697,5,2015-06-12,9320,909,1,0,0,0
697,6,2015-06-13,10604,999,1,0,0,0
697,7,2015-06-14,0,0,0,0,0,0
697,1,2015-06-15,16218,1291,1,1,0,0
697,2,2015-06-16,14478,1147,1,1,0,0
697,3,2015-06-17,12837,1072,1,1,0,0
697,4,2015-06-18,12634,1047,1,1,0,0
697,5,2015-06-19,12163,1061,1,1,0,0
697,6,2015-06-20,10008,967,1,0,0,0
697,7,2015-06-21,0,0,0,0,0,0
697,1,2015-06-22,8870,893,1,0,0,0
697,2,2015-06-23,9071,855,1,0,0,0
697,3,2015-06-24,8267,859,1,0,0,0
697,4,2015-06-25,8224,849,1,0,0,0
697,5,2015-06-26,9799,936,1,0,0,0
697,6,2015-06-27,10980,1039,1,0,0,0
697,7,2015-06-28,0,0,0,0,0,0
697,1,2015-06-29,18358,1300,1,1,0,1
697,2,2015-06-30,20710,1399,1,1,0,1
697,3,2015-07-01,11368,948,1,1,0,1
697,4,2015-07-02,9805,884,1,1,0,1
697,5,2015-07-03,11988,1004,1,1,0,1
697,6,2015-07-04,8111,791,1,0,0,0
697,7,2015-07-05,0,0,0,0,0,0
697,1,2015-07-06,10339,1006,1,0,0,1
697,2,2015-07-07,8868,797,1,0,0,1
697,3,2015-07-08,9474,889,1,0,0,1
697,4,2015-07-09,9195,900,1,0,0,1
697,5,2015-07-10,9820,902,1,0,0,1
697,6,2015-07-11,9132,872,1,0,0,0
697,7,2015-07-12,0,0,0,0,0,0
697,1,2015-07-13,14906,1145,1,1,0,1
697,2,2015-07-14,11200,959,1,1,0,1
697,3,2015-07-15,12917,1061,1,1,0,1
697,4,2015-07-16,11914,991,1,1,0,1
697,5,2015-07-17,10994,999,1,1,0,1
697,6,2015-07-18,9616,953,1,0,0,0
697,7,2015-07-19,0,0,0,0,0,0
697,1,2015-07-20,9460,893,1,0,0,1
697,2,2015-07-21,7479,788,1,0,0,1
697,3,2015-07-22,8727,841,1,0,0,1
697,4,2015-07-23,8209,839,1,0,0,1
697,5,2015-07-24,8007,812,1,0,0,1
697,6,2015-07-25,8650,847,1,0,0,0
697,7,2015-07-26,0,0,0,0,0,0
697,1,2015-07-27,13456,1079,1,1,0,1
697,2,2015-07-28,11421,957,1,1,0,1
697,3,2015-07-29,10542,908,1,1,0,1
697,4,2015-07-30,11477,945,1,1,0,1
697,5,2015-07-31,14464,1150,1,1,0,1
705,4,2015-04-30,14908,1496,1,1,0,0
705,5,2015-05-01,0,0,0,1,a,0
705,6,2015-05-02,6707,775,1,0,0,0
705,7,2015-05-03,0,0,0,0,0,0
705,1,2015-05-04,12973,1402,1,1,0,0
705,2,2015-05-05,9904,1027,1,1,0,0
705,3,2015-05-06,9022,1043,1,1,0,0
705,4,2015-05-07,9385,1080,1,1,0,0
705,5,2015-05-08,9631,1088,1,1,0,0
705,6,2015-05-09,5850,700,1,0,0,0
705,7,2015-05-10,0,0,0,0,0,0
705,1,2015-05-11,7697,1050,1,0,0,0
705,2,2015-05-12,8169,970,1,0,0,0
705,3,2015-05-13,8416,1077,1,0,0,0
705,4,2015-05-14,0,0,0,0,a,0
705,5,2015-05-15,8685,1050,1,0,0,0
705,6,2015-05-16,5201,610,1,0,0,0
705,7,2015-05-17,0,0,0,0,0,0
705,1,2015-05-18,11930,1283,1,1,0,0
705,2,2015-05-19,9208,1033,1,1,0,0
705,3,2015-05-20,9160,1046,1,1,0,0
705,4,2015-05-21,8207,982,1,1,0,0
705,5,2015-05-22,8548,979,1,1,0,0
705,6,2015-05-23,5289,620,1,0,0,0
705,7,2015-05-24,0,0,0,0,0,0
705,1,2015-05-25,0,0,0,0,a,0
705,2,2015-05-26,7796,997,1,0,0,1
705,3,2015-05-27,7439,917,1,0,0,0
705,4,2015-05-28,7553,949,1,0,0,0
705,5,2015-05-29,10239,1110,1,0,0,0
705,6,2015-05-30,6116,635,1,0,0,0
705,7,2015-05-31,0,0,0,0,0,0
705,1,2015-06-01,15651,1462,1,1,0,0
705,2,2015-06-02,10645,1118,1,1,0,0
705,3,2015-06-03,10766,1185,1,1,0,0
705,4,2015-06-04,0,0,0,1,a,0
705,5,2015-06-05,10476,1138,1,1,0,0
705,6,2015-06-06,5238,630,1,0,0,0
705,7,2015-06-07,0,0,0,0,0,0
705,1,2015-06-08,8263,1075,1,0,0,0
705,2,2015-06-09,7508,946,1,0,0,0
705,3,2015-06-10,6891,922,1,0,0,0
705,4,2015-06-11,6802,876,1,0,0,0
705,5,2015-06-12,6853,918,1,0,0,0
705,6,2015-06-13,4884,602,1,0,0,0
705,7,2015-06-14,0,0,0,0,0,0
705,1,2015-06-15,14024,1324,1,1,0,0
705,2,2015-06-16,11082,1157,1,1,0,0
705,3,2015-06-17,8336,877,1,1,0,0
705,4,2015-06-18,7090,833,1,1,0,0
705,5,2015-06-19,6637,779,1,1,0,0
705,6,2015-06-20,3736,467,1,0,0,0
705,7,2015-06-21,0,0,0,0,0,0
705,1,2015-06-22,6113,753,1,0,0,0
705,2,2015-06-23,5482,694,1,0,0,0
705,3,2015-06-24,6716,849,1,0,0,0
705,4,2015-06-25,7537,944,1,0,0,0
705,5,2015-06-26,7060,855,1,0,0,0
705,6,2015-06-27,5489,613,1,0,0,0
705,7,2015-06-28,0,0,0,0,0,0
705,1,2015-06-29,14664,1330,1,1,0,1
705,2,2015-06-30,12788,1198,1,1,0,1
705,3,2015-07-01,10521,1088,1,1,0,1
705,4,2015-07-02,9380,1003,1,1,0,1
705,5,2015-07-03,9052,931,1,1,0,1
705,6,2015-07-04,5202,610,1,0,0,0
705,7,2015-07-05,0,0,0,0,0,0
705,1,2015-07-06,8197,1021,1,0,0,1
705,2,2015-07-07,7103,870,1,0,0,1
705,3,2015-07-08,7190,840,1,0,0,1
705,4,2015-07-09,7168,883,1,0,0,1
705,5,2015-07-10,7040,885,1,0,0,1
705,6,2015-07-11,4594,555,1,0,0,0
705,7,2015-07-12,0,0,0,0,0,0
705,1,2015-07-13,12427,1136,1,1,0,1
705,2,2015-07-14,9267,968,1,1,0,1
705,3,2015-07-15,9413,941,1,1,0,1
705,4,2015-07-16,9095,1010,1,1,0,1
705,5,2015-07-17,7800,866,1,1,0,1
705,6,2015-07-18,5337,606,1,0,0,0
705,7,2015-07-19,0,0,0,0,0,0
705,1,2015-07-20,7983,914,1,0,0,1
705,2,2015-07-21,6823,854,1,0,0,1
705,3,2015-07-22,5518,759,1,0,0,1
705,4,2015-07-23,5909,819,1,0,0,1
705,5,2015-07-24,6391,792,1,0,0,1
705,6,2015-07-25,3530,469,1,0,0,0
705,7,2015-07-26,0,0,0,0,0,0
705,1,2015-07-27,10487,1046,1,1,0,1
705,2,2015-07-28,9094,970,1,1,0,1
705,3,2015-07-29,7271,843,1,1,0,1
705,4,2015-07-30,9108,1006,1,1,0,1
705,5,2015-07-31,12450,1185,1,1,0,1
736,4,2015-04-30,6984,678,1,1,0,0
736,5,2015-05-01,0,0,0,1,a,0
736,6,2015-05-02,6431,576,1,0,0,0
736,7,2015-05-03,0,0,0,0,0,0
736,1,2015-05-04,6523,597,1,1,0,0
736,2,2015-05-05,5624,527,1,1,0,0
736,3,2015-05-06,4999,482,1,1,0,0
736,4,2015-05-07,5852,562,1,1,0,0
736,5,2015-05-08,4816,476,1,1,0,0
736,6,2015-05-09,5072,510,1,0,0,0
736,7,2015-05-10,0,0,0,0,0,0
736,1,2015-05-11,3877,427,1,0,0,0
736,2,2015-05-12,3362,403,1,0,0,0
736,3,2015-05-13,4616,508,1,0,0,0
736,4,2015-05-14,0,0,0,0,a,0
736,5,2015-05-15,4953,504,1,0,0,0
736,6,2015-05-16,4558,462,1,0,0,0
736,7,2015-05-17,0,0,0,0,0,0
736,1,2015-05-18,6173,550,1,1,0,0
736,2,2015-05-19,5139,495,1,1,0,0
736,3,2015-05-20,5231,473,1,1,0,0
736,4,2015-05-21,5352,545,1,1,0,0
736,5,2015-05-22,5356,479,1,1,0,0
736,6,2015-05-23,5467,501,1,0,0,0
736,7,2015-05-24,0,0,0,0,0,0
736,1,2015-05-25,0,0,0,0,a,0
736,2,2015-05-26,4621,490,1,0,0,1
736,3,2015-05-27,4392,449,1,0,0,1
736,4,2015-05-28,3942,426,1,0,0,1
736,5,2015-05-29,4230,395,1,0,0,1
736,6,2015-05-30,4814,448,1,0,0,0
736,7,2015-05-31,0,0,0,0,0,0
736,1,2015-06-01,5938,519,1,1,0,1
736,2,2015-06-02,6490,523,1,1,0,1
736,3,2015-06-03,6021,526,1,1,0,1
736,4,2015-06-04,0,0,0,1,a,1
736,5,2015-06-05,7242,587,1,1,0,1
736,6,2015-06-06,5350,480,1,0,0,0
736,7,2015-06-07,0,0,0,0,0,0
736,1,2015-06-08,4600,483,1,0,0,0
736,2,2015-06-09,3975,435,1,0,0,0
736,3,2015-06-10,4388,432,1,0,0,0
736,4,2015-06-11,3594,435,1,0,0,0
736,5,2015-06-12,3958,383,1,0,0,0
736,6,2015-06-13,4506,469,1,0,0,0
736,7,2015-06-14,0,0,0,0,0,0
736,1,2015-06-15,6591,551,1,1,0,0
736,2,2015-06-16,6542,544,1,1,0,0
736,3,2015-06-17,4775,448,1,1,0,0
736,4,2015-06-18,5508,513,1,1,0,0
736,5,2015-06-19,5788,522,1,1,0,0
736,6,2015-06-20,4272,438,1,0,0,0
736,7,2015-06-21,0,0,0,0,0,0
736,1,2015-06-22,4650,483,1,0,0,0
736,2,2015-06-23,3940,417,1,0,0,0
736,3,2015-06-24,3222,384,1,0,0,0
736,4,2015-06-25,3939,430,1,0,0,0
736,5,2015-06-26,4384,409,1,0,0,0
736,6,2015-06-27,4774,451,1,0,0,0
736,7,2015-06-28,0,0,0,0,0,0
736,1,2015-06-29,7695,603,1,1,0,0
736,2,2015-06-30,8921,657,1,1,0,0
736,3,2015-07-01,4248,448,1,1,0,0
736,4,2015-07-02,4226,417,1,1,0,0
736,5,2015-07-03,4950,453,1,1,0,0
736,6,2015-07-04,4081,405,1,0,0,0
736,7,2015-07-05,0,0,0,0,0,0
736,1,2015-07-06,3860,441,1,0,0,0
736,2,2015-07-07,3481,364,1,0,0,0
736,3,2015-07-08,4478,435,1,0,0,0
736,4,2015-07-09,4267,436,1,0,0,0
736,5,2015-07-10,4450,458,1,0,0,0
736,6,2015-07-11,4182,419,1,0,0,0
736,7,2015-07-12,0,0,0,0,0,0
736,1,2015-07-13,6946,614,1,1,0,0
736,2,2015-07-14,5955,518,1,1,0,0
736,3,2015-07-15,5541,507,1,1,0,0
736,4,2015-07-16,4595,469,1,1,0,0
736,5,2015-07-17,4999,471,1,1,0,0
736,6,2015-07-18,4445,432,1,0,0,0
736,7,2015-07-19,0,0,0,0,0,0
736,1,2015-07-20,4332,463,1,0,0,0
736,2,2015-07-21,3389,377,1,0,0,0
736,3,2015-07-22,3398,378,1,0,0,0
736,4,2015-07-23,4521,468,1,0,0,0
736,5,2015-07-24,3476,357,1,0,0,0
736,6,2015-07-25,3774,403,1,0,0,0
736,7,2015-07-26,0,0,0,0,0,0
736,1,2015-07-27,6882,546,1,1,0,0
736,2,2015-07-28,6694,587,1,1,0,0
736,3,2015-07-29,5461,517,1,1,0,0
736,4,2015-07-30,7093,609,1,1,0,0
736,5,2015-07-31,5942,541,1,1,0,0
741,4,2015-04-30,13468,1402,1,1,0,0
741,5,2015-05-01,0,0,0,1,a,0
741,6,2015-05-02,9797,1129,1,0,0,0
741,7,2015-05-03,0,0,0,0,0,0
741,1,2015-05-04,10915,1208,1,1,0,0
741,2,2015-05-05,8449,995,1,1,0,0
741,3,2015-05-06,10084,1102,1,1,0,0
741,4,2015-05-07,9156,1069,1,1,0,0
741,5,2015-05-08,9207,1067,1,1,0,0
741,6,2015-05-09,8136,1027,1,0,0,0
741,7,2015-05-10,0,0,0,0,0,0
741,1,2015-05-11,7180,933,1,0,0,0
741,2,2015-05-12,6756,886,1,0,0,0
741,3,2015-05-13,9018,1113,1,0,0,0
741,4,2015-05-14,0,0,0,0,a,0
741,5,2015-05-15,8397,1024,1,0,0,1
741,6,2015-05-16,7469,880,1,0,0,0
741,7,2015-05-17,0,0,0,0,0,0
741,1,2015-05-18,10308,1134,1,1,0,0
741,2,2015-05-19,10422,1113,1,1,0,0
741,3,2015-05-20,7759,957,1,1,0,0
741,4,2015-05-21,7995,988,1,1,0,0
741,5,2015-05-22,8326,1012,1,1,0,0
741,6,2015-05-23,7480,980,1,0,0,0
741,7,2015-05-24,0,0,0,0,0,0
741,1,2015-05-25,0,0,0,0,a,0
741,2,2015-05-26,7223,982,1,0,0,1
741,3,2015-05-27,6869,882,1,0,0,0
741,4,2015-05-28,6443,873,1,0,0,0
741,5,2015-05-29,9516,1063,1,0,0,0
741,6,2015-05-30,8697,1000,1,0,0,0
741,7,2015-05-31,0,0,0,0,0,0
741,1,2015-06-01,12449,1254,1,1,0,0
741,2,2015-06-02,10293,1066,1,1,0,0
741,3,2015-06-03,9569,1025,1,1,0,0
741,4,2015-06-04,9795,1091,1,1,0,0
741,5,2015-06-05,8493,972,1,1,0,0
741,6,2015-06-06,7604,946,1,0,0,0
741,7,2015-06-07,0,0,0,0,0,0
741,1,2015-06-08,7628,960,1,0,0,0
741,2,2015-06-09,6971,904,1,0,0,0
741,3,2015-06-10,7199,902,1,0,0,0
741,4,2015-06-11,7135,915,1,0,0,0
741,5,2015-06-12,7382,889,1,0,0,0
741,6,2015-06-13,8185,955,1,0,0,0
741,7,2015-06-14,0,0,0,0,0,0
741,1,2015-06-15,11660,1202,1,1,0,0
741,2,2015-06-16,9040,1084,1,1,0,0
741,3,2015-06-17,8344,976,1,1,0,0
741,4,2015-06-18,8232,981,1,1,0,0
741,5,2015-06-19,7329,938,1,1,0,0
741,6,2015-06-20,7947,966,1,0,0,0
741,7,2015-06-21,0,0,0,0,0,0
741,1,2015-06-22,6234,812,1,0,0,0
741,2,2015-06-23,6789,893,1,0,0,0
741,3,2015-06-24,5615,783,1,0,0,0
741,4,2015-06-25,5880,842,1,0,0,0
741,5,2015-06-26,6810,867,1,0,0,0
741,6,2015-06-27,7274,920,1,0,0,0
741,7,2015-06-28,0,0,0,0,0,0
741,1,2015-06-29,12054,1167,1,1,0,0
741,2,2015-06-30,13213,1282,1,1,0,0
741,3,2015-07-01,9875,1067,1,1,0,0
741,4,2015-07-02,9086,1061,1,1,0,0
741,5,2015-07-03,8362,995,1,1,0,0
741,6,2015-07-04,6944,882,1,0,0,0
741,7,2015-07-05,0,0,0,0,0,0
741,1,2015-07-06,7783,984,1,0,0,0
741,2,2015-07-07,7193,932,1,0,0,0
741,3,2015-07-08,6548,843,1,0,0,0
741,4,2015-07-09,6947,925,1,0,0,0
741,5,2015-07-10,7588,944,1,0,0,0
741,6,2015-07-11,6857,871,1,0,0,0
741,7,2015-07-12,0,0,0,0,0,0
741,1,2015-07-13,10448,1043,1,1,0,0
741,2,2015-07-14,10583,1166,1,1,0,0
741,3,2015-07-15,9083,1018,1,1,0,0
741,4,2015-07-16,9460,1115,1,1,0,0
741,5,2015-07-17,8605,1029,1,1,0,0
741,6,2015-07-18,7650,1005,1,0,0,0
741,7,2015-07-19,0,0,0,0,0,0
741,1,2015-07-20,8430,1036,1,0,0,0
741,2,2015-07-21,7226,934,1,0,0,0
741,3,2015-07-22,6812,877,1,0,0,0
741,4,2015-07-23,7869,935,1,0,0,1
741,5,2015-07-24,7338,893,1,0,0,1
741,6,2015-07-25,7004,828,1,0,0,1
741,7,2015-07-26,0,0,0,0,0,1
741,1,2015-07-27,10664,1016,1,1,0,1
741,2,2015-07-28,9183,999,1,1,0,1
741,3,2015-07-29,8544,887,1,1,0,1
741,4,2015-07-30,9436,1026,1,1,0,1
741,5,2015-07-31,11253,1137,1,1,0,1
776,4,2015-04-30,7685,805,1,1,0,0
776,5,2015-05-01,0,0,0,1,a,0
776,6,2015-05-02,4649,531,1,0,0,0
776,7,2015-05-03,0,0,0,0,0,0
776,1,2015-05-04,6825,694,1,1,0,0
776,2,2015-05-05,5723,606,1,1,0,0
776,3,2015-05-06,5161,572,1,1,0,0
776,4,2015-05-07,5563,602,1,1,0,0
776,5,2015-05-08,4808,564,1,1,0,0
776,6,2015-05-09,4091,437,1,0,0,0
776,7,2015-05-10,0,0,0,0,0,0
776,1,2015-05-11,3551,472,1,0,0,0
776,2,2015-05-12,4210,477,1,0,0,0
776,3,2015-05-13,4756,593,1,0,0,0
776,4,2015-05-14,0,0,0,0,a,0
776,5,2015-05-15,5019,620,1,0,0,0
776,6,2015-05-16,3898,421,1,0,0,0
776,7,2015-05-17,0,0,0,0,0,0
776,1,2015-05-18,6680,653,1,1,0,0
776,2,2015-05-19,5348,574,1,1,0,0
776,3,2015-05-20,5206,565,1,1,0,0
776,4,2015-05-21,5051,534,1,1,0,0
776,5,2015-05-22,4795,534,1,1,0,0
776,6,2015-05-23,3814,416,1,0,0,0
776,7,2015-05-24,0,0,0,0,0,0
776,1,2015-05-25,0,0,0,0,a,0
776,2,2015-05-26,4659,535,1,0,0,1
776,3,2015-05-27,4437,496,1,0,0,0
776,4,2015-05-28,4750,501,1,0,0,0
776,5,2015-05-29,5655,644,1,0,0,0
776,6,2015-05-30,4650,489,1,0,0,0
776,7,2015-05-31,0,0,0,0,0,0
776,1,2015-06-01,7853,764,1,1,0,0
776,2,2015-06-02,5653,616,1,1,0,0
776,3,2015-06-03,7168,729,1,1,0,0
776,4,2015-06-04,0,0,0,1,a,0
776,5,2015-06-05,5463,630,1,1,0,0
776,6,2015-06-06,3668,405,1,0,0,0
776,7,2015-06-07,0,0,0,0,0,0
776,1,2015-06-08,4634,544,1,0,0,0
776,2,2015-06-09,4410,530,1,0,0,0
776,3,2015-06-10,3870,445,1,0,0,0
776,4,2015-06-11,3866,478,1,0,0,0
776,5,2015-06-12,3812,497,1,0,0,0
776,6,2015-06-13,3530,425,1,0,0,0
776,7,2015-06-14,0,0,0,0,0,0
776,1,2015-06-15,7851,719,1,1,0,0
776,2,2015-06-16,6619,628,1,1,0,0
776,3,2015-06-17,5339,571,1,1,0,0
776,4,2015-06-18,5788,582,1,1,0,0
776,5,2015-06-19,5696,603,1,1,0,0
776,6,2015-06-20,3924,397,1,0,0,0
776,7,2015-06-21,0,0,0,0,0,0
776,1,2015-06-22,4201,502,1,0,0,0
776,2,2015-06-23,4063,466,1,0,0,0
776,3,2015-06-24,3757,450,1,0,0,0
776,4,2015-06-25,4213,469,1,0,0,0
776,5,2015-06-26,4305,505,1,0,0,0
776,6,2015-06-27,4445,430,1,0,0,0
776,7,2015-06-28,0,0,0,0,0,0
776,1,2015-06-29,8438,728,1,1,0,1
776,2,2015-06-30,7519,709,1,1,0,1
776,3,2015-07-01,4393,491,1,1,0,1
776,4,2015-07-02,4183,491,1,1,0,1
776,5,2015-07-03,4384,498,1,1,0,1
776,6,2015-07-04,3270,359,1,0,0,0
776,7,2015-07-05,0,0,0,0,0,0
776,1,2015-07-06,3652,482,1,0,0,1
776,2,2015-07-07,3448,430,1,0,0,1
776,3,2015-07-08,3514,433,1,0,0,1
776,4,2015-07-09,4398,539,1,0,0,1
776,5,2015-07-10,3912,492,1,0,0,1
776,6,2015-07-11,3785,400,1,0,0,0
776,7,2015-07-12,0,0,0,0,0,0
776,1,2015-07-13,8277,703,1,1,0,1
776,2,2015-07-14,6707,651,1,1,0,1
776,3,2015-07-15,6087,571,1,1,0,1
776,4,2015-07-16,5265,575,1,1,0,1
776,5,2015-07-17,4642,526,1,1,0,1
776,6,2015-07-18,3862,414,1,0,0,0
776,7,2015-07-19,0,0,0,0,0,0
776,1,2015-07-20,4970,555,1,0,0,1
776,2,2015-07-21,3713,463,1,0,0,1
776,3,2015-07-22,3321,436,1,0,0,1
776,4,2015-07-23,3666,438,1,0,0,1
776,5,2015-07-24,4642,528,1,0,0,1
776,6,2015-07-25,3116,336,1,0,0,0
776,7,2015-07-26,0,0,0,0,0,0
776,1,2015-07-27,6648,623,1,1,0,1
776,2,2015-07-28,5720,586,1,1,0,1
776,3,2015-07-29,5152,554,1,1,0,1
776,4,2015-07-30,5310,560,1,1,0,1
776,5,2015-07-31,6109,649,1,1,0,1
779,4,2015-04-30,10351,981,1,1,0,0
779,5,2015-05-01,0,0,0,1,a,0
779,6,2015-05-02,3842,367,1,0,0,0
779,7,2015-05-03,0,0,0,0,0,0
779,1,2015-05-04,11982,1027,1,1,0,0
779,2,2015-05-05,8993,849,1,1,0,0
779,3,2015-05-06,8218,748,1,1,0,0
779,4,2015-05-07,8654,824,1,1,0,0
779,5,2015-05-08,8230,834,1,1,0,0
779,6,2015-05-09,3510,338,1,0,0,0
779,7,2015-05-10,0,0,0,0,0,0
779,1,2015-05-11,6593,667,1,0,0,0
779,2,2015-05-12,7105,791,1,0,0,0
779,3,2015-05-13,7900,812,1,0,0,0
779,4,2015-05-14,0,0,0,0,a,0
779,5,2015-05-15,7482,789,1,0,0,1
779,6,2015-05-16,2370,249,1,0,0,0
779,7,2015-05-17,0,0,0,0,0,0
779,1,2015-05-18,11618,974,1,1,0,0
779,2,2015-05-19,10246,945,1,1,0,0
779,3,2015-05-20,8408,742,1,1,0,0
779,4,2015-05-21,8497,826,1,1,0,0
779,5,2015-05-22,7928,823,1,1,0,0
779,6,2015-05-23,2694,259,1,0,0,0
779,7,2015-05-24,0,0,0,0,0,0
779,1,2015-05-25,0,0,0,0,a,0
779,2,2015-05-26,6979,775,1,0,0,0
779,3,2015-05-27,6576,683,1,0,0,0
779,4,2015-05-28,6461,689,1,0,0,0
779,5,2015-05-29,8356,829,1,0,0,0
779,6,2015-05-30,2976,271,1,0,0,0
779,7,2015-05-31,0,0,0,0,0,0
779,1,2015-06-01,12715,1034,1,1,0,0
779,2,2015-06-02,11014,987,1,1,0,0
779,3,2015-06-03,9019,780,1,1,0,0
779,4,2015-06-04,8564,802,1,1,a,0
779,5,2015-06-05,8193,830,1,1,0,0
779,6,2015-06-06,2990,288,1,0,0,0
779,7,2015-06-07,0,0,0,0,0,0
779,1,2015-06-08,6673,678,1,0,0,0
779,2,2015-06-09,7075,759,1,0,0,0
779,3,2015-06-10,6091,630,1,0,0,0
779,4,2015-06-11,6765,686,1,0,0,0
779,5,2015-06-12,6303,704,1,0,0,0
779,6,2015-06-13,2872,274,1,0,0,0
779,7,2015-06-14,0,0,0,0,0,0
779,1,2015-06-15,13168,973,1,1,0,0
779,2,2015-06-16,10127,923,1,1,0,0
779,3,2015-06-17,7715,732,1,1,0,0
779,4,2015-06-18,8475,780,1,1,0,0
779,5,2015-06-19,7719,815,1,1,0,0
779,6,2015-06-20,2385,252,1,0,0,0
779,7,2015-06-21,0,0,0,0,0,0
779,1,2015-06-22,6142,661,1,0,0,0
779,2,2015-06-23,6266,698,1,0,0,0
779,3,2015-06-24,6038,633,1,0,0,0
779,4,2015-06-25,5853,625,1,0,0,0
779,5,2015-06-26,6113,689,1,0,0,0
779,6,2015-06-27,2689,269,1,0,0,0
779,7,2015-06-28,0,0,0,0,0,0
779,1,2015-06-29,10682,873,1,1,0,0
779,2,2015-06-30,10500,930,1,1,0,0
779,3,2015-07-01,9804,800,1,1,0,0
779,4,2015-07-02,8637,780,1,1,0,0
779,5,2015-07-03,8739,833,1,1,0,0
779,6,2015-07-04,2273,211,1,0,0,0
779,7,2015-07-05,0,0,0,0,0,0
779,1,2015-07-06,6639,693,1,0,0,0
779,2,2015-07-07,6257,706,1,0,0,0
779,3,2015-07-08,6719,644,1,0,0,0
779,4,2015-07-09,6703,727,1,0,0,0
779,5,2015-07-10,7156,786,1,0,0,0
779,6,2015-07-11,3369,306,1,0,0,0
779,7,2015-07-12,0,0,0,0,0,0
779,1,2015-07-13,11726,887,1,1,0,1
779,2,2015-07-14,9159,826,1,1,0,1
779,3,2015-07-15,8286,700,1,1,0,1
779,4,2015-07-16,7722,687,1,1,0,1
779,5,2015-07-17,7231,717,1,1,0,1
779,6,2015-07-18,2435,249,1,0,0,0
779,7,2015-07-19,0,0,0,0,0,0
779,1,2015-07-20,6588,681,1,0,0,1
779,2,2015-07-21,6647,679,1,0,0,1
779,3,2015-07-22,5002,510,1,0,0,1
779,4,2015-07-23,6259,600,1,0,0,1
779,5,2015-07-24,6510,692,1,0,0,1
779,6,2015-07-25,2627,250,1,0,0,0
779,7,2015-07-26,0,0,0,0,0,0
779,1,2015-07-27,10644,826,1,1,0,1
779,2,2015-07-28,9276,812,1,1,0,1
779,3,2015-07-29,8039,684,1,1,0,1
779,4,2015-07-30,8207,766,1,1,0,1
779,5,2015-07-31,8236,798,1,1,0,1
860,4,2015-04-30,10039,1111,1,1,0,0
860,5,2015-05-01,0,0,0,1,a,0
860,6,2015-05-02,9321,1032,1,0,0,0
860,7,2015-05-03,0,0,0,0,0,0
860,1,2015-05-04,8128,907,1,1,0,0
860,2,2015-05-05,0,0,0,1,0,0
860,3,2015-05-06,0,0,0,1,0,0
860,4,2015-05-07,8371,934,1,1,0,0
860,5,2015-05-08,8308,1009,1,1,0,0
860,6,2015-05-09,8373,1047,1,0,0,0
860,7,2015-05-10,0,0,0,0,0,0
860,1,2015-05-11,5612,699,1,0,0,1
860,2,2015-05-12,5063,707,1,0,0,1
860,3,2015-05-13,5834,781,1,0,0,1
860,4,2015-05-14,0,0,0,0,a,1
860,5,2015-05-15,6969,903,1,0,0,1
860,6,2015-05-16,6554,864,1,0,0,0
860,7,2015-05-17,0,0,0,0,0,0
860,1,2015-05-18,7675,878,1,1,0,0
860,2,2015-05-19,7173,850,1,1,0,0
860,3,2015-05-20,5889,688,1,1,0,0
860,4,2015-05-21,6798,782,1,1,0,0
860,5,2015-05-22,7033,831,1,1,0,0
860,6,2015-05-23,6693,841,1,0,0,0
860,7,2015-05-24,0,0,0,0,0,0
860,1,2015-05-25,0,0,0,0,a,0
860,2,2015-05-26,5960,784,1,0,0,0
860,3,2015-05-27,5552,680,1,0,0,0
860,4,2015-05-28,4998,677,1,0,0,0
860,5,2015-05-29,7529,905,1,0,0,0
860,6,2015-05-30,7801,935,1,0,0,0
860,7,2015-05-31,0,0,0,0,0,0
860,1,2015-06-01,8755,962,1,1,0,0
860,2,2015-06-02,7918,887,1,1,0,0
860,3,2015-06-03,6764,804,1,1,0,0
860,4,2015-06-04,6132,739,1,1,0,0
860,5,2015-06-05,6925,833,1,1,0,0
860,6,2015-06-06,6119,772,1,0,0,0
860,7,2015-06-07,0,0,0,0,0,0
860,1,2015-06-08,5375,707,1,0,0,0
860,2,2015-06-09,4791,663,1,0,0,0
860,3,2015-06-10,4204,593,1,0,0,0
860,4,2015-06-11,4345,630,1,0,0,0
860,5,2015-06-12,5482,744,1,0,0,0
860,6,2015-06-13,6884,788,1,0,0,0
860,7,2015-06-14,0,0,0,0,0,0
860,1,2015-06-15,7526,885,1,1,0,0
860,2,2015-06-16,7354,833,1,1,0,0
860,3,2015-06-17,6798,748,1,1,0,0
860,4,2015-06-18,6162,762,1,1,0,0
860,5,2015-06-19,7605,892,1,1,0,0
860,6,2015-06-20,5709,791,1,0,0,0
860,7,2015-06-21,0,0,0,0,0,0
860,1,2015-06-22,5177,689,1,0,0,0
860,2,2015-06-23,5036,701,1,0,0,0
860,3,2015-06-24,4396,606,1,0,0,0
860,4,2015-06-25,4237,566,1,0,0,0
860,5,2015-06-26,5544,759,1,0,0,0
860,6,2015-06-27,5902,762,1,0,0,0
860,7,2015-06-28,0,0,0,0,0,0
860,1,2015-06-29,8545,859,1,1,0,0
860,2,2015-06-30,9579,971,1,1,0,0
860,3,2015-07-01,7514,791,1,1,0,0
860,4,2015-07-02,6817,789,1,1,0,0
860,5,2015-07-03,7678,912,1,1,0,0
860,6,2015-07-04,5748,702,1,0,0,0
860,7,2015-07-05,0,0,0,0,0,0
860,1,2015-07-06,6633,817,1,0,0,0
860,2,2015-07-07,5264,717,1,0,0,0
860,3,2015-07-08,5133,665,1,0,0,0
860,4,2015-07-09,5924,737,1,0,0,0
860,5,2015-07-10,6481,843,1,0,0,0
860,6,2015-07-11,6794,807,1,0,0,0
860,7,2015-07-12,0,0,0,0,0,0
860,1,2015-07-13,9063,941,1,1,0,0
860,2,2015-07-14,8183,913,1,1,0,0
860,3,2015-07-15,6602,782,1,1,0,0
860,4,2015-07-16,6486,771,1,1,0,1
860,5,2015-07-17,7228,834,1,1,0,1
860,6,2015-07-18,6087,774,1,0,0,0
860,7,2015-07-19,0,0,0,0,0,0
860,1,2015-07-20,6131,753,1,0,0,1
860,2,2015-07-21,5551,694,1,0,0,1
860,3,2015-07-22,4291,543,1,0,0,1
860,4,2015-07-23,5109,668,1,0,0,1
860,5,2015-07-24,5322,714,1,0,0,1
860,6,2015-07-25,6067,716,1,0,0,0
860,7,2015-07-26,0,0,0,0,0,0
860,1,2015-07-27,8398,899,1,1,0,1
860,2,2015-07-28,7581,806,1,1,0,1
860,3,2015-07-29,6547,730,1,1,0,1
860,4,2015-07-30,8063,809,1,1,0,1
860,5,2015-07-31,8977,973,1,1,0,1
865,4,2015-04-30,10793,820,1,1,0,0
865,5,2015-05-01,0,0,0,1,a,0
865,6,2015-05-02,11737,913,1,0,0,0
865,7,2015-05-03,0,0,0,0,0,0
865,1,2015-05-04,11513,822,1,1,0,0
865,2,2015-05-05,8636,638,1,1,0,0
865,3,2015-05-06,9402,678,1,1,0,0
865,4,2015-05-07,7914,689,1,1,0,0
865,5,2015-05-08,8524,665,1,1,0,0
865,6,2015-05-09,10045,826,1,0,0,0
865,7,2015-05-10,0,0,0,0,0,0
865,1,2015-05-11,6394,584,1,0,0,0
865,2,2015-05-12,6110,555,1,0,0,0
865,3,2015-05-13,8537,719,1,0,0,0
865,4,2015-05-14,0,0,0,0,a,0
865,5,2015-05-15,8890,741,1,0,0,0
865,6,2015-05-16,8637,743,1,0,0,0
865,7,2015-05-17,0,0,0,0,0,0
865,1,2015-05-18,9509,752,1,1,0,0
865,2,2015-05-19,8233,649,1,1,0,0
865,3,2015-05-20,8208,639,1,1,0,0
865,4,2015-05-21,8323,648,1,1,0,0
865,5,2015-05-22,9206,712,1,1,0,0
865,6,2015-05-23,9150,802,1,0,0,0
865,7,2015-05-24,0,0,0,0,0,0
865,1,2015-05-25,0,0,0,0,a,0
865,2,2015-05-26,7376,633,1,0,0,1
865,3,2015-05-27,6908,584,1,0,0,0
865,4,2015-05-28,7321,596,1,0,0,0
865,5,2015-05-29,8754,682,1,0,0,0
865,6,2015-05-30,10806,813,1,0,0,0
865,7,2015-05-31,0,0,0,0,0,0
865,1,2015-06-01,10353,768,1,1,0,0
865,2,2015-06-02,9824,733,1,1,0,0
865,3,2015-06-03,11384,817,1,1,0,0
865,4,2015-06-04,0,0,0,1,a,0
865,5,2015-06-05,10283,830,1,1,0,0
865,6,2015-06-06,9827,821,1,0,0,0
865,7,2015-06-07,0,0,0,0,0,0
865,1,2015-06-08,6892,644,1,0,0,0
865,2,2015-06-09,6586,550,1,0,0,0
865,3,2015-06-10,5791,524,1,0,0,0
865,4,2015-06-11,6496,566,1,0,0,0
865,5,2015-06-12,7510,614,1,0,0,0
865,6,2015-06-13,9591,758,1,0,0,0
865,7,2015-06-14,0,0,0,0,0,0
865,1,2015-06-15,11462,831,1,1,0,0
865,2,2015-06-16,9586,721,1,1,0,0
865,3,2015-06-17,8693,629,1,1,0,0
865,4,2015-06-18,8520,691,1,1,0,0
865,5,2015-06-19,8983,736,1,1,0,0
865,6,2015-06-20,9606,780,1,0,0,0
865,7,2015-06-21,0,0,0,0,0,0
865,1,2015-06-22,7242,588,1,0,0,0
865,2,2015-06-23,6121,539,1,0,0,0
865,3,2015-06-24,5934,495,1,0,0,0
865,4,2015-06-25,7332,576,1,0,0,0
865,5,2015-06-26,7880,617,1,0,0,0
865,6,2015-06-27,9535,764,1,0,0,0
865,7,2015-06-28,0,0,0,0,0,0
865,1,2015-06-29,11763,796,1,1,0,1
865,2,2015-06-30,8995,630,1,1,0,1
865,3,2015-07-01,8134,579,1,1,0,1
865,4,2015-07-02,8819,637,1,1,0,1
865,5,2015-07-03,8623,675,1,1,0,1
865,6,2015-07-04,7958,651,1,0,0,0
865,7,2015-07-05,0,0,0,0,0,0
865,1,2015-07-06,7762,597,1,0,0,1
865,2,2015-07-07,5426,478,1,0,0,1
865,3,2015-07-08,7498,545,1,0,0,1
865,4,2015-07-09,6815,585,1,0,0,1
865,5,2015-07-10,6374,571,1,0,0,1
865,6,2015-07-11,8003,641,1,0,0,0
865,7,2015-07-12,0,0,0,0,0,0
865,1,2015-07-13,10550,739,1,1,0,1
865,2,2015-07-14,9188,628,1,1,0,1
865,3,2015-07-15,7951,611,1,1,0,1
865,4,2015-07-16,7545,616,1,1,0,1
865,5,2015-07-17,7371,602,1,1,0,1
865,6,2015-07-18,7974,705,1,0,0,0
865,7,2015-07-19,0,0,0,0,0,0
865,1,2015-07-20,7551,642,1,0,0,1
865,2,2015-07-21,6186,502,1,0,0,1
865,3,2015-07-22,5678,496,1,0,0,1
865,4,2015-07-23,7324,585,1,0,0,1
865,5,2015-07-24,6276,560,1,0,0,1
865,6,2015-07-25,8697,687,1,0,0,0
865,7,2015-07-26,0,0,0,0,0,0
865,1,2015-07-27,9362,716,1,1,0,1
865,2,2015-07-28,8986,663,1,1,0,1
865,3,2015-07-29,7825,588,1,1,0,1
865,4,2015-07-30,7327,612,1,1,0,1
865,5,2015-07-31,9709,700,1,1,0,1
866,4,2015-04-30,12279,796,1,1,0,0
866,5,2015-05-01,0,0,0,1,a,0
866,6,2015-05-02,8085,586,1,0,0,0
866,7,2015-05-03,0,0,0,0,0,0
866,1,2015-05-04,9753,584,1,1,0,0
866,2,2015-05-05,8719,528,1,1,0,0
866,3,2015-05-06,7111,475,1,1,0,0
866,4,2015-05-07,7230,535,1,1,0,0
866,5,2015-05-08,9566,593,1,1,0,0
866,6,2015-05-09,7939,599,1,0,0,0
866,7,2015-05-10,0,0,0,0,0,0
866,1,2015-05-11,5481,419,1,0,0,0
866,2,2015-05-12,6113,451,1,0,0,0
866,3,2015-05-13,7131,560,1,0,0,0
866,4,2015-05-14,0,0,0,0,a,0
866,5,2015-05-15,7601,560,1,0,0,0
866,6,2015-05-16,6817,478,1,0,0,0
866,7,2015-05-17,0,0,0,0,0,0
866,1,2015-05-18,10182,652,1,1,0,0
866,2,2015-05-19,7746,504,1,1,0,0
866,3,2015-05-20,6873,451,1,1,0,0
866,4,2015-05-21,6860,512,1,1,0,0
866,5,2015-05-22,8426,560,1,1,0,0
866,6,2015-05-23,7194,528,1,0,0,0
866,7,2015-05-24,0,0,0,0,0,0
866,1,2015-05-25,0,0,0,0,a,0
866,2,2015-05-26,6529,460,1,0,0,0
866,3,2015-05-27,5692,405,1,0,0,0
866,4,2015-05-28,5908,463,1,0,0,0
866,5,2015-05-29,7934,534,1,0,0,0
866,6,2015-05-30,7253,506,1,0,0,0
866,7,2015-05-31,0,0,0,0,0,0
866,1,2015-06-01,10350,644,1,1,0,0
866,2,2015-06-02,8032,517,1,1,0,0
866,3,2015-06-03,8937,608,1,1,0,0
866,4,2015-06-04,0,0,0,1,a,0
866,5,2015-06-05,10953,671,1,1,0,0
866,6,2015-06-06,5833,434,1,0,0,0
866,7,2015-06-07,0,0,0,0,0,0
866,1,2015-06-08,6923,506,1,0,0,0
866,2,2015-06-09,5516,409,1,0,0,0
866,3,2015-06-10,5213,381,1,0,0,0
866,4,2015-06-11,5041,426,1,0,0,0
866,5,2015-06-12,5257,407,1,0,0,0
866,6,2015-06-13,7300,484,1,0,0,0
866,7,2015-06-14,0,0,0,0,0,0
866,1,2015-06-15,10013,627,1,1,0,0
866,2,2015-06-16,7432,485,1,1,0,0
866,3,2015-06-17,8002,488,1,1,0,0
866,4,2015-06-18,7994,548,1,1,0,0
866,5,2015-06-19,7563,513,1,1,0,0
866,6,2015-06-20,6052,471,1,0,0,0
866,7,2015-06-21,0,0,0,0,0,0
866,1,2015-06-22,5259,406,1,0,0,0
866,2,2015-06-23,4682,386,1,0,0,0
866,3,2015-06-24,5000,367,1,0,0,0
866,4,2015-06-25,4636,367,1,0,0,0
866,5,2015-06-26,5929,437,1,0,0,0
866,6,2015-06-27,6164,479,1,0,0,0
866,7,2015-06-28,0,0,0,0,0,0
866,1,2015-06-29,8687,549,1,1,0,0
866,2,2015-06-30,8620,533,1,1,0,0
866,3,2015-07-01,7696,498,1,1,0,0
866,4,2015-07-02,7662,509,1,1,0,0
866,5,2015-07-03,8214,528,1,1,0,0
866,6,2015-07-04,6273,442,1,0,0,0
866,7,2015-07-05,0,0,0,0,0,0
866,1,2015-07-06,6569,489,1,0,0,0
866,2,2015-07-07,4940,390,1,0,0,0
866,3,2015-07-08,5484,404,1,0,0,0
866,4,2015-07-09,5987,448,1,0,0,0
866,5,2015-07-10,6460,460,1,0,0,0
866,6,2015-07-11,6093,466,1,0,0,0
866,7,2015-07-12,0,0,0,0,0,0
866,1,2015-07-13,9078,597,1,1,0,0
866,2,2015-07-14,8349,533,1,1,0,0
866,3,2015-07-15,6974,498,1,1,0,0
866,4,2015-07-16,7591,537,1,1,0,0
866,5,2015-07-17,8305,553,1,1,0,0
866,6,2015-07-18,6650,480,1,0,0,0
866,7,2015-07-19,0,0,0,0,0,0
866,1,2015-07-20,7092,475,1,0,0,0
866,2,2015-07-21,5389,405,1,0,0,0
866,3,2015-07-22,5178,374,1,0,0,0
866,4,2015-07-23,6591,492,1,0,0,0
866,5,2015-07-24,6748,457,1,0,0,0
866,6,2015-07-25,6569,449,1,0,0,0
866,7,2015-07-26,0,0,0,0,0,0
866,1,2015-07-27,9848,568,1,1,0,1
866,2,2015-07-28,8020,494,1,1,0,1
866,3,2015-07-29,8134,514,1,1,0,1
866,4,2015-07-30,8991,578,1,1,0,1
866,5,2015-07-31,9827,612,1,1,0,1
920,4,2015-04-30,7950,738,1,1,0,0
920,5,2015-05-01,0,0,0,1,a,0
920,6,2015-05-02,8302,681,1,0,0,0
920,7,2015-05-03,0,0,0,0,0,0
920,1,2015-05-04,7905,710,1,1,0,0
920,2,2015-05-05,6752,619,1,1,0,0
920,3,2015-05-06,5753,553,1,1,0,0
920,4,2015-05-07,6203,615,1,1,0,0
920,5,2015-05-08,7064,692,1,1,0,0
920,6,2015-05-09,6360,589,1,0,0,0
920,7,2015-05-10,0,0,0,0,0,0
920,1,2015-05-11,5282,544,1,0,0,0
920,2,2015-05-12,5420,604,1,0,0,0
920,3,2015-05-13,7041,651,1,0,0,0
920,4,2015-05-14,0,0,0,0,a,0
920,5,2015-05-15,6530,644,1,0,0,0
920,6,2015-05-16,6097,575,1,0,0,0
920,7,2015-05-17,0,0,0,0,0,0
920,1,2015-05-18,6748,657,1,1,0,0
920,2,2015-05-19,5902,583,1,1,0,0
920,3,2015-05-20,5898,559,1,1,0,0
920,4,2015-05-21,6685,639,1,1,0,0
920,5,2015-05-22,7740,735,1,1,0,0
920,6,2015-05-23,6892,646,1,0,0,0
920,7,2015-05-24,0,0,0,0,0,0
920,1,2015-05-25,0,0,0,0,a,0
920,2,2015-05-26,5871,571,1,0,0,1
920,3,2015-05-27,5448,548,1,0,0,1
920,4,2015-05-28,5439,552,1,0,0,1
920,5,2015-05-29,6064,587,1,0,0,1
920,6,2015-05-30,7500,631,1,0,0,0
920,7,2015-05-31,0,0,0,0,0,0
920,1,2015-06-01,7332,628,1,1,0,1
920,2,2015-06-02,6924,632,1,1,0,1
920,3,2015-06-03,7785,679,1,1,0,1
920,4,2015-06-04,0,0,0,1,a,1
920,5,2015-06-05,7417,667,1,1,0,1
920,6,2015-06-06,5747,530,1,0,0,0
920,7,2015-06-07,0,0,0,0,0,0
920,1,2015-06-08,5383,553,1,0,0,0
920,2,2015-06-09,5354,596,1,0,0,0
920,3,2015-06-10,5100,533,1,0,0,0
920,4,2015-06-11,4930,567,1,0,0,0
920,5,2015-06-12,4828,550,1,0,0,0
920,6,2015-06-13,6442,609,1,0,0,0
920,7,2015-06-14,0,0,0,0,0,0
920,1,2015-06-15,7033,613,1,1,0,0
920,2,2015-06-16,7327,675,1,1,0,0
920,3,2015-06-17,6373,612,1,1,0,0
920,4,2015-06-18,5705,550,1,1,0,0
920,5,2015-06-19,7420,658,1,1,0,0
920,6,2015-06-20,6093,568,1,0,0,0
920,7,2015-06-21,0,0,0,0,0,0
920,1,2015-06-22,5315,573,1,0,0,0
920,2,2015-06-23,4398,530,1,0,0,0
920,3,2015-06-24,4831,548,1,0,0,0
920,4,2015-06-25,5044,553,1,0,0,0
920,5,2015-06-26,6078,615,1,0,0,0
920,6,2015-06-27,6297,576,1,0,0,0
920,7,2015-06-28,0,0,0,0,0,0
920,1,2015-06-29,8290,712,1,1,0,0
920,2,2015-06-30,9013,732,1,1,0,0
920,3,2015-07-01,6526,636,1,1,0,0
920,4,2015-07-02,6748,625,1,1,0,0
920,5,2015-07-03,7051,669,1,1,0,0
920,6,2015-07-04,5727,560,1,0,0,0
920,7,2015-07-05,0,0,0,0,0,0
920,1,2015-07-06,5203,551,1,0,0,0
920,2,2015-07-07,4716,523,1,0,0,0
920,3,2015-07-08,5411,541,1,0,0,0
920,4,2015-07-09,4847,537,1,0,0,0
920,5,2015-07-10,5783,613,1,0,0,0
920,6,2015-07-11,5602,530,1,0,0,0
920,7,2015-07-12,0,0,0,0,0,0
920,1,2015-07-13,7195,618,1,1,0,0
920,2,2015-07-14,7784,693,1,1,0,0
920,3,2015-07-15,6199,601,1,1,0,0
920,4,2015-07-16,6426,631,1,1,0,0
920,5,2015-07-17,6825,666,1,1,0,0
920,6,2015-07-18,6068,577,1,0,0,0
920,7,2015-07-19,0,0,0,0,0,0
920,1,2015-07-20,5471,570,1,0,0,0
920,2,2015-07-21,5326,534,1,0,0,0
920,3,2015-07-22,5166,533,1,0,0,0
920,4,2015-07-23,5245,582,1,0,0,0
920,5,2015-07-24,6153,617,1,0,0,0
920,6,2015-07-25,6694,582,1,0,0,0
920,7,2015-07-26,0,0,0,0,0,0
920,1,2015-07-27,8533,678,1,1,0,0
920,2,2015-07-28,7884,700,1,1,0,0
920,3,2015-07-29,6674,602,1,1,0,0
920,4,2015-07-30,8149,695,1,1,0,0
920,5,2015-07-31,7788,693,1,1,0,0
929,4,2015-04-30,9327,947,1,1,0,0
929,5,2015-05-01,0,0,0,1,a,0
929,6,2015-05-02,6077,692,1,0,0,0
929,7,2015-05-03,0,0,0,0,0,0
929,1,2015-05-04,8244,900,1,1,0,0
929,2,2015-05-05,6671,727,1,1,0,0
929,3,2015-05-06,6376,742,1,1,0,0
929,4,2015-05-07,6107,752,1,1,0,0
929,5,2015-05-08,6037,760,1,1,0,0
929,6,2015-05-09,4873,571,1,0,0,0
929,7,2015-05-10,0,0,0,0,0,0
929,1,2015-05-11,4876,682,1,0,0,0
929,2,2015-05-12,5944,729,1,0,0,0
929,3,2015-05-13,6009,776,1,0,0,0
929,4,2015-05-14,0,0,0,0,a,0
929,5,2015-05-15,5916,746,1,0,0,1
929,6,2015-05-16,4394,517,1,0,0,0
929,7,2015-05-17,0,0,0,0,0,0
929,1,2015-05-18,8155,846,1,1,0,0
929,2,2015-05-19,6379,730,1,1,0,0
929,3,2015-05-20,5870,691,1,1,0,0
929,4,2015-05-21,6613,767,1,1,0,0
929,5,2015-05-22,6063,767,1,1,0,0
929,6,2015-05-23,4735,571,1,0,0,0
929,7,2015-05-24,0,0,0,0,0,0
929,1,2015-05-25,0,0,0,0,a,0
929,2,2015-05-26,6298,812,1,0,0,0
929,3,2015-05-27,5674,675,1,0,0,0
929,4,2015-05-28,5477,680,1,0,0,0
929,5,2015-05-29,7083,802,1,0,0,0
929,6,2015-05-30,5429,604,1,0,0,0
929,7,2015-05-31,0,0,0,0,0,0
929,1,2015-06-01,8979,945,1,1,0,0
929,2,2015-06-02,8386,868,1,1,0,0
929,3,2015-06-03,7403,778,1,1,0,0
929,4,2015-06-04,6613,759,1,1,0,0
929,5,2015-06-05,6321,775,1,1,0,0
929,6,2015-06-06,4632,574,1,0,0,0
929,7,2015-06-07,0,0,0,0,0,0
929,1,2015-06-08,6069,755,1,0,0,0
929,2,2015-06-09,5110,687,1,0,0,0
929,3,2015-06-10,5089,680,1,0,0,0
929,4,2015-06-11,5397,721,1,0,0,0
929,5,2015-06-12,5962,727,1,0,0,0
929,6,2015-06-13,4470,544,1,0,0,0
929,7,2015-06-14,0,0,0,0,0,0
929,1,2015-06-15,7471,833,1,1,0,0
929,2,2015-06-16,7005,796,1,1,0,0
929,3,2015-06-17,6043,695,1,1,0,0
929,4,2015-06-18,5852,695,1,1,0,0
929,5,2015-06-19,6452,757,1,1,0,0
929,6,2015-06-20,3955,517,1,0,0,0
929,7,2015-06-21,0,0,0,0,0,0
929,1,2015-06-22,4920,670,1,0,0,0
929,2,2015-06-23,4929,664,1,0,0,0
929,3,2015-06-24,4122,567,1,0,0,0
929,4,2015-06-25,5019,677,1,0,0,0
929,5,2015-06-26,4828,576,1,0,0,0
929,6,2015-06-27,4034,512,1,0,0,0
929,7,2015-06-28,0,0,0,0,0,0
929,1,2015-06-29,8405,875,1,1,0,0
929,2,2015-06-30,8888,891,1,1,0,0
929,3,2015-07-01,7602,820,1,1,0,0
929,4,2015-07-02,7119,831,1,1,0,0
929,5,2015-07-03,6999,803,1,1,0,0
929,6,2015-07-04,4443,560,1,0,0,0
929,7,2015-07-05,0,0,0,0,0,0
929,1,2015-07-06,5887,779,1,0,0,0
929,2,2015-07-07,5882,725,1,0,0,0
929,3,2015-07-08,5246,636,1,0,0,0
929,4,2015-07-09,4843,617,1,0,0,0
929,5,2015-07-10,5376,659,1,0,0,0
929,6,2015-07-11,4755,597,1,0,0,0
929,7,2015-07-12,0,0,0,0,0,0
929,1,2015-07-13,7613,828,1,1,0,0
929,2,2015-07-14,6760,731,1,1,0,0
929,3,2015-07-15,6526,749,1,1,0,0
929,4,2015-07-16,7161,784,1,1,0,0
929,5,2015-07-17,6337,746,1,1,0,0
929,6,2015-07-18,5140,547,1,0,0,0
929,7,2015-07-19,0,0,0,0,0,0
929,1,2015-07-20,5793,735,1,0,0,1
929,2,2015-07-21,4767,619,1,0,0,1
929,3,2015-07-22,4999,626,1,0,0,1
929,4,2015-07-23,4980,645,1,0,0,1
929,5,2015-07-24,5010,629,1,0,0,1
929,6,2015-07-25,4010,494,1,0,0,0
929,7,2015-07-26,0,0,0,0,0,0
929,1,2015-07-27,7199,738,1,1,0,1
929,2,2015-07-28,6295,680,1,1,0,1
929,3,2015-07-29,6487,662,1,1,0,1
929,4,2015-07-30,6658,618,1,1,0,1
929,5,2015-07-31,8331,853,1,1,0,1
941,4,2015-04-30,7085,686,1,1,0,0
941,5,2015-05-01,0,0,0,1,a,0
941,6,2015-05-02,5808,615,1,0,0,0
941,7,2015-05-03,0,0,0,0,0,0
941,1,2015-05-04,7008,684,1,1,0,0
941,2,2015-05-05,6168,606,1,1,0,0
941,3,2015-05-06,5243,516,1,1,0,0
941,4,2015-05-07,5433,552,1,1,0,0
941,5,2015-05-08,5120,566,1,1,0,0
941,6,2015-05-09,4205,477,1,0,0,0
941,7,2015-05-10,0,0,0,0,0,0
941,1,2015-05-11,4840,556,1,0,0,0
941,2,2015-05-12,4329,552,1,0,0,0
941,3,2015-05-13,4783,585,1,0,0,0
941,4,2015-05-14,0,0,0,0,a,0
941,5,2015-05-15,5188,592,1,0,0,0
941,6,2015-05-16,3811,446,1,0,0,0
941,7,2015-05-17,0,0,0,0,0,0
941,1,2015-05-18,8172,743,1,1,0,0
941,2,2015-05-19,6454,630,1,1,0,0
941,3,2015-05-20,5004,471,1,1,0,0
941,4,2015-05-21,5456,574,1,1,0,0
941,5,2015-05-22,6187,625,1,1,0,0
941,6,2015-05-23,4284,465,1,0,0,0
941,7,2015-05-24,0,0,0,0,0,0
941,1,2015-05-25,0,0,0,0,a,0
941,2,2015-05-26,5349,597,1,0,0,1
941,3,2015-05-27,4375,532,1,0,0,1
941,4,2015-05-28,4818,536,1,0,0,1
941,5,2015-05-29,4451,490,1,0,0,1
941,6,2015-05-30,3877,406,1,0,0,0
941,7,2015-05-31,0,0,0,0,0,0
941,1,2015-06-01,7822,705,1,1,0,1
941,2,2015-06-02,7327,667,1,1,0,1
941,3,2015-06-03,6566,638,1,1,0,1
941,4,2015-06-04,0,0,0,1,a,1
941,5,2015-06-05,6826,634,1,1,0,1
941,6,2015-06-06,4276,472,1,0,0,0
941,7,2015-06-07,0,0,0,0,0,0
941,1,2015-06-08,4665,548,1,0,0,0
941,2,2015-06-09,4783,533,1,0,0,0
941,3,2015-06-10,4819,539,1,0,0,0
941,4,2015-06-11,4532,516,1,0,0,0
941,5,2015-06-12,4208,487,1,0,0,0
941,6,2015-06-13,4294,456,1,0,0,0
941,7,2015-06-14,0,0,0,0,0,0
941,1,2015-06-15,7138,627,1,1,0,0
941,2,2015-06-16,7729,709,1,1,0,0
941,3,2015-06-17,6842,651,1,1,0,0
941,4,2015-06-18,5396,557,1,1,0,0
941,5,2015-06-19,5048,572,1,1,0,0
941,6,2015-06-20,4382,457,1,0,0,0
941,7,2015-06-21,0,0,0,0,0,0
941,1,2015-06-22,4695,545,1,0,0,0
941,2,2015-06-23,4163,511,1,0,0,0
941,3,2015-06-24,3867,470,1,0,0,0
941,4,2015-06-25,5058,523,1,0,0,0
941,5,2015-06-26,4430,478,1,0,0,0
941,6,2015-06-27,4535,482,1,0,0,0
941,7,2015-06-28,0,0,0,0,0,0
941,1,2015-06-29,9179,726,1,1,0,0
941,2,2015-06-30,8841,751,1,1,0,0
941,3,2015-07-01,5418,564,1,1,0,0
941,4,2015-07-02,4900,553,1,1,0,0
941,5,2015-07-03,6012,572,1,1,0,0
941,6,2015-07-04,4085,441,1,0,0,0
941,7,2015-07-05,0,0,0,0,0,0
941,1,2015-07-06,5057,560,1,0,0,0
941,2,2015-07-07,3645,468,1,0,0,0
941,3,2015-07-08,5118,517,1,0,0,0
941,4,2015-07-09,3998,485,1,0,0,0
941,5,2015-07-10,4333,514,1,0,0,0
941,6,2015-07-11,3733,422,1,0,0,0
941,7,2015-07-12,0,0,0,0,0,0
941,1,2015-07-13,7332,705,1,1,0,0
941,2,2015-07-14,7138,680,1,1,0,0
941,3,2015-07-15,5824,624,1,1,0,0
941,4,2015-07-16,5043,508,1,1,0,0
941,5,2015-07-17,5046,526,1,1,0,0
941,6,2015-07-18,4361,453,1,0,0,0
941,7,2015-07-19,0,0,0,0,0,0
941,1,2015-07-20,4685,545,1,0,0,0
941,2,2015-07-21,4550,520,1,0,0,0
941,3,2015-07-22,4053,479,1,0,0,0
941,4,2015-07-23,4769,511,1,0,0,0
941,5,2015-07-24,4247,476,1,0,0,0
941,6,2015-07-25,4508,443,1,0,0,0
941,7,2015-07-26,0,0,0,0,0,0
941,1,2015-07-27,7935,710,1,1,0,0
941,2,2015-07-28,7230,672,1,1,0,0
941,3,2015-07-29,6479,622,1,1,0,0
941,4,2015-07-30,6323,635,1,1,0,0
941,5,2015-07-31,6526,637,1,1,0,0
1035,4,2015-04-30,6652,823,1,1,0,0
1035,5,2015-05-01,0,0,0,1,a,0
1035,6,2015-05-02,2927,322,1,0,0,0
1035,7,2015-05-03,0,0,0,0,0,0
1035,1,2015-05-04,7857,792,1,1,0,0
1035,2,2015-05-05,6261,727,1,1,0,0
1035,3,2015-05-06,5309,554,1,1,0,0
1035,4,2015-05-07,6179,681,1,1,0,0
1035,5,2015-05-08,5761,640,1,1,0,0
1035,6,2015-05-09,2101,235,1,0,0,0
1035,7,2015-05-10,0,0,0,0,0,0
1035,1,2015-05-11,4461,543,1,0,0,0
1035,2,2015-05-12,4340,576,1,0,0,0
1035,3,2015-05-13,5334,664,1,0,0,0
1035,4,2015-05-14,0,0,0,0,a,0
1035,5,2015-05-15,4869,616,1,0,0,1
1035,6,2015-05-16,1879,223,1,0,0,0
1035,7,2015-05-17,0,0,0,0,0,0
1035,1,2015-05-18,7392,801,1,1,0,0
1035,2,2015-05-19,7072,757,1,1,0,0
1035,3,2015-05-20,5432,566,1,1,0,0
1035,4,2015-05-21,6012,698,1,1,0,0
1035,5,2015-05-22,4891,592,1,1,0,0
1035,6,2015-05-23,1961,244,1,0,0,0
1035,7,2015-05-24,0,0,0,0,0,0
1035,1,2015-05-25,0,0,0,0,a,0
1035,2,2015-05-26,4614,628,1,0,0,0
1035,3,2015-05-27,4016,523,1,0,0,0
1035,4,2015-05-28,4737,618,1,0,0,0
1035,5,2015-05-29,4471,585,1,0,0,0
1035,6,2015-05-30,1922,235,1,0,0,0
1035,7,2015-05-31,0,0,0,0,0,0
1035,1,2015-06-01,9072,829,1,1,0,0
1035,2,2015-06-02,6918,786,1,1,0,0
1035,3,2015-06-03,5668,628,1,1,0,0
1035,4,2015-06-04,5794,707,1,1,a,0
1035,5,2015-06-05,5296,621,1,1,0,0
1035,6,2015-06-06,1934,242,1,0,0,0
1035,7,2015-06-07,0,0,0,0,0,0
1035,1,2015-06-08,5010,603,1,0,0,0
1035,2,2015-06-09,4619,626,1,0,0,0
1035,3,2015-06-10,3542,478,1,0,0,0
1035,4,2015-06-11,4363,607,1,0,0,0
1035,5,2015-06-12,4017,539,1,0,0,0
1035,6,2015-06-13,1785,207,1,0,0,0
1035,7,2015-06-14,0,0,0,0,0,0
1035,1,2015-06-15,8238,831,1,1,0,0
1035,2,2015-06-16,6775,748,1,1,0,0
1035,3,2015-06-17,5153,571,1,1,0,0
1035,4,2015-06-18,5544,635,1,1,0,0
1035,5,2015-06-19,5267,593,1,1,0,0
1035,6,2015-06-20,1737,199,1,0,0,0
1035,7,2015-06-21,0,0,0,0,0,0
1035,1,2015-06-22,3580,503,1,0,0,0
1035,2,2015-06-23,4330,578,1,0,0,0
1035,3,2015-06-24,3749,479,1,0,0,0
1035,4,2015-06-25,4745,550,1,0,0,0
1035,5,2015-06-26,4201,509,1,0,0,0
1035,6,2015-06-27,1819,204,1,0,0,0
1035,7,2015-06-28,0,0,0,0,0,0
1035,1,2015-06-29,8123,740,1,1,0,0
1035,2,2015-06-30,7409,752,1,1,0,0
1035,3,2015-07-01,5475,599,1,1,0,0
1035,4,2015-07-02,6052,675,1,1,0,0
1035,5,2015-07-03,5472,588,1,1,0,0
1035,6,2015-07-04,2157,230,1,0,0,0
1035,7,2015-07-05,0,0,0,0,0,0
1035,1,2015-07-06,4681,603,1,0,0,0
1035,2,2015-07-07,4170,533,1,0,0,0
1035,3,2015-07-08,4787,538,1,0,0,0
1035,4,2015-07-09,4862,602,1,0,0,0
1035,5,2015-07-10,4677,558,1,0,0,0
1035,6,2015-07-11,1983,233,1,0,0,0
1035,7,2015-07-12,0,0,0,0,0,0
1035,1,2015-07-13,7945,760,1,1,0,1
1035,2,2015-07-14,7008,740,1,1,0,1
1035,3,2015-07-15,5229,538,1,1,0,1
1035,4,2015-07-16,5621,668,1,1,0,1
1035,5,2015-07-17,5083,539,1,1,0,1
1035,6,2015-07-18,1885,219,1,0,0,0
1035,7,2015-07-19,0,0,0,0,0,0
1035,1,2015-07-20,4115,511,1,0,0,1
1035,2,2015-07-21,3841,533,1,0,0,1
1035,3,2015-07-22,3516,427,1,0,0,1
1035,4,2015-07-23,4308,567,1,0,0,1
1035,5,2015-07-24,4108,475,1,0,0,1
1035,6,2015-07-25,1716,205,1,0,0,0
1035,7,2015-07-26,0,0,0,0,0,0
1035,1,2015-07-27,7862,732,1,1,0,1
1035,2,2015-07-28,6770,692,1,1,0,1
1035,3,2015-07-29,4969,514,1,1,0,1
1035,4,2015-07-30,6189,651,1,1,0,1
1035,5,2015-07-31,5853,640,1,1,0,1
1099,4,2015-04-30,8957,1045,1,1,0,0
1099,5,2015-05-01,0,0,0,1,a,0
1099,6,2015-05-02,10366,1316,1,0,0,0
1099,7,2015-05-03,4703,715,1,0,0,0
1099,1,2015-05-04,10200,1143,1,1,0,0
1099,2,2015-05-05,6699,808,1,1,0,0
1099,3,2015-05-06,8074,977,1,1,0,0
1099,4,2015-05-07,7150,875,1,1,0,0
1099,5,2015-05-08,8489,989,1,1,0,0
1099,6,2015-05-09,6842,873,1,0,0,0
1099,7,2015-05-10,3641,543,1,0,0,0
1099,1,2015-05-11,6583,939,1,0,0,0
1099,2,2015-05-12,8345,1002,1,0,0,0
1099,3,2015-05-13,7513,1011,1,0,0,0
1099,4,2015-05-14,4731,702,1,0,a,0
1099,5,2015-05-15,9327,1236,1,0,0,1
1099,6,2015-05-16,8249,1016,1,0,0,0
1099,7,2015-05-17,4022,603,1,0,0,0
1099,1,2015-05-18,9505,1105,1,1,0,0
1099,2,2015-05-19,7220,877,1,1,0,0
1099,3,2015-05-20,8314,913,1,1,0,0
1099,4,2015-05-21,7609,1008,1,1,0,0
1099,5,2015-05-22,7774,959,1,1,0,0
1099,6,2015-05-23,7811,1041,1,0,0,0
1099,7,2015-05-24,4615,773,1,0,0,0
1099,1,2015-05-25,4971,732,1,0,a,0
1099,2,2015-05-26,7580,1040,1,0,0,0
1099,3,2015-05-27,6341,851,1,0,0,0
1099,4,2015-05-28,6849,842,1,0,0,0
1099,5,2015-05-29,9298,1182,1,0,0,0
1099,6,2015-05-30,6737,839,1,0,0,0
1099,7,2015-05-31,5252,698,1,0,0,0
1099,1,2015-06-01,12184,1238,1,1,0,0
1099,2,2015-06-02,7820,974,1,1,0,0
1099,3,2015-06-03,8955,1023,1,1,0,0
1099,4,2015-06-04,9281,1104,1,1,0,0
1099,5,2015-06-05,8484,1151,1,1,0,0
1099,6,2015-06-06,8862,1228,1,0,0,0
1099,7,2015-06-07,4582,675,1,0,0,0
1099,1,2015-06-08,9016,1123,1,0,0,0
1099,2,2015-06-09,6705,892,1,0,0,0
1099,3,2015-06-10,6806,907,1,0,0,0
1099,4,2015-06-11,7346,1021,1,0,0,0
1099,5,2015-06-12,6373,962,1,0,0,0
1099,6,2015-06-13,6312,873,1,0,0,0
1099,7,2015-06-14,4761,675,1,0,0,0
1099,1,2015-06-15,11510,1284,1,1,0,0
1099,2,2015-06-16,8511,1024,1,1,0,0
1099,3,2015-06-17,8493,995,1,1,0,0
1099,4,2015-06-18,7431,994,1,1,0,0
1099,5,2015-06-19,8130,961,1,1,0,0
1099,6,2015-06-20,7326,968,1,0,0,0
1099,7,2015-06-21,4122,630,1,0,0,0
1099,1,2015-06-22,6960,973,1,0,0,0
1099,2,2015-06-23,6602,894,1,0,0,0
1099,3,2015-06-24,6142,803,1,0,0,0
1099,4,2015-06-25,7009,974,1,0,0,0
1099,5,2015-06-26,6671,880,1,0,0,0
1099,6,2015-06-27,6687,979,1,0,0,0
1099,7,2015-06-28,4180,666,1,0,0,0
1099,1,2015-06-29,11485,1275,1,1,0,0
1099,2,2015-06-30,11693,1230,1,1,0,0
1099,3,2015-07-01,10089,1187,1,1,0,0
1099,4,2015-07-02,9310,1208,1,1,0,0
1099,5,2015-07-03,9259,1134,1,1,0,0
1099,6,2015-07-04,8220,1147,1,0,0,0
1099,7,2015-07-05,4320,642,1,0,0,0
1099,1,2015-07-06,9593,1277,1,0,0,0
1099,2,2015-07-07,7665,1022,1,0,0,0
1099,3,2015-07-08,7513,976,1,0,0,0
1099,4,2015-07-09,7467,1074,1,0,0,0
1099,5,2015-07-10,10103,1242,1,0,0,0
1099,6,2015-07-11,7672,1098,1,0,0,0
1099,7,2015-07-12,5053,732,1,0,0,0
1099,1,2015-07-13,11239,1323,1,1,0,0
1099,2,2015-07-14,9795,1204,1,1,0,0
1099,3,2015-07-15,7994,1074,1,1,0,0
1099,4,2015-07-16,9852,1183,1,1,0,0
1099,5,2015-07-17,8239,1158,1,1,0,0
1099,6,2015-07-18,8304,1306,1,0,0,0
1099,7,2015-07-19,5538,844,1,0,0,0
1099,1,2015-07-20,9880,1346,1,0,0,1
1099,2,2015-07-21,8244,1172,1,0,0,1
1099,3,2015-07-22,8233,1296,1,0,0,1
1099,4,2015-07-23,8697,1276,1,0,0,1
1099,5,2015-07-24,11643,1466,1,0,0,1
1099,6,2015-07-25,7408,1071,1,0,0,0
1099,7,2015-07-26,5683,962,1,0,0,0
1099,1,2015-07-27,12963,1397,1,1,0,1
1099,2,2015-07-28,9830,1172,1,1,0,1
1099,3,2015-07-29,9310,1139,1,1,0,1
1099,4,2015-07-30,9270,1061,1,1,0,1
1099,5,2015-07-31,12074,1370,1,1,0,1