1,2,2015-07-07,3650,485,1,0,"0","0"
2,2,2015-07-07,4313,531,1,0,"0","0"
3,2,2015-07-07,6180,657,1,0,"0","1"
4,2,2015-07-07,8127,1103,1,0,"0","0"
5,2,2015-07-07,4036,507,1,0,"0","0"
6,2,2015-07-07,4021,501,1,0,"0","0"
7,2,2015-07-07,9207,1069,1,0,"0","0"
8,2,2015-07-07,5365,679,1,0,"0","0"
9,2,2015-07-07,6940,588,1,0,"0","1"
10,2,2015-07-07,5476,597,1,0,"0","0"
11,2,2015-07-07,6620,1105,1,0,"0","0"
12,2,2015-07-07,5808,829,1,0,"0","0"
13,2,2015-07-07,3129,262,1,0,"0","0"
14,2,2015-07-07,4955,606,1,0,"0","1"
15,2,2015-07-07,5555,588,1,0,"0","0"
16,2,2015-07-07,6992,835,1,0,"0","0"
17,2,2015-07-07,5184,748,1,0,"0","0"
18,2,2015-07-07,5627,598,1,0,"0","0"
19,2,2015-07-07,5873,597,1,0,"0","1"
20,2,2015-07-07,7632,897,1,0,"0","0"
21,2,2015-07-07,4037,367,1,0,"0","0"
22,2,2015-07-07,3757,429,1,0,"0","0"
23,2,2015-07-07,3914,391,1,0,"0","0"
24,2,2015-07-07,7651,694,1,0,"0","1"
25,2,2015-07-07,8802,1252,1,0,"0","1"
26,2,2015-07-07,4909,447,1,0,"0","0"
27,2,2015-07-07,7958,920,1,0,"0","1"
28,2,2015-07-07,4022,488,1,0,"0","0"
29,2,2015-07-07,6223,555,1,0,"0","1"
30,2,2015-07-07,3226,533,1,0,"0","1"
31,2,2015-07-07,5148,513,1,0,"0","0"
32,2,2015-07-07,3747,480,1,0,"0","0"
33,2,2015-07-07,6077,618,1,0,"0","1"
34,2,2015-07-07,7832,973,1,0,"0","0"
35,2,2015-07-07,8801,610,1,0,"0","1"
36,2,2015-07-07,8931,1063,1,0,"0","0"
37,2,2015-07-07,4782,522,1,0,"0","0"
38,2,2015-07-07,4346,405,1,0,"0","1"
39,2,2015-07-07,4084,524,1,0,"0","1"
40,2,2015-07-07,3496,521,1,0,"0","1"
41,2,2015-07-07,3728,290,1,0,"0","0"
42,2,2015-07-07,8473,975,1,0,"0","1"
43,2,2015-07-07,5654,482,1,0,"0","1"
44,2,2015-07-07,4341,573,1,0,"0","0"
45,2,2015-07-07,4330,345,1,0,"0","0"
46,2,2015-07-07,3726,512,1,0,"0","0"
47,2,2015-07-07,6175,862,1,0,"0","0"
48,2,2015-07-07,3011,348,1,0,"0","0"
49,2,2015-07-07,5594,442,1,0,"0","0"
50,2,2015-07-07,3700,299,1,0,"0","0"
51,2,2015-07-07,5492,399,1,0,"0","0"
52,2,2015-07-07,4925,340,1,0,"0","0"
53,2,2015-07-07,4880,537,1,0,"0","0"
54,2,2015-07-07,4927,469,1,0,"0","0"
55,2,2015-07-07,4822,567,1,0,"0","0"
56,2,2015-07-07,6097,436,1,0,"0","0"
57,2,2015-07-07,7383,748,1,0,"0","0"
58,2,2015-07-07,4524,405,1,0,"0","0"
59,2,2015-07-07,5007,577,1,0,"0","0"
60,2,2015-07-07,7138,639,1,0,"0","0"
61,2,2015-07-07,4099,558,1,0,"0","0"
62,2,2015-07-07,5747,667,1,0,"0","1"
63,2,2015-07-07,5547,513,1,0,"0","0"
64,2,2015-07-07,8661,641,1,0,"0","1"
65,2,2015-07-07,4625,456,1,0,"0","0"
66,2,2015-07-07,4882,422,1,0,"0","0"
67,2,2015-07-07,6728,717,1,0,"0","0"
68,2,2015-07-07,7020,1166,1,0,"0","0"
69,2,2015-07-07,7295,1053,1,0,"0","0"
70,2,2015-07-07,5436,558,1,0,"0","0"
71,2,2015-07-07,7128,578,1,0,"0","1"
72,2,2015-07-07,2951,371,1,0,"0","0"
73,2,2015-07-07,4623,488,1,0,"0","0"
74,2,2015-07-07,5041,756,1,0,"0","1"
75,2,2015-07-07,5432,567,1,0,"0","0"
76,2,2015-07-07,8134,872,1,0,"0","0"
77,2,2015-07-07,5526,527,1,0,"0","0"
78,2,2015-07-07,2927,420,1,0,"0","0"
79,2,2015-07-07,4008,453,1,0,"0","0"
80,2,2015-07-07,5227,416,1,0,"0","0"
81,2,2015-07-07,5724,456,1,0,"0","0"
82,2,2015-07-07,7947,756,1,0,"0","1"
83,2,2015-07-07,3141,273,1,0,"0","1"
84,2,2015-07-07,11616,1196,1,0,"0","1"
85,2,2015-07-07,5215,827,1,0,"0","0"
86,2,2015-07-07,3607,485,1,0,"0","1"
87,2,2015-07-07,6043,780,1,0,"0","0"
88,2,2015-07-07,5792,635,1,0,"0","0"
89,2,2015-07-07,5191,625,1,0,"0","0"
90,2,2015-07-07,7456,968,1,0,"0","1"
91,2,2015-07-07,3552,379,1,0,"0","0"
92,2,2015-07-07,4384,465,1,0,"0","1"
93,2,2015-07-07,4840,537,1,0,"0","1"
94,2,2015-07-07,5828,529,1,0,"0","1"
95,2,2015-07-07,6277,808,1,0,"0","0"
96,2,2015-07-07,3762,434,1,0,"0","0"
97,2,2015-07-07,5899,590,1,0,"0","0"
98,2,2015-07-07,4258,384,1,0,"0","1"
99,2,2015-07-07,3561,394,1,0,"0","0"
100,2,2015-07-07,6179,539,1,0,"0","0"
101,2,2015-07-07,6208,652,1,0,"0","0"
102,2,2015-07-07,5397,855,1,0,"0","1"
103,2,2015-07-07,4714,401,1,0,"0","0"
104,2,2015-07-07,9605,1270,1,0,"0","0"
105,2,2015-07-07,3912,539,1,0,"0","0"
106,2,2015-07-07,9088,812,1,0,"0","0"
107,2,2015-07-07,6749,910,1,0,"0","0"
108,2,2015-07-07,9861,716,1,0,"0","0"
109,2,2015-07-07,6109,734,1,0,"0","0"
110,2,2015-07-07,4393,592,1,0,"0","0"
111,2,2015-07-07,4534,434,1,0,"0","0"
112,2,2015-07-07,5750,703,1,0,"0","0"
113,2,2015-07-07,4235,467,1,0,"0","0"
114,2,2015-07-07,4270,498,1,0,"0","0"
115,2,2015-07-07,5498,433,1,0,"0","0"
116,2,2015-07-07,5621,676,1,0,"0","0"
117,2,2015-07-07,3423,458,1,0,"0","1"
118,2,2015-07-07,6376,604,1,0,"0","0"
119,2,2015-07-07,5893,639,1,0,"0","0"
120,2,2015-07-07,4948,498,1,0,"0","0"
121,2,2015-07-07,3235,410,1,0,"0","0"
122,2,2015-07-07,7092,871,1,0,"0","0"
123,2,2015-07-07,8158,1016,1,0,"0","0"
124,2,2015-07-07,4939,574,1,0,"0","1"
125,2,2015-07-07,10371,1483,1,0,"0","0"
126,2,2015-07-07,4220,437,1,0,"0","1"
127,2,2015-07-07,3662,532,1,0,"0","0"
128,2,2015-07-07,5854,504,1,0,"0","0"
129,2,2015-07-07,6678,935,1,0,"0","0"
130,2,2015-07-07,3980,512,1,0,"0","0"
131,2,2015-07-07,3847,432,1,0,"0","1"
132,2,2015-07-07,5875,550,1,0,"0","0"
133,2,2015-07-07,4770,614,1,0,"0","0"
134,2,2015-07-07,4593,494,1,0,"0","0"
135,2,2015-07-07,4967,473,1,0,"0","0"
136,2,2015-07-07,3957,302,1,0,"0","0"
137,2,2015-07-07,7468,839,1,0,"0","0"
138,2,2015-07-07,6451,678,1,0,"0","0"
139,2,2015-07-07,4493,402,1,0,"0","0"
140,2,2015-07-07,6073,879,1,0,"0","0"
141,2,2015-07-07,4169,609,1,0,"0","0"
142,2,2015-07-07,3797,462,1,0,"0","1"
143,2,2015-07-07,4552,450,1,0,"0","0"
144,2,2015-07-07,6066,609,1,0,"0","0"
145,2,2015-07-07,6071,979,1,0,"0","0"
146,2,2015-07-07,7320,591,1,0,"0","1"
147,2,2015-07-07,6549,694,1,0,"0","1"
148,2,2015-07-07,7941,776,1,0,"0","0"
149,2,2015-07-07,3429,361,1,0,"0","0"
150,2,2015-07-07,6837,689,1,0,"0","0"
151,2,2015-07-07,6468,659,1,0,"0","0"
152,2,2015-07-07,4580,530,1,0,"0","1"
153,2,2015-07-07,4734,457,1,0,"0","1"
154,2,2015-07-07,6756,598,1,0,"0","0"
155,2,2015-07-07,3576,444,1,0,"0","0"
156,2,2015-07-07,6038,654,1,0,"0","0"
157,2,2015-07-07,9091,921,1,0,"0","1"
158,2,2015-07-07,6995,431,1,0,"0","0"
159,2,2015-07-07,5693,509,1,0,"0","0"
160,2,2015-07-07,4212,442,1,0,"0","0"
161,2,2015-07-07,6064,743,1,0,"0","1"
162,2,2015-07-07,5646,465,1,0,"0","0"
163,2,2015-07-07,6743,813,1,0,"0","0"
164,2,2015-07-07,4600,560,1,0,"0","0"
165,2,2015-07-07,3115,374,1,0,"0","0"
166,2,2015-07-07,4159,654,1,0,"0","1"
167,2,2015-07-07,7733,1011,1,0,"0","0"
168,2,2015-07-07,6590,662,1,0,"0","0"
169,2,2015-07-07,4558,455,1,0,"0","1"
170,2,2015-07-07,3659,432,1,0,"0","1"
171,2,2015-07-07,6302,660,1,0,"0","1"
172,2,2015-07-07,6199,825,1,0,"0","0"
173,2,2015-07-07,6385,878,1,0,"0","0"
174,2,2015-07-07,5505,424,1,0,"0","0"
175,2,2015-07-07,5164,656,1,0,"0","0"
176,2,2015-07-07,4586,556,1,0,"0","1"
177,2,2015-07-07,3298,468,1,0,"0","0"
178,2,2015-07-07,7105,688,1,0,"0","0"
179,2,2015-07-07,6232,873,1,0,"0","1"
180,2,2015-07-07,5849,721,1,0,"0","0"
181,2,2015-07-07,4490,534,1,0,"0","0"
182,2,2015-07-07,4130,347,1,0,"0","0"
183,2,2015-07-07,4568,562,1,0,"0","0"
184,2,2015-07-07,5685,503,1,0,"0","1"
185,2,2015-07-07,4843,396,1,0,"0","0"
186,2,2015-07-07,2863,294,1,0,"0","0"
187,2,2015-07-07,6425,853,1,0,"0","0"
188,2,2015-07-07,3662,341,1,0,"0","0"
189,2,2015-07-07,6571,651,1,0,"0","0"
190,2,2015-07-07,6367,630,1,0,"0","0"
191,2,2015-07-07,5443,598,1,0,"0","0"
192,2,2015-07-07,8446,630,1,0,"0","0"
193,2,2015-07-07,3544,593,1,0,"0","0"
194,2,2015-07-07,3732,340,1,0,"0","0"
195,2,2015-07-07,8815,1113,1,0,"0","1"
196,2,2015-07-07,4885,644,1,0,"0","0"
197,2,2015-07-07,5634,705,1,0,"0","0"
198,2,2015-07-07,2399,340,1,0,"0","0"
199,2,2015-07-07,6319,530,1,0,"0","0"
200,2,2015-07-07,6632,852,1,0,"0","1"
201,2,2015-07-07,4182,354,1,0,"0","1"
202,2,2015-07-07,5360,453,1,0,"0","0"
203,2,2015-07-07,5855,820,1,0,"0","0"
204,2,2015-07-07,4785,465,1,0,"0","0"
205,2,2015-07-07,5503,830,1,0,"0","0"
206,2,2015-07-07,6885,743,1,0,"0","1"
207,2,2015-07-07,9452,1189,1,0,"0","0"
208,2,2015-07-07,2616,363,1,0,"0","0"
209,2,2015-07-07,5836,636,1,0,"0","0"
210,2,2015-07-07,2026,220,1,0,"0","0"
211,2,2015-07-07,13212,1589,1,0,"0","0"
212,2,2015-07-07,3676,417,1,0,"0","0"
213,2,2015-07-07,6796,565,1,0,"0","1"
214,2,2015-07-07,7238,524,1,0,"0","1"
215,2,2015-07-07,3781,337,1,0,"0","0"
216,2,2015-07-07,5495,719,1,0,"0","1"
217,2,2015-07-07,4650,657,1,0,"0","0"
218,2,2015-07-07,4208,635,1,0,"0","0"
219,2,2015-07-07,2649,358,1,0,"0","1"
220,2,2015-07-07,3998,577,1,0,"0","1"
221,2,2015-07-07,5612,529,1,0,"0","0"
222,2,2015-07-07,4507,540,1,0,"0","0"
223,2,2015-07-07,5564,584,1,0,"0","0"
224,2,2015-07-07,5377,422,1,0,"0","0"
225,2,2015-07-07,3690,437,1,0,"0","0"
226,2,2015-07-07,5731,626,1,0,"0","0"
227,2,2015-07-07,5645,496,1,0,"0","1"
228,2,2015-07-07,6614,480,1,0,"0","1"
229,2,2015-07-07,7442,604,1,0,"0","0"
230,2,2015-07-07,6760,917,1,0,"0","0"
231,2,2015-07-07,2700,259,1,0,"0","0"
232,2,2015-07-07,2732,255,1,0,"0","0"
233,2,2015-07-07,9411,1005,1,0,"0","0"
234,2,2015-07-07,8023,798,1,0,"0","1"
235,2,2015-07-07,4061,361,1,0,"0","0"
236,2,2015-07-07,7451,924,1,0,"0","0"
237,2,2015-07-07,4809,605,1,0,"0","0"
238,2,2015-07-07,6669,1019,1,0,"0","1"
239,2,2015-07-07,4091,383,1,0,"0","1"
240,2,2015-07-07,4303,433,1,0,"0","0"
241,2,2015-07-07,4962,532,1,0,"0","1"
242,2,2015-07-07,2447,264,1,0,"0","0"
243,2,2015-07-07,4984,791,1,0,"0","0"
244,2,2015-07-07,3483,400,1,0,"0","1"
245,2,2015-07-07,8709,1071,1,0,"0","0"
246,2,2015-07-07,6629,903,1,0,"0","0"
247,2,2015-07-07,5449,464,1,0,"0","0"
248,2,2015-07-07,7335,1063,1,0,"0","0"
249,2,2015-07-07,4458,475,1,0,"0","0"
250,2,2015-07-07,5797,486,1,0,"0","0"
251,2,2015-07-07,15929,2185,1,0,"0","1"
252,2,2015-07-07,7857,584,1,0,"0","1"
253,2,2015-07-07,4371,587,1,0,"0","1"
254,2,2015-07-07,2193,216,1,0,"0","0"
255,2,2015-07-07,5123,517,1,0,"0","1"
256,2,2015-07-07,7070,928,1,0,"0","1"
257,2,2015-07-07,4374,544,1,0,"0","0"
258,2,2015-07-07,5172,467,1,0,"0","0"
259,2,2015-07-07,11761,2904,1,0,"0","0"
260,2,2015-07-07,5959,869,1,0,"0","0"
261,2,2015-07-07,8790,710,1,0,"0","0"
262,2,2015-07-07,17208,3080,1,0,"0","0"
263,2,2015-07-07,3526,369,1,0,"0","0"
264,2,2015-07-07,4949,736,1,0,"0","0"
265,2,2015-07-07,4515,495,1,0,"0","0"
266,2,2015-07-07,4043,558,1,0,"0","0"
267,2,2015-07-07,7157,894,1,0,"0","0"
268,2,2015-07-07,4130,546,1,0,"0","0"
269,2,2015-07-07,5996,853,1,0,"0","1"
270,2,2015-07-07,8838,1225,1,0,"0","0"
271,2,2015-07-07,5915,714,1,0,"0","0"
272,2,2015-07-07,4873,562,1,0,"0","0"
273,2,2015-07-07,6326,598,1,0,"0","1"
274,2,2015-07-07,5333,1265,1,0,"0","0"
275,2,2015-07-07,5027,549,1,0,"0","0"
276,2,2015-07-07,3358,477,1,0,"0","0"
277,2,2015-07-07,4546,450,1,0,"0","0"
278,2,2015-07-07,7063,780,1,0,"0","0"
279,2,2015-07-07,5679,491,1,0,"0","0"
280,2,2015-07-07,4745,387,1,0,"0","0"
281,2,2015-07-07,5125,515,1,0,"0","0"
282,2,2015-07-07,4338,660,1,0,"0","0"
283,2,2015-07-07,5473,571,1,0,"0","0"
284,2,2015-07-07,3555,341,1,0,"0","0"
285,2,2015-07-07,4562,442,1,0,"0","0"
286,2,2015-07-07,2890,320,1,0,"0","0"
287,2,2015-07-07,7149,714,1,0,"0","0"
288,2,2015-07-07,3243,255,1,0,"0","0"
289,2,2015-07-07,4698,475,1,0,"0","0"
290,2,2015-07-07,6916,594,1,0,"0","1"
291,2,2015-07-07,6841,708,1,0,"0","0"
292,2,2015-07-07,3077,370,1,0,"0","0"
293,2,2015-07-07,5088,703,1,0,"0","0"
294,2,2015-07-07,5669,794,1,0,"0","0"
295,2,2015-07-07,4635,629,1,0,"0","0"
296,2,2015-07-07,5991,759,1,0,"0","0"
297,2,2015-07-07,5604,682,1,0,"0","0"
298,2,2015-07-07,6513,522,1,0,"0","0"
299,2,2015-07-07,8229,901,1,0,"0","0"
300,2,2015-07-07,6490,853,1,0,"0","0"
301,2,2015-07-07,4446,554,1,0,"0","0"
302,2,2015-07-07,2516,250,1,0,"0","0"
303,2,2015-07-07,5563,609,1,0,"0","1"
304,2,2015-07-07,6788,1114,1,0,"0","0"
305,2,2015-07-07,4566,474,1,0,"0","0"
306,2,2015-07-07,4119,451,1,0,"0","0"
307,2,2015-07-07,2190,305,1,0,"0","0"
308,2,2015-07-07,7314,802,1,0,"0","1"
309,2,2015-07-07,5396,458,1,0,"0","1"
310,2,2015-07-07,8060,690,1,0,"0","0"
311,2,2015-07-07,6060,782,1,0,"0","0"
312,2,2015-07-07,4350,448,1,0,"0","0"
313,2,2015-07-07,5264,582,1,0,"0","0"
314,2,2015-07-07,4031,465,1,0,"0","1"
315,2,2015-07-07,4111,449,1,0,"0","0"
316,2,2015-07-07,8568,744,1,0,"0","1"
317,2,2015-07-07,4031,417,1,0,"0","0"
318,2,2015-07-07,6018,544,1,0,"0","0"
319,2,2015-07-07,6006,716,1,0,"0","0"
320,2,2015-07-07,14763,2130,1,0,"0","0"
321,2,2015-07-07,4290,421,1,0,"0","0"
322,2,2015-07-07,5161,553,1,0,"0","0"
323,2,2015-07-07,6190,545,1,0,"0","0"
324,2,2015-07-07,4259,632,1,0,"0","0"
325,2,2015-07-07,4585,511,1,0,"0","1"
326,2,2015-07-07,4017,341,1,0,"0","0"
327,2,2015-07-07,5931,739,1,0,"0","0"
328,2,2015-07-07,3841,458,1,0,"0","1"
329,2,2015-07-07,5685,497,1,0,"0","1"
330,2,2015-07-07,2949,349,1,0,"0","1"
331,2,2015-07-07,4854,664,1,0,"0","0"
332,2,2015-07-07,3648,517,1,0,"0","0"
333,2,2015-07-07,9064,1241,1,0,"0","0"
334,2,2015-07-07,4143,418,1,0,"0","1"
335,2,2015-07-07,11208,2293,1,0,"0","1"
336,2,2015-07-07,11449,1772,1,0,"0","0"
337,2,2015-07-07,4212,336,1,0,"0","0"
338,2,2015-07-07,5787,515,1,0,"0","0"
339,2,2015-07-07,4440,609,1,0,"0","0"
340,2,2015-07-07,5786,652,1,0,"0","0"
341,2,2015-07-07,5012,692,1,0,"0","1"
342,2,2015-07-07,9009,691,1,0,"0","0"
343,2,2015-07-07,6021,567,1,0,"0","1"
344,2,2015-07-07,7125,1078,1,0,"0","0"
345,2,2015-07-07,3167,408,1,0,"0","0"
346,2,2015-07-07,6910,614,1,0,"0","1"
347,2,2015-07-07,4123,345,1,0,"0","0"
348,2,2015-07-07,8116,703,1,0,"0","0"
349,2,2015-07-07,8481,857,1,0,"0","0"
350,2,2015-07-07,4931,418,1,0,"0","0"
351,2,2015-07-07,4683,421,1,0,"0","1"
352,2,2015-07-07,5392,550,1,0,"0","0"
353,2,2015-07-07,5745,1745,1,0,"0","0"
354,2,2015-07-07,6858,582,1,0,"0","1"
355,2,2015-07-07,8835,1130,1,0,"0","0"
356,2,2015-07-07,5675,406,1,0,"0","0"
357,2,2015-07-07,6454,869,1,0,"0","0"
358,2,2015-07-07,7557,861,1,0,"0","1"
359,2,2015-07-07,5332,464,1,0,"0","0"
360,2,2015-07-07,6324,739,1,0,"0","0"
361,2,2015-07-07,3861,426,1,0,"0","0"
362,2,2015-07-07,7136,987,1,0,"0","0"
363,2,2015-07-07,7069,953,1,0,"0","0"
364,2,2015-07-07,5109,675,1,0,"0","0"
365,2,2015-07-07,4490,491,1,0,"0","0"
366,2,2015-07-07,5282,561,1,0,"0","0"
367,2,2015-07-07,4198,479,1,0,"0","0"
368,2,2015-07-07,7548,618,1,0,"0","0"
369,2,2015-07-07,4867,399,1,0,"0","0"
370,2,2015-07-07,6661,491,1,0,"0","1"
371,2,2015-07-07,5530,444,1,0,"0","0"
372,2,2015-07-07,6976,602,1,0,"0","1"
373,2,2015-07-07,3121,228,1,0,"0","0"
374,2,2015-07-07,7104,855,1,0,"0","0"
375,2,2015-07-07,8560,760,1,0,"0","0"
376,2,2015-07-07,6696,798,1,0,"0","0"
377,2,2015-07-07,8060,1067,1,0,"0","0"
378,2,2015-07-07,5815,989,1,0,"0","1"
379,2,2015-07-07,3421,426,1,0,"0","0"
380,2,2015-07-07,11425,1150,1,0,"0","1"
381,2,2015-07-07,8997,1014,1,0,"0","0"
382,2,2015-07-07,6174,518,1,0,"0","0"
383,2,2015-07-07,14753,1978,1,0,"0","0"
384,2,2015-07-07,8091,1052,1,0,"0","0"
385,2,2015-07-07,5299,501,1,0,"0","0"
386,2,2015-07-07,5009,432,1,0,"0","1"
387,2,2015-07-07,7088,950,1,0,"0","1"
388,2,2015-07-07,8698,936,1,0,"0","1"
389,2,2015-07-07,10743,1353,1,0,"0","0"
390,2,2015-07-07,9238,876,1,0,"0","0"
391,2,2015-07-07,4854,663,1,0,"0","1"
392,2,2015-07-07,5673,586,1,0,"0","1"
393,2,2015-07-07,4637,474,1,0,"0","1"
394,2,2015-07-07,6732,544,1,0,"0","0"
395,2,2015-07-07,3542,442,1,0,"0","1"
396,2,2015-07-07,9137,1006,1,0,"0","0"
397,2,2015-07-07,5108,704,1,0,"0","1"
398,2,2015-07-07,3781,493,1,0,"0","0"
399,2,2015-07-07,4989,500,1,0,"0","0"
400,2,2015-07-07,7029,1070,1,0,"0","0"
401,2,2015-07-07,7445,690,1,0,"0","0"
402,2,2015-07-07,4071,442,1,0,"0","0"
403,2,2015-07-07,7006,673,1,0,"0","1"
404,2,2015-07-07,4174,568,1,0,"0","0"
405,2,2015-07-07,3207,367,1,0,"0","1"
406,2,2015-07-07,5278,439,1,0,"0","0"
407,2,2015-07-07,3402,264,1,0,"0","0"
408,2,2015-07-07,3818,413,1,0,"0","0"
409,2,2015-07-07,5081,475,1,0,"0","0"
410,2,2015-07-07,4147,588,1,0,"0","1"
411,2,2015-07-07,5849,512,1,0,"0","0"
412,2,2015-07-07,6584,494,1,0,"0","0"
413,2,2015-07-07,6327,881,1,0,"0","0"
414,2,2015-07-07,5094,381,1,0,"0","0"
415,2,2015-07-07,5302,456,1,0,"0","0"
416,2,2015-07-07,9731,1230,1,0,"0","0"
417,2,2015-07-07,5674,616,1,0,"0","1"
418,2,2015-07-07,3968,485,1,0,"0","1"
419,2,2015-07-07,4654,823,1,0,"0","0"
420,2,2015-07-07,3763,404,1,0,"0","0"
421,2,2015-07-07,7128,815,1,0,"0","0"
422,2,2015-07-07,3892,399,1,0,"0","0"
423,2,2015-07-07,10866,2060,1,0,"0","0"
424,2,2015-07-07,6455,745,1,0,"0","1"
425,2,2015-07-07,3031,406,1,0,"0","1"
426,2,2015-07-07,4428,557,1,0,"0","1"
427,2,2015-07-07,5159,630,1,0,"0","0"
428,2,2015-07-07,5110,453,1,0,"0","0"
429,2,2015-07-07,3675,341,1,0,"0","0"
430,2,2015-07-07,6131,528,1,0,"0","0"
431,2,2015-07-07,8073,862,1,0,"0","1"
432,2,2015-07-07,10313,1654,1,0,"0","0"
433,2,2015-07-07,5636,705,1,0,"0","0"
434,2,2015-07-07,7769,609,1,0,"0","0"
435,2,2015-07-07,2772,330,1,0,"0","1"
436,2,2015-07-07,4633,556,1,0,"0","0"
437,2,2015-07-07,4325,425,1,0,"0","0"
438,2,2015-07-07,4148,464,1,0,"0","0"
439,2,2015-07-07,5726,768,1,0,"0","0"
440,2,2015-07-07,5023,620,1,0,"0","0"
441,2,2015-07-07,5796,596,1,0,"0","1"
442,2,2015-07-07,3408,382,1,0,"0","0"
443,2,2015-07-07,3913,383,1,0,"0","0"
444,2,2015-07-07,8235,983,1,0,"0","0"
445,2,2015-07-07,6564,1123,1,0,"0","1"
446,2,2015-07-07,3721,528,1,0,"0","1"
447,2,2015-07-07,4692,563,1,0,"0","0"
448,2,2015-07-07,7590,670,1,0,"0","1"
449,2,2015-07-07,7594,1211,1,0,"0","0"
450,2,2015-07-07,6946,909,1,0,"0","0"
451,2,2015-07-07,4518,390,1,0,"0","0"
452,2,2015-07-07,4048,467,1,0,"0","0"
453,2,2015-07-07,10184,1291,1,0,"0","0"
454,2,2015-07-07,5364,667,1,0,"0","0"
455,2,2015-07-07,7532,413,1,0,"0","0"
456,2,2015-07-07,4751,758,1,0,"0","1"
457,2,2015-07-07,4402,399,1,0,"0","0"
458,2,2015-07-07,5526,552,1,0,"0","0"
459,2,2015-07-07,8239,1092,1,0,"0","0"
460,2,2015-07-07,3455,374,1,0,"0","0"
461,2,2015-07-07,4109,410,1,0,"0","0"
462,2,2015-07-07,4721,615,1,0,"0","0"
463,2,2015-07-07,5784,963,1,0,"0","1"
464,2,2015-07-07,9848,1128,1,0,"0","0"
465,2,2015-07-07,6000,483,1,0,"0","0"
466,2,2015-07-07,6013,589,1,0,"0","1"
467,2,2015-07-07,13176,1566,1,0,"0","1"
468,2,2015-07-07,4278,496,1,0,"0","0"
469,2,2015-07-07,8678,1126,1,0,"0","0"
470,2,2015-07-07,8970,1228,1,0,"0","1"
471,2,2015-07-07,5263,440,1,0,"0","0"
472,2,2015-07-07,4782,651,1,0,"0","0"
473,2,2015-07-07,2771,383,1,0,"0","1"
474,2,2015-07-07,5862,630,1,0,"0","0"
475,2,2015-07-07,4949,779,1,0,"0","1"
476,2,2015-07-07,5043,589,1,0,"0","0"
477,2,2015-07-07,4563,354,1,0,"0","0"
478,2,2015-07-07,5901,622,1,0,"0","0"
479,2,2015-07-07,11213,1445,1,0,"0","0"
480,2,2015-07-07,4481,594,1,0,"0","0"
481,2,2015-07-07,3881,389,1,0,"0","0"
482,2,2015-07-07,5492,602,1,0,"0","0"
483,2,2015-07-07,4955,684,1,0,"0","0"
484,2,2015-07-07,5943,572,1,0,"0","0"
485,2,2015-07-07,3722,357,1,0,"0","0"
486,2,2015-07-07,3083,391,1,0,"0","1"
487,2,2015-07-07,4914,537,1,0,"0","0"
488,2,2015-07-07,3095,337,1,0,"0","0"
489,2,2015-07-07,6333,615,1,0,"0","0"
490,2,2015-07-07,6369,918,1,0,"0","0"
491,2,2015-07-07,4939,451,1,0,"0","0"
492,2,2015-07-07,6331,1046,1,0,"0","0"
493,2,2015-07-07,6980,646,1,0,"0","1"
494,2,2015-07-07,7431,1076,1,0,"0","0"
495,2,2015-07-07,3414,315,1,0,"0","0"
496,2,2015-07-07,5905,641,1,0,"0","0"
497,2,2015-07-07,7131,966,1,0,"0","0"
498,2,2015-07-07,6008,826,1,0,"0","0"
499,2,2015-07-07,4518,682,1,0,"0","0"
500,2,2015-07-07,4999,394,1,0,"0","0"
501,2,2015-07-07,3677,460,1,0,"0","0"
502,2,2015-07-07,7375,1241,1,0,"0","0"
503,2,2015-07-07,4333,335,1,0,"0","0"
504,2,2015-07-07,5862,839,1,0,"0","0"
505,2,2015-07-07,4440,578,1,0,"0","0"
506,2,2015-07-07,5808,695,1,0,"0","1"
507,2,2015-07-07,6258,493,1,0,"0","1"
508,2,2015-07-07,6173,604,1,0,"0","1"
509,2,2015-07-07,4376,399,1,0,"0","0"
510,2,2015-07-07,6823,678,1,0,"0","1"
511,2,2015-07-07,5206,727,1,0,"0","0"
512,2,2015-07-07,6103,1654,1,0,"0","0"
513,2,2015-07-07,14509,1810,1,0,"0","0"
514,2,2015-07-07,4314,510,1,0,"0","0"
515,2,2015-07-07,6299,512,1,0,"0","1"
516,2,2015-07-07,4361,587,1,0,"0","1"
517,2,2015-07-07,4938,582,1,0,"0","0"
518,2,2015-07-07,3615,346,1,0,"0","0"
519,2,2015-07-07,3881,433,1,0,"0","0"
520,2,2015-07-07,4276,464,1,0,"0","0"
521,2,2015-07-07,3938,357,1,0,"0","0"
522,2,2015-07-07,6304,529,1,0,"0","0"
523,2,2015-07-07,11750,1470,1,0,"0","0"
524,2,2015-07-07,7194,807,1,0,"0","0"
525,2,2015-07-07,7912,693,1,0,"0","0"
526,2,2015-07-07,9551,1452,1,0,"0","0"
527,2,2015-07-07,9001,859,1,0,"0","1"
528,2,2015-07-07,8262,780,1,0,"0","1"
529,2,2015-07-07,6408,674,1,0,"0","0"
530,2,2015-07-07,7405,1193,1,0,"0","0"
531,2,2015-07-07,4723,577,1,0,"0","0"
532,2,2015-07-07,9934,1192,1,0,"0","1"
533,2,2015-07-07,9591,891,1,0,"0","0"
534,2,2015-07-07,3578,313,1,0,"0","0"
535,2,2015-07-07,6955,788,1,0,"0","1"
536,2,2015-07-07,7480,752,1,0,"0","1"
537,2,2015-07-07,4570,571,1,0,"0","0"
538,2,2015-07-07,3794,609,1,0,"0","0"
539,2,2015-07-07,9745,1060,1,0,"0","0"
540,2,2015-07-07,4991,373,1,0,"0","0"
541,2,2015-07-07,5553,700,1,0,"0","1"
542,2,2015-07-07,4358,400,1,0,"0","0"
543,2,2015-07-07,1958,202,1,0,"0","0"
544,2,2015-07-07,11191,1611,1,0,"0","0"
545,2,2015-07-07,7954,793,1,0,"0","1"
546,2,2015-07-07,15134,1847,1,0,"0","0"
547,2,2015-07-07,5244,418,1,0,"0","0"
548,2,2015-07-07,3952,321,1,0,"0","0"
549,2,2015-07-07,4388,527,1,0,"0","0"
550,2,2015-07-07,3748,324,1,0,"0","0"
551,2,2015-07-07,6714,1089,1,0,"0","0"
552,2,2015-07-07,5151,560,1,0,"0","0"
553,2,2015-07-07,4812,518,1,0,"0","0"
554,2,2015-07-07,5264,717,1,0,"0","0"
555,2,2015-07-07,3724,371,1,0,"0","0"
556,2,2015-07-07,6104,798,1,0,"0","0"
557,2,2015-07-07,3655,521,1,0,"0","1"
558,2,2015-07-07,2750,415,1,0,"0","0"
559,2,2015-07-07,5639,772,1,0,"0","0"
560,2,2015-07-07,11176,1452,1,0,"0","0"
561,2,2015-07-07,6139,603,1,0,"0","1"
562,2,2015-07-07,16004,2955,1,0,"0","0"
563,2,2015-07-07,3574,503,1,0,"0","1"
564,2,2015-07-07,5021,442,1,0,"0","1"
565,2,2015-07-07,5528,629,1,0,"0","1"
566,2,2015-07-07,5076,566,1,0,"0","0"
567,2,2015-07-07,3872,537,1,0,"0","1"
568,2,2015-07-07,4044,346,1,0,"0","0"
569,2,2015-07-07,4425,700,1,0,"0","0"
570,2,2015-07-07,3249,534,1,0,"0","1"
571,2,2015-07-07,4774,381,1,0,"0","0"
572,2,2015-07-07,5299,430,1,0,"0","1"
573,2,2015-07-07,3021,276,1,0,"0","0"
574,2,2015-07-07,6980,538,1,0,"0","0"
575,2,2015-07-07,2716,353,1,0,"0","0"
576,2,2015-07-07,5158,792,1,0,"0","0"
577,2,2015-07-07,4700,552,1,0,"0","0"
578,2,2015-07-07,9727,1008,1,0,"0","0"
579,2,2015-07-07,6188,704,1,0,"0","1"
580,2,2015-07-07,9284,1555,1,0,"0","0"
581,2,2015-07-07,4173,512,1,0,"0","0"
582,2,2015-07-07,4763,655,1,0,"0","0"
583,2,2015-07-07,3121,360,1,0,"0","0"
584,2,2015-07-07,3374,312,1,0,"0","0"
585,2,2015-07-07,4276,737,1,0,"0","0"
586,2,2015-07-07,12933,2082,1,0,"0","1"
587,2,2015-07-07,7083,492,1,0,"0","0"
588,2,2015-07-07,5443,637,1,0,"0","0"
589,2,2015-07-07,6269,660,1,0,"0","0"
590,2,2015-07-07,3993,309,1,0,"0","0"
591,2,2015-07-07,4675,451,1,0,"0","0"
592,2,2015-07-07,3770,452,1,0,"0","1"
593,2,2015-07-07,8217,1083,1,0,"0","0"
594,2,2015-07-07,4726,513,1,0,"0","0"
595,2,2015-07-07,12260,1494,1,0,"0","0"
596,2,2015-07-07,4287,754,1,0,"0","0"
597,2,2015-07-07,4408,687,1,0,"0","0"
598,2,2015-07-07,4955,669,1,0,"0","0"
599,2,2015-07-07,7574,662,1,0,"0","0"
600,2,2015-07-07,6012,549,1,0,"0","0"
601,2,2015-07-07,3705,305,1,0,"0","0"
602,2,2015-07-07,5529,534,1,0,"0","0"
603,2,2015-07-07,5561,895,1,0,"0","0"
604,2,2015-07-07,5127,384,1,0,"0","0"
605,2,2015-07-07,4802,361,1,0,"0","0"
606,2,2015-07-07,4806,568,1,0,"0","0"
607,2,2015-07-07,2890,340,1,0,"0","0"
608,2,2015-07-07,7533,845,1,0,"0","0"
609,2,2015-07-07,4471,526,1,0,"0","0"
610,2,2015-07-07,3672,469,1,0,"0","1"
611,2,2015-07-07,5246,442,1,0,"0","0"
612,2,2015-07-07,3325,255,1,0,"0","0"
613,2,2015-07-07,5041,862,1,0,"0","0"
614,2,2015-07-07,6440,971,1,0,"0","0"
615,2,2015-07-07,7323,1032,1,0,"0","0"
616,2,2015-07-07,7395,767,1,0,"0","1"
617,2,2015-07-07,5902,532,1,0,"0","0"
618,2,2015-07-07,6166,463,1,0,"0","0"
619,2,2015-07-07,3769,361,1,0,"0","0"
620,2,2015-07-07,7504,643,1,0,"0","0"
621,2,2015-07-07,4704,673,1,0,"0","1"
622,2,2015-07-07,3642,405,1,0,"0","0"
623,2,2015-07-07,5063,677,1,0,"0","1"
624,2,2015-07-07,5928,582,1,0,"0","1"
625,2,2015-07-07,5432,538,1,0,"0","1"
626,2,2015-07-07,7075,625,1,0,"0","0"
627,2,2015-07-07,5065,509,1,0,"0","0"
628,2,2015-07-07,5317,700,1,0,"0","0"
629,2,2015-07-07,3706,377,1,0,"0","0"
630,2,2015-07-07,5951,771,1,0,"0","0"
631,2,2015-07-07,5541,659,1,0,"0","0"
632,2,2015-07-07,6298,873,1,0,"0","0"
633,2,2015-07-07,5857,452,1,0,"0","0"
634,2,2015-07-07,5293,532,1,0,"0","0"
635,2,2015-07-07,5241,603,1,0,"0","0"
636,2,2015-07-07,3350,508,1,0,"0","0"
637,2,2015-07-07,7626,623,1,0,"0","0"
638,2,2015-07-07,5661,463,1,0,"0","0"
639,2,2015-07-07,3642,395,1,0,"0","1"
640,2,2015-07-07,9284,700,1,0,"0","1"
641,2,2015-07-07,4246,366,1,0,"0","1"
642,2,2015-07-07,2742,372,1,0,"0","1"
643,2,2015-07-07,7721,1016,1,0,"0","0"
644,2,2015-07-07,6282,815,1,0,"0","0"
645,2,2015-07-07,7262,996,1,0,"0","0"
646,2,2015-07-07,3703,558,1,0,"0","0"
647,2,2015-07-07,5086,632,1,0,"0","0"
648,2,2015-07-07,4943,485,1,0,"0","0"
649,2,2015-07-07,3280,373,1,0,"0","0"
650,2,2015-07-07,5593,571,1,0,"0","0"
651,2,2015-07-07,6143,775,1,0,"0","1"
652,2,2015-07-07,5364,576,1,0,"0","0"
653,2,2015-07-07,4818,407,1,0,"0","1"
654,2,2015-07-07,6039,662,1,0,"0","0"
655,2,2015-07-07,6434,536,1,0,"0","1"
656,2,2015-07-07,2544,340,1,0,"0","0"
657,2,2015-07-07,4613,594,1,0,"0","1"
658,2,2015-07-07,4604,443,1,0,"0","1"
659,2,2015-07-07,4494,668,1,0,"0","0"
660,2,2015-07-07,4329,517,1,0,"0","0"
661,2,2015-07-07,6376,536,1,0,"0","0"
662,2,2015-07-07,6749,673,1,0,"0","0"
663,2,2015-07-07,4728,686,1,0,"0","0"
664,2,2015-07-07,4397,541,1,0,"0","0"
665,2,2015-07-07,6466,1217,1,0,"0","0"
666,2,2015-07-07,4480,500,1,0,"0","0"
667,2,2015-07-07,6478,643,1,0,"0","0"
668,2,2015-07-07,7464,1021,1,0,"0","0"
669,2,2015-07-07,3416,303,1,0,"0","0"
670,2,2015-07-07,4761,607,1,0,"0","0"
671,2,2015-07-07,5842,646,1,0,"0","0"
672,2,2015-07-07,6950,1136,1,0,"0","0"
673,2,2015-07-07,6458,558,1,0,"0","0"
674,2,2015-07-07,6952,883,1,0,"0","1"
675,2,2015-07-07,2599,296,1,0,"0","1"
676,2,2015-07-07,8561,2174,1,0,"0","0"
677,2,2015-07-07,4710,448,1,0,"0","0"
678,2,2015-07-07,5766,713,1,0,"0","1"
679,2,2015-07-07,8058,885,1,0,"0","0"
680,2,2015-07-07,4964,715,1,0,"0","0"
681,2,2015-07-07,3269,486,1,0,"0","0"
682,2,2015-07-07,11419,1939,1,0,"0","0"
683,2,2015-07-07,6744,784,1,0,"0","0"
684,2,2015-07-07,5138,458,1,0,"0","0"
685,2,2015-07-07,4107,456,1,0,"0","1"
686,2,2015-07-07,5599,738,1,0,"0","0"
687,2,2015-07-07,7388,637,1,0,"0","1"
688,2,2015-07-07,3122,336,1,0,"0","0"
689,2,2015-07-07,5323,618,1,0,"0","0"
690,2,2015-07-07,4489,659,1,0,"0","1"
691,2,2015-07-07,5631,423,1,0,"0","1"
692,2,2015-07-07,4714,648,1,0,"0","1"
693,2,2015-07-07,4288,344,1,0,"0","0"
694,2,2015-07-07,5847,621,1,0,"0","0"
695,2,2015-07-07,3617,378,1,0,"0","1"
696,2,2015-07-07,7465,1007,1,0,"0","0"
697,2,2015-07-07,8868,797,1,0,"0","1"
698,2,2015-07-07,17629,2134,1,0,"0","0"
699,2,2015-07-07,6119,786,1,0,"0","0"
700,2,2015-07-07,4053,538,1,0,"0","0"
701,2,2015-07-07,3545,458,1,0,"0","0"
702,2,2015-07-07,3204,275,1,0,"0","0"
703,2,2015-07-07,2219,271,1,0,"0","1"
704,2,2015-07-07,9492,1078,1,0,"0","0"
705,2,2015-07-07,7103,870,1,0,"0","1"
706,2,2015-07-07,4190,433,1,0,"0","0"
707,2,2015-07-07,8128,1006,1,0,"0","1"
708,2,2015-07-07,4630,431,1,0,"0","0"
709,2,2015-07-07,10309,1493,1,0,"0","0"
710,2,2015-07-07,2252,209,1,0,"0","0"
711,2,2015-07-07,4355,364,1,0,"0","0"
712,2,2015-07-07,4346,467,1,0,"0","0"
713,2,2015-07-07,6347,844,1,0,"0","1"
714,2,2015-07-07,3251,287,1,0,"0","0"
715,2,2015-07-07,5141,582,1,0,"0","0"
716,2,2015-07-07,3638,351,1,0,"0","0"
717,2,2015-07-07,4218,437,1,0,"0","1"
718,2,2015-07-07,5660,700,1,0,"0","0"
719,2,2015-07-07,3276,346,1,0,"0","0"
720,2,2015-07-07,5926,601,1,0,"0","0"
721,2,2015-07-07,6541,658,1,0,"0","0"
722,2,2015-07-07,6955,1306,1,0,"0","0"
723,2,2015-07-07,6267,514,1,0,"0","0"
724,2,2015-07-07,5924,613,1,0,"0","1"
725,2,2015-07-07,4934,520,1,0,"0","0"
726,2,2015-07-07,9743,997,1,0,"0","0"
727,2,2015-07-07,4292,421,1,0,"0","0"
728,2,2015-07-07,4293,371,1,0,"0","0"
729,2,2015-07-07,8400,932,1,0,"0","1"
730,2,2015-07-07,5830,769,1,0,"0","0"
731,2,2015-07-07,7592,784,1,0,"0","1"
732,2,2015-07-07,8905,973,1,0,"0","0"
733,2,2015-07-07,13588,3278,1,0,"0","1"
734,2,2015-07-07,4989,476,1,0,"0","1"
735,2,2015-07-07,4044,424,1,0,"0","0"
736,2,2015-07-07,3481,364,1,0,"0","0"
737,2,2015-07-07,5289,798,1,0,"0","1"
738,2,2015-07-07,7470,609,1,0,"0","1"
739,2,2015-07-07,8426,715,1,0,"0","0"
740,2,2015-07-07,6148,440,1,0,"0","0"
741,2,2015-07-07,7193,932,1,0,"0","0"
742,2,2015-07-07,6113,689,1,0,"0","1"
743,2,2015-07-07,2745,322,1,0,"0","0"
744,2,2015-07-07,5987,750,1,0,"0","0"
745,2,2015-07-07,6757,636,1,0,"0","0"
746,2,2015-07-07,4510,452,1,0,"0","0"
747,2,2015-07-07,6523,584,1,0,"0","0"
748,2,2015-07-07,3891,369,1,0,"0","1"
749,2,2015-07-07,4143,557,1,0,"0","0"
750,2,2015-07-07,3249,288,1,0,"0","0"
751,2,2015-07-07,3432,496,1,0,"0","1"
752,2,2015-07-07,3377,366,1,0,"0","1"
753,2,2015-07-07,5628,566,1,0,"0","1"
754,2,2015-07-07,5741,773,1,0,"0","0"
755,2,2015-07-07,9866,877,1,0,"0","0"
756,2,2015-07-07,12460,2018,1,0,"0","1"
757,2,2015-07-07,5524,528,1,0,"0","0"
758,2,2015-07-07,4288,624,1,0,"0","0"
759,2,2015-07-07,6228,664,1,0,"0","1"
760,2,2015-07-07,8391,1429,1,0,"0","0"
761,2,2015-07-07,7506,938,1,0,"0","0"
762,2,2015-07-07,2562,312,1,0,"0","0"
763,2,2015-07-07,5031,443,1,0,"0","0"
764,2,2015-07-07,3176,394,1,0,"0","0"
765,2,2015-07-07,6479,603,1,0,"0","0"
766,2,2015-07-07,5228,464,1,0,"0","0"
767,2,2015-07-07,6026,635,1,0,"0","0"
768,2,2015-07-07,11315,1224,1,0,"0","0"
769,2,2015-07-07,11273,3579,1,0,"0","1"
770,2,2015-07-07,4016,440,1,0,"0","1"
771,2,2015-07-07,6104,670,1,0,"0","0"
772,2,2015-07-07,3385,490,1,0,"0","0"
773,2,2015-07-07,5085,753,1,0,"0","0"
774,2,2015-07-07,4763,721,1,0,"0","0"
775,2,2015-07-07,6976,492,1,0,"0","0"
776,2,2015-07-07,3448,430,1,0,"0","1"
777,2,2015-07-07,3129,299,1,0,"0","0"
778,2,2015-07-07,4694,647,1,0,"0","0"
779,2,2015-07-07,6257,706,1,0,"0","0"
780,2,2015-07-07,5915,844,1,0,"0","0"
781,2,2015-07-07,4731,638,1,0,"0","0"
782,2,2015-07-07,4544,421,1,0,"0","0"
783,2,2015-07-07,5711,573,1,0,"0","0"
784,2,2015-07-07,5675,668,1,0,"0","1"
785,2,2015-07-07,4991,442,1,0,"0","1"
786,2,2015-07-07,3220,592,1,0,"0","0"
787,2,2015-07-07,9174,977,1,0,"0","0"
788,2,2015-07-07,16577,1697,1,0,"0","0"
789,2,2015-07-07,3681,454,1,0,"0","0"
790,2,2015-07-07,5316,555,1,0,"0","0"
791,2,2015-07-07,7670,798,1,0,"0","1"
792,2,2015-07-07,5318,545,1,0,"0","1"
793,2,2015-07-07,3379,324,1,0,"0","1"
794,2,2015-07-07,3233,518,1,0,"0","0"
795,2,2015-07-07,3033,314,1,0,"0","1"
796,2,2015-07-07,6475,619,1,0,"0","1"
797,2,2015-07-07,3382,352,1,0,"0","0"
798,2,2015-07-07,6612,827,1,0,"0","0"
799,2,2015-07-07,8426,752,1,0,"0","1"
800,2,2015-07-07,3406,357,1,0,"0","0"
801,2,2015-07-07,4718,464,1,0,"0","0"
802,2,2015-07-07,5521,437,1,0,"0","0"
803,2,2015-07-07,4570,407,1,0,"0","0"
804,2,2015-07-07,4232,367,1,0,"0","0"
805,2,2015-07-07,4120,414,1,0,"0","0"
806,2,2015-07-07,4706,355,1,0,"0","0"
807,2,2015-07-07,7867,843,1,0,"0","0"
808,2,2015-07-07,5957,485,1,0,"0","0"
809,2,2015-07-07,7293,646,1,0,"0","1"
810,2,2015-07-07,4910,405,1,0,"0","0"
811,2,2015-07-07,3921,682,1,0,"0","0"
812,2,2015-07-07,6104,716,1,0,"0","0"
813,2,2015-07-07,5486,627,1,0,"0","0"
814,2,2015-07-07,7768,630,1,0,"0","0"
815,2,2015-07-07,4726,539,1,0,"0","0"
816,2,2015-07-07,4526,651,1,0,"0","1"
817,2,2015-07-07,20064,3315,1,0,"0","0"
818,2,2015-07-07,5293,582,1,0,"0","0"
819,2,2015-07-07,5615,500,1,0,"0","0"
820,2,2015-07-07,8688,818,1,0,"0","0"
821,2,2015-07-07,6353,821,1,0,"0","0"
822,2,2015-07-07,5555,457,1,0,"0","0"
823,2,2015-07-07,5130,552,1,0,"0","0"
824,2,2015-07-07,7231,962,1,0,"0","0"
825,2,2015-07-07,4230,509,1,0,"0","0"
826,2,2015-07-07,7430,639,1,0,"0","1"
827,2,2015-07-07,13277,1989,1,0,"0","0"
828,2,2015-07-07,4615,537,1,0,"0","0"
829,2,2015-07-07,4160,604,1,0,"0","0"
830,2,2015-07-07,5446,471,1,0,"0","0"
831,2,2015-07-07,10329,1336,1,0,"0","1"
832,2,2015-07-07,5242,481,1,0,"0","0"
833,2,2015-07-07,4603,442,1,0,"0","0"
834,2,2015-07-07,5246,561,1,0,"0","0"
835,2,2015-07-07,4070,542,1,0,"0","1"
836,2,2015-07-07,5891,685,1,0,"0","0"
837,2,2015-07-07,4074,533,1,0,"0","0"
838,2,2015-07-07,7447,771,1,0,"0","0"
839,2,2015-07-07,3167,454,1,0,"0","0"
840,2,2015-07-07,5642,931,1,0,"0","0"
841,2,2015-07-07,2282,351,1,0,"0","0"
842,2,2015-07-07,13781,887,1,0,"0","0"
843,2,2015-07-07,8753,972,1,0,"0","0"
844,2,2015-07-07,3126,335,1,0,"0","1"
845,2,2015-07-07,4279,278,1,0,"0","1"
846,2,2015-07-07,6785,705,1,0,"0","1"
847,2,2015-07-07,4824,795,1,0,"0","1"
848,2,2015-07-07,4711,639,1,0,"0","0"
849,2,2015-07-07,6404,721,1,0,"0","0"
850,2,2015-07-07,4340,462,1,0,"0","1"
851,2,2015-07-07,4004,351,1,0,"0","0"
852,2,2015-07-07,3297,504,1,0,"0","0"
853,2,2015-07-07,7724,920,1,0,"0","0"
854,2,2015-07-07,4433,481,1,0,"0","0"
855,2,2015-07-07,5237,614,1,0,"0","0"
856,2,2015-07-07,6257,864,1,0,"0","0"
857,2,2015-07-07,5701,756,1,0,"0","0"
858,2,2015-07-07,4962,439,1,0,"0","0"
859,2,2015-07-07,5940,623,1,0,"0","0"
860,2,2015-07-07,5264,717,1,0,"0","0"
861,2,2015-07-07,3136,494,1,0,"0","0"
862,2,2015-07-07,7366,1051,1,0,"0","0"
863,2,2015-07-07,8162,1065,1,0,"0","0"
864,2,2015-07-07,3797,580,1,0,"0","0"
865,2,2015-07-07,5426,478,1,0,"0","1"
866,2,2015-07-07,4940,390,1,0,"0","0"
867,2,2015-07-07,4480,433,1,0,"0","0"
868,2,2015-07-07,7302,507,1,0,"0","0"
869,2,2015-07-07,3885,678,1,0,"0","0"
870,2,2015-07-07,6431,916,1,0,"0","0"
871,2,2015-07-07,4935,405,1,0,"0","0"
872,2,2015-07-07,5918,553,1,0,"0","1"
873,2,2015-07-07,3437,439,1,0,"0","0"
874,2,2015-07-07,4333,468,1,0,"0","0"
875,2,2015-07-07,3624,373,1,0,"0","0"
876,2,2015-07-07,23927,1687,1,0,"0","0"
877,2,2015-07-07,6503,903,1,0,"0","0"
878,2,2015-07-07,7172,695,1,0,"0","0"
879,2,2015-07-07,3794,282,1,0,"0","0"
880,2,2015-07-07,7001,748,1,0,"0","0"
881,2,2015-07-07,3051,494,1,0,"0","1"
882,2,2015-07-07,5547,689,1,0,"0","1"
883,2,2015-07-07,3737,400,1,0,"0","1"
884,2,2015-07-07,4761,500,1,0,"0","0"
885,2,2015-07-07,5488,732,1,0,"0","1"
886,2,2015-07-07,6285,628,1,0,"0","1"
887,2,2015-07-07,4580,416,1,0,"0","0"
888,2,2015-07-07,7723,731,1,0,"0","0"
889,2,2015-07-07,2810,374,1,0,"0","0"
890,2,2015-07-07,4527,353,1,0,"0","0"
891,2,2015-07-07,6017,864,1,0,"0","1"
892,2,2015-07-07,5899,691,1,0,"0","0"
893,2,2015-07-07,4952,693,1,0,"0","0"
894,2,2015-07-07,6794,815,1,0,"0","1"
895,2,2015-07-07,7973,738,1,0,"0","0"
896,2,2015-07-07,6071,1042,1,0,"0","0"
897,2,2015-07-07,2355,262,1,0,"0","0"
898,2,2015-07-07,6474,738,1,0,"0","0"
899,2,2015-07-07,4487,509,1,0,"0","0"
900,2,2015-07-07,5507,527,1,0,"0","0"
901,2,2015-07-07,6753,595,1,0,"0","0"
902,2,2015-07-07,2930,485,1,0,"0","0"
903,2,2015-07-07,9156,649,1,0,"0","0"
904,2,2015-07-07,4364,379,1,0,"0","0"
905,2,2015-07-07,5750,905,1,0,"0","1"
906,2,2015-07-07,8178,1120,1,0,"0","0"
907,2,2015-07-07,6412,811,1,0,"0","1"
908,2,2015-07-07,2835,292,1,0,"0","0"
909,2,2015-07-07,0,0,0,0,"0","0"
910,2,2015-07-07,4898,472,1,0,"0","0"
911,2,2015-07-07,8949,871,1,0,"0","0"
912,2,2015-07-07,4849,668,1,0,"0","0"
913,2,2015-07-07,6353,895,1,0,"0","0"
914,2,2015-07-07,8464,1080,1,0,"0","0"
915,2,2015-07-07,4106,342,1,0,"0","0"
916,2,2015-07-07,4726,646,1,0,"0","1"
917,2,2015-07-07,5493,647,1,0,"0","1"
918,2,2015-07-07,5157,546,1,0,"0","0"
919,2,2015-07-07,4249,581,1,0,"0","0"
920,2,2015-07-07,4716,523,1,0,"0","0"
921,2,2015-07-07,8715,1036,1,0,"0","0"
922,2,2015-07-07,5701,555,1,0,"0","1"
923,2,2015-07-07,4988,757,1,0,"0","0"
924,2,2015-07-07,4621,409,1,0,"0","1"
925,2,2015-07-07,6072,1235,1,0,"0","0"
926,2,2015-07-07,4176,369,1,0,"0","1"
927,2,2015-07-07,5033,708,1,0,"0","1"
928,2,2015-07-07,5536,491,1,0,"0","1"
929,2,2015-07-07,5882,725,1,0,"0","0"
930,2,2015-07-07,5206,920,1,0,"0","1"
931,2,2015-07-07,4363,571,1,0,"0","0"
932,2,2015-07-07,6036,687,1,0,"0","0"
933,2,2015-07-07,6098,789,1,0,"0","0"
934,2,2015-07-07,5373,551,1,0,"0","1"
935,2,2015-07-07,5097,573,1,0,"0","0"
936,2,2015-07-07,5662,744,1,0,"0","1"
937,2,2015-07-07,5934,461,1,0,"0","0"
938,2,2015-07-07,8471,891,1,0,"0","0"
939,2,2015-07-07,5115,470,1,0,"0","1"
940,2,2015-07-07,5935,665,1,0,"0","0"
941,2,2015-07-07,3645,468,1,0,"0","0"
942,2,2015-07-07,4665,371,1,0,"0","0"
943,2,2015-07-07,6366,523,1,0,"0","1"
944,2,2015-07-07,6151,1008,1,0,"0","0"
945,2,2015-07-07,4383,569,1,0,"0","0"
946,2,2015-07-07,3812,485,1,0,"0","0"
947,2,2015-07-07,5342,888,1,0,"0","0"
948,2,2015-07-07,7746,2224,1,0,"0","0"
949,2,2015-07-07,4432,427,1,0,"0","0"
950,2,2015-07-07,4625,496,1,0,"0","0"
951,2,2015-07-07,5676,594,1,0,"0","1"
952,2,2015-07-07,4801,411,1,0,"0","0"
953,2,2015-07-07,4893,523,1,0,"0","0"
954,2,2015-07-07,5044,672,1,0,"0","1"
955,2,2015-07-07,3386,349,1,0,"0","1"
956,2,2015-07-07,2808,399,1,0,"0","1"
957,2,2015-07-07,7093,813,1,0,"0","0"
958,2,2015-07-07,3682,522,1,0,"0","0"
959,2,2015-07-07,6267,689,1,0,"0","0"
960,2,2015-07-07,5114,473,1,0,"0","0"
961,2,2015-07-07,5170,537,1,0,"0","1"
962,2,2015-07-07,5150,786,1,0,"0","1"
963,2,2015-07-07,10741,1077,1,0,"0","0"
964,2,2015-07-07,6510,1190,1,0,"0","0"
965,2,2015-07-07,6139,706,1,0,"0","0"
966,2,2015-07-07,4702,604,1,0,"0","1"
967,2,2015-07-07,7287,764,1,0,"0","1"
968,2,2015-07-07,7232,877,1,0,"0","0"
969,2,2015-07-07,3272,672,1,0,"0","0"
970,2,2015-07-07,2604,353,1,0,"0","0"
971,2,2015-07-07,7348,992,1,0,"0","0"
972,2,2015-07-07,2982,348,1,0,"0","0"
973,2,2015-07-07,5971,772,1,0,"0","1"
974,2,2015-07-07,10428,1521,1,0,"0","0"
975,2,2015-07-07,4888,535,1,0,"0","1"
976,2,2015-07-07,5688,631,1,0,"0","1"
977,2,2015-07-07,3027,390,1,0,"0","0"
978,2,2015-07-07,6878,893,1,0,"0","0"
979,2,2015-07-07,5134,517,1,0,"0","0"
980,2,2015-07-07,4734,377,1,0,"0","1"
981,2,2015-07-07,5640,598,1,0,"0","0"
982,2,2015-07-07,6910,577,1,0,"0","0"
983,2,2015-07-07,5452,826,1,0,"0","1"
984,2,2015-07-07,4159,599,1,0,"0","1"
985,2,2015-07-07,5480,606,1,0,"0","0"
986,2,2015-07-07,3745,523,1,0,"0","1"
987,2,2015-07-07,6407,834,1,0,"0","0"
988,2,2015-07-07,4918,810,1,0,"0","0"
989,2,2015-07-07,4992,534,1,0,"0","0"
990,2,2015-07-07,5385,448,1,0,"0","0"
991,2,2015-07-07,4439,394,1,0,"0","1"
992,2,2015-07-07,4307,544,1,0,"0","1"
993,2,2015-07-07,6483,609,1,0,"0","0"
994,2,2015-07-07,3382,356,1,0,"0","1"
995,2,2015-07-07,7553,625,1,0,"0","0"
996,2,2015-07-07,5197,578,1,0,"0","0"
997,2,2015-07-07,3702,265,1,0,"0","0"
998,2,2015-07-07,3628,484,1,0,"0","0"
999,2,2015-07-07,7165,520,1,0,"0","0"
1000,2,2015-07-07,5180,531,1,0,"0","0"
1001,2,2015-07-07,5144,600,1,0,"0","0"
1002,2,2015-07-07,6101,685,1,0,"0","0"
1003,2,2015-07-07,5399,626,1,0,"0","1"
1004,2,2015-07-07,3655,378,1,0,"0","0"
1005,2,2015-07-07,5719,853,1,0,"0","1"
1006,2,2015-07-07,5759,782,1,0,"0","0"
1007,2,2015-07-07,5590,673,1,0,"0","0"
1008,2,2015-07-07,4699,655,1,0,"0","0"
1009,2,2015-07-07,3684,421,1,0,"0","0"
1010,2,2015-07-07,6567,589,1,0,"0","0"
1011,2,2015-07-07,4947,657,1,0,"0","1"
1012,2,2015-07-07,3726,382,1,0,"0","0"
1013,2,2015-07-07,2703,341,1,0,"0","1"
1014,2,2015-07-07,8164,1006,1,0,"0","1"
1015,2,2015-07-07,4720,396,1,0,"0","0"
1016,2,2015-07-07,4956,456,1,0,"0","1"
1017,2,2015-07-07,6192,944,1,0,"0","0"
1018,2,2015-07-07,8553,1052,1,0,"0","0"
1019,2,2015-07-07,4141,458,1,0,"0","0"
1020,2,2015-07-07,7213,856,1,0,"0","0"
1021,2,2015-07-07,8442,1065,1,0,"0","0"
1022,2,2015-07-07,5420,634,1,0,"0","1"
1023,2,2015-07-07,4238,450,1,0,"0","0"
1024,2,2015-07-07,4729,645,1,0,"0","0"
1025,2,2015-07-07,7255,837,1,0,"0","0"
1026,2,2015-07-07,7093,1071,1,0,"0","1"
1027,2,2015-07-07,8829,1323,1,0,"0","0"
1028,2,2015-07-07,3543,462,1,0,"0","1"
1029,2,2015-07-07,6068,868,1,0,"0","0"
1030,2,2015-07-07,3063,294,1,0,"0","0"
1031,2,2015-07-07,4002,336,1,0,"0","1"
1032,2,2015-07-07,7920,873,1,0,"0","0"
1033,2,2015-07-07,12545,1214,1,0,"0","0"
1034,2,2015-07-07,6122,721,1,0,"0","0"
1035,2,2015-07-07,4170,533,1,0,"0","0"
1036,2,2015-07-07,4014,388,1,0,"0","1"
1037,2,2015-07-07,5418,642,1,0,"0","1"
1038,2,2015-07-07,4159,389,1,0,"0","0"
1039,2,2015-07-07,6508,829,1,0,"0","1"
1040,2,2015-07-07,6716,693,1,0,"0","1"
1041,2,2015-07-07,5124,582,1,0,"0","0"
1042,2,2015-07-07,3435,501,1,0,"0","1"
1043,2,2015-07-07,6853,1021,1,0,"0","0"
1044,2,2015-07-07,3751,662,1,0,"0","0"
1045,2,2015-07-07,8654,1096,1,0,"0","0"
1046,2,2015-07-07,6715,554,1,0,"0","0"
1047,2,2015-07-07,3803,463,1,0,"0","1"
1048,2,2015-07-07,6526,509,1,0,"0","0"
1049,2,2015-07-07,3221,598,1,0,"0","0"
1050,2,2015-07-07,6169,424,1,0,"0","0"
1051,2,2015-07-07,6326,959,1,0,"0","0"
1052,2,2015-07-07,5927,656,1,0,"0","1"
1053,2,2015-07-07,7530,898,1,0,"0","0"
1054,2,2015-07-07,5665,610,1,0,"0","0"
1055,2,2015-07-07,5862,783,1,0,"0","0"
1056,2,2015-07-07,2803,327,1,0,"0","0"
1057,2,2015-07-07,5170,526,1,0,"0","0"
1058,2,2015-07-07,5354,546,1,0,"0","1"
1059,2,2015-07-07,6968,1066,1,0,"0","0"
1060,2,2015-07-07,5675,694,1,0,"0","1"
1061,2,2015-07-07,6051,461,1,0,"0","0"
1062,2,2015-07-07,4620,465,1,0,"0","0"
1063,2,2015-07-07,3756,490,1,0,"0","0"
1064,2,2015-07-07,8564,947,1,0,"0","1"
1065,2,2015-07-07,3410,448,1,0,"0","0"
1066,2,2015-07-07,8367,829,1,0,"0","1"
1067,2,2015-07-07,4884,426,1,0,"0","0"
1068,2,2015-07-07,3675,280,1,0,"0","0"
1069,2,2015-07-07,4960,679,1,0,"0","0"
1070,2,2015-07-07,5709,717,1,0,"0","0"
1071,2,2015-07-07,5945,714,1,0,"0","0"
1072,2,2015-07-07,6241,624,1,0,"0","1"
1073,2,2015-07-07,8390,1020,1,0,"0","1"
1074,2,2015-07-07,3090,351,1,0,"0","0"
1075,2,2015-07-07,11053,1044,1,0,"0","0"
1076,2,2015-07-07,3529,553,1,0,"0","1"
1077,2,2015-07-07,3547,421,1,0,"0","1"
1078,2,2015-07-07,5390,464,1,0,"0","0"
1079,2,2015-07-07,7043,585,1,0,"0","0"
1080,2,2015-07-07,9118,737,1,0,"0","0"
1081,2,2015-07-07,6853,1175,1,0,"0","0"
1082,2,2015-07-07,5914,916,1,0,"0","0"
1083,2,2015-07-07,4993,327,1,0,"0","0"
1084,2,2015-07-07,5365,732,1,0,"0","0"
1085,2,2015-07-07,5714,633,1,0,"0","0"
1086,2,2015-07-07,3790,529,1,0,"0","0"
1087,2,2015-07-07,5655,582,1,0,"0","0"
1088,2,2015-07-07,3981,389,1,0,"0","1"
1089,2,2015-07-07,8986,877,1,0,"0","1"
1090,2,2015-07-07,5931,727,1,0,"0","0"
1091,2,2015-07-07,7903,661,1,0,"0","0"
1092,2,2015-07-07,9713,970,1,0,"0","0"
1093,2,2015-07-07,6272,689,1,0,"0","0"
1094,2,2015-07-07,3476,296,1,0,"0","0"
1095,2,2015-07-07,4308,685,1,0,"0","0"
1096,2,2015-07-07,4864,560,1,0,"0","1"
1097,2,2015-07-07,9879,2727,1,0,"0","0"
1098,2,2015-07-07,4590,626,1,0,"0","0"
1099,2,2015-07-07,7665,1022,1,0,"0","0"
1100,2,2015-07-07,4281,579,1,0,"0","1"
1101,2,2015-07-07,8525,893,1,0,"0","0"
1102,2,2015-07-07,4819,565,1,0,"0","0"
1103,2,2015-07-07,4096,346,1,0,"0","0"
1104,2,2015-07-07,3823,314,1,0,"0","0"
1105,2,2015-07-07,3833,467,1,0,"0","1"
1106,2,2015-07-07,4620,555,1,0,"0","0"
1107,2,2015-07-07,3877,506,1,0,"0","0"
1108,2,2015-07-07,5171,565,1,0,"0","0"
1109,2,2015-07-07,3648,376,1,0,"0","0"
1110,2,2015-07-07,3892,477,1,0,"0","0"
1111,2,2015-07-07,3209,330,1,0,"0","1"
1112,2,2015-07-07,5825,517,1,0,"0","1"
1113,2,2015-07-07,5836,664,1,0,"0","0"
1114,2,2015-07-07,18466,3247,1,0,"0","0"
1115,2,2015-07-07,5138,362,1,0,"0","0"
1,1,2015-07-06,4359,540,1,0,"0","0"
2,1,2015-07-06,4132,523,1,0,"0","0"
3,1,2015-07-06,6736,734,1,0,"0","1"
4,1,2015-07-06,9967,1373,1,0,"0","0"
5,1,2015-07-06,4328,543,1,0,"0","0"
6,1,2015-07-06,4508,562,1,0,"0","0"
7,1,2015-07-06,10790,1210,1,0,"0","0"
8,1,2015-07-06,6740,805,1,0,"0","0"
9,1,2015-07-06,7758,656,1,0,"0","1"
10,1,2015-07-06,6143,648,1,0,"0","0"
11,1,2015-07-06,7135,1155,1,0,"0","0"
12,1,2015-07-06,6226,844,1,0,"0","0"
13,1,2015-07-06,3055,271,1,0,"0","0"
14,1,2015-07-06,5706,656,1,0,"0","1"
15,1,2015-07-06,5431,651,1,0,"0","0"
16,1,2015-07-06,8059,928,1,0,"0","0"
17,1,2015-07-06,5446,766,1,0,"0","0"
18,1,2015-07-06,6614,711,1,0,"0","0"
19,1,2015-07-06,6542,637,1,0,"0","1"
20,1,2015-07-06,9124,972,1,0,"0","0"
21,1,2015-07-06,4271,406,1,0,"0","0"
22,1,2015-07-06,3681,448,1,0,"0","0"
23,1,2015-07-06,5393,480,1,0,"0","0"
24,1,2015-07-06,9427,817,1,0,"0","1"
25,1,2015-07-06,12496,1632,1,0,"0","1"
26,1,2015-07-06,6257,522,1,0,"0","0"
27,1,2015-07-06,10271,1149,1,0,"0","1"
28,1,2015-07-06,4179,525,1,0,"0","0"
29,1,2015-07-06,7703,662,1,0,"0","1"
30,1,2015-07-06,3764,567,1,0,"0","1"
31,1,2015-07-06,5356,536,1,0,"0","0"
32,1,2015-07-06,4035,543,1,0,"0","0"
33,1,2015-07-06,8602,788,1,0,"0","1"
34,1,2015-07-06,8650,1059,1,0,"0","0"
35,1,2015-07-06,10894,782,1,0,"0","1"
36,1,2015-07-06,9741,1176,1,0,"0","0"
37,1,2015-07-06,5393,625,1,0,"0","0"
38,1,2015-07-06,5469,501,1,0,"0","1"
39,1,2015-07-06,4779,618,1,0,"0","1"
40,1,2015-07-06,3747,537,1,0,"0","1"
41,1,2015-07-06,5035,380,1,0,"0","0"
42,1,2015-07-06,10124,1129,1,0,"0","1"
43,1,2015-07-06,6993,593,1,0,"0","1"
44,1,2015-07-06,4845,610,1,0,"0","0"
45,1,2015-07-06,4976,413,1,0,"0","0"
46,1,2015-07-06,4494,627,1,0,"0","0"
47,1,2015-07-06,7258,962,1,0,"0","0"
48,1,2015-07-06,3734,415,1,0,"0","0"
49,1,2015-07-06,6660,517,1,0,"0","0"
50,1,2015-07-06,3815,334,1,0,"0","0"
51,1,2015-07-06,7427,495,1,0,"0","0"
52,1,2015-07-06,5659,394,1,0,"0","0"
53,1,2015-07-06,5160,575,1,0,"0","0"
54,1,2015-07-06,6042,533,1,0,"0","0"
55,1,2015-07-06,5283,625,1,0,"0","0"
56,1,2015-07-06,8682,593,1,0,"0","0"
57,1,2015-07-06,8363,862,1,0,"0","0"
58,1,2015-07-06,5743,482,1,0,"0","0"
59,1,2015-07-06,5648,570,1,0,"0","0"
60,1,2015-07-06,8569,729,1,0,"0","0"
61,1,2015-07-06,4635,592,1,0,"0","0"
62,1,2015-07-06,7268,794,1,0,"0","1"
63,1,2015-07-06,6242,577,1,0,"0","0"
64,1,2015-07-06,9693,698,1,0,"0","1"
65,1,2015-07-06,4210,416,1,0,"0","0"
66,1,2015-07-06,5893,523,1,0,"0","0"
67,1,2015-07-06,7519,780,1,0,"0","0"
68,1,2015-07-06,8612,1291,1,0,"0","0"
69,1,2015-07-06,9407,1198,1,0,"0","0"
70,1,2015-07-06,6335,668,1,0,"0","0"
71,1,2015-07-06,8449,747,1,0,"0","1"
72,1,2015-07-06,3499,442,1,0,"0","0"
73,1,2015-07-06,5059,536,1,0,"0","0"
74,1,2015-07-06,6173,893,1,0,"0","1"
75,1,2015-07-06,5721,616,1,0,"0","0"
76,1,2015-07-06,9392,967,1,0,"0","0"
77,1,2015-07-06,7266,619,1,0,"0","0"
78,1,2015-07-06,3517,463,1,0,"0","0"
79,1,2015-07-06,5241,552,1,0,"0","0"
80,1,2015-07-06,7220,610,1,0,"0","0"
81,1,2015-07-06,6710,560,1,0,"0","0"
82,1,2015-07-06,8302,819,1,0,"0","1"
83,1,2015-07-06,3714,338,1,0,"0","1"
84,1,2015-07-06,14249,1384,1,0,"0","1"
85,1,2015-07-06,6584,919,1,0,"0","0"
86,1,2015-07-06,4453,561,1,0,"0","1"
87,1,2015-07-06,6428,837,1,0,"0","0"
88,1,2015-07-06,6076,663,1,0,"0","0"
89,1,2015-07-06,6220,681,1,0,"0","0"
90,1,2015-07-06,8610,1129,1,0,"0","1"
91,1,2015-07-06,3743,442,1,0,"0","0"
92,1,2015-07-06,6329,540,1,0,"0","1"
93,1,2015-07-06,5779,602,1,0,"0","1"
94,1,2015-07-06,7228,655,1,0,"0","1"
95,1,2015-07-06,7089,814,1,0,"0","0"
96,1,2015-07-06,5180,551,1,0,"0","0"
97,1,2015-07-06,6442,703,1,0,"0","0"
98,1,2015-07-06,5631,453,1,0,"0","1"
99,1,2015-07-06,5201,477,1,0,"0","0"
100,1,2015-07-06,7941,656,1,0,"0","0"
101,1,2015-07-06,8033,841,1,0,"0","0"
102,1,2015-07-06,8156,1147,1,0,"0","1"
103,1,2015-07-06,5196,483,1,0,"0","0"
104,1,2015-07-06,11512,1436,1,0,"0","0"
105,1,2015-07-06,4869,626,1,0,"0","0"
106,1,2015-07-06,9080,891,1,0,"0","0"
107,1,2015-07-06,7842,1015,1,0,"0","0"
108,1,2015-07-06,11781,882,1,0,"0","0"
109,1,2015-07-06,7261,818,1,0,"0","0"
110,1,2015-07-06,5396,705,1,0,"0","0"
111,1,2015-07-06,6116,549,1,0,"0","0"
112,1,2015-07-06,7100,805,1,0,"0","0"
113,1,2015-07-06,5746,571,1,0,"0","0"
114,1,2015-07-06,5056,565,1,0,"0","0"
115,1,2015-07-06,7107,543,1,0,"0","0"
116,1,2015-07-06,7675,759,1,0,"0","0"
117,1,2015-07-06,4290,493,1,0,"0","1"
118,1,2015-07-06,7598,702,1,0,"0","0"
119,1,2015-07-06,6493,724,1,0,"0","0"
120,1,2015-07-06,6598,665,1,0,"0","0"
121,1,2015-07-06,4345,477,1,0,"0","0"
122,1,2015-07-06,9779,1184,1,0,"0","0"
123,1,2015-07-06,7522,949,1,0,"0","0"
124,1,2015-07-06,3854,491,1,0,"0","1"
125,1,2015-07-06,12055,1636,1,0,"0","0"
126,1,2015-07-06,5208,487,1,0,"0","1"
127,1,2015-07-06,3780,630,1,0,"0","0"
128,1,2015-07-06,7986,672,1,0,"0","0"
129,1,2015-07-06,6983,989,1,0,"0","0"
130,1,2015-07-06,5291,637,1,0,"0","0"
131,1,2015-07-06,5305,583,1,0,"0","1"
132,1,2015-07-06,7011,681,1,0,"0","0"
133,1,2015-07-06,5628,704,1,0,"0","0"
134,1,2015-07-06,5093,523,1,0,"0","0"
135,1,2015-07-06,6006,542,1,0,"0","0"
136,1,2015-07-06,4511,373,1,0,"0","0"
137,1,2015-07-06,8057,976,1,0,"0","0"
138,1,2015-07-06,7109,737,1,0,"0","0"
139,1,2015-07-06,6010,507,1,0,"0","0"
140,1,2015-07-06,7406,1003,1,0,"0","0"
141,1,2015-07-06,5304,666,1,0,"0","0"
142,1,2015-07-06,4963,600,1,0,"0","1"
143,1,2015-07-06,5906,547,1,0,"0","0"
144,1,2015-07-06,6748,673,1,0,"0","0"
145,1,2015-07-06,7740,1137,1,0,"0","0"
146,1,2015-07-06,7061,634,1,0,"0","1"
147,1,2015-07-06,8019,800,1,0,"0","1"
148,1,2015-07-06,8958,894,1,0,"0","0"
149,1,2015-07-06,5512,513,1,0,"0","0"
150,1,2015-07-06,8887,840,1,0,"0","0"
151,1,2015-07-06,7220,693,1,0,"0","0"
152,1,2015-07-06,5556,606,1,0,"0","1"
153,1,2015-07-06,5684,548,1,0,"0","1"
154,1,2015-07-06,8727,720,1,0,"0","0"
155,1,2015-07-06,5571,618,1,0,"0","0"
156,1,2015-07-06,6436,707,1,0,"0","0"
157,1,2015-07-06,9976,1005,1,0,"0","1"
158,1,2015-07-06,7396,479,1,0,"0","0"
159,1,2015-07-06,6811,661,1,0,"0","0"
160,1,2015-07-06,4738,498,1,0,"0","0"
161,1,2015-07-06,7671,871,1,0,"0","1"
162,1,2015-07-06,6462,507,1,0,"0","0"
163,1,2015-07-06,7932,931,1,0,"0","0"
164,1,2015-07-06,5994,635,1,0,"0","0"
165,1,2015-07-06,4166,435,1,0,"0","0"
166,1,2015-07-06,5299,823,1,0,"0","1"
167,1,2015-07-06,8625,1015,1,0,"0","0"
168,1,2015-07-06,6693,723,1,0,"0","0"
169,1,2015-07-06,5235,496,1,0,"0","1"
170,1,2015-07-06,3857,471,1,0,"0","1"
171,1,2015-07-06,8221,855,1,0,"0","1"
172,1,2015-07-06,6427,883,1,0,"0","0"
173,1,2015-07-06,8161,1053,1,0,"0","0"
174,1,2015-07-06,6637,533,1,0,"0","0"
175,1,2015-07-06,6136,747,1,0,"0","0"
176,1,2015-07-06,5170,616,1,0,"0","1"
177,1,2015-07-06,3987,571,1,0,"0","0"
178,1,2015-07-06,9478,868,1,0,"0","0"
179,1,2015-07-06,7267,995,1,0,"0","1"
180,1,2015-07-06,7128,864,1,0,"0","0"
181,1,2015-07-06,5408,620,1,0,"0","0"
182,1,2015-07-06,4789,394,1,0,"0","0"
183,1,2015-07-06,5231,675,1,0,"0","0"
184,1,2015-07-06,5962,549,1,0,"0","1"
185,1,2015-07-06,5171,447,1,0,"0","0"
186,1,2015-07-06,3413,390,1,0,"0","0"
187,1,2015-07-06,6418,796,1,0,"0","0"
188,1,2015-07-06,4856,444,1,0,"0","0"
189,1,2015-07-06,7537,804,1,0,"0","0"
190,1,2015-07-06,7473,694,1,0,"0","0"
191,1,2015-07-06,7049,779,1,0,"0","0"
192,1,2015-07-06,11172,787,1,0,"0","0"
193,1,2015-07-06,4369,699,1,0,"0","0"
194,1,2015-07-06,4890,429,1,0,"0","0"
195,1,2015-07-06,11122,1311,1,0,"0","1"
196,1,2015-07-06,5658,786,1,0,"0","0"
197,1,2015-07-06,6154,791,1,0,"0","0"
198,1,2015-07-06,2709,337,1,0,"0","0"
199,1,2015-07-06,7080,604,1,0,"0","0"
200,1,2015-07-06,9148,1095,1,0,"0","1"
201,1,2015-07-06,5053,430,1,0,"0","1"
202,1,2015-07-06,5554,505,1,0,"0","0"
203,1,2015-07-06,6559,893,1,0,"0","0"
204,1,2015-07-06,5922,528,1,0,"0","0"
205,1,2015-07-06,6497,900,1,0,"0","0"
206,1,2015-07-06,8619,946,1,0,"0","1"
207,1,2015-07-06,11033,1332,1,0,"0","0"
208,1,2015-07-06,3061,410,1,0,"0","0"
209,1,2015-07-06,7511,792,1,0,"0","0"
210,1,2015-07-06,2591,279,1,0,"0","0"
211,1,2015-07-06,14631,1751,1,0,"0","0"
212,1,2015-07-06,4116,435,1,0,"0","0"
213,1,2015-07-06,7082,531,1,0,"0","1"
214,1,2015-07-06,8384,625,1,0,"0","1"
215,1,2015-07-06,4511,406,1,0,"0","0"
216,1,2015-07-06,6407,855,1,0,"0","1"
217,1,2015-07-06,5300,674,1,0,"0","0"
218,1,2015-07-06,4761,724,1,0,"0","0"
219,1,2015-07-06,3959,503,1,0,"0","1"
220,1,2015-07-06,5087,648,1,0,"0","1"
221,1,2015-07-06,6053,614,1,0,"0","0"
222,1,2015-07-06,5370,618,1,0,"0","0"
223,1,2015-07-06,7460,747,1,0,"0","0"
224,1,2015-07-06,7138,488,1,0,"0","0"
225,1,2015-07-06,4659,539,1,0,"0","0"
226,1,2015-07-06,6492,676,1,0,"0","0"
227,1,2015-07-06,6707,592,1,0,"0","1"
228,1,2015-07-06,8526,604,1,0,"0","1"
229,1,2015-07-06,8150,671,1,0,"0","0"
230,1,2015-07-06,8025,1003,1,0,"0","0"
231,1,2015-07-06,4050,346,1,0,"0","0"
232,1,2015-07-06,3398,324,1,0,"0","0"
233,1,2015-07-06,9184,1075,1,0,"0","0"
234,1,2015-07-06,9921,984,1,0,"0","1"
235,1,2015-07-06,4048,406,1,0,"0","0"
236,1,2015-07-06,8056,976,1,0,"0","0"
237,1,2015-07-06,5208,664,1,0,"0","0"
238,1,2015-07-06,7051,1090,1,0,"0","1"
239,1,2015-07-06,5276,495,1,0,"0","1"
240,1,2015-07-06,5099,487,1,0,"0","0"
241,1,2015-07-06,6102,656,1,0,"0","1"
242,1,2015-07-06,3676,366,1,0,"0","0"
243,1,2015-07-06,5169,786,1,0,"0","0"
244,1,2015-07-06,4322,478,1,0,"0","1"
245,1,2015-07-06,9995,1215,1,0,"0","0"
246,1,2015-07-06,7917,1015,1,0,"0","0"
247,1,2015-07-06,7108,651,1,0,"0","0"
248,1,2015-07-06,8000,1102,1,0,"0","0"
249,1,2015-07-06,5307,560,1,0,"0","0"
250,1,2015-07-06,7986,646,1,0,"0","0"
251,1,2015-07-06,19336,2422,1,0,"0","1"
252,1,2015-07-06,9964,780,1,0,"0","1"
253,1,2015-07-06,5632,705,1,0,"0","1"
254,1,2015-07-06,2731,246,1,0,"0","0"
255,1,2015-07-06,5863,582,1,0,"0","1"
256,1,2015-07-06,7988,1067,1,0,"0","1"
257,1,2015-07-06,5108,653,1,0,"0","0"
258,1,2015-07-06,5387,482,1,0,"0","0"
259,1,2015-07-06,12812,2880,1,0,"0","0"
260,1,2015-07-06,6679,947,1,0,"0","0"
261,1,2015-07-06,10809,866,1,0,"0","0"
262,1,2015-07-06,19894,3290,1,0,"0","0"
263,1,2015-07-06,3946,386,1,0,"0","0"
264,1,2015-07-06,6360,826,1,0,"0","0"
265,1,2015-07-06,5081,561,1,0,"0","0"
266,1,2015-07-06,4215,558,1,0,"0","0"
267,1,2015-07-06,8790,1044,1,0,"0","0"
268,1,2015-07-06,4376,587,1,0,"0","0"
269,1,2015-07-06,7654,1097,1,0,"0","1"
270,1,2015-07-06,9947,1386,1,0,"0","0"
271,1,2015-07-06,6867,752,1,0,"0","0"
272,1,2015-07-06,5288,618,1,0,"0","0"
273,1,2015-07-06,7609,741,1,0,"0","1"
274,1,2015-07-06,5921,1424,1,0,"0","0"
275,1,2015-07-06,6867,715,1,0,"0","0"
276,1,2015-07-06,3574,512,1,0,"0","0"
277,1,2015-07-06,5634,502,1,0,"0","0"
278,1,2015-07-06,7791,861,1,0,"0","0"
279,1,2015-07-06,5973,533,1,0,"0","0"
280,1,2015-07-06,6156,533,1,0,"0","0"
281,1,2015-07-06,6288,538,1,0,"0","0"
282,1,2015-07-06,4987,730,1,0,"0","0"
283,1,2015-07-06,6508,675,1,0,"0","0"
284,1,2015-07-06,3941,388,1,0,"0","0"
285,1,2015-07-06,5083,462,1,0,"0","0"
286,1,2015-07-06,3187,342,1,0,"0","0"
287,1,2015-07-06,7040,759,1,0,"0","0"
288,1,2015-07-06,4868,378,1,0,"0","0"
289,1,2015-07-06,5844,530,1,0,"0","0"
290,1,2015-07-06,7195,670,1,0,"0","1"
291,1,2015-07-06,7141,798,1,0,"0","0"
292,1,2015-07-06,3754,440,1,0,"0","0"
293,1,2015-07-06,5922,781,1,0,"0","0"
294,1,2015-07-06,6427,835,1,0,"0","0"
295,1,2015-07-06,5504,765,1,0,"0","0"
296,1,2015-07-06,6963,805,1,0,"0","0"
297,1,2015-07-06,5989,694,1,0,"0","0"
298,1,2015-07-06,8829,735,1,0,"0","0"
299,1,2015-07-06,10714,1118,1,0,"0","0"
300,1,2015-07-06,6997,915,1,0,"0","0"
301,1,2015-07-06,5308,599,1,0,"0","0"
302,1,2015-07-06,3451,287,1,0,"0","0"
303,1,2015-07-06,6193,710,1,0,"0","1"
304,1,2015-07-06,7166,1160,1,0,"0","0"
305,1,2015-07-06,5629,569,1,0,"0","0"
306,1,2015-07-06,4959,516,1,0,"0","0"
307,1,2015-07-06,2279,285,1,0,"0","0"
308,1,2015-07-06,9318,941,1,0,"0","1"
309,1,2015-07-06,5771,536,1,0,"0","1"
310,1,2015-07-06,9034,764,1,0,"0","0"
311,1,2015-07-06,6254,846,1,0,"0","0"
312,1,2015-07-06,5350,532,1,0,"0","0"
313,1,2015-07-06,6598,671,1,0,"0","0"
314,1,2015-07-06,4966,550,1,0,"0","1"
315,1,2015-07-06,4665,506,1,0,"0","0"
316,1,2015-07-06,8994,871,1,0,"0","1"
317,1,2015-07-06,4850,534,1,0,"0","0"
318,1,2015-07-06,8201,686,1,0,"0","0"
319,1,2015-07-06,7470,775,1,0,"0","0"
320,1,2015-07-06,16839,2362,1,0,"0","0"
321,1,2015-07-06,4927,524,1,0,"0","0"
322,1,2015-07-06,5520,586,1,0,"0","0"
323,1,2015-07-06,7195,641,1,0,"0","0"
324,1,2015-07-06,4874,686,1,0,"0","0"
325,1,2015-07-06,5292,594,1,0,"0","1"
326,1,2015-07-06,5367,429,1,0,"0","0"
327,1,2015-07-06,6748,861,1,0,"0","0"
328,1,2015-07-06,4522,529,1,0,"0","1"
329,1,2015-07-06,6414,593,1,0,"0","1"
330,1,2015-07-06,3670,386,1,0,"0","1"
331,1,2015-07-06,5466,742,1,0,"0","0"
332,1,2015-07-06,4644,612,1,0,"0","0"
333,1,2015-07-06,9871,1290,1,0,"0","0"
334,1,2015-07-06,5387,519,1,0,"0","1"
335,1,2015-07-06,11574,2322,1,0,"0","1"
336,1,2015-07-06,12739,1936,1,0,"0","0"
337,1,2015-07-06,5241,400,1,0,"0","0"
338,1,2015-07-06,6213,565,1,0,"0","0"
339,1,2015-07-06,5511,780,1,0,"0","0"
340,1,2015-07-06,6247,699,1,0,"0","0"
341,1,2015-07-06,5811,810,1,0,"0","1"
342,1,2015-07-06,10144,756,1,0,"0","0"
343,1,2015-07-06,7323,666,1,0,"0","1"
344,1,2015-07-06,8877,1279,1,0,"0","0"
345,1,2015-07-06,4135,480,1,0,"0","0"
346,1,2015-07-06,7475,618,1,0,"0","1"
347,1,2015-07-06,4705,398,1,0,"0","0"
348,1,2015-07-06,8307,742,1,0,"0","0"
349,1,2015-07-06,9299,924,1,0,"0","0"
350,1,2015-07-06,6595,508,1,0,"0","0"
351,1,2015-07-06,6282,506,1,0,"0","1"
352,1,2015-07-06,6745,609,1,0,"0","0"
353,1,2015-07-06,7176,1851,1,0,"0","0"
354,1,2015-07-06,8320,646,1,0,"0","1"
355,1,2015-07-06,10039,1243,1,0,"0","0"
356,1,2015-07-06,6025,441,1,0,"0","0"
357,1,2015-07-06,7574,1016,1,0,"0","0"
358,1,2015-07-06,9567,1030,1,0,"0","1"
359,1,2015-07-06,6758,603,1,0,"0","0"
360,1,2015-07-06,7271,802,1,0,"0","0"
361,1,2015-07-06,5059,532,1,0,"0","0"
362,1,2015-07-06,9037,1208,1,0,"0","0"
363,1,2015-07-06,7801,1083,1,0,"0","0"
364,1,2015-07-06,5660,727,1,0,"0","0"
365,1,2015-07-06,5015,571,1,0,"0","0"
366,1,2015-07-06,5824,601,1,0,"0","0"
367,1,2015-07-06,5145,598,1,0,"0","0"
368,1,2015-07-06,6038,469,1,0,"0","0"
369,1,2015-07-06,5760,550,1,0,"0","0"
370,1,2015-07-06,7567,580,1,0,"0","1"
371,1,2015-07-06,5945,487,1,0,"0","0"
372,1,2015-07-06,8341,674,1,0,"0","1"
373,1,2015-07-06,4082,282,1,0,"0","0"
374,1,2015-07-06,7517,947,1,0,"0","0"
375,1,2015-07-06,8659,746,1,0,"0","0"
376,1,2015-07-06,7917,906,1,0,"0","0"
377,1,2015-07-06,7697,1021,1,0,"0","0"
378,1,2015-07-06,7386,1111,1,0,"0","1"
379,1,2015-07-06,3812,510,1,0,"0","0"
380,1,2015-07-06,14563,1406,1,0,"0","1"
381,1,2015-07-06,10114,1075,1,0,"0","0"
382,1,2015-07-06,6510,599,1,0,"0","0"
383,1,2015-07-06,16767,2123,1,0,"0","0"
384,1,2015-07-06,10337,1214,1,0,"0","0"
385,1,2015-07-06,6951,620,1,0,"0","0"
386,1,2015-07-06,6479,545,1,0,"0","1"
387,1,2015-07-06,8817,1172,1,0,"0","1"
388,1,2015-07-06,9596,1032,1,0,"0","1"
389,1,2015-07-06,11928,1407,1,0,"0","0"
390,1,2015-07-06,11380,1083,1,0,"0","0"
391,1,2015-07-06,5293,668,1,0,"0","1"
392,1,2015-07-06,7580,721,1,0,"0","1"
393,1,2015-07-06,5780,568,1,0,"0","1"
394,1,2015-07-06,7824,673,1,0,"0","0"
395,1,2015-07-06,4153,505,1,0,"0","1"
396,1,2015-07-06,9726,1038,1,0,"0","0"
397,1,2015-07-06,5947,842,1,0,"0","1"
398,1,2015-07-06,4426,577,1,0,"0","0"
399,1,2015-07-06,5791,580,1,0,"0","0"
400,1,2015-07-06,8082,1167,1,0,"0","0"
401,1,2015-07-06,7706,716,1,0,"0","0"
402,1,2015-07-06,5209,544,1,0,"0","0"
403,1,2015-07-06,9231,869,1,0,"0","1"
404,1,2015-07-06,5011,633,1,0,"0","0"
405,1,2015-07-06,3895,423,1,0,"0","1"
406,1,2015-07-06,6708,525,1,0,"0","0"
407,1,2015-07-06,4222,328,1,0,"0","0"
408,1,2015-07-06,4533,469,1,0,"0","0"
409,1,2015-07-06,4539,517,1,0,"0","0"
410,1,2015-07-06,5600,699,1,0,"0","1"
411,1,2015-07-06,8315,619,1,0,"0","0"
412,1,2015-07-06,8613,625,1,0,"0","0"
413,1,2015-07-06,7115,959,1,0,"0","0"
414,1,2015-07-06,7047,512,1,0,"0","0"
415,1,2015-07-06,6889,582,1,0,"0","0"
416,1,2015-07-06,11701,1468,1,0,"0","0"
417,1,2015-07-06,6453,721,1,0,"0","1"
418,1,2015-07-06,4936,582,1,0,"0","1"
419,1,2015-07-06,5359,883,1,0,"0","0"
420,1,2015-07-06,4654,485,1,0,"0","0"
421,1,2015-07-06,10897,1047,1,0,"0","0"
422,1,2015-07-06,4452,453,1,0,"0","0"
423,1,2015-07-06,11016,2142,1,0,"0","0"
424,1,2015-07-06,6800,796,1,0,"0","1"
425,1,2015-07-06,3527,450,1,0,"0","1"
426,1,2015-07-06,4675,618,1,0,"0","1"
427,1,2015-07-06,5577,651,1,0,"0","0"
428,1,2015-07-06,5757,499,1,0,"0","0"
429,1,2015-07-06,4715,405,1,0,"0","0"
430,1,2015-07-06,9134,702,1,0,"0","0"
431,1,2015-07-06,9797,1043,1,0,"0","1"
432,1,2015-07-06,12070,1752,1,0,"0","0"
433,1,2015-07-06,6749,790,1,0,"0","0"
434,1,2015-07-06,9825,723,1,0,"0","0"
435,1,2015-07-06,2893,357,1,0,"0","1"
436,1,2015-07-06,5685,657,1,0,"0","0"
437,1,2015-07-06,5781,592,1,0,"0","0"
438,1,2015-07-06,4941,515,1,0,"0","0"
439,1,2015-07-06,6402,810,1,0,"0","0"
440,1,2015-07-06,5599,630,1,0,"0","0"
441,1,2015-07-06,6903,747,1,0,"0","1"
442,1,2015-07-06,4002,472,1,0,"0","0"
443,1,2015-07-06,4914,471,1,0,"0","0"
444,1,2015-07-06,11771,1254,1,0,"0","0"
445,1,2015-07-06,8700,1321,1,0,"0","1"
446,1,2015-07-06,4213,572,1,0,"0","1"
447,1,2015-07-06,6765,738,1,0,"0","0"
448,1,2015-07-06,9114,782,1,0,"0","1"
449,1,2015-07-06,10077,1500,1,0,"0","0"
450,1,2015-07-06,7139,978,1,0,"0","0"
451,1,2015-07-06,5814,496,1,0,"0","0"
452,1,2015-07-06,3937,424,1,0,"0","0"
453,1,2015-07-06,13766,1585,1,0,"0","0"
454,1,2015-07-06,5879,734,1,0,"0","0"
455,1,2015-07-06,8984,489,1,0,"0","0"
456,1,2015-07-06,5798,881,1,0,"0","1"
457,1,2015-07-06,4974,441,1,0,"0","0"
458,1,2015-07-06,6771,660,1,0,"0","0"
459,1,2015-07-06,9225,1169,1,0,"0","0"
460,1,2015-07-06,3275,357,1,0,"0","0"
461,1,2015-07-06,4592,493,1,0,"0","0"
462,1,2015-07-06,3744,547,1,0,"0","0"
463,1,2015-07-06,6897,1148,1,0,"0","1"
464,1,2015-07-06,9774,1225,1,0,"0","0"
465,1,2015-07-06,6933,568,1,0,"0","0"
466,1,2015-07-06,7454,735,1,0,"0","1"
467,1,2015-07-06,15549,1774,1,0,"0","1"
468,1,2015-07-06,5613,691,1,0,"0","0"
469,1,2015-07-06,10305,1317,1,0,"0","0"
470,1,2015-07-06,11177,1567,1,0,"0","1"
471,1,2015-07-06,6236,540,1,0,"0","0"
472,1,2015-07-06,5672,732,1,0,"0","0"
473,1,2015-07-06,2921,443,1,0,"0","1"
474,1,2015-07-06,7943,726,1,0,"0","0"
475,1,2015-07-06,5035,846,1,0,"0","1"
476,1,2015-07-06,5674,659,1,0,"0","0"
477,1,2015-07-06,5820,424,1,0,"0","0"
478,1,2015-07-06,6832,757,1,0,"0","0"
479,1,2015-07-06,10377,1378,1,0,"0","0"
480,1,2015-07-06,4818,665,1,0,"0","0"
481,1,2015-07-06,5353,517,1,0,"0","0"
482,1,2015-07-06,6657,744,1,0,"0","0"
483,1,2015-07-06,4756,643,1,0,"0","0"
484,1,2015-07-06,7298,737,1,0,"0","0"
485,1,2015-07-06,4655,446,1,0,"0","0"
486,1,2015-07-06,4387,523,1,0,"0","1"
487,1,2015-07-06,6207,613,1,0,"0","0"
488,1,2015-07-06,3711,424,1,0,"0","0"
489,1,2015-07-06,6305,619,1,0,"0","0"
490,1,2015-07-06,7819,1022,1,0,"0","0"
491,1,2015-07-06,5800,505,1,0,"0","0"
492,1,2015-07-06,7475,1126,1,0,"0","0"
493,1,2015-07-06,8962,820,1,0,"0","1"
494,1,2015-07-06,7303,1048,1,0,"0","0"
495,1,2015-07-06,4486,388,1,0,"0","0"
496,1,2015-07-06,6868,764,1,0,"0","0"
497,1,2015-07-06,8905,1135,1,0,"0","0"
498,1,2015-07-06,6779,887,1,0,"0","0"
499,1,2015-07-06,5217,778,1,0,"0","0"
500,1,2015-07-06,6719,491,1,0,"0","0"
501,1,2015-07-06,4927,517,1,0,"0","0"
502,1,2015-07-06,9798,1494,1,0,"0","0"
503,1,2015-07-06,5479,405,1,0,"0","0"
504,1,2015-07-06,7338,1057,1,0,"0","0"
505,1,2015-07-06,4081,614,1,0,"0","0"
506,1,2015-07-06,7291,825,1,0,"0","1"
507,1,2015-07-06,7445,610,1,0,"0","1"
508,1,2015-07-06,5968,647,1,0,"0","1"
509,1,2015-07-06,5508,477,1,0,"0","0"
510,1,2015-07-06,7879,810,1,0,"0","1"
511,1,2015-07-06,5928,844,1,0,"0","0"
512,1,2015-07-06,6410,1665,1,0,"0","0"
513,1,2015-07-06,17516,2019,1,0,"0","0"
514,1,2015-07-06,5162,586,1,0,"0","0"
515,1,2015-07-06,8764,677,1,0,"0","1"
516,1,2015-07-06,6467,798,1,0,"0","1"
517,1,2015-07-06,6467,659,1,0,"0","0"
518,1,2015-07-06,4328,442,1,0,"0","0"
519,1,2015-07-06,4551,530,1,0,"0","0"
520,1,2015-07-06,3981,494,1,0,"0","0"
521,1,2015-07-06,5018,450,1,0,"0","0"
522,1,2015-07-06,6885,605,1,0,"0","0"
523,1,2015-07-06,13212,1567,1,0,"0","0"
524,1,2015-07-06,8838,970,1,0,"0","0"
525,1,2015-07-06,9234,825,1,0,"0","0"
526,1,2015-07-06,10653,1459,1,0,"0","0"
527,1,2015-07-06,11270,1000,1,0,"0","1"
528,1,2015-07-06,9917,913,1,0,"0","1"
529,1,2015-07-06,7277,759,1,0,"0","0"
530,1,2015-07-06,7921,1316,1,0,"0","0"
531,1,2015-07-06,5765,678,1,0,"0","0"
532,1,2015-07-06,11986,1375,1,0,"0","1"
533,1,2015-07-06,11402,979,1,0,"0","0"
534,1,2015-07-06,4283,383,1,0,"0","0"
535,1,2015-07-06,8302,975,1,0,"0","1"
536,1,2015-07-06,8793,844,1,0,"0","1"
537,1,2015-07-06,5254,643,1,0,"0","0"
538,1,2015-07-06,4805,695,1,0,"0","0"
539,1,2015-07-06,10838,1118,1,0,"0","0"
540,1,2015-07-06,5870,411,1,0,"0","0"
541,1,2015-07-06,6581,871,1,0,"0","1"
542,1,2015-07-06,5682,513,1,0,"0","0"
543,1,2015-07-06,2422,221,1,0,"0","0"
544,1,2015-07-06,13184,1815,1,0,"0","0"
545,1,2015-07-06,10200,976,1,0,"0","1"
546,1,2015-07-06,17053,2072,1,0,"0","0"
547,1,2015-07-06,5870,428,1,0,"0","0"
548,1,2015-07-06,5037,408,1,0,"0","0"
549,1,2015-07-06,5584,727,1,0,"0","0"
550,1,2015-07-06,4459,375,1,0,"0","0"
551,1,2015-07-06,7923,1135,1,0,"0","0"
552,1,2015-07-06,6400,668,1,0,"0","0"
553,1,2015-07-06,6714,640,1,0,"0","0"
554,1,2015-07-06,5964,763,1,0,"0","0"
555,1,2015-07-06,4449,437,1,0,"0","0"
556,1,2015-07-06,7354,850,1,0,"0","0"
557,1,2015-07-06,4133,625,1,0,"0","1"
558,1,2015-07-06,3079,467,1,0,"0","0"
559,1,2015-07-06,6398,847,1,0,"0","0"
560,1,2015-07-06,13786,1647,1,0,"0","0"
561,1,2015-07-06,6885,684,1,0,"0","1"
562,1,2015-07-06,18049,3125,1,0,"0","0"
563,1,2015-07-06,4304,545,1,0,"0","1"
564,1,2015-07-06,5225,463,1,0,"0","1"
565,1,2015-07-06,6253,771,1,0,"0","1"
566,1,2015-07-06,5268,590,1,0,"0","0"
567,1,2015-07-06,5245,694,1,0,"0","1"
568,1,2015-07-06,4872,431,1,0,"0","0"
569,1,2015-07-06,5324,755,1,0,"0","0"
570,1,2015-07-06,3684,596,1,0,"0","1"
571,1,2015-07-06,6840,526,1,0,"0","0"
572,1,2015-07-06,6932,543,1,0,"0","1"
573,1,2015-07-06,3385,307,1,0,"0","0"
574,1,2015-07-06,7855,607,1,0,"0","0"
575,1,2015-07-06,3462,389,1,0,"0","0"
576,1,2015-07-06,6087,947,1,0,"0","0"
577,1,2015-07-06,4988,584,1,0,"0","0"
578,1,2015-07-06,13006,1189,1,0,"0","0"
579,1,2015-07-06,7962,889,1,0,"0","1"
580,1,2015-07-06,10300,1686,1,0,"0","0"
581,1,2015-07-06,4960,592,1,0,"0","0"
582,1,2015-07-06,5285,733,1,0,"0","0"
583,1,2015-07-06,4120,447,1,0,"0","0"
584,1,2015-07-06,4555,444,1,0,"0","0"
585,1,2015-07-06,4713,765,1,0,"0","0"
586,1,2015-07-06,15337,2442,1,0,"0","1"
587,1,2015-07-06,8984,651,1,0,"0","0"
588,1,2015-07-06,6398,722,1,0,"0","0"
589,1,2015-07-06,6771,724,1,0,"0","0"
590,1,2015-07-06,4581,376,1,0,"0","0"
591,1,2015-07-06,5716,522,1,0,"0","0"
592,1,2015-07-06,4511,571,1,0,"0","1"
593,1,2015-07-06,11094,1398,1,0,"0","0"
594,1,2015-07-06,4311,511,1,0,"0","0"
595,1,2015-07-06,14155,1708,1,0,"0","0"
596,1,2015-07-06,5073,785,1,0,"0","0"
597,1,2015-07-06,5245,748,1,0,"0","0"
598,1,2015-07-06,5127,719,1,0,"0","0"
599,1,2015-07-06,9677,834,1,0,"0","0"
600,1,2015-07-06,7078,642,1,0,"0","0"
601,1,2015-07-06,4321,387,1,0,"0","0"
602,1,2015-07-06,5988,613,1,0,"0","0"
603,1,2015-07-06,5997,983,1,0,"0","0"
604,1,2015-07-06,6591,508,1,0,"0","0"
605,1,2015-07-06,6036,472,1,0,"0","0"
606,1,2015-07-06,5485,607,1,0,"0","0"
607,1,2015-07-06,2798,393,1,0,"0","0"
608,1,2015-07-06,7510,867,1,0,"0","0"
609,1,2015-07-06,5346,573,1,0,"0","0"
610,1,2015-07-06,3929,520,1,0,"0","1"
611,1,2015-07-06,5715,485,1,0,"0","0"
612,1,2015-07-06,4541,320,1,0,"0","0"
613,1,2015-07-06,6049,952,1,0,"0","0"
614,1,2015-07-06,7482,1077,1,0,"0","0"
615,1,2015-07-06,8694,1228,1,0,"0","0"
616,1,2015-07-06,8618,864,1,0,"0","1"
617,1,2015-07-06,7246,617,1,0,"0","0"
618,1,2015-07-06,7265,579,1,0,"0","0"
619,1,2015-07-06,3932,432,1,0,"0","0"
620,1,2015-07-06,8042,720,1,0,"0","0"
621,1,2015-07-06,6296,823,1,0,"0","1"
622,1,2015-07-06,4516,453,1,0,"0","0"
623,1,2015-07-06,6031,771,1,0,"0","1"
624,1,2015-07-06,6988,712,1,0,"0","1"
625,1,2015-07-06,6518,638,1,0,"0","1"
626,1,2015-07-06,8489,748,1,0,"0","0"
627,1,2015-07-06,5995,649,1,0,"0","0"
628,1,2015-07-06,6501,852,1,0,"0","0"
629,1,2015-07-06,7385,594,1,0,"0","0"
630,1,2015-07-06,5905,743,1,0,"0","0"
631,1,2015-07-06,5838,699,1,0,"0","0"
632,1,2015-07-06,7841,1011,1,0,"0","0"
633,1,2015-07-06,6390,523,1,0,"0","0"
634,1,2015-07-06,6660,708,1,0,"0","0"
635,1,2015-07-06,5033,599,1,0,"0","0"
636,1,2015-07-06,3891,582,1,0,"0","0"
637,1,2015-07-06,8238,705,1,0,"0","0"
638,1,2015-07-06,5509,471,1,0,"0","0"
639,1,2015-07-06,4472,443,1,0,"0","1"
640,1,2015-07-06,11620,844,1,0,"0","1"
641,1,2015-07-06,4732,451,1,0,"0","1"
642,1,2015-07-06,3201,426,1,0,"0","1"
643,1,2015-07-06,8210,1059,1,0,"0","0"
644,1,2015-07-06,7899,952,1,0,"0","0"
645,1,2015-07-06,8444,1113,1,0,"0","0"
646,1,2015-07-06,5145,724,1,0,"0","0"
647,1,2015-07-06,5223,662,1,0,"0","0"
648,1,2015-07-06,5683,518,1,0,"0","0"
649,1,2015-07-06,3135,371,1,0,"0","0"
650,1,2015-07-06,5636,609,1,0,"0","0"
651,1,2015-07-06,7010,863,1,0,"0","1"
652,1,2015-07-06,6171,709,1,0,"0","0"
653,1,2015-07-06,6650,499,1,0,"0","1"
654,1,2015-07-06,7326,796,1,0,"0","0"
655,1,2015-07-06,7499,623,1,0,"0","1"
656,1,2015-07-06,3068,377,1,0,"0","0"
657,1,2015-07-06,5499,677,1,0,"0","1"
658,1,2015-07-06,5597,582,1,0,"0","1"
659,1,2015-07-06,5441,703,1,0,"0","0"
660,1,2015-07-06,4658,578,1,0,"0","0"
661,1,2015-07-06,6932,585,1,0,"0","0"
662,1,2015-07-06,7636,775,1,0,"0","0"
663,1,2015-07-06,5409,759,1,0,"0","0"
664,1,2015-07-06,5171,652,1,0,"0","0"
665,1,2015-07-06,7639,1328,1,0,"0","0"
666,1,2015-07-06,5345,549,1,0,"0","0"
667,1,2015-07-06,8156,769,1,0,"0","0"
668,1,2015-07-06,8787,1172,1,0,"0","0"
669,1,2015-07-06,4624,390,1,0,"0","0"
670,1,2015-07-06,7083,775,1,0,"0","0"
671,1,2015-07-06,7134,708,1,0,"0","0"
672,1,2015-07-06,8039,1214,1,0,"0","0"
673,1,2015-07-06,6856,611,1,0,"0","0"
674,1,2015-07-06,8164,1058,1,0,"0","1"
675,1,2015-07-06,2721,342,1,0,"0","1"
676,1,2015-07-06,8737,2147,1,0,"0","0"
677,1,2015-07-06,6169,533,1,0,"0","0"
678,1,2015-07-06,7068,867,1,0,"0","1"
679,1,2015-07-06,10518,1155,1,0,"0","0"
680,1,2015-07-06,5731,830,1,0,"0","0"
681,1,2015-07-06,3964,566,1,0,"0","0"
682,1,2015-07-06,11993,1938,1,0,"0","0"
683,1,2015-07-06,7439,844,1,0,"0","0"
684,1,2015-07-06,7759,635,1,0,"0","0"
685,1,2015-07-06,5005,544,1,0,"0","1"
686,1,2015-07-06,5899,765,1,0,"0","0"
687,1,2015-07-06,9253,775,1,0,"0","1"
688,1,2015-07-06,3169,328,1,0,"0","0"
689,1,2015-07-06,6512,668,1,0,"0","0"
690,1,2015-07-06,5580,819,1,0,"0","1"
691,1,2015-07-06,6242,509,1,0,"0","1"
692,1,2015-07-06,11114,1305,1,0,"0","1"
693,1,2015-07-06,4883,430,1,0,"0","0"
694,1,2015-07-06,7847,815,1,0,"0","0"
695,1,2015-07-06,4351,448,1,0,"0","1"
696,1,2015-07-06,8288,1058,1,0,"0","0"
697,1,2015-07-06,10339,1006,1,0,"0","1"
698,1,2015-07-06,19130,2248,1,0,"0","0"
699,1,2015-07-06,7157,855,1,0,"0","0"
700,1,2015-07-06,4486,554,1,0,"0","0"
701,1,2015-07-06,4696,584,1,0,"0","0"
702,1,2015-07-06,3557,310,1,0,"0","0"
703,1,2015-07-06,3366,357,1,0,"0","1"
704,1,2015-07-06,11082,1182,1,0,"0","0"
705,1,2015-07-06,8197,1021,1,0,"0","1"
706,1,2015-07-06,4835,460,1,0,"0","0"
707,1,2015-07-06,9323,989,1,0,"0","1"
708,1,2015-07-06,5342,501,1,0,"0","0"
709,1,2015-07-06,11303,1564,1,0,"0","0"
710,1,2015-07-06,2978,289,1,0,"0","0"
711,1,2015-07-06,4604,392,1,0,"0","0"
712,1,2015-07-06,5650,568,1,0,"0","0"
713,1,2015-07-06,8769,1119,1,0,"0","1"
714,1,2015-07-06,4602,318,1,0,"0","0"
715,1,2015-07-06,5308,639,1,0,"0","0"
716,1,2015-07-06,5242,438,1,0,"0","0"
717,1,2015-07-06,4778,518,1,0,"0","1"
718,1,2015-07-06,7978,850,1,0,"0","0"
719,1,2015-07-06,5484,511,1,0,"0","0"
720,1,2015-07-06,6796,694,1,0,"0","0"
721,1,2015-07-06,7911,732,1,0,"0","0"
722,1,2015-07-06,8087,1431,1,0,"0","0"
723,1,2015-07-06,7281,631,1,0,"0","0"
724,1,2015-07-06,7523,760,1,0,"0","1"
725,1,2015-07-06,5828,621,1,0,"0","0"
726,1,2015-07-06,10648,1056,1,0,"0","0"
727,1,2015-07-06,4599,511,1,0,"0","0"
728,1,2015-07-06,5539,472,1,0,"0","0"
729,1,2015-07-06,10804,1084,1,0,"0","1"
730,1,2015-07-06,6867,844,1,0,"0","0"
731,1,2015-07-06,7759,818,1,0,"0","1"
732,1,2015-07-06,11567,1239,1,0,"0","0"
733,1,2015-07-06,14647,3536,1,0,"0","1"
734,1,2015-07-06,4773,498,1,0,"0","1"
735,1,2015-07-06,4285,443,1,0,"0","0"
736,1,2015-07-06,3860,441,1,0,"0","0"
737,1,2015-07-06,6658,941,1,0,"0","1"
738,1,2015-07-06,9475,688,1,0,"0","1"
739,1,2015-07-06,9314,778,1,0,"0","0"
740,1,2015-07-06,6915,515,1,0,"0","0"
741,1,2015-07-06,7783,984,1,0,"0","0"
742,1,2015-07-06,7619,857,1,0,"0","1"
743,1,2015-07-06,3652,440,1,0,"0","0"
744,1,2015-07-06,7650,878,1,0,"0","0"
745,1,2015-07-06,6974,675,1,0,"0","0"
746,1,2015-07-06,5410,505,1,0,"0","0"
747,1,2015-07-06,7179,634,1,0,"0","0"
748,1,2015-07-06,5252,448,1,0,"0","1"
749,1,2015-07-06,4770,631,1,0,"0","0"
750,1,2015-07-06,3602,353,1,0,"0","0"
751,1,2015-07-06,3799,580,1,0,"0","1"
752,1,2015-07-06,4601,391,1,0,"0","1"
753,1,2015-07-06,8093,736,1,0,"0","1"
754,1,2015-07-06,6808,877,1,0,"0","0"
755,1,2015-07-06,11531,971,1,0,"0","0"
756,1,2015-07-06,16154,2413,1,0,"0","1"
757,1,2015-07-06,6359,565,1,0,"0","0"
758,1,2015-07-06,5512,737,1,0,"0","0"
759,1,2015-07-06,7428,823,1,0,"0","1"
760,1,2015-07-06,9524,1461,1,0,"0","0"
761,1,2015-07-06,9239,1100,1,0,"0","0"
762,1,2015-07-06,3818,376,1,0,"0","0"
763,1,2015-07-06,6023,560,1,0,"0","0"
764,1,2015-07-06,4471,488,1,0,"0","0"
765,1,2015-07-06,8267,708,1,0,"0","0"
766,1,2015-07-06,6242,564,1,0,"0","0"
767,1,2015-07-06,6188,656,1,0,"0","0"
768,1,2015-07-06,13527,1399,1,0,"0","0"
769,1,2015-07-06,11751,3531,1,0,"0","1"
770,1,2015-07-06,3984,480,1,0,"0","1"
771,1,2015-07-06,6514,729,1,0,"0","0"
772,1,2015-07-06,4059,560,1,0,"0","0"
773,1,2015-07-06,4794,793,1,0,"0","0"
774,1,2015-07-06,6390,803,1,0,"0","0"
775,1,2015-07-06,8197,572,1,0,"0","0"
776,1,2015-07-06,3652,482,1,0,"0","1"
777,1,2015-07-06,3851,342,1,0,"0","0"
778,1,2015-07-06,4454,658,1,0,"0","0"
779,1,2015-07-06,6639,693,1,0,"0","0"
780,1,2015-07-06,5885,750,1,0,"0","0"
781,1,2015-07-06,4728,654,1,0,"0","0"
782,1,2015-07-06,5294,501,1,0,"0","0"
783,1,2015-07-06,6464,666,1,0,"0","0"
784,1,2015-07-06,6380,724,1,0,"0","1"
785,1,2015-07-06,6699,604,1,0,"0","1"
786,1,2015-07-06,3551,598,1,0,"0","0"
787,1,2015-07-06,11077,1209,1,0,"0","0"
788,1,2015-07-06,19122,1826,1,0,"0","0"
789,1,2015-07-06,4303,539,1,0,"0","0"
790,1,2015-07-06,7018,666,1,0,"0","0"
791,1,2015-07-06,8159,843,1,0,"0","1"
792,1,2015-07-06,5887,616,1,0,"0","1"
793,1,2015-07-06,4625,461,1,0,"0","1"
794,1,2015-07-06,3924,625,1,0,"0","0"
795,1,2015-07-06,3563,399,1,0,"0","1"
796,1,2015-07-06,7548,694,1,0,"0","1"
797,1,2015-07-06,4891,454,1,0,"0","0"
798,1,2015-07-06,7562,922,1,0,"0","0"
799,1,2015-07-06,11833,957,1,0,"0","1"
800,1,2015-07-06,4692,421,1,0,"0","0"
801,1,2015-07-06,5534,601,1,0,"0","0"
802,1,2015-07-06,6267,500,1,0,"0","0"
803,1,2015-07-06,5764,491,1,0,"0","0"
804,1,2015-07-06,4581,414,1,0,"0","0"
805,1,2015-07-06,4877,469,1,0,"0","0"
806,1,2015-07-06,5896,480,1,0,"0","0"
807,1,2015-07-06,10457,1027,1,0,"0","0"
808,1,2015-07-06,8542,683,1,0,"0","0"
809,1,2015-07-06,8566,735,1,0,"0","1"
810,1,2015-07-06,5580,467,1,0,"0","0"
811,1,2015-07-06,4698,792,1,0,"0","0"
812,1,2015-07-06,6924,858,1,0,"0","0"
813,1,2015-07-06,6831,737,1,0,"0","0"
814,1,2015-07-06,8150,697,1,0,"0","0"
815,1,2015-07-06,5986,655,1,0,"0","0"
816,1,2015-07-06,5368,777,1,0,"0","1"
817,1,2015-07-06,22403,3440,1,0,"0","0"
818,1,2015-07-06,6269,688,1,0,"0","0"
819,1,2015-07-06,6133,566,1,0,"0","0"
820,1,2015-07-06,10792,1011,1,0,"0","0"
821,1,2015-07-06,6878,889,1,0,"0","0"
822,1,2015-07-06,7000,553,1,0,"0","0"
823,1,2015-07-06,5521,592,1,0,"0","0"
824,1,2015-07-06,7696,1080,1,0,"0","0"
825,1,2015-07-06,4649,544,1,0,"0","0"
826,1,2015-07-06,9516,789,1,0,"0","1"
827,1,2015-07-06,19137,2387,1,0,"0","0"
828,1,2015-07-06,4860,609,1,0,"0","0"
829,1,2015-07-06,4781,727,1,0,"0","0"
830,1,2015-07-06,6154,534,1,0,"0","0"
831,1,2015-07-06,10982,1495,1,0,"0","1"
832,1,2015-07-06,5865,525,1,0,"0","0"
833,1,2015-07-06,4752,473,1,0,"0","0"
834,1,2015-07-06,5789,662,1,0,"0","0"
835,1,2015-07-06,4944,642,1,0,"0","1"
836,1,2015-07-06,6817,829,1,0,"0","0"
837,1,2015-07-06,4085,592,1,0,"0","0"
838,1,2015-07-06,8608,875,1,0,"0","0"
839,1,2015-07-06,3493,499,1,0,"0","0"
840,1,2015-07-06,7210,1091,1,0,"0","0"
841,1,2015-07-06,2289,363,1,0,"0","0"
842,1,2015-07-06,22087,1225,1,0,"0","0"
843,1,2015-07-06,9195,1041,1,0,"0","0"
844,1,2015-07-06,4365,473,1,0,"0","1"
845,1,2015-07-06,5697,403,1,0,"0","1"
846,1,2015-07-06,7622,730,1,0,"0","1"
847,1,2015-07-06,6384,912,1,0,"0","1"
848,1,2015-07-06,5133,732,1,0,"0","0"
849,1,2015-07-06,7372,818,1,0,"0","0"
850,1,2015-07-06,5424,551,1,0,"0","1"
851,1,2015-07-06,5093,434,1,0,"0","0"
852,1,2015-07-06,3491,609,1,0,"0","0"
853,1,2015-07-06,8189,999,1,0,"0","0"
854,1,2015-07-06,5604,549,1,0,"0","0"
855,1,2015-07-06,5497,631,1,0,"0","0"
856,1,2015-07-06,7377,1005,1,0,"0","0"
857,1,2015-07-06,7422,930,1,0,"0","0"
858,1,2015-07-06,5152,466,1,0,"0","0"
859,1,2015-07-06,7206,709,1,0,"0","0"
860,1,2015-07-06,6633,817,1,0,"0","0"
861,1,2015-07-06,3593,546,1,0,"0","0"
862,1,2015-07-06,8204,1153,1,0,"0","0"
863,1,2015-07-06,9177,1096,1,0,"0","0"
864,1,2015-07-06,4273,656,1,0,"0","0"
865,1,2015-07-06,7762,597,1,0,"0","1"
866,1,2015-07-06,6569,489,1,0,"0","0"
867,1,2015-07-06,4665,480,1,0,"0","0"
868,1,2015-07-06,9019,642,1,0,"0","0"
869,1,2015-07-06,4718,782,1,0,"0","0"
870,1,2015-07-06,7974,989,1,0,"0","0"
871,1,2015-07-06,6753,552,1,0,"0","0"
872,1,2015-07-06,7669,675,1,0,"0","1"
873,1,2015-07-06,4456,485,1,0,"0","0"
874,1,2015-07-06,5043,550,1,0,"0","0"
875,1,2015-07-06,3967,391,1,0,"0","0"
876,1,2015-07-06,27330,1653,1,0,"0","0"
877,1,2015-07-06,6033,920,1,0,"0","0"
878,1,2015-07-06,7707,756,1,0,"0","0"
879,1,2015-07-06,3689,323,1,0,"0","0"
880,1,2015-07-06,7949,866,1,0,"0","0"
881,1,2015-07-06,4349,619,1,0,"0","1"
882,1,2015-07-06,5959,781,1,0,"0","1"
883,1,2015-07-06,4584,493,1,0,"0","1"
884,1,2015-07-06,5946,550,1,0,"0","0"
885,1,2015-07-06,5680,758,1,0,"0","1"
886,1,2015-07-06,7246,696,1,0,"0","1"
887,1,2015-07-06,6743,571,1,0,"0","0"
888,1,2015-07-06,9576,821,1,0,"0","0"
889,1,2015-07-06,3672,429,1,0,"0","0"
890,1,2015-07-06,5363,413,1,0,"0","0"
891,1,2015-07-06,8032,1105,1,0,"0","1"
892,1,2015-07-06,7159,738,1,0,"0","0"
893,1,2015-07-06,5604,780,1,0,"0","0"
894,1,2015-07-06,7987,1014,1,0,"0","1"
895,1,2015-07-06,10624,958,1,0,"0","0"
896,1,2015-07-06,7812,1232,1,0,"0","0"
897,1,2015-07-06,2676,298,1,0,"0","0"
898,1,2015-07-06,6819,775,1,0,"0","0"
899,1,2015-07-06,5619,610,1,0,"0","0"
900,1,2015-07-06,6665,597,1,0,"0","0"
901,1,2015-07-06,7220,679,1,0,"0","0"
902,1,2015-07-06,4005,552,1,0,"0","0"
903,1,2015-07-06,12955,865,1,0,"0","0"
904,1,2015-07-06,5128,453,1,0,"0","0"
905,1,2015-07-06,7111,1116,1,0,"0","1"
906,1,2015-07-06,10860,1351,1,0,"0","0"
907,1,2015-07-06,6048,818,1,0,"0","1"
908,1,2015-07-06,3320,323,1,0,"0","0"
909,1,2015-07-06,0,0,0,0,"0","0"
910,1,2015-07-06,4962,525,1,0,"0","0"
911,1,2015-07-06,9759,944,1,0,"0","0"
912,1,2015-07-06,5506,755,1,0,"0","0"
913,1,2015-07-06,6829,985,1,0,"0","0"
914,1,2015-07-06,9356,1158,1,0,"0","0"
915,1,2015-07-06,5807,501,1,0,"0","0"
916,1,2015-07-06,5464,705,1,0,"0","1"
917,1,2015-07-06,6322,719,1,0,"0","1"
918,1,2015-07-06,5411,538,1,0,"0","0"
919,1,2015-07-06,5954,736,1,0,"0","0"
920,1,2015-07-06,5203,551,1,0,"0","0"
921,1,2015-07-06,10810,1257,1,0,"0","0"
922,1,2015-07-06,6390,630,1,0,"0","1"
923,1,2015-07-06,5680,692,1,0,"0","0"
924,1,2015-07-06,3533,367,1,0,"0","1"
925,1,2015-07-06,6350,1178,1,0,"0","0"
926,1,2015-07-06,6172,480,1,0,"0","1"
927,1,2015-07-06,6325,863,1,0,"0","1"
928,1,2015-07-06,6953,632,1,0,"0","1"
929,1,2015-07-06,5887,779,1,0,"0","0"
930,1,2015-07-06,7226,1172,1,0,"0","1"
931,1,2015-07-06,4845,593,1,0,"0","0"
932,1,2015-07-06,6273,662,1,0,"0","0"
933,1,2015-07-06,7371,932,1,0,"0","0"
934,1,2015-07-06,6690,666,1,0,"0","1"
935,1,2015-07-06,5922,647,1,0,"0","0"
936,1,2015-07-06,6401,827,1,0,"0","1"
937,1,2015-07-06,6575,554,1,0,"0","0"
938,1,2015-07-06,9654,1036,1,0,"0","0"
939,1,2015-07-06,5451,503,1,0,"0","1"
940,1,2015-07-06,8024,828,1,0,"0","0"
941,1,2015-07-06,5057,560,1,0,"0","0"
942,1,2015-07-06,5104,462,1,0,"0","0"
943,1,2015-07-06,6703,582,1,0,"0","1"
944,1,2015-07-06,6432,1036,1,0,"0","0"
945,1,2015-07-06,4372,570,1,0,"0","0"
946,1,2015-07-06,3975,526,1,0,"0","0"
947,1,2015-07-06,5981,925,1,0,"0","0"
948,1,2015-07-06,7913,2308,1,0,"0","0"
949,1,2015-07-06,5211,474,1,0,"0","0"
950,1,2015-07-06,5208,562,1,0,"0","0"
951,1,2015-07-06,7549,705,1,0,"0","1"
952,1,2015-07-06,5173,446,1,0,"0","0"
953,1,2015-07-06,4987,533,1,0,"0","0"
954,1,2015-07-06,6993,880,1,0,"0","1"
955,1,2015-07-06,4417,444,1,0,"0","1"
956,1,2015-07-06,3921,519,1,0,"0","1"
957,1,2015-07-06,8192,894,1,0,"0","0"
958,1,2015-07-06,3995,558,1,0,"0","0"
959,1,2015-07-06,7901,850,1,0,"0","0"
960,1,2015-07-06,5668,493,1,0,"0","0"
961,1,2015-07-06,6282,647,1,0,"0","1"
962,1,2015-07-06,6224,857,1,0,"0","1"
963,1,2015-07-06,10416,1017,1,0,"0","0"
964,1,2015-07-06,7475,1311,1,0,"0","0"
965,1,2015-07-06,5092,625,1,0,"0","0"
966,1,2015-07-06,5185,616,1,0,"0","1"
967,1,2015-07-06,8041,818,1,0,"0","1"
968,1,2015-07-06,8218,936,1,0,"0","0"
969,1,2015-07-06,3658,693,1,0,"0","0"
970,1,2015-07-06,3739,442,1,0,"0","0"
971,1,2015-07-06,8530,1070,1,0,"0","0"
972,1,2015-07-06,2786,367,1,0,"0","0"
973,1,2015-07-06,7104,854,1,0,"0","1"
974,1,2015-07-06,11942,1643,1,0,"0","0"
975,1,2015-07-06,7117,712,1,0,"0","1"
976,1,2015-07-06,6900,732,1,0,"0","1"
977,1,2015-07-06,3298,438,1,0,"0","0"
978,1,2015-07-06,7562,1037,1,0,"0","0"
979,1,2015-07-06,5925,661,1,0,"0","0"
980,1,2015-07-06,5703,460,1,0,"0","1"
981,1,2015-07-06,6695,689,1,0,"0","0"
982,1,2015-07-06,8106,710,1,0,"0","0"
983,1,2015-07-06,7457,1059,1,0,"0","1"
984,1,2015-07-06,4932,668,1,0,"0","1"
985,1,2015-07-06,7369,724,1,0,"0","0"
986,1,2015-07-06,5131,694,1,0,"0","1"
987,1,2015-07-06,7156,954,1,0,"0","0"
988,1,2015-07-06,5284,805,1,0,"0","0"
989,1,2015-07-06,5108,580,1,0,"0","0"
990,1,2015-07-06,5575,542,1,0,"0","0"
991,1,2015-07-06,6123,521,1,0,"0","1"
992,1,2015-07-06,5562,686,1,0,"0","1"
993,1,2015-07-06,7004,705,1,0,"0","0"
994,1,2015-07-06,4204,423,1,0,"0","1"
995,1,2015-07-06,9901,786,1,0,"0","0"
996,1,2015-07-06,6142,705,1,0,"0","0"
997,1,2015-07-06,4132,381,1,0,"0","0"
998,1,2015-07-06,4403,571,1,0,"0","0"
999,1,2015-07-06,8382,621,1,0,"0","0"
1000,1,2015-07-06,6544,625,1,0,"0","0"
1001,1,2015-07-06,5586,600,1,0,"0","0"
1002,1,2015-07-06,7092,826,1,0,"0","0"
1003,1,2015-07-06,5814,615,1,0,"0","1"
1004,1,2015-07-06,5046,465,1,0,"0","0"
1005,1,2015-07-06,6251,989,1,0,"0","1"
1006,1,2015-07-06,6844,897,1,0,"0","0"
1007,1,2015-07-06,6366,796,1,0,"0","0"
1008,1,2015-07-06,5629,749,1,0,"0","0"
1009,1,2015-07-06,4502,475,1,0,"0","0"
1010,1,2015-07-06,7964,733,1,0,"0","0"
1011,1,2015-07-06,6328,780,1,0,"0","1"
1012,1,2015-07-06,5241,490,1,0,"0","0"
1013,1,2015-07-06,3943,436,1,0,"0","1"
1014,1,2015-07-06,9279,1080,1,0,"0","1"
1015,1,2015-07-06,5701,450,1,0,"0","0"
1016,1,2015-07-06,5396,539,1,0,"0","1"
1017,1,2015-07-06,6625,975,1,0,"0","0"
1018,1,2015-07-06,10418,1279,1,0,"0","0"
1019,1,2015-07-06,6145,593,1,0,"0","0"
1020,1,2015-07-06,8302,1019,1,0,"0","0"
1021,1,2015-07-06,9750,1159,1,0,"0","0"
1022,1,2015-07-06,7557,805,1,0,"0","1"
1023,1,2015-07-06,5197,510,1,0,"0","0"
1024,1,2015-07-06,5766,759,1,0,"0","0"
1025,1,2015-07-06,7715,918,1,0,"0","0"
1026,1,2015-07-06,8054,1087,1,0,"0","1"
1027,1,2015-07-06,9260,1417,1,0,"0","0"
1028,1,2015-07-06,3786,472,1,0,"0","1"
1029,1,2015-07-06,5854,890,1,0,"0","0"
1030,1,2015-07-06,3992,319,1,0,"0","0"
1031,1,2015-07-06,4394,404,1,0,"0","1"
1032,1,2015-07-06,8978,913,1,0,"0","0"
1033,1,2015-07-06,14995,1391,1,0,"0","0"
1034,1,2015-07-06,6814,739,1,0,"0","0"
1035,1,2015-07-06,4681,603,1,0,"0","0"
1036,1,2015-07-06,4826,427,1,0,"0","1"
1037,1,2015-07-06,6880,887,1,0,"0","1"
1038,1,2015-07-06,5148,481,1,0,"0","0"
1039,1,2015-07-06,7869,998,1,0,"0","1"
1040,1,2015-07-06,8261,799,1,0,"0","1"
1041,1,2015-07-06,5477,650,1,0,"0","0"
1042,1,2015-07-06,4370,553,1,0,"0","1"
1043,1,2015-07-06,7939,1075,1,0,"0","0"
1044,1,2015-07-06,5329,775,1,0,"0","0"
1045,1,2015-07-06,11579,1400,1,0,"0","0"
1046,1,2015-07-06,8311,702,1,0,"0","0"
1047,1,2015-07-06,4298,524,1,0,"0","1"
1048,1,2015-07-06,6971,550,1,0,"0","0"
1049,1,2015-07-06,3311,598,1,0,"0","0"
1050,1,2015-07-06,6771,470,1,0,"0","0"
1051,1,2015-07-06,7378,1043,1,0,"0","0"
1052,1,2015-07-06,6431,685,1,0,"0","1"
1053,1,2015-07-06,8306,1016,1,0,"0","0"
1054,1,2015-07-06,6165,634,1,0,"0","0"
1055,1,2015-07-06,6801,901,1,0,"0","0"
1056,1,2015-07-06,3828,403,1,0,"0","0"
1057,1,2015-07-06,6095,629,1,0,"0","0"
1058,1,2015-07-06,7572,688,1,0,"0","1"
1059,1,2015-07-06,8536,1129,1,0,"0","0"
1060,1,2015-07-06,7832,836,1,0,"0","1"
1061,1,2015-07-06,6755,525,1,0,"0","0"
1062,1,2015-07-06,4911,505,1,0,"0","0"
1063,1,2015-07-06,4375,559,1,0,"0","0"
1064,1,2015-07-06,10393,1075,1,0,"0","1"
1065,1,2015-07-06,3704,458,1,0,"0","0"
1066,1,2015-07-06,9964,1011,1,0,"0","1"
1067,1,2015-07-06,5664,473,1,0,"0","0"
1068,1,2015-07-06,4080,281,1,0,"0","0"
1069,1,2015-07-06,5754,715,1,0,"0","0"
1070,1,2015-07-06,6904,806,1,0,"0","0"
1071,1,2015-07-06,7159,853,1,0,"0","0"
1072,1,2015-07-06,7066,678,1,0,"0","1"
1073,1,2015-07-06,10182,1172,1,0,"0","1"
1074,1,2015-07-06,4140,470,1,0,"0","0"
1075,1,2015-07-06,12837,1145,1,0,"0","0"
1076,1,2015-07-06,4724,668,1,0,"0","1"
1077,1,2015-07-06,4139,489,1,0,"0","1"
1078,1,2015-07-06,6609,517,1,0,"0","0"
1079,1,2015-07-06,7545,617,1,0,"0","0"
1080,1,2015-07-06,10697,873,1,0,"0","0"
1081,1,2015-07-06,6319,1085,1,0,"0","0"
1082,1,2015-07-06,6702,941,1,0,"0","0"
1083,1,2015-07-06,4925,366,1,0,"0","0"
1084,1,2015-07-06,5959,860,1,0,"0","0"
1085,1,2015-07-06,6913,748,1,0,"0","0"
1086,1,2015-07-06,4766,649,1,0,"0","0"
1087,1,2015-07-06,6304,649,1,0,"0","0"
1088,1,2015-07-06,4615,465,1,0,"0","1"
1089,1,2015-07-06,10367,1005,1,0,"0","1"
1090,1,2015-07-06,6471,819,1,0,"0","0"
1091,1,2015-07-06,8613,746,1,0,"0","0"
1092,1,2015-07-06,11635,1131,1,0,"0","0"
1093,1,2015-07-06,8563,871,1,0,"0","0"
1094,1,2015-07-06,4827,386,1,0,"0","0"
1095,1,2015-07-06,4447,678,1,0,"0","0"
1096,1,2015-07-06,5569,646,1,0,"0","1"
1097,1,2015-07-06,10156,2674,1,0,"0","0"
1098,1,2015-07-06,5616,775,1,0,"0","0"
1099,1,2015-07-06,9593,1277,1,0,"0","0"
1100,1,2015-07-06,4720,613,1,0,"0","1"
1101,1,2015-07-06,10555,1096,1,0,"0","0"
1102,1,2015-07-06,6394,675,1,0,"0","0"
1103,1,2015-07-06,4922,394,1,0,"0","0"
1104,1,2015-07-06,5105,416,1,0,"0","0"
1105,1,2015-07-06,4882,537,1,0,"0","1"
1106,1,2015-07-06,4935,604,1,0,"0","0"
1107,1,2015-07-06,4157,566,1,0,"0","0"
1108,1,2015-07-06,5981,630,1,0,"0","0"
1109,1,2015-07-06,3789,446,1,0,"0","0"
1110,1,2015-07-06,4033,485,1,0,"0","0"
1111,1,2015-07-06,4256,417,1,0,"0","1"
1112,1,2015-07-06,7841,635,1,0,"0","1"
1113,1,2015-07-06,6631,726,1,0,"0","0"
1114,1,2015-07-06,23004,3483,1,0,"0","0"
1115,1,2015-07-06,6501,453,1,0,"0","0"
1,7,2015-07-05,0,0,0,0,"0","0"
2,7,2015-07-05,0,0,0,0,"0","0"
3,7,2015-07-05,0,0,0,0,"0","0"
4,7,2015-07-05,0,0,0,0,"0","0"
5,7,2015-07-05,0,0,0,0,"0","0"
6,7,2015-07-05,0,0,0,0,"0","0"
7,7,2015-07-05,0,0,0,0,"0","0"
8,7,2015-07-05,0,0,0,0,"0","0"
9,7,2015-07-05,0,0,0,0,"0","0"
10,7,2015-07-05,0,0,0,0,"0","0"
11,7,2015-07-05,0,0,0,0,"0","0"
12,7,2015-07-05,0,0,0,0,"0","0"
13,7,2015-07-05,0,0,0,0,"0","0"
14,7,2015-07-05,0,0,0,0,"0","0"
15,7,2015-07-05,0,0,0,0,"0","0"
16,7,2015-07-05,0,0,0,0,"0","0"
17,7,2015-07-05,0,0,0,0,"0","0"
18,7,2015-07-05,0,0,0,0,"0","0"
19,7,2015-07-05,0,0,0,0,"0","0"
20,7,2015-07-05,0,0,0,0,"0","0"
21,7,2015-07-05,0,0,0,0,"0","0"
22,7,2015-07-05,0,0,0,0,"0","0"
23,7,2015-07-05,0,0,0,0,"0","0"
24,7,2015-07-05,0,0,0,0,"0","0"
25,7,2015-07-05,0,0,0,0,"0","0"
26,7,2015-07-05,0,0,0,0,"0","0"
27,7,2015-07-05,0,0,0,0,"0","0"
28,7,2015-07-05,0,0,0,0,"0","0"
29,7,2015-07-05,0,0,0,0,"0","0"
30,7,2015-07-05,0,0,0,0,"0","0"
31,7,2015-07-05,0,0,0,0,"0","0"
32,7,2015-07-05,0,0,0,0,"0","0"
33,7,2015-07-05,0,0,0,0,"0","0"
34,7,2015-07-05,0,0,0,0,"0","0"
35,7,2015-07-05,0,0,0,0,"0","0"
36,7,2015-07-05,0,0,0,0,"0","0"
37,7,2015-07-05,0,0,0,0,"0","0"
38,7,2015-07-05,0,0,0,0,"0","0"
39,7,2015-07-05,0,0,0,0,"0","0"
40,7,2015-07-05,0,0,0,0,"0","0"
41,7,2015-07-05,0,0,0,0,"0","0"
42,7,2015-07-05,0,0,0,0,"0","0"
43,7,2015-07-05,0,0,0,0,"0","0"
44,7,2015-07-05,0,0,0,0,"0","0"
45,7,2015-07-05,0,0,0,0,"0","0"
46,7,2015-07-05,0,0,0,0,"0","0"
47,7,2015-07-05,0,0,0,0,"0","0"
48,7,2015-07-05,0,0,0,0,"0","0"
49,7,2015-07-05,0,0,0,0,"0","0"
50,7,2015-07-05,0,0,0,0,"0","0"
51,7,2015-07-05,0,0,0,0,"0","0"
52,7,2015-07-05,0,0,0,0,"0","0"
53,7,2015-07-05,0,0,0,0,"0","0"
54,7,2015-07-05,0,0,0,0,"0","0"
55,7,2015-07-05,0,0,0,0,"0","0"
56,7,2015-07-05,0,0,0,0,"0","0"
57,7,2015-07-05,0,0,0,0,"0","0"
58,7,2015-07-05,0,0,0,0,"0","0"
59,7,2015-07-05,0,0,0,0,"0","0"
60,7,2015-07-05,0,0,0,0,"0","0"
61,7,2015-07-05,0,0,0,0,"0","0"
62,7,2015-07-05,0,0,0,0,"0","0"
63,7,2015-07-05,0,0,0,0,"0","0"
64,7,2015-07-05,0,0,0,0,"0","0"
65,7,2015-07-05,0,0,0,0,"0","0"
66,7,2015-07-05,0,0,0,0,"0","0"
67,7,2015-07-05,0,0,0,0,"0","0"
68,7,2015-07-05,0,0,0,0,"0","0"
69,7,2015-07-05,0,0,0,0,"0","0"
70,7,2015-07-05,0,0,0,0,"0","0"
71,7,2015-07-05,0,0,0,0,"0","0"
72,7,2015-07-05,0,0,0,0,"0","0"
73,7,2015-07-05,0,0,0,0,"0","0"
74,7,2015-07-05,0,0,0,0,"0","0"
75,7,2015-07-05,0,0,0,0,"0","0"
76,7,2015-07-05,0,0,0,0,"0","0"
77,7,2015-07-05,0,0,0,0,"0","0"
78,7,2015-07-05,0,0,0,0,"0","0"
79,7,2015-07-05,0,0,0,0,"0","0"
80,7,2015-07-05,0,0,0,0,"0","0"
81,7,2015-07-05,0,0,0,0,"0","0"
82,7,2015-07-05,0,0,0,0,"0","0"
83,7,2015-07-05,0,0,0,0,"0","0"
84,7,2015-07-05,0,0,0,0,"0","0"
85,7,2015-07-05,12070,1734,1,0,"0","0"
86,7,2015-07-05,0,0,0,0,"0","0"
87,7,2015-07-05,0,0,0,0,"0","0"
88,7,2015-07-05,0,0,0,0,"0","0"
89,7,2015-07-05,0,0,0,0,"0","0"
90,7,2015-07-05,0,0,0,0,"0","0"
91,7,2015-07-05,0,0,0,0,"0","0"
92,7,2015-07-05,0,0,0,0,"0","0"
93,7,2015-07-05,0,0,0,0,"0","0"
94,7,2015-07-05,0,0,0,0,"0","0"
95,7,2015-07-05,0,0,0,0,"0","0"
96,7,2015-07-05,0,0,0,0,"0","0"
97,7,2015-07-05,0,0,0,0,"0","0"
98,7,2015-07-05,0,0,0,0,"0","0"
99,7,2015-07-05,0,0,0,0,"0","0"
100,7,2015-07-05,0,0,0,0,"0","0"
101,7,2015-07-05,0,0,0,0,"0","0"
102,7,2015-07-05,0,0,0,0,"0","0"
103,7,2015-07-05,0,0,0,0,"0","0"
104,7,2015-07-05,0,0,0,0,"0","0"
105,7,2015-07-05,0,0,0,0,"0","0"
106,7,2015-07-05,0,0,0,0,"0","0"
107,7,2015-07-05,0,0,0,0,"0","0"
108,7,2015-07-05,0,0,0,0,"0","0"
109,7,2015-07-05,0,0,0,0,"0","0"
110,7,2015-07-05,0,0,0,0,"0","0"
111,7,2015-07-05,0,0,0,0,"0","0"
112,7,2015-07-05,0,0,0,0,"0","0"
113,7,2015-07-05,0,0,0,0,"0","0"
114,7,2015-07-05,0,0,0,0,"0","0"
115,7,2015-07-05,0,0,0,0,"0","0"
116,7,2015-07-05,0,0,0,0,"0","0"
117,7,2015-07-05,0,0,0,0,"0","0"
118,7,2015-07-05,0,0,0,0,"0","0"
119,7,2015-07-05,0,0,0,0,"0","0"
120,7,2015-07-05,0,0,0,0,"0","0"
121,7,2015-07-05,0,0,0,0,"0","0"
122,7,2015-07-05,3092,411,1,0,"0","0"
123,7,2015-07-05,0,0,0,0,"0","0"
124,7,2015-07-05,0,0,0,0,"0","0"
125,7,2015-07-05,0,0,0,0,"0","0"
126,7,2015-07-05,0,0,0,0,"0","0"
127,7,2015-07-05,0,0,0,0,"0","0"
128,7,2015-07-05,0,0,0,0,"0","0"
129,7,2015-07-05,0,0,0,0,"0","0"
130,7,2015-07-05,0,0,0,0,"0","0"
131,7,2015-07-05,0,0,0,0,"0","0"
132,7,2015-07-05,0,0,0,0,"0","0"
133,7,2015-07-05,0,0,0,0,"0","0"
134,7,2015-07-05,0,0,0,0,"0","0"
135,7,2015-07-05,0,0,0,0,"0","0"
136,7,2015-07-05,0,0,0,0,"0","0"
137,7,2015-07-05,0,0,0,0,"0","0"
138,7,2015-07-05,0,0,0,0,"0","0"
139,7,2015-07-05,0,0,0,0,"0","0"
140,7,2015-07-05,0,0,0,0,"0","0"
141,7,2015-07-05,0,0,0,0,"0","0"
142,7,2015-07-05,0,0,0,0,"0","0"
143,7,2015-07-05,0,0,0,0,"0","0"
144,7,2015-07-05,0,0,0,0,"0","0"
145,7,2015-07-05,0,0,0,0,"0","0"
146,7,2015-07-05,0,0,0,0,"0","0"
147,7,2015-07-05,0,0,0,0,"0","0"
148,7,2015-07-05,0,0,0,0,"0","0"
149,7,2015-07-05,0,0,0,0,"0","0"
150,7,2015-07-05,0,0,0,0,"0","0"
151,7,2015-07-05,0,0,0,0,"0","0"
152,7,2015-07-05,0,0,0,0,"0","0"
153,7,2015-07-05,0,0,0,0,"0","0"
154,7,2015-07-05,0,0,0,0,"0","0"
155,7,2015-07-05,0,0,0,0,"0","0"
156,7,2015-07-05,0,0,0,0,"0","0"
157,7,2015-07-05,0,0,0,0,"0","0"
158,7,2015-07-05,0,0,0,0,"0","0"
159,7,2015-07-05,0,0,0,0,"0","0"
160,7,2015-07-05,0,0,0,0,"0","0"
161,7,2015-07-05,0,0,0,0,"0","0"
162,7,2015-07-05,0,0,0,0,"0","0"
163,7,2015-07-05,0,0,0,0,"0","0"
164,7,2015-07-05,0,0,0,0,"0","0"
165,7,2015-07-05,0,0,0,0,"0","0"
166,7,2015-07-05,0,0,0,0,"0","0"
167,7,2015-07-05,0,0,0,0,"0","0"
168,7,2015-07-05,0,0,0,0,"0","0"
169,7,2015-07-05,0,0,0,0,"0","0"
170,7,2015-07-05,0,0,0,0,"0","0"
171,7,2015-07-05,0,0,0,0,"0","0"
172,7,2015-07-05,0,0,0,0,"0","0"
173,7,2015-07-05,0,0,0,0,"0","0"
174,7,2015-07-05,0,0,0,0,"0","0"
175,7,2015-07-05,0,0,0,0,"0","0"
176,7,2015-07-05,0,0,0,0,"0","0"
177,7,2015-07-05,0,0,0,0,"0","0"
178,7,2015-07-05,0,0,0,0,"0","0"
179,7,2015-07-05,0,0,0,0,"0","0"
180,7,2015-07-05,0,0,0,0,"0","0"
181,7,2015-07-05,0,0,0,0,"0","0"
182,7,2015-07-05,0,0,0,0,"0","0"
183,7,2015-07-05,0,0,0,0,"0","0"
184,7,2015-07-05,0,0,0,0,"0","0"
185,7,2015-07-05,0,0,0,0,"0","0"
186,7,2015-07-05,0,0,0,0,"0","0"
187,7,2015-07-05,0,0,0,0,"0","0"
188,7,2015-07-05,0,0,0,0,"0","0"
189,7,2015-07-05,0,0,0,0,"0","0"
190,7,2015-07-05,0,0,0,0,"0","0"
191,7,2015-07-05,0,0,0,0,"0","0"
192,7,2015-07-05,0,0,0,0,"0","0"
193,7,2015-07-05,0,0,0,0,"0","0"
194,7,2015-07-05,0,0,0,0,"0","0"
195,7,2015-07-05,0,0,0,0,"0","0"
196,7,2015-07-05,0,0,0,0,"0","0"
197,7,2015-07-05,0,0,0,0,"0","0"
198,7,2015-07-05,0,0,0,0,"0","0"
199,7,2015-07-05,0,0,0,0,"0","0"
200,7,2015-07-05,0,0,0,0,"0","0"
201,7,2015-07-05,0,0,0,0,"0","0"
202,7,2015-07-05,0,0,0,0,"0","0"
203,7,2015-07-05,0,0,0,0,"0","0"
204,7,2015-07-05,0,0,0,0,"0","0"
205,7,2015-07-05,0,0,0,0,"0","0"
206,7,2015-07-05,0,0,0,0,"0","0"
207,7,2015-07-05,0,0,0,0,"0","0"
208,7,2015-07-05,0,0,0,0,"0","0"
209,7,2015-07-05,2447,245,1,0,"0","0"
210,7,2015-07-05,0,0,0,0,"0","0"
211,7,2015-07-05,0,0,0,0,"0","0"
212,7,2015-07-05,0,0,0,0,"0","0"
213,7,2015-07-05,0,0,0,0,"0","0"
214,7,2015-07-05,0,0,0,0,"0","0"
215,7,2015-07-05,0,0,0,0,"0","0"
216,7,2015-07-05,0,0,0,0,"0","0"
217,7,2015-07-05,0,0,0,0,"0","0"
218,7,2015-07-05,0,0,0,0,"0","0"
219,7,2015-07-05,0,0,0,0,"0","0"
220,7,2015-07-05,0,0,0,0,"0","0"
221,7,2015-07-05,0,0,0,0,"0","0"
222,7,2015-07-05,0,0,0,0,"0","0"
223,7,2015-07-05,0,0,0,0,"0","0"
224,7,2015-07-05,0,0,0,0,"0","0"
225,7,2015-07-05,0,0,0,0,"0","0"
226,7,2015-07-05,0,0,0,0,"0","0"
227,7,2015-07-05,0,0,0,0,"0","0"
228,7,2015-07-05,0,0,0,0,"0","0"
229,7,2015-07-05,0,0,0,0,"0","0"
230,7,2015-07-05,0,0,0,0,"0","0"
231,7,2015-07-05,0,0,0,0,"0","0"
232,7,2015-07-05,0,0,0,0,"0","0"
233,7,2015-07-05,0,0,0,0,"0","0"
234,7,2015-07-05,0,0,0,0,"0","0"
235,7,2015-07-05,0,0,0,0,"0","0"
236,7,2015-07-05,0,0,0,0,"0","0"
237,7,2015-07-05,0,0,0,0,"0","0"
238,7,2015-07-05,0,0,0,0,"0","0"
239,7,2015-07-05,0,0,0,0,"0","0"
240,7,2015-07-05,0,0,0,0,"0","0"
241,7,2015-07-05,0,0,0,0,"0","0"
242,7,2015-07-05,0,0,0,0,"0","0"
243,7,2015-07-05,0,0,0,0,"0","0"
244,7,2015-07-05,0,0,0,0,"0","0"
245,7,2015-07-05,0,0,0,0,"0","0"
246,7,2015-07-05,0,0,0,0,"0","0"
247,7,2015-07-05,0,0,0,0,"0","0"
248,7,2015-07-05,0,0,0,0,"0","0"
249,7,2015-07-05,0,0,0,0,"0","0"
250,7,2015-07-05,0,0,0,0,"0","0"
251,7,2015-07-05,0,0,0,0,"0","0"
252,7,2015-07-05,0,0,0,0,"0","0"
253,7,2015-07-05,0,0,0,0,"0","0"
254,7,2015-07-05,0,0,0,0,"0","0"
255,7,2015-07-05,0,0,0,0,"0","0"
256,7,2015-07-05,0,0,0,0,"0","0"
257,7,2015-07-05,0,0,0,0,"0","0"
258,7,2015-07-05,0,0,0,0,"0","0"
259,7,2015-07-05,17285,3499,1,0,"0","0"
260,7,2015-07-05,0,0,0,0,"0","0"
261,7,2015-07-05,0,0,0,0,"0","0"
262,7,2015-07-05,30255,4762,1,0,"0","0"
263,7,2015-07-05,0,0,0,0,"0","0"
264,7,2015-07-05,0,0,0,0,"0","0"
265,7,2015-07-05,0,0,0,0,"0","0"
266,7,2015-07-05,0,0,0,0,"0","0"
267,7,2015-07-05,0,0,0,0,"0","0"
268,7,2015-07-05,0,0,0,0,"0","0"
269,7,2015-07-05,0,0,0,0,"0","0"
270,7,2015-07-05,0,0,0,0,"0","0"
271,7,2015-07-05,0,0,0,0,"0","0"
272,7,2015-07-05,0,0,0,0,"0","0"
273,7,2015-07-05,0,0,0,0,"0","0"
274,7,2015-07-05,7318,1678,1,0,"0","0"
275,7,2015-07-05,0,0,0,0,"0","0"
276,7,2015-07-05,0,0,0,0,"0","0"
277,7,2015-07-05,0,0,0,0,"0","0"
278,7,2015-07-05,0,0,0,0,"0","0"
279,7,2015-07-05,0,0,0,0,"0","0"
280,7,2015-07-05,0,0,0,0,"0","0"
281,7,2015-07-05,0,0,0,0,"0","0"
282,7,2015-07-05,0,0,0,0,"0","0"
283,7,2015-07-05,0,0,0,0,"0","0"
284,7,2015-07-05,0,0,0,0,"0","0"
285,7,2015-07-05,0,0,0,0,"0","0"
286,7,2015-07-05,0,0,0,0,"0","0"
287,7,2015-07-05,0,0,0,0,"0","0"
288,7,2015-07-05,0,0,0,0,"0","0"
289,7,2015-07-05,0,0,0,0,"0","0"
290,7,2015-07-05,0,0,0,0,"0","0"
291,7,2015-07-05,0,0,0,0,"0","0"
292,7,2015-07-05,0,0,0,0,"0","0"
293,7,2015-07-05,0,0,0,0,"0","0"
294,7,2015-07-05,0,0,0,0,"0","0"
295,7,2015-07-05,0,0,0,0,"0","0"
296,7,2015-07-05,0,0,0,0,"0","0"
297,7,2015-07-05,0,0,0,0,"0","0"
298,7,2015-07-05,0,0,0,0,"0","0"
299,7,2015-07-05,4715,486,1,0,"0","0"
300,7,2015-07-05,0,0,0,0,"0","0"
301,7,2015-07-05,0,0,0,0,"0","0"
302,7,2015-07-05,0,0,0,0,"0","0"
303,7,2015-07-05,0,0,0,0,"0","0"
304,7,2015-07-05,0,0,0,0,"0","0"
305,7,2015-07-05,0,0,0,0,"0","0"
306,7,2015-07-05,0,0,0,0,"0","0"
307,7,2015-07-05,0,0,0,0,"0","0"
308,7,2015-07-05,0,0,0,0,"0","0"
309,7,2015-07-05,0,0,0,0,"0","0"
310,7,2015-07-05,2403,239,1,0,"0","0"
311,7,2015-07-05,0,0,0,0,"0","0"
312,7,2015-07-05,0,0,0,0,"0","0"
313,7,2015-07-05,0,0,0,0,"0","0"
314,7,2015-07-05,0,0,0,0,"0","0"
315,7,2015-07-05,0,0,0,0,"0","0"
316,7,2015-07-05,0,0,0,0,"0","0"
317,7,2015-07-05,0,0,0,0,"0","0"
318,7,2015-07-05,0,0,0,0,"0","0"
319,7,2015-07-05,0,0,0,0,"0","0"
320,7,2015-07-05,0,0,0,0,"0","0"
321,7,2015-07-05,0,0,0,0,"0","0"
322,7,2015-07-05,0,0,0,0,"0","0"
323,7,2015-07-05,0,0,0,0,"0","0"
324,7,2015-07-05,0,0,0,0,"0","0"
325,7,2015-07-05,0,0,0,0,"0","0"
326,7,2015-07-05,0,0,0,0,"0","0"
327,7,2015-07-05,0,0,0,0,"0","0"
328,7,2015-07-05,0,0,0,0,"0","0"
329,7,2015-07-05,0,0,0,0,"0","0"
330,7,2015-07-05,0,0,0,0,"0","0"
331,7,2015-07-05,0,0,0,0,"0","0"
332,7,2015-07-05,0,0,0,0,"0","0"
333,7,2015-07-05,0,0,0,0,"0","0"
334,7,2015-07-05,0,0,0,0,"0","0"
335,7,2015-07-05,7142,1391,1,0,"0","0"
336,7,2015-07-05,0,0,0,0,"0","0"
337,7,2015-07-05,0,0,0,0,"0","0"
338,7,2015-07-05,0,0,0,0,"0","0"
339,7,2015-07-05,0,0,0,0,"0","0"
340,7,2015-07-05,0,0,0,0,"0","0"
341,7,2015-07-05,0,0,0,0,"0","0"
342,7,2015-07-05,0,0,0,0,"0","0"
343,7,2015-07-05,0,0,0,0,"0","0"
344,7,2015-07-05,0,0,0,0,"0","0"
345,7,2015-07-05,0,0,0,0,"0","0"
346,7,2015-07-05,0,0,0,0,"0","0"
347,7,2015-07-05,0,0,0,0,"0","0"
348,7,2015-07-05,0,0,0,0,"0","0"
349,7,2015-07-05,0,0,0,0,"0","0"
350,7,2015-07-05,0,0,0,0,"0","0"
351,7,2015-07-05,0,0,0,0,"0","0"
352,7,2015-07-05,0,0,0,0,"0","0"
353,7,2015-07-05,9827,2323,1,0,"0","0"
354,7,2015-07-05,0,0,0,0,"0","0"
355,7,2015-07-05,0,0,0,0,"0","0"
356,7,2015-07-05,0,0,0,0,"0","0"
357,7,2015-07-05,0,0,0,0,"0","0"
358,7,2015-07-05,0,0,0,0,"0","0"
359,7,2015-07-05,0,0,0,0,"0","0"
360,7,2015-07-05,0,0,0,0,"0","0"
361,7,2015-07-05,0,0,0,0,"0","0"
362,7,2015-07-05,0,0,0,0,"0","0"
363,7,2015-07-05,0,0,0,0,"0","0"
364,7,2015-07-05,0,0,0,0,"0","0"
365,7,2015-07-05,0,0,0,0,"0","0"
366,7,2015-07-05,0,0,0,0,"0","0"
367,7,2015-07-05,0,0,0,0,"0","0"
368,7,2015-07-05,0,0,0,0,"0","0"
369,7,2015-07-05,0,0,0,0,"0","0"
370,7,2015-07-05,0,0,0,0,"0","0"
371,7,2015-07-05,0,0,0,0,"0","0"
372,7,2015-07-05,0,0,0,0,"0","0"
373,7,2015-07-05,0,0,0,0,"0","0"
374,7,2015-07-05,0,0,0,0,"0","0"
375,7,2015-07-05,0,0,0,0,"0","0"
376,7,2015-07-05,0,0,0,0,"0","0"
377,7,2015-07-05,0,0,0,0,"0","0"
378,7,2015-07-05,0,0,0,0,"0","0"
379,7,2015-07-05,0,0,0,0,"0","0"
380,7,2015-07-05,0,0,0,0,"0","0"
381,7,2015-07-05,0,0,0,0,"0","0"
382,7,2015-07-05,0,0,0,0,"0","0"
383,7,2015-07-05,0,0,0,0,"0","0"
384,7,2015-07-05,0,0,0,0,"0","0"
385,7,2015-07-05,0,0,0,0,"0","0"
386,7,2015-07-05,0,0,0,0,"0","0"
387,7,2015-07-05,0,0,0,0,"0","0"
388,7,2015-07-05,0,0,0,0,"0","0"
389,7,2015-07-05,0,0,0,0,"0","0"
390,7,2015-07-05,0,0,0,0,"0","0"
391,7,2015-07-05,0,0,0,0,"0","0"
392,7,2015-07-05,0,0,0,0,"0","0"
393,7,2015-07-05,0,0,0,0,"0","0"
394,7,2015-07-05,0,0,0,0,"0","0"
395,7,2015-07-05,0,0,0,0,"0","0"
396,7,2015-07-05,0,0,0,0,"0","0"
397,7,2015-07-05,0,0,0,0,"0","0"
398,7,2015-07-05,0,0,0,0,"0","0"
399,7,2015-07-05,0,0,0,0,"0","0"
400,7,2015-07-05,0,0,0,0,"0","0"
401,7,2015-07-05,0,0,0,0,"0","0"
402,7,2015-07-05,0,0,0,0,"0","0"
403,7,2015-07-05,0,0,0,0,"0","0"
404,7,2015-07-05,0,0,0,0,"0","0"
405,7,2015-07-05,0,0,0,0,"0","0"
406,7,2015-07-05,0,0,0,0,"0","0"
407,7,2015-07-05,0,0,0,0,"0","0"
408,7,2015-07-05,0,0,0,0,"0","0"
409,7,2015-07-05,0,0,0,0,"0","0"
410,7,2015-07-05,0,0,0,0,"0","0"
411,7,2015-07-05,0,0,0,0,"0","0"
412,7,2015-07-05,0,0,0,0,"0","0"
413,7,2015-07-05,0,0,0,0,"0","0"
414,7,2015-07-05,0,0,0,0,"0","0"
415,7,2015-07-05,0,0,0,0,"0","0"
416,7,2015-07-05,0,0,0,0,"0","0"
417,7,2015-07-05,0,0,0,0,"0","0"
418,7,2015-07-05,0,0,0,0,"0","0"
419,7,2015-07-05,0,0,0,0,"0","0"
420,7,2015-07-05,0,0,0,0,"0","0"
421,7,2015-07-05,0,0,0,0,"0","0"
422,7,2015-07-05,0,0,0,0,"0","0"
423,7,2015-07-05,17458,2770,1,0,"0","0"
424,7,2015-07-05,0,0,0,0,"0","0"
425,7,2015-07-05,0,0,0,0,"0","0"
426,7,2015-07-05,0,0,0,0,"0","0"
427,7,2015-07-05,0,0,0,0,"0","0"
428,7,2015-07-05,0,0,0,0,"0","0"
429,7,2015-07-05,0,0,0,0,"0","0"
430,7,2015-07-05,0,0,0,0,"0","0"
431,7,2015-07-05,0,0,0,0,"0","0"
432,7,2015-07-05,0,0,0,0,"0","0"
433,7,2015-07-05,1292,177,1,0,"0","0"
434,7,2015-07-05,0,0,0,0,"0","0"
435,7,2015-07-05,0,0,0,0,"0","0"
436,7,2015-07-05,0,0,0,0,"0","0"
437,7,2015-07-05,0,0,0,0,"0","0"
438,7,2015-07-05,0,0,0,0,"0","0"
439,7,2015-07-05,0,0,0,0,"0","0"
440,7,2015-07-05,0,0,0,0,"0","0"
441,7,2015-07-05,0,0,0,0,"0","0"
442,7,2015-07-05,0,0,0,0,"0","0"
443,7,2015-07-05,0,0,0,0,"0","0"
444,7,2015-07-05,0,0,0,0,"0","0"
445,7,2015-07-05,0,0,0,0,"0","0"
446,7,2015-07-05,0,0,0,0,"0","0"
447,7,2015-07-05,0,0,0,0,"0","0"
448,7,2015-07-05,0,0,0,0,"0","0"
449,7,2015-07-05,0,0,0,0,"0","0"
450,7,2015-07-05,0,0,0,0,"0","0"
451,7,2015-07-05,0,0,0,0,"0","0"
452,7,2015-07-05,0,0,0,0,"0","0"
453,7,2015-07-05,5501,635,1,0,"0","0"
454,7,2015-07-05,0,0,0,0,"0","0"
455,7,2015-07-05,0,0,0,0,"0","0"
456,7,2015-07-05,0,0,0,0,"0","0"
457,7,2015-07-05,0,0,0,0,"0","0"
458,7,2015-07-05,0,0,0,0,"0","0"
459,7,2015-07-05,0,0,0,0,"0","0"
460,7,2015-07-05,0,0,0,0,"0","0"
461,7,2015-07-05,0,0,0,0,"0","0"
462,7,2015-07-05,0,0,0,0,"0","0"
463,7,2015-07-05,0,0,0,0,"0","0"
464,7,2015-07-05,0,0,0,0,"0","0"
465,7,2015-07-05,0,0,0,0,"0","0"
466,7,2015-07-05,0,0,0,0,"0","0"
467,7,2015-07-05,0,0,0,0,"0","0"
468,7,2015-07-05,0,0,0,0,"0","0"
469,7,2015-07-05,0,0,0,0,"0","0"
470,7,2015-07-05,0,0,0,0,"0","0"
471,7,2015-07-05,0,0,0,0,"0","0"
472,7,2015-07-05,0,0,0,0,"0","0"
473,7,2015-07-05,0,0,0,0,"0","0"
474,7,2015-07-05,0,0,0,0,"0","0"
475,7,2015-07-05,0,0,0,0,"0","0"
476,7,2015-07-05,0,0,0,0,"0","0"
477,7,2015-07-05,0,0,0,0,"0","0"
478,7,2015-07-05,0,0,0,0,"0","0"
479,7,2015-07-05,0,0,0,0,"0","0"
480,7,2015-07-05,0,0,0,0,"0","0"
481,7,2015-07-05,0,0,0,0,"0","0"
482,7,2015-07-05,0,0,0,0,"0","0"
483,7,2015-07-05,0,0,0,0,"0","0"
484,7,2015-07-05,0,0,0,0,"0","0"
485,7,2015-07-05,0,0,0,0,"0","0"
486,7,2015-07-05,0,0,0,0,"0","0"
487,7,2015-07-05,0,0,0,0,"0","0"
488,7,2015-07-05,0,0,0,0,"0","0"
489,7,2015-07-05,0,0,0,0,"0","0"
490,7,2015-07-05,0,0,0,0,"0","0"
491,7,2015-07-05,0,0,0,0,"0","0"
492,7,2015-07-05,0,0,0,0,"0","0"
493,7,2015-07-05,0,0,0,0,"0","0"
494,7,2015-07-05,7595,1175,1,0,"0","0"
495,7,2015-07-05,0,0,0,0,"0","0"
496,7,2015-07-05,0,0,0,0,"0","0"
497,7,2015-07-05,0,0,0,0,"0","0"
498,7,2015-07-05,0,0,0,0,"0","0"
499,7,2015-07-05,0,0,0,0,"0","0"
500,7,2015-07-05,0,0,0,0,"0","0"
501,7,2015-07-05,0,0,0,0,"0","0"
502,7,2015-07-05,0,0,0,0,"0","0"
503,7,2015-07-05,0,0,0,0,"0","0"
504,7,2015-07-05,0,0,0,0,"0","0"
505,7,2015-07-05,0,0,0,0,"0","0"
506,7,2015-07-05,0,0,0,0,"0","0"
507,7,2015-07-05,0,0,0,0,"0","0"
508,7,2015-07-05,0,0,0,0,"0","0"
509,7,2015-07-05,0,0,0,0,"0","0"
510,7,2015-07-05,0,0,0,0,"0","0"
511,7,2015-07-05,0,0,0,0,"0","0"
512,7,2015-07-05,9540,1904,1,0,"0","0"
513,7,2015-07-05,0,0,0,0,"0","0"
514,7,2015-07-05,0,0,0,0,"0","0"
515,7,2015-07-05,0,0,0,0,"0","0"
516,7,2015-07-05,0,0,0,0,"0","0"
517,7,2015-07-05,0,0,0,0,"0","0"
518,7,2015-07-05,0,0,0,0,"0","0"
519,7,2015-07-05,0,0,0,0,"0","0"
520,7,2015-07-05,0,0,0,0,"0","0"
521,7,2015-07-05,0,0,0,0,"0","0"
522,7,2015-07-05,0,0,0,0,"0","0"
523,7,2015-07-05,0,0,0,0,"0","0"
524,7,2015-07-05,1760,207,1,0,"0","0"
525,7,2015-07-05,0,0,0,0,"0","0"
526,7,2015-07-05,0,0,0,0,"0","0"
527,7,2015-07-05,0,0,0,0,"0","0"
528,7,2015-07-05,0,0,0,0,"0","0"
529,7,2015-07-05,0,0,0,0,"0","0"
530,7,2015-07-05,5540,985,1,0,"0","0"
531,7,2015-07-05,0,0,0,0,"0","0"
532,7,2015-07-05,0,0,0,0,"0","0"
533,7,2015-07-05,0,0,0,0,"0","0"
534,7,2015-07-05,0,0,0,0,"0","0"
535,7,2015-07-05,0,0,0,0,"0","0"
536,7,2015-07-05,0,0,0,0,"0","0"
537,7,2015-07-05,0,0,0,0,"0","0"
538,7,2015-07-05,0,0,0,0,"0","0"
539,7,2015-07-05,0,0,0,0,"0","0"
540,7,2015-07-05,0,0,0,0,"0","0"
541,7,2015-07-05,0,0,0,0,"0","0"
542,7,2015-07-05,0,0,0,0,"0","0"
543,7,2015-07-05,0,0,0,0,"0","0"
544,7,2015-07-05,0,0,0,0,"0","0"
545,7,2015-07-05,0,0,0,0,"0","0"
546,7,2015-07-05,0,0,0,0,"0","0"
547,7,2015-07-05,0,0,0,0,"0","0"
548,7,2015-07-05,0,0,0,0,"0","0"
549,7,2015-07-05,0,0,0,0,"0","0"
550,7,2015-07-05,0,0,0,0,"0","0"
551,7,2015-07-05,0,0,0,0,"0","0"
552,7,2015-07-05,0,0,0,0,"0","0"
553,7,2015-07-05,0,0,0,0,"0","0"
554,7,2015-07-05,0,0,0,0,"0","0"
555,7,2015-07-05,0,0,0,0,"0","0"
556,7,2015-07-05,0,0,0,0,"0","0"
557,7,2015-07-05,0,0,0,0,"0","0"
558,7,2015-07-05,0,0,0,0,"0","0"
559,7,2015-07-05,0,0,0,0,"0","0"
560,7,2015-07-05,0,0,0,0,"0","0"
561,7,2015-07-05,0,0,0,0,"0","0"
562,7,2015-07-05,19876,3158,1,0,"0","0"
563,7,2015-07-05,0,0,0,0,"0","0"
564,7,2015-07-05,0,0,0,0,"0","0"
565,7,2015-07-05,0,0,0,0,"0","0"
566,7,2015-07-05,0,0,0,0,"0","0"
567,7,2015-07-05,0,0,0,0,"0","0"
568,7,2015-07-05,0,0,0,0,"0","0"
569,7,2015-07-05,0,0,0,0,"0","0"
570,7,2015-07-05,0,0,0,0,"0","0"
571,7,2015-07-05,0,0,0,0,"0","0"
572,7,2015-07-05,0,0,0,0,"0","0"
573,7,2015-07-05,0,0,0,0,"0","0"
574,7,2015-07-05,0,0,0,0,"0","0"
575,7,2015-07-05,0,0,0,0,"0","0"
576,7,2015-07-05,0,0,0,0,"0","0"
577,7,2015-07-05,0,0,0,0,"0","0"
578,7,2015-07-05,4980,567,1,0,"0","0"
579,7,2015-07-05,0,0,0,0,"0","0"
580,7,2015-07-05,0,0,0,0,"0","0"
581,7,2015-07-05,0,0,0,0,"0","0"
582,7,2015-07-05,0,0,0,0,"0","0"
583,7,2015-07-05,0,0,0,0,"0","0"
584,7,2015-07-05,0,0,0,0,"0","0"
585,7,2015-07-05,0,0,0,0,"0","0"
586,7,2015-07-05,0,0,0,0,"0","0"
587,7,2015-07-05,0,0,0,0,"0","0"
588,7,2015-07-05,0,0,0,0,"0","0"
589,7,2015-07-05,0,0,0,0,"0","0"
590,7,2015-07-05,0,0,0,0,"0","0"
591,7,2015-07-05,0,0,0,0,"0","0"
592,7,2015-07-05,0,0,0,0,"0","0"
593,7,2015-07-05,0,0,0,0,"0","0"
594,7,2015-07-05,0,0,0,0,"0","0"
595,7,2015-07-05,0,0,0,0,"0","0"
596,7,2015-07-05,0,0,0,0,"0","0"
597,7,2015-07-05,0,0,0,0,"0","0"
598,7,2015-07-05,0,0,0,0,"0","0"
599,7,2015-07-05,0,0,0,0,"0","0"
600,7,2015-07-05,0,0,0,0,"0","0"
601,7,2015-07-05,0,0,0,0,"0","0"
602,7,2015-07-05,0,0,0,0,"0","0"
603,7,2015-07-05,0,0,0,0,"0","0"
604,7,2015-07-05,0,0,0,0,"0","0"
605,7,2015-07-05,0,0,0,0,"0","0"
606,7,2015-07-05,0,0,0,0,"0","0"
607,7,2015-07-05,0,0,0,0,"0","0"
608,7,2015-07-05,0,0,0,0,"0","0"
609,7,2015-07-05,0,0,0,0,"0","0"
610,7,2015-07-05,0,0,0,0,"0","0"
611,7,2015-07-05,0,0,0,0,"0","0"
612,7,2015-07-05,0,0,0,0,"0","0"
613,7,2015-07-05,0,0,0,0,"0","0"
614,7,2015-07-05,0,0,0,0,"0","0"
615,7,2015-07-05,0,0,0,0,"0","0"
616,7,2015-07-05,0,0,0,0,"0","0"
617,7,2015-07-05,0,0,0,0,"0","0"
618,7,2015-07-05,0,0,0,0,"0","0"
619,7,2015-07-05,0,0,0,0,"0","0"
620,7,2015-07-05,0,0,0,0,"0","0"
621,7,2015-07-05,0,0,0,0,"0","0"
622,7,2015-07-05,0,0,0,0,"0","0"
623,7,2015-07-05,0,0,0,0,"0","0"
624,7,2015-07-05,0,0,0,0,"0","0"
625,7,2015-07-05,0,0,0,0,"0","0"
626,7,2015-07-05,0,0,0,0,"0","0"
627,7,2015-07-05,0,0,0,0,"0","0"
628,7,2015-07-05,0,0,0,0,"0","0"
629,7,2015-07-05,0,0,0,0,"0","0"
630,7,2015-07-05,0,0,0,0,"0","0"
631,7,2015-07-05,0,0,0,0,"0","0"
632,7,2015-07-05,0,0,0,0,"0","0"
633,7,2015-07-05,0,0,0,0,"0","0"
634,7,2015-07-05,0,0,0,0,"0","0"
635,7,2015-07-05,0,0,0,0,"0","0"
636,7,2015-07-05,0,0,0,0,"0","0"
637,7,2015-07-05,0,0,0,0,"0","0"
638,7,2015-07-05,0,0,0,0,"0","0"
639,7,2015-07-05,0,0,0,0,"0","0"
640,7,2015-07-05,0,0,0,0,"0","0"
641,7,2015-07-05,0,0,0,0,"0","0"
642,7,2015-07-05,0,0,0,0,"0","0"
643,7,2015-07-05,0,0,0,0,"0","0"
644,7,2015-07-05,0,0,0,0,"0","0"
645,7,2015-07-05,0,0,0,0,"0","0"
646,7,2015-07-05,0,0,0,0,"0","0"
647,7,2015-07-05,0,0,0,0,"0","0"
648,7,2015-07-05,0,0,0,0,"0","0"
649,7,2015-07-05,0,0,0,0,"0","0"
650,7,2015-07-05,0,0,0,0,"0","0"
651,7,2015-07-05,0,0,0,0,"0","0"
652,7,2015-07-05,0,0,0,0,"0","0"
653,7,2015-07-05,0,0,0,0,"0","0"
654,7,2015-07-05,0,0,0,0,"0","0"
655,7,2015-07-05,0,0,0,0,"0","0"
656,7,2015-07-05,0,0,0,0,"0","0"
657,7,2015-07-05,0,0,0,0,"0","0"
658,7,2015-07-05,0,0,0,0,"0","0"
659,7,2015-07-05,0,0,0,0,"0","0"
660,7,2015-07-05,0,0,0,0,"0","0"
661,7,2015-07-05,0,0,0,0,"0","0"
662,7,2015-07-05,0,0,0,0,"0","0"
663,7,2015-07-05,0,0,0,0,"0","0"
664,7,2015-07-05,0,0,0,0,"0","0"
665,7,2015-07-05,0,0,0,0,"0","0"
666,7,2015-07-05,0,0,0,0,"0","0"
667,7,2015-07-05,0,0,0,0,"0","0"
668,7,2015-07-05,0,0,0,0,"0","0"
669,7,2015-07-05,0,0,0,0,"0","0"
670,7,2015-07-05,0,0,0,0,"0","0"
671,7,2015-07-05,0,0,0,0,"0","0"
672,7,2015-07-05,0,0,0,0,"0","0"
673,7,2015-07-05,0,0,0,0,"0","0"
674,7,2015-07-05,0,0,0,0,"0","0"
675,7,2015-07-05,0,0,0,0,"0","0"
676,7,2015-07-05,13229,2519,1,0,"0","0"
677,7,2015-07-05,0,0,0,0,"0","0"
678,7,2015-07-05,0,0,0,0,"0","0"
679,7,2015-07-05,0,0,0,0,"0","0"
680,7,2015-07-05,0,0,0,0,"0","0"
681,7,2015-07-05,0,0,0,0,"0","0"
682,7,2015-07-05,7361,1385,1,0,"0","0"
683,7,2015-07-05,0,0,0,0,"0","0"
684,7,2015-07-05,0,0,0,0,"0","0"
685,7,2015-07-05,0,0,0,0,"0","0"
686,7,2015-07-05,0,0,0,0,"0","0"
687,7,2015-07-05,0,0,0,0,"0","0"
688,7,2015-07-05,0,0,0,0,"0","0"
689,7,2015-07-05,0,0,0,0,"0","0"
690,7,2015-07-05,0,0,0,0,"0","0"
691,7,2015-07-05,0,0,0,0,"0","0"
692,7,2015-07-05,0,0,0,0,"0","0"
693,7,2015-07-05,0,0,0,0,"0","0"
694,7,2015-07-05,0,0,0,0,"0","0"
695,7,2015-07-05,0,0,0,0,"0","0"
696,7,2015-07-05,0,0,0,0,"0","0"
697,7,2015-07-05,0,0,0,0,"0","0"
698,7,2015-07-05,0,0,0,0,"0","0"
699,7,2015-07-05,0,0,0,0,"0","0"
700,7,2015-07-05,0,0,0,0,"0","0"
701,7,2015-07-05,0,0,0,0,"0","0"
702,7,2015-07-05,0,0,0,0,"0","0"
703,7,2015-07-05,0,0,0,0,"0","0"
704,7,2015-07-05,0,0,0,0,"0","0"
705,7,2015-07-05,0,0,0,0,"0","0"
706,7,2015-07-05,0,0,0,0,"0","0"
707,7,2015-07-05,0,0,0,0,"0","0"
708,7,2015-07-05,0,0,0,0,"0","0"
709,7,2015-07-05,0,0,0,0,"0","0"
710,7,2015-07-05,0,0,0,0,"0","0"
711,7,2015-07-05,0,0,0,0,"0","0"
712,7,2015-07-05,0,0,0,0,"0","0"
713,7,2015-07-05,0,0,0,0,"0","0"
714,7,2015-07-05,0,0,0,0,"0","0"
715,7,2015-07-05,0,0,0,0,"0","0"
716,7,2015-07-05,0,0,0,0,"0","0"
717,7,2015-07-05,0,0,0,0,"0","0"
718,7,2015-07-05,0,0,0,0,"0","0"
719,7,2015-07-05,0,0,0,0,"0","0"
720,7,2015-07-05,0,0,0,0,"0","0"
721,7,2015-07-05,0,0,0,0,"0","0"
722,7,2015-07-05,0,0,0,0,"0","0"
723,7,2015-07-05,0,0,0,0,"0","0"
724,7,2015-07-05,0,0,0,0,"0","0"
725,7,2015-07-05,0,0,0,0,"0","0"
726,7,2015-07-05,0,0,0,0,"0","0"
727,7,2015-07-05,0,0,0,0,"0","0"
728,7,2015-07-05,0,0,0,0,"0","0"
729,7,2015-07-05,0,0,0,0,"0","0"
730,7,2015-07-05,0,0,0,0,"0","0"
731,7,2015-07-05,0,0,0,0,"0","0"
732,7,2015-07-05,3855,399,1,0,"0","0"
733,7,2015-07-05,15412,3434,1,0,"0","0"
734,7,2015-07-05,0,0,0,0,"0","0"
735,7,2015-07-05,0,0,0,0,"0","0"
736,7,2015-07-05,0,0,0,0,"0","0"
737,7,2015-07-05,0,0,0,0,"0","0"
738,7,2015-07-05,0,0,0,0,"0","0"
739,7,2015-07-05,0,0,0,0,"0","0"
740,7,2015-07-05,0,0,0,0,"0","0"
741,7,2015-07-05,0,0,0,0,"0","0"
742,7,2015-07-05,0,0,0,0,"0","0"
743,7,2015-07-05,0,0,0,0,"0","0"
744,7,2015-07-05,0,0,0,0,"0","0"
745,7,2015-07-05,0,0,0,0,"0","0"
746,7,2015-07-05,0,0,0,0,"0","0"
747,7,2015-07-05,0,0,0,0,"0","0"
748,7,2015-07-05,0,0,0,0,"0","0"
749,7,2015-07-05,0,0,0,0,"0","0"
750,7,2015-07-05,0,0,0,0,"0","0"
751,7,2015-07-05,0,0,0,0,"0","0"
752,7,2015-07-05,0,0,0,0,"0","0"
753,7,2015-07-05,0,0,0,0,"0","0"
754,7,2015-07-05,0,0,0,0,"0","0"
755,7,2015-07-05,0,0,0,0,"0","0"
756,7,2015-07-05,0,0,0,0,"0","0"
757,7,2015-07-05,0,0,0,0,"0","0"
758,7,2015-07-05,0,0,0,0,"0","0"
759,7,2015-07-05,0,0,0,0,"0","0"
760,7,2015-07-05,0,0,0,0,"0","0"
761,7,2015-07-05,0,0,0,0,"0","0"
762,7,2015-07-05,0,0,0,0,"0","0"
763,7,2015-07-05,0,0,0,0,"0","0"
764,7,2015-07-05,0,0,0,0,"0","0"
765,7,2015-07-05,0,0,0,0,"0","0"
766,7,2015-07-05,0,0,0,0,"0","0"
767,7,2015-07-05,0,0,0,0,"0","0"
768,7,2015-07-05,0,0,0,0,"0","0"
769,7,2015-07-05,11731,2768,1,0,"0","0"
770,7,2015-07-05,0,0,0,0,"0","0"
771,7,2015-07-05,0,0,0,0,"0","0"
772,7,2015-07-05,0,0,0,0,"0","0"
773,7,2015-07-05,0,0,0,0,"0","0"
774,7,2015-07-05,0,0,0,0,"0","0"
775,7,2015-07-05,0,0,0,0,"0","0"
776,7,2015-07-05,0,0,0,0,"0","0"
777,7,2015-07-05,0,0,0,0,"0","0"
778,7,2015-07-05,0,0,0,0,"0","0"
779,7,2015-07-05,0,0,0,0,"0","0"
780,7,2015-07-05,0,0,0,0,"0","0"
781,7,2015-07-05,0,0,0,0,"0","0"
782,7,2015-07-05,0,0,0,0,"0","0"
783,7,2015-07-05,0,0,0,0,"0","0"
784,7,2015-07-05,0,0,0,0,"0","0"
785,7,2015-07-05,0,0,0,0,"0","0"
786,7,2015-07-05,0,0,0,0,"0","0"
787,7,2015-07-05,0,0,0,0,"0","0"
788,7,2015-07-05,0,0,0,0,"0","0"
789,7,2015-07-05,0,0,0,0,"0","0"
790,7,2015-07-05,0,0,0,0,"0","0"
791,7,2015-07-05,0,0,0,0,"0","0"
792,7,2015-07-05,0,0,0,0,"0","0"
793,7,2015-07-05,0,0,0,0,"0","0"
794,7,2015-07-05,0,0,0,0,"0","0"
795,7,2015-07-05,0,0,0,0,"0","0"
796,7,2015-07-05,0,0,0,0,"0","0"
797,7,2015-07-05,0,0,0,0,"0","0"
798,7,2015-07-05,0,0,0,0,"0","0"
799,7,2015-07-05,0,0,0,0,"0","0"
800,7,2015-07-05,0,0,0,0,"0","0"
801,7,2015-07-05,0,0,0,0,"0","0"
802,7,2015-07-05,0,0,0,0,"0","0"
803,7,2015-07-05,0,0,0,0,"0","0"
804,7,2015-07-05,0,0,0,0,"0","0"
805,7,2015-07-05,0,0,0,0,"0","0"
806,7,2015-07-05,0,0,0,0,"0","0"
807,7,2015-07-05,0,0,0,0,"0","0"
808,7,2015-07-05,0,0,0,0,"0","0"
809,7,2015-07-05,0,0,0,0,"0","0"
810,7,2015-07-05,0,0,0,0,"0","0"
811,7,2015-07-05,0,0,0,0,"0","0"
812,7,2015-07-05,0,0,0,0,"0","0"
813,7,2015-07-05,0,0,0,0,"0","0"
814,7,2015-07-05,0,0,0,0,"0","0"
815,7,2015-07-05,0,0,0,0,"0","0"
816,7,2015-07-05,0,0,0,0,"0","0"
817,7,2015-07-05,0,0,0,0,"0","0"
818,7,2015-07-05,0,0,0,0,"0","0"
819,7,2015-07-05,0,0,0,0,"0","0"
820,7,2015-07-05,0,0,0,0,"0","0"
821,7,2015-07-05,0,0,0,0,"0","0"
822,7,2015-07-05,0,0,0,0,"0","0"
823,7,2015-07-05,0,0,0,0,"0","0"
824,7,2015-07-05,0,0,0,0,"0","0"
825,7,2015-07-05,0,0,0,0,"0","0"
826,7,2015-07-05,0,0,0,0,"0","0"
827,7,2015-07-05,0,0,0,0,"0","0"
828,7,2015-07-05,0,0,0,0,"0","0"
829,7,2015-07-05,0,0,0,0,"0","0"
830,7,2015-07-05,0,0,0,0,"0","0"
831,7,2015-07-05,0,0,0,0,"0","0"
832,7,2015-07-05,0,0,0,0,"0","0"
833,7,2015-07-05,0,0,0,0,"0","0"
834,7,2015-07-05,0,0,0,0,"0","0"
835,7,2015-07-05,0,0,0,0,"0","0"
836,7,2015-07-05,0,0,0,0,"0","0"
837,7,2015-07-05,0,0,0,0,"0","0"
838,7,2015-07-05,0,0,0,0,"0","0"
839,7,2015-07-05,0,0,0,0,"0","0"
840,7,2015-07-05,0,0,0,0,"0","0"
841,7,2015-07-05,0,0,0,0,"0","0"
842,7,2015-07-05,0,0,0,0,"0","0"
843,7,2015-07-05,0,0,0,0,"0","0"
844,7,2015-07-05,0,0,0,0,"0","0"
845,7,2015-07-05,0,0,0,0,"0","0"
846,7,2015-07-05,0,0,0,0,"0","0"
847,7,2015-07-05,0,0,0,0,"0","0"
848,7,2015-07-05,0,0,0,0,"0","0"
849,7,2015-07-05,0,0,0,0,"0","0"
850,7,2015-07-05,0,0,0,0,"0","0"
851,7,2015-07-05,0,0,0,0,"0","0"
852,7,2015-07-05,0,0,0,0,"0","0"
853,7,2015-07-05,0,0,0,0,"0","0"
854,7,2015-07-05,0,0,0,0,"0","0"
855,7,2015-07-05,0,0,0,0,"0","0"
856,7,2015-07-05,0,0,0,0,"0","0"
857,7,2015-07-05,0,0,0,0,"0","0"
858,7,2015-07-05,0,0,0,0,"0","0"
859,7,2015-07-05,0,0,0,0,"0","0"
860,7,2015-07-05,0,0,0,0,"0","0"
861,7,2015-07-05,0,0,0,0,"0","0"
862,7,2015-07-05,0,0,0,0,"0","0"
863,7,2015-07-05,2616,331,1,0,"0","0"
864,7,2015-07-05,0,0,0,0,"0","0"
865,7,2015-07-05,0,0,0,0,"0","0"
866,7,2015-07-05,0,0,0,0,"0","0"
867,7,2015-07-05,2548,251,1,0,"0","0"
868,7,2015-07-05,0,0,0,0,"0","0"
869,7,2015-07-05,0,0,0,0,"0","0"
870,7,2015-07-05,0,0,0,0,"0","0"
871,7,2015-07-05,0,0,0,0,"0","0"
872,7,2015-07-05,0,0,0,0,"0","0"
873,7,2015-07-05,0,0,0,0,"0","0"
874,7,2015-07-05,0,0,0,0,"0","0"
875,7,2015-07-05,0,0,0,0,"0","0"
876,7,2015-07-05,0,0,0,0,"0","0"
877,7,2015-07-05,1845,338,1,0,"0","0"
878,7,2015-07-05,0,0,0,0,"0","0"
879,7,2015-07-05,0,0,0,0,"0","0"
880,7,2015-07-05,0,0,0,0,"0","0"
881,7,2015-07-05,0,0,0,0,"0","0"
882,7,2015-07-05,0,0,0,0,"0","0"
883,7,2015-07-05,0,0,0,0,"0","0"
884,7,2015-07-05,0,0,0,0,"0","0"
885,7,2015-07-05,0,0,0,0,"0","0"
886,7,2015-07-05,0,0,0,0,"0","0"
887,7,2015-07-05,0,0,0,0,"0","0"
888,7,2015-07-05,0,0,0,0,"0","0"
889,7,2015-07-05,0,0,0,0,"0","0"
890,7,2015-07-05,0,0,0,0,"0","0"
891,7,2015-07-05,0,0,0,0,"0","0"
892,7,2015-07-05,0,0,0,0,"0","0"
893,7,2015-07-05,0,0,0,0,"0","0"
894,7,2015-07-05,0,0,0,0,"0","0"
895,7,2015-07-05,0,0,0,0,"0","0"
896,7,2015-07-05,0,0,0,0,"0","0"
897,7,2015-07-05,0,0,0,0,"0","0"
898,7,2015-07-05,0,0,0,0,"0","0"
899,7,2015-07-05,0,0,0,0,"0","0"
900,7,2015-07-05,0,0,0,0,"0","0"
901,7,2015-07-05,0,0,0,0,"0","0"
902,7,2015-07-05,0,0,0,0,"0","0"
903,7,2015-07-05,0,0,0,0,"0","0"
904,7,2015-07-05,0,0,0,0,"0","0"
905,7,2015-07-05,0,0,0,0,"0","0"
906,7,2015-07-05,0,0,0,0,"0","0"
907,7,2015-07-05,0,0,0,0,"0","0"
908,7,2015-07-05,0,0,0,0,"0","0"
909,7,2015-07-05,0,0,0,0,"0","0"
910,7,2015-07-05,0,0,0,0,"0","0"
911,7,2015-07-05,0,0,0,0,"0","0"
912,7,2015-07-05,0,0,0,0,"0","0"
913,7,2015-07-05,0,0,0,0,"0","0"
914,7,2015-07-05,0,0,0,0,"0","0"
915,7,2015-07-05,0,0,0,0,"0","0"
916,7,2015-07-05,0,0,0,0,"0","0"
917,7,2015-07-05,0,0,0,0,"0","0"
918,7,2015-07-05,0,0,0,0,"0","0"
919,7,2015-07-05,0,0,0,0,"0","0"
920,7,2015-07-05,0,0,0,0,"0","0"
921,7,2015-07-05,0,0,0,0,"0","0"
922,7,2015-07-05,0,0,0,0,"0","0"
923,7,2015-07-05,0,0,0,0,"0","0"
924,7,2015-07-05,0,0,0,0,"0","0"
925,7,2015-07-05,0,0,0,0,"0","0"
926,7,2015-07-05,0,0,0,0,"0","0"
927,7,2015-07-05,0,0,0,0,"0","0"
928,7,2015-07-05,0,0,0,0,"0","0"
929,7,2015-07-05,0,0,0,0,"0","0"
930,7,2015-07-05,0,0,0,0,"0","0"
931,7,2015-07-05,2474,378,1,0,"0","0"
932,7,2015-07-05,0,0,0,0,"0","0"
933,7,2015-07-05,0,0,0,0,"0","0"
934,7,2015-07-05,0,0,0,0,"0","0"
935,7,2015-07-05,0,0,0,0,"0","0"
936,7,2015-07-05,0,0,0,0,"0","0"
937,7,2015-07-05,0,0,0,0,"0","0"
938,7,2015-07-05,0,0,0,0,"0","0"
939,7,2015-07-05,0,0,0,0,"0","0"
940,7,2015-07-05,0,0,0,0,"0","0"
941,7,2015-07-05,0,0,0,0,"0","0"
942,7,2015-07-05,0,0,0,0,"0","0"
943,7,2015-07-05,0,0,0,0,"0","0"
944,7,2015-07-05,0,0,0,0,"0","0"
945,7,2015-07-05,0,0,0,0,"0","0"
946,7,2015-07-05,0,0,0,0,"0","0"
947,7,2015-07-05,0,0,0,0,"0","0"
948,7,2015-07-05,11070,2372,1,0,"0","0"
949,7,2015-07-05,0,0,0,0,"0","0"
950,7,2015-07-05,0,0,0,0,"0","0"
951,7,2015-07-05,0,0,0,0,"0","0"
952,7,2015-07-05,0,0,0,0,"0","0"
953,7,2015-07-05,0,0,0,0,"0","0"
954,7,2015-07-05,0,0,0,0,"0","0"
955,7,2015-07-05,0,0,0,0,"0","0"
956,7,2015-07-05,0,0,0,0,"0","0"
957,7,2015-07-05,0,0,0,0,"0","0"
958,7,2015-07-05,0,0,0,0,"0","0"
959,7,2015-07-05,0,0,0,0,"0","0"
960,7,2015-07-05,0,0,0,0,"0","0"
961,7,2015-07-05,0,0,0,0,"0","0"
962,7,2015-07-05,0,0,0,0,"0","0"
963,7,2015-07-05,0,0,0,0,"0","0"
964,7,2015-07-05,0,0,0,0,"0","0"
965,7,2015-07-05,0,0,0,0,"0","0"
966,7,2015-07-05,0,0,0,0,"0","0"
967,7,2015-07-05,0,0,0,0,"0","0"
968,7,2015-07-05,0,0,0,0,"0","0"
969,7,2015-07-05,0,0,0,0,"0","0"
970,7,2015-07-05,0,0,0,0,"0","0"
971,7,2015-07-05,0,0,0,0,"0","0"
972,7,2015-07-05,0,0,0,0,"0","0"
973,7,2015-07-05,0,0,0,0,"0","0"
974,7,2015-07-05,0,0,0,0,"0","0"
975,7,2015-07-05,0,0,0,0,"0","0"
976,7,2015-07-05,0,0,0,0,"0","0"
977,7,2015-07-05,0,0,0,0,"0","0"
978,7,2015-07-05,0,0,0,0,"0","0"
979,7,2015-07-05,0,0,0,0,"0","0"
980,7,2015-07-05,0,0,0,0,"0","0"
981,7,2015-07-05,0,0,0,0,"0","0"
982,7,2015-07-05,0,0,0,0,"0","0"
983,7,2015-07-05,0,0,0,0,"0","0"
984,7,2015-07-05,0,0,0,0,"0","0"
985,7,2015-07-05,0,0,0,0,"0","0"
986,7,2015-07-05,0,0,0,0,"0","0"
987,7,2015-07-05,0,0,0,0,"0","0"
988,7,2015-07-05,0,0,0,0,"0","0"
989,7,2015-07-05,0,0,0,0,"0","0"
990,7,2015-07-05,0,0,0,0,"0","0"
991,7,2015-07-05,0,0,0,0,"0","0"
992,7,2015-07-05,0,0,0,0,"0","0"
993,7,2015-07-05,0,0,0,0,"0","0"
994,7,2015-07-05,0,0,0,0,"0","0"
995,7,2015-07-05,0,0,0,0,"0","0"
996,7,2015-07-05,0,0,0,0,"0","0"
997,7,2015-07-05,0,0,0,0,"0","0"
998,7,2015-07-05,0,0,0,0,"0","0"
999,7,2015-07-05,0,0,0,0,"0","0"
1000,7,2015-07-05,0,0,0,0,"0","0"
1001,7,2015-07-05,0,0,0,0,"0","0"
1002,7,2015-07-05,0,0,0,0,"0","0"
1003,7,2015-07-05,0,0,0,0,"0","0"
1004,7,2015-07-05,0,0,0,0,"0","0"
1005,7,2015-07-05,0,0,0,0,"0","0"
1006,7,2015-07-05,0,0,0,0,"0","0"
1007,7,2015-07-05,0,0,0,0,"0","0"
1008,7,2015-07-05,0,0,0,0,"0","0"
1009,7,2015-07-05,0,0,0,0,"0","0"
1010,7,2015-07-05,0,0,0,0,"0","0"
1011,7,2015-07-05,0,0,0,0,"0","0"
1012,7,2015-07-05,0,0,0,0,"0","0"
1013,7,2015-07-05,0,0,0,0,"0","0"
1014,7,2015-07-05,0,0,0,0,"0","0"
1015,7,2015-07-05,0,0,0,0,"0","0"
1016,7,2015-07-05,0,0,0,0,"0","0"
1017,7,2015-07-05,0,0,0,0,"0","0"
1018,7,2015-07-05,0,0,0,0,"0","0"
1019,7,2015-07-05,0,0,0,0,"0","0"
1020,7,2015-07-05,0,0,0,0,"0","0"
1021,7,2015-07-05,0,0,0,0,"0","0"
1022,7,2015-07-05,0,0,0,0,"0","0"
1023,7,2015-07-05,0,0,0,0,"0","0"
1024,7,2015-07-05,0,0,0,0,"0","0"
1025,7,2015-07-05,0,0,0,0,"0","0"
1026,7,2015-07-05,0,0,0,0,"0","0"
1027,7,2015-07-05,0,0,0,0,"0","0"
1028,7,2015-07-05,0,0,0,0,"0","0"
1029,7,2015-07-05,0,0,0,0,"0","0"
1030,7,2015-07-05,0,0,0,0,"0","0"
1031,7,2015-07-05,0,0,0,0,"0","0"
1032,7,2015-07-05,0,0,0,0,"0","0"
1033,7,2015-07-05,0,0,0,0,"0","0"
1034,7,2015-07-05,0,0,0,0,"0","0"
1035,7,2015-07-05,0,0,0,0,"0","0"
1036,7,2015-07-05,0,0,0,0,"0","0"
1037,7,2015-07-05,0,0,0,0,"0","0"
1038,7,2015-07-05,0,0,0,0,"0","0"
1039,7,2015-07-05,0,0,0,0,"0","0"
1040,7,2015-07-05,0,0,0,0,"0","0"
1041,7,2015-07-05,0,0,0,0,"0","0"
1042,7,2015-07-05,0,0,0,0,"0","0"
1043,7,2015-07-05,0,0,0,0,"0","0"
1044,7,2015-07-05,0,0,0,0,"0","0"
1045,7,2015-07-05,3239,484,1,0,"0","0"
1046,7,2015-07-05,0,0,0,0,"0","0"
1047,7,2015-07-05,0,0,0,0,"0","0"
1048,7,2015-07-05,0,0,0,0,"0","0"
1049,7,2015-07-05,0,0,0,0,"0","0"
1050,7,2015-07-05,0,0,0,0,"0","0"
1051,7,2015-07-05,0,0,0,0,"0","0"
1052,7,2015-07-05,0,0,0,0,"0","0"
1053,7,2015-07-05,0,0,0,0,"0","0"
1054,7,2015-07-05,0,0,0,0,"0","0"
1055,7,2015-07-05,0,0,0,0,"0","0"
1056,7,2015-07-05,0,0,0,0,"0","0"
1057,7,2015-07-05,0,0,0,0,"0","0"
1058,7,2015-07-05,0,0,0,0,"0","0"
1059,7,2015-07-05,0,0,0,0,"0","0"
1060,7,2015-07-05,0,0,0,0,"0","0"
1061,7,2015-07-05,0,0,0,0,"0","0"
1062,7,2015-07-05,0,0,0,0,"0","0"
1063,7,2015-07-05,0,0,0,0,"0","0"
1064,7,2015-07-05,0,0,0,0,"0","0"
1065,7,2015-07-05,0,0,0,0,"0","0"
1066,7,2015-07-05,0,0,0,0,"0","0"
1067,7,2015-07-05,0,0,0,0,"0","0"
1068,7,2015-07-05,0,0,0,0,"0","0"
1069,7,2015-07-05,0,0,0,0,"0","0"
1070,7,2015-07-05,0,0,0,0,"0","0"
1071,7,2015-07-05,0,0,0,0,"0","0"
1072,7,2015-07-05,0,0,0,0,"0","0"
1073,7,2015-07-05,0,0,0,0,"0","0"
1074,7,2015-07-05,0,0,0,0,"0","0"
1075,7,2015-07-05,0,0,0,0,"0","0"
1076,7,2015-07-05,0,0,0,0,"0","0"
1077,7,2015-07-05,0,0,0,0,"0","0"
1078,7,2015-07-05,0,0,0,0,"0","0"
1079,7,2015-07-05,0,0,0,0,"0","0"
1080,7,2015-07-05,0,0,0,0,"0","0"
1081,7,2015-07-05,5264,994,1,0,"0","0"
1082,7,2015-07-05,0,0,0,0,"0","0"
1083,7,2015-07-05,0,0,0,0,"0","0"
1084,7,2015-07-05,0,0,0,0,"0","0"
1085,7,2015-07-05,0,0,0,0,"0","0"
1086,7,2015-07-05,0,0,0,0,"0","0"
1087,7,2015-07-05,0,0,0,0,"0","0"
1088,7,2015-07-05,0,0,0,0,"0","0"
1089,7,2015-07-05,0,0,0,0,"0","0"
1090,7,2015-07-05,0,0,0,0,"0","0"
1091,7,2015-07-05,0,0,0,0,"0","0"
1092,7,2015-07-05,0,0,0,0,"0","0"
1093,7,2015-07-05,0,0,0,0,"0","0"
1094,7,2015-07-05,0,0,0,0,"0","0"
1095,7,2015-07-05,0,0,0,0,"0","0"
1096,7,2015-07-05,0,0,0,0,"0","0"
1097,7,2015-07-05,14188,3116,1,0,"0","0"
1098,7,2015-07-05,0,0,0,0,"0","0"
1099,7,2015-07-05,4320,642,1,0,"0","0"
1100,7,2015-07-05,0,0,0,0,"0","0"
1101,7,2015-07-05,0,0,0,0,"0","0"
1102,7,2015-07-05,0,0,0,0,"0","0"
1103,7,2015-07-05,0,0,0,0,"0","0"
1104,7,2015-07-05,0,0,0,0,"0","0"
1105,7,2015-07-05,0,0,0,0,"0","0"
1106,7,2015-07-05,0,0,0,0,"0","0"
1107,7,2015-07-05,0,0,0,0,"0","0"
1108,7,2015-07-05,0,0,0,0,"0","0"
1109,7,2015-07-05,0,0,0,0,"0","0"
1110,7,2015-07-05,0,0,0,0,"0","0"
1111,7,2015-07-05,0,0,0,0,"0","0"
1112,7,2015-07-05,0,0,0,0,"0","0"
1113,7,2015-07-05,0,0,0,0,"0","0"
1114,7,2015-07-05,0,0,0,0,"0","0"
1115,7,2015-07-05,0,0,0,0,"0","0"
1,6,2015-07-04,4797,560,1,0,"0","0"
2,6,2015-07-04,4475,1147,1,0,"0","0"
3,6,2015-07-04,4482,456,1,0,"0","0"
4,6,2015-07-04,9358,1257,1,0,"0","0"
5,6,2015-07-04,2240,225,1,0,"0","0"
6,6,2015-07-04,2979,315,1,0,"0","0"
7,6,2015-07-04,6559,723,1,0,"0","0"
8,6,2015-07-04,3418,428,1,0,"0","0"
9,6,2015-07-04,6223,538,1,0,"0","0"
10,6,2015-07-04,5120,521,1,0,"0","0"
11,6,2015-07-04,5372,812,1,0,"0","0"
12,6,2015-07-04,5119,659,1,0,"0","0"
13,6,2015-07-04,3906,302,1,0,"0","0"
14,6,2015-07-04,3649,408,1,0,"0","0"
15,6,2015-07-04,5388,588,1,0,"0","0"
16,6,2015-07-04,5054,539,1,0,"0","0"
17,6,2015-07-04,2592,320,1,0,"0","0"
18,6,2015-07-04,5001,527,1,0,"0","0"
19,6,2015-07-04,4013,371,1,0,"0","0"
20,6,2015-07-04,5383,502,1,0,"0","0"
21,6,2015-07-04,4734,452,1,0,"0","0"
22,6,2015-07-04,3188,340,1,0,"0","0"
23,6,2015-07-04,3810,357,1,0,"0","0"
24,6,2015-07-04,6454,564,1,0,"0","0"
25,6,2015-07-04,8243,1107,1,0,"0","0"
26,6,2015-07-04,5313,462,1,0,"0","0"
27,6,2015-07-04,5233,604,1,0,"0","0"
28,6,2015-07-04,1891,215,1,0,"0","0"
29,6,2015-07-04,6228,594,1,0,"0","0"
30,6,2015-07-04,2919,437,1,0,"0","0"
31,6,2015-07-04,5342,530,1,0,"0","0"
32,6,2015-07-04,2805,329,1,0,"0","0"
33,6,2015-07-04,7914,763,1,0,"0","0"
34,6,2015-07-04,7511,878,1,0,"0","0"
35,6,2015-07-04,8089,582,1,0,"0","0"
36,6,2015-07-04,9217,1047,1,0,"0","0"
37,6,2015-07-04,5594,615,1,0,"0","0"
38,6,2015-07-04,6061,524,1,0,"0","0"
39,6,2015-07-04,3203,411,1,0,"0","0"
40,6,2015-07-04,3634,474,1,0,"0","0"
41,6,2015-07-04,5994,428,1,0,"0","0"
42,6,2015-07-04,6597,785,1,0,"0","0"
43,6,2015-07-04,4167,384,1,0,"0","0"
44,6,2015-07-04,3490,390,1,0,"0","0"
45,6,2015-07-04,5752,442,1,0,"0","0"
46,6,2015-07-04,4085,573,1,0,"0","0"
47,6,2015-07-04,4607,612,1,0,"0","0"
48,6,2015-07-04,2478,261,1,0,"0","0"
49,6,2015-07-04,7578,562,1,0,"0","0"
50,6,2015-07-04,4186,339,1,0,"0","0"
51,6,2015-07-04,8353,567,1,0,"0","0"
52,6,2015-07-04,5968,422,1,0,"0","0"
53,6,2015-07-04,3485,387,1,0,"0","0"
54,6,2015-07-04,7520,707,1,0,"0","0"
55,6,2015-07-04,3066,362,1,0,"0","0"
56,6,2015-07-04,8701,630,1,0,"0","0"
57,6,2015-07-04,5324,555,1,0,"0","0"
58,6,2015-07-04,5321,454,1,0,"0","0"
59,6,2015-07-04,2148,247,1,0,"0","0"
60,6,2015-07-04,5341,445,1,0,"0","0"
61,6,2015-07-04,4417,570,1,0,"0","0"
62,6,2015-07-04,3747,412,1,0,"0","0"
63,6,2015-07-04,8096,741,1,0,"0","0"
64,6,2015-07-04,10482,823,1,0,"0","0"
65,6,2015-07-04,3717,295,1,0,"0","0"
66,6,2015-07-04,6378,548,1,0,"0","0"
67,6,2015-07-04,4825,485,1,0,"0","0"
68,6,2015-07-04,7653,1121,1,0,"0","0"
69,6,2015-07-04,6638,843,1,0,"0","0"
70,6,2015-07-04,5321,529,1,0,"0","0"
71,6,2015-07-04,6548,540,1,0,"0","0"
72,6,2015-07-04,2515,271,1,0,"0","0"
73,6,2015-07-04,2673,250,1,0,"0","0"
74,6,2015-07-04,3739,546,1,0,"0","0"
75,6,2015-07-04,6055,673,1,0,"0","0"
76,6,2015-07-04,8616,875,1,0,"0","0"
77,6,2015-07-04,6791,598,1,0,"0","0"
78,6,2015-07-04,2290,320,1,0,"0","0"
79,6,2015-07-04,4127,410,1,0,"0","0"
80,6,2015-07-04,7731,635,1,0,"0","0"
81,6,2015-07-04,7999,641,1,0,"0","0"
82,6,2015-07-04,5523,503,1,0,"0","0"
83,6,2015-07-04,3455,301,1,0,"0","0"
84,6,2015-07-04,10903,1110,1,0,"0","0"
85,6,2015-07-04,5347,790,1,0,"0","0"
86,6,2015-07-04,2683,374,1,0,"0","0"
87,6,2015-07-04,4695,601,1,0,"0","0"
88,6,2015-07-04,2508,226,1,0,"0","0"
89,6,2015-07-04,4350,451,1,0,"0","0"
90,6,2015-07-04,5983,774,1,0,"0","0"
91,6,2015-07-04,3371,359,1,0,"0","0"
92,6,2015-07-04,5037,480,1,0,"0","0"
93,6,2015-07-04,3180,298,1,0,"0","0"
94,6,2015-07-04,5839,493,1,0,"0","0"
95,6,2015-07-04,3935,393,1,0,"0","0"
96,6,2015-07-04,1975,207,1,0,"0","0"
97,6,2015-07-04,4355,437,1,0,"0","0"
98,6,2015-07-04,5170,439,1,0,"0","0"
99,6,2015-07-04,5546,502,1,0,"0","0"
100,6,2015-07-04,7596,652,1,0,"0","0"
101,6,2015-07-04,6413,716,1,0,"0","0"
102,6,2015-07-04,4712,682,1,0,"0","0"
103,6,2015-07-04,4752,415,1,0,"0","0"
104,6,2015-07-04,10333,1359,1,0,"0","0"
105,6,2015-07-04,3861,374,1,0,"0","0"
106,6,2015-07-04,6488,587,1,0,"0","0"
107,6,2015-07-04,7995,1060,1,0,"0","0"
108,6,2015-07-04,11174,857,1,0,"0","0"
109,6,2015-07-04,5761,660,1,0,"0","0"
110,6,2015-07-04,3312,388,1,0,"0","0"
111,6,2015-07-04,6626,582,1,0,"0","0"
112,6,2015-07-04,6229,710,1,0,"0","0"
113,6,2015-07-04,6868,655,1,0,"0","0"
114,6,2015-07-04,3755,449,1,0,"0","0"
115,6,2015-07-04,10654,744,1,0,"0","0"
116,6,2015-07-04,6185,604,1,0,"0","0"
117,6,2015-07-04,2476,300,1,0,"0","0"
118,6,2015-07-04,7671,699,1,0,"0","0"
119,6,2015-07-04,5222,554,1,0,"0","0"
120,6,2015-07-04,5437,487,1,0,"0","0"
121,6,2015-07-04,2290,214,1,0,"0","0"
122,6,2015-07-04,7563,888,1,0,"0","0"
123,6,2015-07-04,3397,443,1,0,"0","0"
124,6,2015-07-04,2668,323,1,0,"0","0"
125,6,2015-07-04,7395,980,1,0,"0","0"
126,6,2015-07-04,4464,397,1,0,"0","0"
127,6,2015-07-04,4306,614,1,0,"0","0"
128,6,2015-07-04,7316,583,1,0,"0","0"
129,6,2015-07-04,6476,882,1,0,"0","0"
130,6,2015-07-04,4601,496,1,0,"0","0"
131,6,2015-07-04,4432,474,1,0,"0","0"
132,6,2015-07-04,7140,700,1,0,"0","0"
133,6,2015-07-04,3010,323,1,0,"0","0"
134,6,2015-07-04,3389,328,1,0,"0","0"
135,6,2015-07-04,5761,550,1,0,"0","0"
136,6,2015-07-04,4747,371,1,0,"0","0"
137,6,2015-07-04,6436,728,1,0,"0","0"
138,6,2015-07-04,3635,300,1,0,"0","0"
139,6,2015-07-04,4460,346,1,0,"0","0"
140,6,2015-07-04,5411,703,1,0,"0","0"
141,6,2015-07-04,4046,467,1,0,"0","0"
142,6,2015-07-04,2934,380,1,0,"0","0"
143,6,2015-07-04,5270,495,1,0,"0","0"
144,6,2015-07-04,5952,571,1,0,"0","0"
145,6,2015-07-04,5630,867,1,0,"0","0"
146,6,2015-07-04,7554,668,1,0,"0","0"
147,6,2015-07-04,7736,759,1,0,"0","0"
148,6,2015-07-04,7708,707,1,0,"0","0"
149,6,2015-07-04,3118,338,1,0,"0","0"
150,6,2015-07-04,6873,657,1,0,"0","0"
151,6,2015-07-04,5614,572,1,0,"0","0"
152,6,2015-07-04,3117,394,1,0,"0","0"
153,6,2015-07-04,3319,334,1,0,"0","0"
154,6,2015-07-04,7209,649,1,0,"0","0"
155,6,2015-07-04,5834,634,1,0,"0","0"
156,6,2015-07-04,3132,340,1,0,"0","0"
157,6,2015-07-04,7210,651,1,0,"0","0"
158,6,2015-07-04,8712,582,1,0,"0","0"
159,6,2015-07-04,6931,665,1,0,"0","0"
160,6,2015-07-04,4707,501,1,0,"0","0"
161,6,2015-07-04,6360,653,1,0,"0","0"
162,6,2015-07-04,7059,533,1,0,"0","0"
163,6,2015-07-04,5703,662,1,0,"0","0"
164,6,2015-07-04,4297,471,1,0,"0","0"
165,6,2015-07-04,2680,285,1,0,"0","0"
166,6,2015-07-04,4636,749,1,0,"0","0"
167,6,2015-07-04,4494,563,1,0,"0","0"
168,6,2015-07-04,5203,469,1,0,"0","0"
169,6,2015-07-04,4839,476,1,0,"0","0"
170,6,2015-07-04,2678,316,1,0,"0","0"
171,6,2015-07-04,5482,582,1,0,"0","0"
172,6,2015-07-04,6530,812,1,0,"0","0"
173,6,2015-07-04,5601,703,1,0,"0","0"
174,6,2015-07-04,6883,571,1,0,"0","0"
175,6,2015-07-04,5846,716,1,0,"0","0"
176,6,2015-07-04,2755,343,1,0,"0","0"
177,6,2015-07-04,2290,240,1,0,"0","0"
178,6,2015-07-04,6718,621,1,0,"0","0"
179,6,2015-07-04,5009,710,1,0,"0","0"
180,6,2015-07-04,6107,763,1,0,"0","0"
181,6,2015-07-04,3263,327,1,0,"0","0"
182,6,2015-07-04,6006,439,1,0,"0","0"
183,6,2015-07-04,3952,474,1,0,"0","0"
184,6,2015-07-04,5130,453,1,0,"0","0"
185,6,2015-07-04,5241,489,1,0,"0","0"
186,6,2015-07-04,3704,394,1,0,"0","0"
187,6,2015-07-04,4085,515,1,0,"0","0"
188,6,2015-07-04,4079,392,1,0,"0","0"
189,6,2015-07-04,6800,680,1,0,"0","0"
190,6,2015-07-04,6206,550,1,0,"0","0"
191,6,2015-07-04,7407,678,1,0,"0","0"
192,6,2015-07-04,13662,978,1,0,"0","0"
193,6,2015-07-04,4012,615,1,0,"0","0"
194,6,2015-07-04,4571,444,1,0,"0","0"
195,6,2015-07-04,9300,1091,1,0,"0","0"
196,6,2015-07-04,3905,523,1,0,"0","0"
197,6,2015-07-04,4740,572,1,0,"0","0"
198,6,2015-07-04,1225,133,1,0,"0","0"
199,6,2015-07-04,7830,639,1,0,"0","0"
200,6,2015-07-04,6123,745,1,0,"0","0"
201,6,2015-07-04,5304,469,1,0,"0","0"
202,6,2015-07-04,5765,495,1,0,"0","0"
203,6,2015-07-04,5258,656,1,0,"0","0"
204,6,2015-07-04,4623,409,1,0,"0","0"
205,6,2015-07-04,5180,743,1,0,"0","0"
206,6,2015-07-04,4382,441,1,0,"0","0"
207,6,2015-07-04,8194,920,1,0,"0","0"
208,6,2015-07-04,2852,444,1,0,"0","0"
209,6,2015-07-04,5720,550,1,0,"0","0"
210,6,2015-07-04,3056,336,1,0,"0","0"
211,6,2015-07-04,8961,1143,1,0,"0","0"
212,6,2015-07-04,3935,315,1,0,"0","0"
213,6,2015-07-04,6189,514,1,0,"0","0"
214,6,2015-07-04,9220,677,1,0,"0","0"
215,6,2015-07-04,5692,479,1,0,"0","0"
216,6,2015-07-04,5465,667,1,0,"0","0"
217,6,2015-07-04,4518,576,1,0,"0","0"
218,6,2015-07-04,1964,281,1,0,"0","0"
219,6,2015-07-04,1974,247,1,0,"0","0"
220,6,2015-07-04,3004,389,1,0,"0","0"
221,6,2015-07-04,6274,574,1,0,"0","0"
222,6,2015-07-04,2946,351,1,0,"0","0"
223,6,2015-07-04,4847,525,1,0,"0","0"
224,6,2015-07-04,6622,506,1,0,"0","0"
225,6,2015-07-04,3610,373,1,0,"0","0"
226,6,2015-07-04,4874,517,1,0,"0","0"
227,6,2015-07-04,4851,413,1,0,"0","0"
228,6,2015-07-04,6650,514,1,0,"0","0"
229,6,2015-07-04,8202,683,1,0,"0","0"
230,6,2015-07-04,7034,945,1,0,"0","0"
231,6,2015-07-04,4278,416,1,0,"0","0"
232,6,2015-07-04,3165,306,1,0,"0","0"
233,6,2015-07-04,7471,824,1,0,"0","0"
234,6,2015-07-04,8522,806,1,0,"0","0"
235,6,2015-07-04,3614,319,1,0,"0","0"
236,6,2015-07-04,4590,575,1,0,"0","0"
237,6,2015-07-04,3729,448,1,0,"0","0"
238,6,2015-07-04,4652,736,1,0,"0","0"
239,6,2015-07-04,4486,427,1,0,"0","0"
240,6,2015-07-04,4246,392,1,0,"0","0"
241,6,2015-07-04,6193,662,1,0,"0","0"
242,6,2015-07-04,3323,324,1,0,"0","0"
243,6,2015-07-04,4645,774,1,0,"0","0"
244,6,2015-07-04,3513,431,1,0,"0","0"
245,6,2015-07-04,9275,1038,1,0,"0","0"
246,6,2015-07-04,5508,771,1,0,"0","0"
247,6,2015-07-04,6673,560,1,0,"0","0"
248,6,2015-07-04,6269,938,1,0,"0","0"
249,6,2015-07-04,5294,497,1,0,"0","0"
250,6,2015-07-04,7194,585,1,0,"0","0"
251,6,2015-07-04,13710,1831,1,0,"0","0"
252,6,2015-07-04,7671,634,1,0,"0","0"
253,6,2015-07-04,2995,405,1,0,"0","0"
254,6,2015-07-04,2851,247,1,0,"0","0"
255,6,2015-07-04,6081,617,1,0,"0","0"
256,6,2015-07-04,5590,790,1,0,"0","0"
257,6,2015-07-04,2661,315,1,0,"0","0"
258,6,2015-07-04,4237,372,1,0,"0","0"
259,6,2015-07-04,10512,2521,1,0,"0","0"
260,6,2015-07-04,6076,839,1,0,"0","0"
261,6,2015-07-04,7044,596,1,0,"0","0"
262,6,2015-07-04,17090,3343,1,0,"0","0"
263,6,2015-07-04,4981,456,1,0,"0","0"
264,6,2015-07-04,4540,672,1,0,"0","0"
265,6,2015-07-04,2250,213,1,0,"0","0"
266,6,2015-07-04,2162,267,1,0,"0","0"
267,6,2015-07-04,9211,1101,1,0,"0","0"
268,6,2015-07-04,3369,458,1,0,"0","0"
269,6,2015-07-04,4091,623,1,0,"0","0"
270,6,2015-07-04,9888,1238,1,0,"0","0"
271,6,2015-07-04,2611,256,1,0,"0","0"
272,6,2015-07-04,3430,360,1,0,"0","0"
273,6,2015-07-04,5806,550,1,0,"0","0"
274,6,2015-07-04,4690,1221,1,0,"0","0"
275,6,2015-07-04,6457,674,1,0,"0","0"
276,6,2015-07-04,1997,239,1,0,"0","0"
277,6,2015-07-04,4970,474,1,0,"0","0"
278,6,2015-07-04,5323,584,1,0,"0","0"
279,6,2015-07-04,7037,621,1,0,"0","0"
280,6,2015-07-04,6456,514,1,0,"0","0"
281,6,2015-07-04,5583,544,1,0,"0","0"
282,6,2015-07-04,3002,467,1,0,"0","0"
283,6,2015-07-04,8295,759,1,0,"0","0"
284,6,2015-07-04,4783,453,1,0,"0","0"
285,6,2015-07-04,6507,527,1,0,"0","0"
286,6,2015-07-04,1552,161,1,0,"0","0"
287,6,2015-07-04,8320,842,1,0,"0","0"
288,6,2015-07-04,4475,381,1,0,"0","0"
289,6,2015-07-04,5985,539,1,0,"0","0"
290,6,2015-07-04,4404,407,1,0,"0","0"
291,6,2015-07-04,4668,485,1,0,"0","0"
292,6,2015-07-04,1646,184,1,0,"0","0"
293,6,2015-07-04,4314,533,1,0,"0","0"
294,6,2015-07-04,3389,432,1,0,"0","0"
295,6,2015-07-04,5445,764,1,0,"0","0"
296,6,2015-07-04,3973,414,1,0,"0","0"
297,6,2015-07-04,5463,538,1,0,"0","0"
298,6,2015-07-04,7507,657,1,0,"0","0"
299,6,2015-07-04,9193,986,1,0,"0","0"
300,6,2015-07-04,6758,900,1,0,"0","0"
301,6,2015-07-04,4512,441,1,0,"0","0"
302,6,2015-07-04,3541,331,1,0,"0","0"
303,6,2015-07-04,4184,460,1,0,"0","0"
304,6,2015-07-04,4742,774,1,0,"0","0"
305,6,2015-07-04,7097,637,1,0,"0","0"
306,6,2015-07-04,3111,345,1,0,"0","0"
307,6,2015-07-04,1427,157,1,0,"0","0"
308,6,2015-07-04,5693,642,1,0,"0","0"
309,6,2015-07-04,5085,470,1,0,"0","0"
310,6,2015-07-04,6491,571,1,0,"0","0"
311,6,2015-07-04,5837,641,1,0,"0","0"
312,6,2015-07-04,4461,449,1,0,"0","0"
313,6,2015-07-04,4334,464,1,0,"0","0"
314,6,2015-07-04,3201,362,1,0,"0","0"
315,6,2015-07-04,2980,310,1,0,"0","0"
316,6,2015-07-04,7835,720,1,0,"0","0"
317,6,2015-07-04,5851,668,1,0,"0","0"
318,6,2015-07-04,4791,448,1,0,"0","0"
319,6,2015-07-04,5106,545,1,0,"0","0"
320,6,2015-07-04,10339,1535,1,0,"0","0"
321,6,2015-07-04,5088,512,1,0,"0","0"
322,6,2015-07-04,2306,204,1,0,"0","0"
323,6,2015-07-04,6964,646,1,0,"0","0"
324,6,2015-07-04,1915,260,1,0,"0","0"
325,6,2015-07-04,3308,326,1,0,"0","0"
326,6,2015-07-04,5856,502,1,0,"0","0"
327,6,2015-07-04,4940,630,1,0,"0","0"
328,6,2015-07-04,2525,305,1,0,"0","0"
329,6,2015-07-04,3790,363,1,0,"0","0"
330,6,2015-07-04,3358,371,1,0,"0","0"
331,6,2015-07-04,3107,436,1,0,"0","0"
332,6,2015-07-04,1825,241,1,0,"0","0"
333,6,2015-07-04,6899,907,1,0,"0","0"
334,6,2015-07-04,4378,447,1,0,"0","0"
335,6,2015-07-04,7874,1687,1,0,"0","0"
336,6,2015-07-04,8574,1280,1,0,"0","0"
337,6,2015-07-04,5939,479,1,0,"0","0"
338,6,2015-07-04,5735,504,1,0,"0","0"
339,6,2015-07-04,3746,516,1,0,"0","0"
340,6,2015-07-04,5255,555,1,0,"0","0"
341,6,2015-07-04,4867,664,1,0,"0","0"
342,6,2015-07-04,10361,826,1,0,"0","0"
343,6,2015-07-04,6120,588,1,0,"0","0"
344,6,2015-07-04,6639,946,1,0,"0","0"
345,6,2015-07-04,3047,323,1,0,"0","0"
346,6,2015-07-04,5125,448,1,0,"0","0"
347,6,2015-07-04,5530,467,1,0,"0","0"
348,6,2015-07-04,9257,714,1,0,"0","0"
349,6,2015-07-04,8220,770,1,0,"0","0"
350,6,2015-07-04,6939,522,1,0,"0","0"
351,6,2015-07-04,4326,388,1,0,"0","0"
352,6,2015-07-04,6289,595,1,0,"0","0"
353,6,2015-07-04,4408,1386,1,0,"0","0"
354,6,2015-07-04,8069,689,1,0,"0","0"
355,6,2015-07-04,7366,827,1,0,"0","0"
356,6,2015-07-04,6202,504,1,0,"0","0"
357,6,2015-07-04,6081,844,1,0,"0","0"
358,6,2015-07-04,7918,913,1,0,"0","0"
359,6,2015-07-04,6336,582,1,0,"0","0"
360,6,2015-07-04,4206,532,1,0,"0","0"
361,6,2015-07-04,5414,555,1,0,"0","0"
362,6,2015-07-04,7420,1035,1,0,"0","0"
363,6,2015-07-04,5936,801,1,0,"0","0"
364,6,2015-07-04,3547,475,1,0,"0","0"
365,6,2015-07-04,5685,567,1,0,"0","0"
366,6,2015-07-04,3429,328,1,0,"0","0"
367,6,2015-07-04,4750,544,1,0,"0","0"
368,6,2015-07-04,7118,586,1,0,"0","0"
369,6,2015-07-04,7020,646,1,0,"0","0"
370,6,2015-07-04,6174,513,1,0,"0","0"
371,6,2015-07-04,6145,485,1,0,"0","0"
372,6,2015-07-04,7190,576,1,0,"0","0"
373,6,2015-07-04,5077,357,1,0,"0","0"
374,6,2015-07-04,4498,496,1,0,"0","0"
375,6,2015-07-04,4757,382,1,0,"0","0"
376,6,2015-07-04,5852,636,1,0,"0","0"
377,6,2015-07-04,5648,705,1,0,"0","0"
378,6,2015-07-04,5367,898,1,0,"0","0"
379,6,2015-07-04,2766,325,1,0,"0","0"
380,6,2015-07-04,11001,1010,1,0,"0","0"
381,6,2015-07-04,5427,563,1,0,"0","0"
382,6,2015-07-04,5793,514,1,0,"0","0"
383,6,2015-07-04,14801,1954,1,0,"0","0"
384,6,2015-07-04,4836,552,1,0,"0","0"
385,6,2015-07-04,6267,610,1,0,"0","0"
386,6,2015-07-04,6004,495,1,0,"0","0"
387,6,2015-07-04,5288,722,1,0,"0","0"
388,6,2015-07-04,8318,816,1,0,"0","0"
389,6,2015-07-04,6607,884,1,0,"0","0"
390,6,2015-07-04,9504,898,1,0,"0","0"
391,6,2015-07-04,2590,326,1,0,"0","0"
392,6,2015-07-04,4484,419,1,0,"0","0"
393,6,2015-07-04,4476,493,1,0,"0","0"
394,6,2015-07-04,8429,694,1,0,"0","0"
395,6,2015-07-04,3265,355,1,0,"0","0"
396,6,2015-07-04,5102,506,1,0,"0","0"
397,6,2015-07-04,3616,509,1,0,"0","0"
398,6,2015-07-04,4247,528,1,0,"0","0"
399,6,2015-07-04,5182,517,1,0,"0","0"
400,6,2015-07-04,4440,701,1,0,"0","0"
401,6,2015-07-04,4123,342,1,0,"0","0"
402,6,2015-07-04,4828,501,1,0,"0","0"
403,6,2015-07-04,5612,475,1,0,"0","0"
404,6,2015-07-04,3010,316,1,0,"0","0"
405,6,2015-07-04,2807,299,1,0,"0","0"
406,6,2015-07-04,6784,548,1,0,"0","0"
407,6,2015-07-04,4435,330,1,0,"0","0"
408,6,2015-07-04,5241,517,1,0,"0","0"
409,6,2015-07-04,4844,489,1,0,"0","0"
410,6,2015-07-04,4639,608,1,0,"0","0"
411,6,2015-07-04,8790,679,1,0,"0","0"
412,6,2015-07-04,10769,802,1,0,"0","0"
413,6,2015-07-04,4194,557,1,0,"0","0"
414,6,2015-07-04,7456,596,1,0,"0","0"
415,6,2015-07-04,5757,504,1,0,"0","0"
416,6,2015-07-04,9403,1158,1,0,"0","0"
417,6,2015-07-04,4423,488,1,0,"0","0"
418,6,2015-07-04,2906,306,1,0,"0","0"
419,6,2015-07-04,3290,612,1,0,"0","0"
420,6,2015-07-04,4854,405,1,0,"0","0"
421,6,2015-07-04,10673,1064,1,0,"0","0"
422,6,2015-07-04,4482,421,1,0,"0","0"
423,6,2015-07-04,10689,2225,1,0,"0","0"
424,6,2015-07-04,6597,762,1,0,"0","0"
425,6,2015-07-04,1800,281,1,0,"0","0"
426,6,2015-07-04,3431,475,1,0,"0","0"
427,6,2015-07-04,5147,622,1,0,"0","0"
428,6,2015-07-04,6110,516,1,0,"0","0"
429,6,2015-07-04,4716,389,1,0,"0","0"
430,6,2015-07-04,9306,759,1,0,"0","0"
431,6,2015-07-04,9228,847,1,0,"0","0"
432,6,2015-07-04,6008,941,1,0,"0","0"
433,6,2015-07-04,4559,511,1,0,"0","0"
434,6,2015-07-04,11241,826,1,0,"0","0"
435,6,2015-07-04,2049,224,1,0,"0","0"
436,6,2015-07-04,3993,438,1,0,"0","0"
437,6,2015-07-04,5683,636,1,0,"0","0"
438,6,2015-07-04,3719,376,1,0,"0","0"
439,6,2015-07-04,5047,657,1,0,"0","0"
440,6,2015-07-04,4188,455,1,0,"0","0"
441,6,2015-07-04,6416,744,1,0,"0","0"
442,6,2015-07-04,5033,565,1,0,"0","0"
443,6,2015-07-04,3759,352,1,0,"0","0"
444,6,2015-07-04,12296,1445,1,0,"0","0"
445,6,2015-07-04,7839,1493,1,0,"0","0"
446,6,2015-07-04,2476,297,1,0,"0","0"
447,6,2015-07-04,5441,636,1,0,"0","0"
448,6,2015-07-04,6041,450,1,0,"0","0"
449,6,2015-07-04,5787,884,1,0,"0","0"
450,6,2015-07-04,11786,1474,1,0,"0","0"
451,6,2015-07-04,4400,394,1,0,"0","0"
452,6,2015-07-04,3343,304,1,0,"0","0"
453,6,2015-07-04,8470,1031,1,0,"0","0"
454,6,2015-07-04,2319,247,1,0,"0","0"
455,6,2015-07-04,9500,538,1,0,"0","0"
456,6,2015-07-04,3790,566,1,0,"0","0"
457,6,2015-07-04,5327,519,1,0,"0","0"
458,6,2015-07-04,9477,876,1,0,"0","0"
459,6,2015-07-04,5313,663,1,0,"0","0"
460,6,2015-07-04,2084,242,1,0,"0","0"
461,6,2015-07-04,4802,478,1,0,"0","0"
462,6,2015-07-04,2125,249,1,0,"0","0"
463,6,2015-07-04,3888,569,1,0,"0","0"
464,6,2015-07-04,11136,1383,1,0,"0","0"
465,6,2015-07-04,7243,611,1,0,"0","0"
466,6,2015-07-04,4077,360,1,0,"0","0"
467,6,2015-07-04,9661,1189,1,0,"0","0"
468,6,2015-07-04,7283,808,1,0,"0","0"
469,6,2015-07-04,10662,1315,1,0,"0","0"
470,6,2015-07-04,9605,1371,1,0,"0","0"
471,6,2015-07-04,7297,612,1,0,"0","0"
472,6,2015-07-04,4372,574,1,0,"0","0"
473,6,2015-07-04,1965,262,1,0,"0","0"
474,6,2015-07-04,4046,440,1,0,"0","0"
475,6,2015-07-04,4808,789,1,0,"0","0"
476,6,2015-07-04,2901,293,1,0,"0","0"
477,6,2015-07-04,5814,442,1,0,"0","0"
478,6,2015-07-04,4602,464,1,0,"0","0"
479,6,2015-07-04,5700,822,1,0,"0","0"
480,6,2015-07-04,2609,332,1,0,"0","0"
481,6,2015-07-04,4756,498,1,0,"0","0"
482,6,2015-07-04,7063,782,1,0,"0","0"
483,6,2015-07-04,1496,219,1,0,"0","0"
484,6,2015-07-04,8396,812,1,0,"0","0"
485,6,2015-07-04,5215,496,1,0,"0","0"
486,6,2015-07-04,2373,308,1,0,"0","0"
487,6,2015-07-04,6114,634,1,0,"0","0"
488,6,2015-07-04,4125,400,1,0,"0","0"
489,6,2015-07-04,3174,285,1,0,"0","0"
490,6,2015-07-04,7527,984,1,0,"0","0"
491,6,2015-07-04,6523,535,1,0,"0","0"
492,6,2015-07-04,6293,969,1,0,"0","0"
493,6,2015-07-04,7692,744,1,0,"0","0"
494,6,2015-07-04,5298,857,1,0,"0","0"
495,6,2015-07-04,4764,389,1,0,"0","0"
496,6,2015-07-04,6292,700,1,0,"0","0"
497,6,2015-07-04,6900,799,1,0,"0","0"
498,6,2015-07-04,7412,892,1,0,"0","0"
499,6,2015-07-04,5510,799,1,0,"0","0"
500,6,2015-07-04,6604,489,1,0,"0","0"
501,6,2015-07-04,3256,381,1,0,"0","0"
502,6,2015-07-04,6665,1116,1,0,"0","0"
503,6,2015-07-04,5179,398,1,0,"0","0"
504,6,2015-07-04,5916,878,1,0,"0","0"
505,6,2015-07-04,3189,437,1,0,"0","0"
506,6,2015-07-04,4532,524,1,0,"0","0"
507,6,2015-07-04,7870,598,1,0,"0","0"
508,6,2015-07-04,6007,492,1,0,"0","0"
509,6,2015-07-04,3426,304,1,0,"0","0"
510,6,2015-07-04,4475,473,1,0,"0","0"
511,6,2015-07-04,5422,732,1,0,"0","0"
512,6,2015-07-04,6125,1446,1,0,"0","0"
513,6,2015-07-04,13612,1596,1,0,"0","0"
514,6,2015-07-04,4431,476,1,0,"0","0"
515,6,2015-07-04,9319,745,1,0,"0","0"
516,6,2015-07-04,2986,425,1,0,"0","0"
517,6,2015-07-04,3659,389,1,0,"0","0"
518,6,2015-07-04,4662,480,1,0,"0","0"
519,6,2015-07-04,4611,486,1,0,"0","0"
520,6,2015-07-04,3144,335,1,0,"0","0"
521,6,2015-07-04,4726,432,1,0,"0","0"
522,6,2015-07-04,7840,657,1,0,"0","0"
523,6,2015-07-04,13318,1558,1,0,"0","0"
524,6,2015-07-04,6801,728,1,0,"0","0"
525,6,2015-07-04,8756,650,1,0,"0","0"
526,6,2015-07-04,6257,864,1,0,"0","0"
527,6,2015-07-04,8663,812,1,0,"0","0"
528,6,2015-07-04,7244,673,1,0,"0","0"
529,6,2015-07-04,6924,694,1,0,"0","0"
530,6,2015-07-04,7938,1494,1,0,"0","0"
531,6,2015-07-04,3871,492,1,0,"0","0"
532,6,2015-07-04,10048,1178,1,0,"0","0"
533,6,2015-07-04,8044,693,1,0,"0","0"
534,6,2015-07-04,4428,445,1,0,"0","0"
535,6,2015-07-04,4602,516,1,0,"0","0"
536,6,2015-07-04,5540,517,1,0,"0","0"
537,6,2015-07-04,4621,507,1,0,"0","0"
538,6,2015-07-04,2352,355,1,0,"0","0"
539,6,2015-07-04,12266,1217,1,0,"0","0"
540,6,2015-07-04,5416,435,1,0,"0","0"
541,6,2015-07-04,4681,619,1,0,"0","0"
542,6,2015-07-04,4444,378,1,0,"0","0"
543,6,2015-07-04,1153,119,1,0,"0","0"
544,6,2015-07-04,7453,1043,1,0,"0","0"
545,6,2015-07-04,7381,700,1,0,"0","0"
546,6,2015-07-04,12484,1609,1,0,"0","0"
547,6,2015-07-04,5153,426,1,0,"0","0"
548,6,2015-07-04,3505,298,1,0,"0","0"
549,6,2015-07-04,3346,378,1,0,"0","0"
550,6,2015-07-04,4778,446,1,0,"0","0"
551,6,2015-07-04,5681,873,1,0,"0","0"
552,6,2015-07-04,4083,376,1,0,"0","0"
553,6,2015-07-04,9523,951,1,0,"0","0"
554,6,2015-07-04,3938,432,1,0,"0","0"
555,6,2015-07-04,4533,428,1,0,"0","0"
556,6,2015-07-04,4828,577,1,0,"0","0"
557,6,2015-07-04,2897,512,1,0,"0","0"
558,6,2015-07-04,2376,324,1,0,"0","0"
559,6,2015-07-04,2279,289,1,0,"0","0"
560,6,2015-07-04,13112,1639,1,0,"0","0"
561,6,2015-07-04,4460,468,1,0,"0","0"
562,6,2015-07-04,12272,2602,1,0,"0","0"
563,6,2015-07-04,3776,451,1,0,"0","0"
564,6,2015-07-04,6034,516,1,0,"0","0"
565,6,2015-07-04,4841,587,1,0,"0","0"
566,6,2015-07-04,3323,388,1,0,"0","0"
567,6,2015-07-04,2664,387,1,0,"0","0"
568,6,2015-07-04,5750,483,1,0,"0","0"
569,6,2015-07-04,3321,455,1,0,"0","0"
570,6,2015-07-04,2544,396,1,0,"0","0"
571,6,2015-07-04,8647,653,1,0,"0","0"
572,6,2015-07-04,4930,430,1,0,"0","0"
573,6,2015-07-04,2629,223,1,0,"0","0"
574,6,2015-07-04,8075,604,1,0,"0","0"
575,6,2015-07-04,2114,208,1,0,"0","0"
576,6,2015-07-04,5471,786,1,0,"0","0"
577,6,2015-07-04,4822,509,1,0,"0","0"
578,6,2015-07-04,9817,1036,1,0,"0","0"
579,6,2015-07-04,6590,723,1,0,"0","0"
580,6,2015-07-04,6918,1137,1,0,"0","0"
581,6,2015-07-04,2488,295,1,0,"0","0"
582,6,2015-07-04,4010,573,1,0,"0","0"
583,6,2015-07-04,2768,279,1,0,"0","0"
584,6,2015-07-04,4679,426,1,0,"0","0"
585,6,2015-07-04,3776,596,1,0,"0","0"
586,6,2015-07-04,11771,2048,1,0,"0","0"
587,6,2015-07-04,10379,727,1,0,"0","0"
588,6,2015-07-04,5477,527,1,0,"0","0"
589,6,2015-07-04,2903,328,1,0,"0","0"
590,6,2015-07-04,6072,460,1,0,"0","0"
591,6,2015-07-04,5196,390,1,0,"0","0"
592,6,2015-07-04,2447,298,1,0,"0","0"
593,6,2015-07-04,6853,893,1,0,"0","0"
594,6,2015-07-04,2469,260,1,0,"0","0"
595,6,2015-07-04,13595,1520,1,0,"0","0"
596,6,2015-07-04,4309,786,1,0,"0","0"
597,6,2015-07-04,3766,577,1,0,"0","0"
598,6,2015-07-04,6024,566,1,0,"0","0"
599,6,2015-07-04,8916,790,1,0,"0","0"
600,6,2015-07-04,6675,624,1,0,"0","0"
601,6,2015-07-04,4264,378,1,0,"0","0"
602,6,2015-07-04,4320,446,1,0,"0","0"
603,6,2015-07-04,4769,749,1,0,"0","0"
604,6,2015-07-04,5620,469,1,0,"0","0"
605,6,2015-07-04,5942,458,1,0,"0","0"
606,6,2015-07-04,3633,366,1,0,"0","0"
607,6,2015-07-04,1079,126,1,0,"0","0"
608,6,2015-07-04,4316,416,1,0,"0","0"
609,6,2015-07-04,3305,344,1,0,"0","0"
610,6,2015-07-04,2821,331,1,0,"0","0"
611,6,2015-07-04,4883,418,1,0,"0","0"
612,6,2015-07-04,4303,349,1,0,"0","0"
613,6,2015-07-04,5385,858,1,0,"0","0"
614,6,2015-07-04,4603,823,1,0,"0","0"
615,6,2015-07-04,7321,950,1,0,"0","0"
616,6,2015-07-04,6271,681,1,0,"0","0"
617,6,2015-07-04,3193,287,1,0,"0","0"
618,6,2015-07-04,7878,587,1,0,"0","0"
619,6,2015-07-04,2457,270,1,0,"0","0"
620,6,2015-07-04,9452,838,1,0,"0","0"
621,6,2015-07-04,4700,596,1,0,"0","0"
622,6,2015-07-04,3221,319,1,0,"0","0"
623,6,2015-07-04,3354,473,1,0,"0","0"
624,6,2015-07-04,4359,421,1,0,"0","0"
625,6,2015-07-04,3978,391,1,0,"0","0"
626,6,2015-07-04,6326,577,1,0,"0","0"
627,6,2015-07-04,6843,748,1,0,"0","0"
628,6,2015-07-04,4807,585,1,0,"0","0"
629,6,2015-07-04,5254,452,1,0,"0","0"
630,6,2015-07-04,2451,276,1,0,"0","0"
631,6,2015-07-04,5055,609,1,0,"0","0"
632,6,2015-07-04,8010,980,1,0,"0","0"
633,6,2015-07-04,8068,635,1,0,"0","0"
634,6,2015-07-04,3497,327,1,0,"0","0"
635,6,2015-07-04,2246,231,1,0,"0","0"
636,6,2015-07-04,4380,574,1,0,"0","0"
637,6,2015-07-04,7310,605,1,0,"0","0"
638,6,2015-07-04,5671,513,1,0,"0","0"
639,6,2015-07-04,2571,286,1,0,"0","0"
640,6,2015-07-04,10302,777,1,0,"0","0"
641,6,2015-07-04,2536,252,1,0,"0","0"
642,6,2015-07-04,2797,369,1,0,"0","0"
643,6,2015-07-04,5523,680,1,0,"0","0"
644,6,2015-07-04,9380,1021,1,0,"0","0"
645,6,2015-07-04,6647,957,1,0,"0","0"
646,6,2015-07-04,3548,475,1,0,"0","0"
647,6,2015-07-04,4259,553,1,0,"0","0"
648,6,2015-07-04,5293,477,1,0,"0","0"
649,6,2015-07-04,1445,161,1,0,"0","0"
650,6,2015-07-04,5962,619,1,0,"0","0"
651,6,2015-07-04,6303,805,1,0,"0","0"
652,6,2015-07-04,4802,498,1,0,"0","0"
653,6,2015-07-04,4251,341,1,0,"0","0"
654,6,2015-07-04,3098,298,1,0,"0","0"
655,6,2015-07-04,6768,631,1,0,"0","0"
656,6,2015-07-04,2688,322,1,0,"0","0"
657,6,2015-07-04,3579,451,1,0,"0","0"
658,6,2015-07-04,3796,397,1,0,"0","0"
659,6,2015-07-04,3231,438,1,0,"0","0"
660,6,2015-07-04,3219,330,1,0,"0","0"
661,6,2015-07-04,6723,576,1,0,"0","0"
662,6,2015-07-04,7343,721,1,0,"0","0"
663,6,2015-07-04,5485,727,1,0,"0","0"
664,6,2015-07-04,3634,481,1,0,"0","0"
665,6,2015-07-04,4144,776,1,0,"0","0"
666,6,2015-07-04,8237,777,1,0,"0","0"
667,6,2015-07-04,7233,699,1,0,"0","0"
668,6,2015-07-04,6290,866,1,0,"0","0"
669,6,2015-07-04,4731,468,1,0,"0","0"
670,6,2015-07-04,5419,573,1,0,"0","0"
671,6,2015-07-04,5434,505,1,0,"0","0"
672,6,2015-07-04,8045,1313,1,0,"0","0"
673,6,2015-07-04,6628,546,1,0,"0","0"
674,6,2015-07-04,5072,653,1,0,"0","0"
675,6,2015-07-04,2183,214,1,0,"0","0"
676,6,2015-07-04,6650,1727,1,0,"0","0"
677,6,2015-07-04,7401,615,1,0,"0","0"
678,6,2015-07-04,5005,609,1,0,"0","0"
679,6,2015-07-04,7893,750,1,0,"0","0"
680,6,2015-07-04,5119,723,1,0,"0","0"
681,6,2015-07-04,2409,357,1,0,"0","0"
682,6,2015-07-04,7615,1506,1,0,"0","0"
683,6,2015-07-04,4810,482,1,0,"0","0"
684,6,2015-07-04,9592,784,1,0,"0","0"
685,6,2015-07-04,2825,286,1,0,"0","0"
686,6,2015-07-04,2934,290,1,0,"0","0"
687,6,2015-07-04,7874,653,1,0,"0","0"
688,6,2015-07-04,1581,169,1,0,"0","0"
689,6,2015-07-04,5182,558,1,0,"0","0"
690,6,2015-07-04,4368,579,1,0,"0","0"
691,6,2015-07-04,6484,498,1,0,"0","0"
692,6,2015-07-04,6435,694,1,0,"0","0"
693,6,2015-07-04,3703,347,1,0,"0","0"
694,6,2015-07-04,8851,839,1,0,"0","0"
695,6,2015-07-04,2064,202,1,0,"0","0"
696,6,2015-07-04,6149,778,1,0,"0","0"
697,6,2015-07-04,8111,791,1,0,"0","0"
698,6,2015-07-04,14928,1839,1,0,"0","0"
699,6,2015-07-04,5810,751,1,0,"0","0"
700,6,2015-07-04,2488,303,1,0,"0","0"
701,6,2015-07-04,4344,541,1,0,"0","0"
702,6,2015-07-04,3283,288,1,0,"0","0"
703,6,2015-07-04,2018,215,1,0,"0","0"
704,6,2015-07-04,8519,849,1,0,"0","0"
705,6,2015-07-04,5202,610,1,0,"0","0"
706,6,2015-07-04,6275,567,1,0,"0","0"
707,6,2015-07-04,5124,508,1,0,"0","0"
708,6,2015-07-04,5041,493,1,0,"0","0"
709,6,2015-07-04,5795,828,1,0,"0","0"
710,6,2015-07-04,3588,339,1,0,"0","0"
711,6,2015-07-04,4947,402,1,0,"0","0"
712,6,2015-07-04,4576,431,1,0,"0","0"
713,6,2015-07-04,7250,886,1,0,"0","0"
714,6,2015-07-04,4937,360,1,0,"0","0"
715,6,2015-07-04,2364,268,1,0,"0","0"
716,6,2015-07-04,5652,422,1,0,"0","0"
717,6,2015-07-04,3440,346,1,0,"0","0"
718,6,2015-07-04,4973,547,1,0,"0","0"
719,6,2015-07-04,4843,464,1,0,"0","0"
720,6,2015-07-04,6142,641,1,0,"0","0"
721,6,2015-07-04,7454,691,1,0,"0","0"
722,6,2015-07-04,5705,1123,1,0,"0","0"
723,6,2015-07-04,7560,632,1,0,"0","0"
724,6,2015-07-04,5568,519,1,0,"0","0"
725,6,2015-07-04,5085,560,1,0,"0","0"
726,6,2015-07-04,6247,627,1,0,"0","0"
727,6,2015-07-04,3308,313,1,0,"0","0"
728,6,2015-07-04,5874,495,1,0,"0","0"
729,6,2015-07-04,8229,748,1,0,"0","0"
730,6,2015-07-04,5454,693,1,0,"0","0"
731,6,2015-07-04,6289,670,1,0,"0","0"
732,6,2015-07-04,7290,793,1,0,"0","0"
733,6,2015-07-04,14088,3628,1,0,"0","0"
734,6,2015-07-04,3000,273,1,0,"0","0"
735,6,2015-07-04,3589,354,1,0,"0","0"
736,6,2015-07-04,4081,405,1,0,"0","0"
737,6,2015-07-04,3461,523,1,0,"0","0"
738,6,2015-07-04,7765,608,1,0,"0","0"
739,6,2015-07-04,9937,803,1,0,"0","0"
740,6,2015-07-04,8459,619,1,0,"0","0"
741,6,2015-07-04,6944,882,1,0,"0","0"
742,6,2015-07-04,7328,775,1,0,"0","0"
743,6,2015-07-04,1985,234,1,0,"0","0"
744,6,2015-07-04,8219,897,1,0,"0","0"
745,6,2015-07-04,3797,332,1,0,"0","0"
746,6,2015-07-04,6493,545,1,0,"0","0"
747,6,2015-07-04,5772,521,1,0,"0","0"
748,6,2015-07-04,5027,427,1,0,"0","0"
749,6,2015-07-04,2404,272,1,0,"0","0"
750,6,2015-07-04,4396,422,1,0,"0","0"
751,6,2015-07-04,2620,434,1,0,"0","0"
752,6,2015-07-04,3114,269,1,0,"0","0"
753,6,2015-07-04,5760,514,1,0,"0","0"
754,6,2015-07-04,4212,500,1,0,"0","0"
755,6,2015-07-04,8204,683,1,0,"0","0"
756,6,2015-07-04,13808,2144,1,0,"0","0"
757,6,2015-07-04,3728,343,1,0,"0","0"
758,6,2015-07-04,2938,346,1,0,"0","0"
759,6,2015-07-04,4091,476,1,0,"0","0"
760,6,2015-07-04,7958,1417,1,0,"0","0"
761,6,2015-07-04,5643,689,1,0,"0","0"
762,6,2015-07-04,4004,433,1,0,"0","0"
763,6,2015-07-04,5298,541,1,0,"0","0"
764,6,2015-07-04,2235,252,1,0,"0","0"
765,6,2015-07-04,6636,496,1,0,"0","0"
766,6,2015-07-04,6236,586,1,0,"0","0"
767,6,2015-07-04,4346,385,1,0,"0","0"
768,6,2015-07-04,11355,1146,1,0,"0","0"
769,6,2015-07-04,12477,4136,1,0,"0","0"
770,6,2015-07-04,2979,334,1,0,"0","0"
771,6,2015-07-04,5724,612,1,0,"0","0"
772,6,2015-07-04,3001,440,1,0,"0","0"
773,6,2015-07-04,3720,603,1,0,"0","0"
774,6,2015-07-04,4418,545,1,0,"0","0"
775,6,2015-07-04,7960,587,1,0,"0","0"
776,6,2015-07-04,3270,359,1,0,"0","0"
777,6,2015-07-04,4157,378,1,0,"0","0"
778,6,2015-07-04,4283,637,1,0,"0","0"
779,6,2015-07-04,2273,211,1,0,"0","0"
780,6,2015-07-04,2687,315,1,0,"0","0"
781,6,2015-07-04,2247,324,1,0,"0","0"
782,6,2015-07-04,4795,462,1,0,"0","0"
783,6,2015-07-04,6222,585,1,0,"0","0"
784,6,2015-07-04,4414,523,1,0,"0","0"
785,6,2015-07-04,6331,580,1,0,"0","0"
786,6,2015-07-04,1177,190,1,0,"0","0"
787,6,2015-07-04,7746,826,1,0,"0","0"
788,6,2015-07-04,14375,1257,1,0,"0","0"
789,6,2015-07-04,3454,399,1,0,"0","0"
790,6,2015-07-04,7819,729,1,0,"0","0"
791,6,2015-07-04,6615,641,1,0,"0","0"
792,6,2015-07-04,4276,455,1,0,"0","0"
793,6,2015-07-04,3285,323,1,0,"0","0"
794,6,2015-07-04,2636,405,1,0,"0","0"
795,6,2015-07-04,3514,362,1,0,"0","0"
796,6,2015-07-04,4655,421,1,0,"0","0"
797,6,2015-07-04,4426,439,1,0,"0","0"
798,6,2015-07-04,3511,351,1,0,"0","0"
799,6,2015-07-04,8846,792,1,0,"0","0"
800,6,2015-07-04,4003,399,1,0,"0","0"
801,6,2015-07-04,3703,389,1,0,"0","0"
802,6,2015-07-04,5671,446,1,0,"0","0"
803,6,2015-07-04,5041,443,1,0,"0","0"
804,6,2015-07-04,5458,500,1,0,"0","0"
805,6,2015-07-04,4775,448,1,0,"0","0"
806,6,2015-07-04,5973,442,1,0,"0","0"
807,6,2015-07-04,10316,984,1,0,"0","0"
808,6,2015-07-04,4348,348,1,0,"0","0"
809,6,2015-07-04,6203,556,1,0,"0","0"
810,6,2015-07-04,5524,500,1,0,"0","0"
811,6,2015-07-04,3610,587,1,0,"0","0"
812,6,2015-07-04,3593,410,1,0,"0","0"
813,6,2015-07-04,4936,517,1,0,"0","0"
814,6,2015-07-04,5450,502,1,0,"0","0"
815,6,2015-07-04,6323,625,1,0,"0","0"
816,6,2015-07-04,3112,469,1,0,"0","0"
817,6,2015-07-04,13001,2284,1,0,"0","0"
818,6,2015-07-04,4809,550,1,0,"0","0"
819,6,2015-07-04,4966,389,1,0,"0","0"
820,6,2015-07-04,10684,948,1,0,"0","0"
821,6,2015-07-04,4334,565,1,0,"0","0"
822,6,2015-07-04,5761,521,1,0,"0","0"
823,6,2015-07-04,3796,417,1,0,"0","0"
824,6,2015-07-04,5229,684,1,0,"0","0"
825,6,2015-07-04,4080,508,1,0,"0","0"
826,6,2015-07-04,5977,464,1,0,"0","0"
827,6,2015-07-04,18025,2469,1,0,"0","0"
828,6,2015-07-04,2586,298,1,0,"0","0"
829,6,2015-07-04,4005,634,1,0,"0","0"
830,6,2015-07-04,3248,273,1,0,"0","0"
831,6,2015-07-04,7106,986,1,0,"0","0"
832,6,2015-07-04,6081,566,1,0,"0","0"
833,6,2015-07-04,3962,416,1,0,"0","0"
834,6,2015-07-04,3714,421,1,0,"0","0"
835,6,2015-07-04,3234,439,1,0,"0","0"
836,6,2015-07-04,2492,270,1,0,"0","0"
837,6,2015-07-04,2407,299,1,0,"0","0"
838,6,2015-07-04,6212,646,1,0,"0","0"
839,6,2015-07-04,1962,273,1,0,"0","0"
840,6,2015-07-04,2862,526,1,0,"0","0"
841,6,2015-07-04,1415,192,1,0,"0","0"
842,6,2015-07-04,19861,1106,1,0,"0","0"
843,6,2015-07-04,9330,1022,1,0,"0","0"
844,6,2015-07-04,2492,247,1,0,"0","0"
845,6,2015-07-04,4100,307,1,0,"0","0"
846,6,2015-07-04,4667,437,1,0,"0","0"
847,6,2015-07-04,6155,872,1,0,"0","0"
848,6,2015-07-04,4533,582,1,0,"0","0"
849,6,2015-07-04,8510,818,1,0,"0","0"
850,6,2015-07-04,4589,476,1,0,"0","0"
851,6,2015-07-04,5751,478,1,0,"0","0"
852,6,2015-07-04,2304,311,1,0,"0","0"
853,6,2015-07-04,8038,837,1,0,"0","0"
854,6,2015-07-04,4822,478,1,0,"0","0"
855,6,2015-07-04,4005,459,1,0,"0","0"
856,6,2015-07-04,5741,743,1,0,"0","0"
857,6,2015-07-04,10047,1175,1,0,"0","0"
858,6,2015-07-04,4461,384,1,0,"0","0"
859,6,2015-07-04,8211,764,1,0,"0","0"
860,6,2015-07-04,5748,702,1,0,"0","0"
861,6,2015-07-04,3223,509,1,0,"0","0"
862,6,2015-07-04,5368,714,1,0,"0","0"
863,6,2015-07-04,6318,768,1,0,"0","0"
864,6,2015-07-04,2363,392,1,0,"0","0"
865,6,2015-07-04,7958,651,1,0,"0","0"
866,6,2015-07-04,6273,442,1,0,"0","0"
867,6,2015-07-04,4684,460,1,0,"0","0"
868,6,2015-07-04,10286,622,1,0,"0","0"
869,6,2015-07-04,2813,420,1,0,"0","0"
870,6,2015-07-04,4210,584,1,0,"0","0"
871,6,2015-07-04,8521,625,1,0,"0","0"
872,6,2015-07-04,6089,501,1,0,"0","0"
873,6,2015-07-04,2537,314,1,0,"0","0"
874,6,2015-07-04,4371,492,1,0,"0","0"
875,6,2015-07-04,4153,422,1,0,"0","0"
876,6,2015-07-04,14708,598,1,0,"0","0"
877,6,2015-07-04,5304,700,1,0,"0","0"
878,6,2015-07-04,5651,559,1,0,"0","0"
879,6,2015-07-04,3493,330,1,0,"0","0"
880,6,2015-07-04,6623,614,1,0,"0","0"
881,6,2015-07-04,2386,351,1,0,"0","0"
882,6,2015-07-04,5326,643,1,0,"0","0"
883,6,2015-07-04,2846,297,1,0,"0","0"
884,6,2015-07-04,5332,529,1,0,"0","0"
885,6,2015-07-04,4717,651,1,0,"0","0"
886,6,2015-07-04,4291,408,1,0,"0","0"
887,6,2015-07-04,4926,443,1,0,"0","0"
888,6,2015-07-04,8598,834,1,0,"0","0"
889,6,2015-07-04,2623,278,1,0,"0","0"
890,6,2015-07-04,5740,420,1,0,"0","0"
891,6,2015-07-04,5784,869,1,0,"0","0"
892,6,2015-07-04,3624,379,1,0,"0","0"
893,6,2015-07-04,4526,636,1,0,"0","0"
894,6,2015-07-04,5103,670,1,0,"0","0"
895,6,2015-07-04,9201,820,1,0,"0","0"
896,6,2015-07-04,6600,1021,1,0,"0","0"
897,6,2015-07-04,3663,401,1,0,"0","0"
898,6,2015-07-04,2434,247,1,0,"0","0"
899,6,2015-07-04,2158,228,1,0,"0","0"
900,6,2015-07-04,4681,544,1,0,"0","0"
901,6,2015-07-04,5226,462,1,0,"0","0"
902,6,2015-07-04,3810,491,1,0,"0","0"
903,6,2015-07-04,12248,820,1,0,"0","0"
904,6,2015-07-04,5532,461,1,0,"0","0"
905,6,2015-07-04,4334,748,1,0,"0","0"
906,6,2015-07-04,8394,1047,1,0,"0","0"
907,6,2015-07-04,5244,683,1,0,"0","0"
908,6,2015-07-04,2018,220,1,0,"0","0"
909,6,2015-07-04,0,0,0,0,"0","0"
910,6,2015-07-04,4789,440,1,0,"0","0"
911,6,2015-07-04,7355,820,1,0,"0","0"
912,6,2015-07-04,4925,705,1,0,"0","0"
913,6,2015-07-04,5836,847,1,0,"0","0"
914,6,2015-07-04,5695,701,1,0,"0","0"
915,6,2015-07-04,8289,601,1,0,"0","0"
916,6,2015-07-04,4608,641,1,0,"0","0"
917,6,2015-07-04,4127,448,1,0,"0","0"
918,6,2015-07-04,2288,263,1,0,"0","0"
919,6,2015-07-04,3667,452,1,0,"0","0"
920,6,2015-07-04,5727,560,1,0,"0","0"
921,6,2015-07-04,4787,498,1,0,"0","0"
922,6,2015-07-04,7650,672,1,0,"0","0"
923,6,2015-07-04,4292,522,1,0,"0","0"
924,6,2015-07-04,2858,238,1,0,"0","0"
925,6,2015-07-04,6692,1450,1,0,"0","0"
926,6,2015-07-04,5261,426,1,0,"0","0"
927,6,2015-07-04,3812,514,1,0,"0","0"
928,6,2015-07-04,5500,539,1,0,"0","0"
929,6,2015-07-04,4443,560,1,0,"0","0"
930,6,2015-07-04,5822,963,1,0,"0","0"
931,6,2015-07-04,4315,633,1,0,"0","0"
932,6,2015-07-04,4454,466,1,0,"0","0"
933,6,2015-07-04,3934,469,1,0,"0","0"
934,6,2015-07-04,4614,433,1,0,"0","0"
935,6,2015-07-04,3769,385,1,0,"0","0"
936,6,2015-07-04,5848,712,1,0,"0","0"
937,6,2015-07-04,7252,555,1,0,"0","0"
938,6,2015-07-04,7884,826,1,0,"0","0"
939,6,2015-07-04,5160,533,1,0,"0","0"
940,6,2015-07-04,5291,534,1,0,"0","0"
941,6,2015-07-04,4085,441,1,0,"0","0"
942,6,2015-07-04,5211,448,1,0,"0","0"
943,6,2015-07-04,6570,592,1,0,"0","0"
944,6,2015-07-04,6318,1074,1,0,"0","0"
945,6,2015-07-04,3247,339,1,0,"0","0"
946,6,2015-07-04,2931,375,1,0,"0","0"
947,6,2015-07-04,6796,1067,1,0,"0","0"
948,6,2015-07-04,6687,1956,1,0,"0","0"
949,6,2015-07-04,3037,332,1,0,"0","0"
950,6,2015-07-04,4003,426,1,0,"0","0"
951,6,2015-07-04,6732,632,1,0,"0","0"
952,6,2015-07-04,6325,553,1,0,"0","0"
953,6,2015-07-04,1978,244,1,0,"0","0"
954,6,2015-07-04,4693,640,1,0,"0","0"
955,6,2015-07-04,5121,479,1,0,"0","0"
956,6,2015-07-04,1375,214,1,0,"0","0"
957,6,2015-07-04,4033,462,1,0,"0","0"
958,6,2015-07-04,3246,431,1,0,"0","0"
959,6,2015-07-04,4891,484,1,0,"0","0"
960,6,2015-07-04,6323,547,1,0,"0","0"
961,6,2015-07-04,4774,555,1,0,"0","0"
962,6,2015-07-04,4160,601,1,0,"0","0"
963,6,2015-07-04,5157,423,1,0,"0","0"
964,6,2015-07-04,6704,1272,1,0,"0","0"
965,6,2015-07-04,4994,682,1,0,"0","0"
966,6,2015-07-04,3584,404,1,0,"0","0"
967,6,2015-07-04,4443,453,1,0,"0","0"
968,6,2015-07-04,5516,704,1,0,"0","0"
969,6,2015-07-04,3477,751,1,0,"0","0"
970,6,2015-07-04,1127,125,1,0,"0","0"
971,6,2015-07-04,7543,923,1,0,"0","0"
972,6,2015-07-04,1518,189,1,0,"0","0"
973,6,2015-07-04,5012,648,1,0,"0","0"
974,6,2015-07-04,8822,1172,1,0,"0","0"
975,6,2015-07-04,4982,475,1,0,"0","0"
976,6,2015-07-04,3891,429,1,0,"0","0"
977,6,2015-07-04,2388,336,1,0,"0","0"
978,6,2015-07-04,5784,753,1,0,"0","0"
979,6,2015-07-04,4344,521,1,0,"0","0"
980,6,2015-07-04,4477,331,1,0,"0","0"
981,6,2015-07-04,4989,553,1,0,"0","0"
982,6,2015-07-04,5281,475,1,0,"0","0"
983,6,2015-07-04,5764,897,1,0,"0","0"
984,6,2015-07-04,4241,633,1,0,"0","0"
985,6,2015-07-04,7133,749,1,0,"0","0"
986,6,2015-07-04,3850,565,1,0,"0","0"
987,6,2015-07-04,4001,511,1,0,"0","0"
988,6,2015-07-04,3082,510,1,0,"0","0"
989,6,2015-07-04,3143,357,1,0,"0","0"
990,6,2015-07-04,5228,509,1,0,"0","0"
991,6,2015-07-04,5553,531,1,0,"0","0"
992,6,2015-07-04,3541,416,1,0,"0","0"
993,6,2015-07-04,4763,477,1,0,"0","0"
994,6,2015-07-04,2293,240,1,0,"0","0"
995,6,2015-07-04,8061,666,1,0,"0","0"
996,6,2015-07-04,3573,397,1,0,"0","0"
997,6,2015-07-04,3796,335,1,0,"0","0"
998,6,2015-07-04,4807,576,1,0,"0","0"
999,6,2015-07-04,5512,377,1,0,"0","0"
1000,6,2015-07-04,6433,608,1,0,"0","0"
1001,6,2015-07-04,3663,381,1,0,"0","0"
1002,6,2015-07-04,5889,746,1,0,"0","0"
1003,6,2015-07-04,3717,413,1,0,"0","0"
1004,6,2015-07-04,4682,460,1,0,"0","0"
1005,6,2015-07-04,4642,704,1,0,"0","0"
1006,6,2015-07-04,5281,713,1,0,"0","0"
1007,6,2015-07-04,6511,819,1,0,"0","0"
1008,6,2015-07-04,4065,564,1,0,"0","0"
1009,6,2015-07-04,3162,303,1,0,"0","0"
1010,6,2015-07-04,8522,801,1,0,"0","0"
1011,6,2015-07-04,5584,674,1,0,"0","0"
1012,6,2015-07-04,6363,548,1,0,"0","0"
1013,6,2015-07-04,1993,239,1,0,"0","0"
1014,6,2015-07-04,3948,446,1,0,"0","0"
1015,6,2015-07-04,5033,418,1,0,"0","0"
1016,6,2015-07-04,4039,405,1,0,"0","0"
1017,6,2015-07-04,4067,559,1,0,"0","0"
1018,6,2015-07-04,9621,1065,1,0,"0","0"
1019,6,2015-07-04,7259,710,1,0,"0","0"
1020,6,2015-07-04,7970,946,1,0,"0","0"
1021,6,2015-07-04,9212,1094,1,0,"0","0"
1022,6,2015-07-04,6319,663,1,0,"0","0"
1023,6,2015-07-04,4513,440,1,0,"0","0"
1024,6,2015-07-04,6272,748,1,0,"0","0"
1025,6,2015-07-04,6250,786,1,0,"0","0"
1026,6,2015-07-04,6671,1021,1,0,"0","0"
1027,6,2015-07-04,8020,1189,1,0,"0","0"
1028,6,2015-07-04,2521,308,1,0,"0","0"
1029,6,2015-07-04,2393,285,1,0,"0","0"
1030,6,2015-07-04,1677,144,1,0,"0","0"
1031,6,2015-07-04,3036,281,1,0,"0","0"
1032,6,2015-07-04,4580,449,1,0,"0","0"
1033,6,2015-07-04,9460,864,1,0,"0","0"
1034,6,2015-07-04,2649,260,1,0,"0","0"
1035,6,2015-07-04,2157,230,1,0,"0","0"
1036,6,2015-07-04,4786,474,1,0,"0","0"
1037,6,2015-07-04,4052,549,1,0,"0","0"
1038,6,2015-07-04,6359,590,1,0,"0","0"
1039,6,2015-07-04,6694,846,1,0,"0","0"
1040,6,2015-07-04,6625,650,1,0,"0","0"
1041,6,2015-07-04,6685,607,1,0,"0","0"
1042,6,2015-07-04,2688,379,1,0,"0","0"
1043,6,2015-07-04,6974,1002,1,0,"0","0"
1044,6,2015-07-04,5252,785,1,0,"0","0"
1045,6,2015-07-04,7464,888,1,0,"0","0"
1046,6,2015-07-04,6879,558,1,0,"0","0"
1047,6,2015-07-04,3630,385,1,0,"0","0"
1048,6,2015-07-04,5276,463,1,0,"0","0"
1049,6,2015-07-04,2978,496,1,0,"0","0"
1050,6,2015-07-04,6121,485,1,0,"0","0"
1051,6,2015-07-04,5489,772,1,0,"0","0"
1052,6,2015-07-04,5056,507,1,0,"0","0"
1053,6,2015-07-04,6364,789,1,0,"0","0"
1054,6,2015-07-04,4493,427,1,0,"0","0"
1055,6,2015-07-04,6321,832,1,0,"0","0"
1056,6,2015-07-04,4987,492,1,0,"0","0"
1057,6,2015-07-04,6166,651,1,0,"0","0"
1058,6,2015-07-04,4367,411,1,0,"0","0"
1059,6,2015-07-04,7368,1048,1,0,"0","0"
1060,6,2015-07-04,4905,622,1,0,"0","0"
1061,6,2015-07-04,8493,635,1,0,"0","0"
1062,6,2015-07-04,5245,517,1,0,"0","0"
1063,6,2015-07-04,3688,438,1,0,"0","0"
1064,6,2015-07-04,7817,812,1,0,"0","0"
1065,6,2015-07-04,2254,284,1,0,"0","0"
1066,6,2015-07-04,7624,779,1,0,"0","0"
1067,6,2015-07-04,6449,548,1,0,"0","0"
1068,6,2015-07-04,4632,319,1,0,"0","0"
1069,6,2015-07-04,2663,320,1,0,"0","0"
1070,6,2015-07-04,5858,732,1,0,"0","0"
1071,6,2015-07-04,4446,539,1,0,"0","0"
1072,6,2015-07-04,4366,410,1,0,"0","0"
1073,6,2015-07-04,6426,759,1,0,"0","0"
1074,6,2015-07-04,3676,433,1,0,"0","0"
1075,6,2015-07-04,11242,1042,1,0,"0","0"
1076,6,2015-07-04,2736,392,1,0,"0","0"
1077,6,2015-07-04,2762,303,1,0,"0","0"
1078,6,2015-07-04,5926,426,1,0,"0","0"
1079,6,2015-07-04,6212,488,1,0,"0","0"
1080,6,2015-07-04,10617,831,1,0,"0","0"
1081,6,2015-07-04,2459,487,1,0,"0","0"
1082,6,2015-07-04,4112,575,1,0,"0","0"
1083,6,2015-07-04,5968,398,1,0,"0","0"
1084,6,2015-07-04,5152,614,1,0,"0","0"
1085,6,2015-07-04,4601,470,1,0,"0","0"
1086,6,2015-07-04,2900,387,1,0,"0","0"
1087,6,2015-07-04,5979,614,1,0,"0","0"
1088,6,2015-07-04,3004,278,1,0,"0","0"
1089,6,2015-07-04,9649,908,1,0,"0","0"
1090,6,2015-07-04,2711,334,1,0,"0","0"
1091,6,2015-07-04,7866,633,1,0,"0","0"
1092,6,2015-07-04,12018,1079,1,0,"0","0"
1093,6,2015-07-04,7117,630,1,0,"0","0"
1094,6,2015-07-04,5220,432,1,0,"0","0"
1095,6,2015-07-04,2733,448,1,0,"0","0"
1096,6,2015-07-04,5091,543,1,0,"0","0"
1097,6,2015-07-04,9749,2799,1,0,"0","0"
1098,6,2015-07-04,3034,379,1,0,"0","0"
1099,6,2015-07-04,8220,1147,1,0,"0","0"
1100,6,2015-07-04,2735,331,1,0,"0","0"
1101,6,2015-07-04,8513,828,1,0,"0","0"
1102,6,2015-07-04,6506,614,1,0,"0","0"
1103,6,2015-07-04,5721,443,1,0,"0","0"
1104,6,2015-07-04,6780,509,1,0,"0","0"
1105,6,2015-07-04,3913,431,1,0,"0","0"
1106,6,2015-07-04,3035,368,1,0,"0","0"
1107,6,2015-07-04,4505,550,1,0,"0","0"
1108,6,2015-07-04,2942,272,1,0,"0","0"
1109,6,2015-07-04,3537,322,1,0,"0","0"
1110,6,2015-07-04,2895,362,1,0,"0","0"
1111,6,2015-07-04,2594,218,1,0,"0","0"
1112,6,2015-07-04,5837,530,1,0,"0","0"
1113,6,2015-07-04,5340,546,1,0,"0","0"
1114,6,2015-07-04,18529,3303,1,0,"0","0"
1115,6,2015-07-04,6543,466,1,0,"0","0"
1,5,2015-07-03,4665,538,1,1,"0","0"
2,5,2015-07-03,4838,1029,1,1,"0","0"
3,5,2015-07-03,8149,742,1,1,"0","1"
4,5,2015-07-03,11543,1395,1,1,"0","0"
5,5,2015-07-03,4475,527,1,1,"0","0"
6,5,2015-07-03,4594,535,1,1,"0","0"
7,5,2015-07-03,11976,1182,1,1,"0","0"
8,5,2015-07-03,6535,764,1,1,"0","0"
9,5,2015-07-03,8363,669,1,1,"0","1"
10,5,2015-07-03,5915,628,1,1,"0","0"
11,5,2015-07-03,7689,1134,1,1,"0","0"
12,5,2015-07-03,7311,845,1,1,"0","0"
13,5,2015-07-03,8948,441,1,1,"0","0"
14,5,2015-07-03,6252,656,1,1,"0","1"
15,5,2015-07-03,7554,702,1,1,"0","0"
16,5,2015-07-03,9453,967,1,1,"0","0"
17,5,2015-07-03,5948,737,1,1,"0","0"
18,5,2015-07-03,7810,784,1,1,"0","0"
19,5,2015-07-03,7619,658,1,1,"0","1"
20,5,2015-07-03,7548,817,1,1,"0","0"
21,5,2015-07-03,6743,590,1,1,"0","0"
22,5,2015-07-03,5673,578,1,1,"0","0"
23,5,2015-07-03,6202,509,1,1,"0","0"
24,5,2015-07-03,10896,860,1,1,"0","1"
25,5,2015-07-03,10709,1471,1,1,"0","1"
26,5,2015-07-03,7260,547,1,1,"0","0"
27,5,2015-07-03,10286,1007,1,1,"0","1"
28,5,2015-07-03,5027,569,1,1,"0","0"
29,5,2015-07-03,9644,743,1,1,"0","1"
30,5,2015-07-03,3684,483,1,1,"0","1"
31,5,2015-07-03,6714,607,1,1,"0","0"
32,5,2015-07-03,5415,528,1,1,"0","0"
33,5,2015-07-03,8194,779,1,1,"0","1"
34,5,2015-07-03,8951,1041,1,1,"0","0"
35,5,2015-07-03,13950,841,1,1,"0","1"
36,5,2015-07-03,9388,1080,1,1,"0","0"
37,5,2015-07-03,7024,737,1,1,"0","0"
38,5,2015-07-03,5701,511,1,1,"0","1"
39,5,2015-07-03,5371,592,1,1,"0","1"
40,5,2015-07-03,4038,516,1,1,"0","1"
41,5,2015-07-03,6289,447,1,1,"0","0"
42,5,2015-07-03,9872,1054,1,1,"0","1"
43,5,2015-07-03,7429,607,1,1,"0","1"
44,5,2015-07-03,6152,687,1,1,"0","0"
45,5,2015-07-03,6517,447,1,1,"0","0"
46,5,2015-07-03,5239,624,1,1,"0","0"
47,5,2015-07-03,7046,861,1,1,"0","0"
48,5,2015-07-03,3672,371,1,1,"0","0"
49,5,2015-07-03,8214,608,1,1,"0","0"
50,5,2015-07-03,4439,388,1,1,"0","0"
51,5,2015-07-03,7634,524,1,1,"0","0"
52,5,2015-07-03,7593,481,1,1,"0","0"
53,5,2015-07-03,6671,634,1,1,"0","0"
54,5,2015-07-03,8487,701,1,1,"0","0"
55,5,2015-07-03,5385,611,1,1,"0","0"
56,5,2015-07-03,9700,653,1,1,"0","0"
57,5,2015-07-03,9143,878,1,1,"0","0"
58,5,2015-07-03,7043,542,1,1,"0","0"
59,5,2015-07-03,5528,558,1,1,"0","0"
60,5,2015-07-03,8783,744,1,1,"0","0"
61,5,2015-07-03,5972,652,1,1,"0","0"
62,5,2015-07-03,7005,747,1,1,"0","1"
63,5,2015-07-03,9218,767,1,1,"0","0"
64,5,2015-07-03,14378,971,1,1,"0","1"
65,5,2015-07-03,6101,516,1,1,"0","0"
66,5,2015-07-03,7479,576,1,1,"0","0"
67,5,2015-07-03,8801,823,1,1,"0","0"
68,5,2015-07-03,8345,1260,1,1,"0","0"
69,5,2015-07-03,13237,1848,1,1,"0","0"
70,5,2015-07-03,7690,712,1,1,"0","0"
71,5,2015-07-03,10501,800,1,1,"0","1"
72,5,2015-07-03,4545,464,1,1,"0","0"
73,5,2015-07-03,4981,491,1,1,"0","0"
74,5,2015-07-03,6293,804,1,1,"0","1"
75,5,2015-07-03,6871,710,1,1,"0","0"
76,5,2015-07-03,10223,996,1,1,"0","0"
77,5,2015-07-03,9279,709,1,1,"0","0"
78,5,2015-07-03,4544,553,1,1,"0","0"
79,5,2015-07-03,6677,620,1,1,"0","0"
80,5,2015-07-03,8953,625,1,1,"0","0"
81,5,2015-07-03,8319,625,1,1,"0","0"
82,5,2015-07-03,11602,968,1,1,"0","1"
83,5,2015-07-03,4533,383,1,1,"0","1"
84,5,2015-07-03,13623,1292,1,1,"0","1"
85,5,2015-07-03,8581,1027,1,1,"0","0"
86,5,2015-07-03,5059,561,1,1,"0","1"
87,5,2015-07-03,6129,794,1,1,"0","0"
88,5,2015-07-03,7721,738,1,1,"0","0"
89,5,2015-07-03,6657,669,1,1,"0","0"
90,5,2015-07-03,8630,995,1,1,"0","1"
91,5,2015-07-03,4824,448,1,1,"0","0"
92,5,2015-07-03,7877,638,1,1,"0","1"
93,5,2015-07-03,7784,724,1,1,"0","1"
94,5,2015-07-03,8972,698,1,1,"0","1"
95,5,2015-07-03,7698,844,1,1,"0","0"
96,5,2015-07-03,5281,482,1,1,"0","0"
97,5,2015-07-03,7117,710,1,1,"0","0"
98,5,2015-07-03,6642,513,1,1,"0","1"
99,5,2015-07-03,5377,469,1,1,"0","0"
100,5,2015-07-03,9440,795,1,1,"0","0"
101,5,2015-07-03,10279,898,1,1,"0","0"
102,5,2015-07-03,7194,990,1,1,"0","1"
103,5,2015-07-03,5124,448,1,1,"0","0"
104,5,2015-07-03,11682,1391,1,1,"0","0"
105,5,2015-07-03,6329,635,1,1,"0","0"
106,5,2015-07-03,10272,905,1,1,"0","0"
107,5,2015-07-03,7943,984,1,1,"0","0"
108,5,2015-07-03,13208,937,1,1,"0","0"
109,5,2015-07-03,7814,859,1,1,"0","0"
110,5,2015-07-03,4659,591,1,1,"0","0"
111,5,2015-07-03,8213,645,1,1,"0","0"
112,5,2015-07-03,6570,765,1,1,"0","0"
113,5,2015-07-03,5848,611,1,1,"0","0"
114,5,2015-07-03,5564,587,1,1,"0","0"
115,5,2015-07-03,8753,594,1,1,"0","0"
116,5,2015-07-03,8046,812,1,1,"0","0"
117,5,2015-07-03,4072,498,1,1,"0","1"
118,5,2015-07-03,10086,804,1,1,"0","0"
119,5,2015-07-03,6866,700,1,1,"0","0"
120,5,2015-07-03,7168,646,1,1,"0","0"
121,5,2015-07-03,4595,518,1,1,"0","0"
122,5,2015-07-03,9151,999,1,1,"0","0"
123,5,2015-07-03,9274,966,1,1,"0","0"
124,5,2015-07-03,5907,686,1,1,"0","1"
125,5,2015-07-03,12337,1529,1,1,"0","0"
126,5,2015-07-03,6340,572,1,1,"0","1"
127,5,2015-07-03,5285,684,1,1,"0","0"
128,5,2015-07-03,9775,684,1,1,"0","0"
129,5,2015-07-03,8567,1086,1,1,"0","0"
130,5,2015-07-03,5738,595,1,1,"0","0"
131,5,2015-07-03,5915,547,1,1,"0","1"
132,5,2015-07-03,8607,694,1,1,"0","0"
133,5,2015-07-03,6474,687,1,1,"0","0"
134,5,2015-07-03,5451,533,1,1,"0","0"
135,5,2015-07-03,6284,532,1,1,"0","0"
136,5,2015-07-03,5838,447,1,1,"0","0"
137,5,2015-07-03,9633,1088,1,1,"0","0"
138,5,2015-07-03,8204,755,1,1,"0","0"
139,5,2015-07-03,6861,554,1,1,"0","0"
140,5,2015-07-03,8072,947,1,1,"0","0"
141,5,2015-07-03,5612,578,1,1,"0","0"
142,5,2015-07-03,5389,609,1,1,"0","1"
143,5,2015-07-03,7692,661,1,1,"0","0"
144,5,2015-07-03,8302,752,1,1,"0","0"
145,5,2015-07-03,8614,1171,1,1,"0","0"
146,5,2015-07-03,9731,769,1,1,"0","1"
147,5,2015-07-03,9102,891,1,1,"0","1"
148,5,2015-07-03,9225,827,1,1,"0","0"
149,5,2015-07-03,5489,470,1,1,"0","0"
150,5,2015-07-03,10030,877,1,1,"0","0"
151,5,2015-07-03,7538,717,1,1,"0","0"
152,5,2015-07-03,6273,626,1,1,"0","1"
153,5,2015-07-03,7915,627,1,1,"0","1"
154,5,2015-07-03,8548,776,1,1,"0","0"
155,5,2015-07-03,6804,629,1,1,"0","0"
156,5,2015-07-03,6611,660,1,1,"0","0"
157,5,2015-07-03,11330,1017,1,1,"0","1"
158,5,2015-07-03,9581,541,1,1,"0","0"
159,5,2015-07-03,8799,733,1,1,"0","0"
160,5,2015-07-03,6479,584,1,1,"0","0"
161,5,2015-07-03,8131,846,1,1,"0","1"
162,5,2015-07-03,8422,588,1,1,"0","0"
163,5,2015-07-03,6558,831,1,1,"0","0"
164,5,2015-07-03,6115,630,1,1,"0","0"
165,5,2015-07-03,3855,419,1,1,"0","0"
166,5,2015-07-03,5666,776,1,1,"0","1"
167,5,2015-07-03,9709,1077,1,1,"0","0"
168,5,2015-07-03,8573,767,1,1,"0","0"
169,5,2015-07-03,6660,568,1,1,"0","1"
170,5,2015-07-03,4852,494,1,1,"0","1"
171,5,2015-07-03,9509,868,1,1,"0","1"
172,5,2015-07-03,7095,840,1,1,"0","0"
173,5,2015-07-03,8855,1019,1,1,"0","0"
174,5,2015-07-03,6268,475,1,1,"0","0"
175,5,2015-07-03,8025,823,1,1,"0","0"
176,5,2015-07-03,5243,623,1,1,"0","1"
177,5,2015-07-03,4328,546,1,1,"0","0"
178,5,2015-07-03,11108,946,1,1,"0","0"
179,5,2015-07-03,7475,1015,1,1,"0","1"
180,5,2015-07-03,8090,844,1,1,"0","0"
181,5,2015-07-03,5963,627,1,1,"0","0"
182,5,2015-07-03,7043,482,1,1,"0","0"
183,5,2015-07-03,7998,818,1,1,"0","0"
184,5,2015-07-03,7391,587,1,1,"0","1"
185,5,2015-07-03,8923,609,1,1,"0","0"
186,5,2015-07-03,4156,415,1,1,"0","0"
187,5,2015-07-03,8224,897,1,1,"0","0"
188,5,2015-07-03,5552,474,1,1,"0","0"
189,5,2015-07-03,9599,863,1,1,"0","0"
190,5,2015-07-03,8959,759,1,1,"0","0"
191,5,2015-07-03,7488,737,1,1,"0","0"
192,5,2015-07-03,13922,901,1,1,"0","0"
193,5,2015-07-03,5081,692,1,1,"0","0"
194,5,2015-07-03,5906,443,1,1,"0","0"
195,5,2015-07-03,12140,1305,1,1,"0","1"
196,5,2015-07-03,5166,698,1,1,"0","0"
197,5,2015-07-03,7815,884,1,1,"0","0"
198,5,2015-07-03,3372,374,1,1,"0","0"
199,5,2015-07-03,8758,674,1,1,"0","0"
200,5,2015-07-03,8462,1005,1,1,"0","1"
201,5,2015-07-03,6954,532,1,1,"0","1"
202,5,2015-07-03,7164,523,1,1,"0","0"
203,5,2015-07-03,6598,802,1,1,"0","0"
204,5,2015-07-03,6665,616,1,1,"0","0"
205,5,2015-07-03,7556,920,1,1,"0","0"
206,5,2015-07-03,7906,796,1,1,"0","1"
207,5,2015-07-03,12775,1339,1,1,"0","0"
208,5,2015-07-03,3519,464,1,1,"0","0"
209,5,2015-07-03,7420,748,1,1,"0","0"
210,5,2015-07-03,3751,372,1,1,"0","0"
211,5,2015-07-03,15208,1676,1,1,"0","0"
212,5,2015-07-03,5520,491,1,1,"0","0"
213,5,2015-07-03,8415,667,1,1,"0","1"
214,5,2015-07-03,9768,721,1,1,"0","1"
215,5,2015-07-03,8433,571,1,1,"0","0"
216,5,2015-07-03,7350,855,1,1,"0","1"
217,5,2015-07-03,5501,694,1,1,"0","0"
218,5,2015-07-03,4863,657,1,1,"0","0"
219,5,2015-07-03,3282,389,1,1,"0","1"
220,5,2015-07-03,4926,595,1,1,"0","1"
221,5,2015-07-03,7730,663,1,1,"0","0"
222,5,2015-07-03,6280,634,1,1,"0","0"
223,5,2015-07-03,8112,769,1,1,"0","0"
224,5,2015-07-03,8032,515,1,1,"0","0"
225,5,2015-07-03,6289,632,1,1,"0","0"
226,5,2015-07-03,7394,694,1,1,"0","0"
227,5,2015-07-03,7662,638,1,1,"0","1"
228,5,2015-07-03,9457,628,1,1,"0","1"
229,5,2015-07-03,10515,846,1,1,"0","0"
230,5,2015-07-03,9364,1088,1,1,"0","0"
231,5,2015-07-03,6026,440,1,1,"0","0"
232,5,2015-07-03,4337,390,1,1,"0","0"
233,5,2015-07-03,10322,1086,1,1,"0","0"
234,5,2015-07-03,12811,1066,1,1,"0","1"
235,5,2015-07-03,6928,533,1,1,"0","0"
236,5,2015-07-03,8821,987,1,1,"0","0"
237,5,2015-07-03,4984,609,1,1,"0","0"
238,5,2015-07-03,7699,1134,1,1,"0","1"
239,5,2015-07-03,6292,514,1,1,"0","1"
240,5,2015-07-03,5518,530,1,1,"0","0"
241,5,2015-07-03,6948,708,1,1,"0","1"
242,5,2015-07-03,5168,420,1,1,"0","0"
243,5,2015-07-03,6219,899,1,1,"0","0"
244,5,2015-07-03,5281,523,1,1,"0","1"
245,5,2015-07-03,10412,1145,1,1,"0","0"
246,5,2015-07-03,7913,961,1,1,"0","0"
247,5,2015-07-03,9361,668,1,1,"0","0"
248,5,2015-07-03,7481,1066,1,1,"0","0"
249,5,2015-07-03,6356,588,1,1,"0","0"
250,5,2015-07-03,9114,646,1,1,"0","0"
251,5,2015-07-03,18347,2229,1,1,"0","1"
252,5,2015-07-03,12071,858,1,1,"0","1"
253,5,2015-07-03,5766,614,1,1,"0","1"
254,5,2015-07-03,3271,265,1,1,"0","0"
255,5,2015-07-03,7282,674,1,1,"0","1"
256,5,2015-07-03,7702,919,1,1,"0","1"
257,5,2015-07-03,5342,612,1,1,"0","0"
258,5,2015-07-03,7066,585,1,1,"0","0"
259,5,2015-07-03,13874,3178,1,1,"0","0"
260,5,2015-07-03,6556,969,1,1,"0","0"
261,5,2015-07-03,13056,940,1,1,"0","0"
262,5,2015-07-03,23253,4051,1,1,"0","0"
263,5,2015-07-03,4460,420,1,1,"0","0"
264,5,2015-07-03,7366,898,1,1,"0","0"
265,5,2015-07-03,6163,583,1,1,"0","0"
266,5,2015-07-03,3756,470,1,1,"0","0"
267,5,2015-07-03,9427,1106,1,1,"0","0"
268,5,2015-07-03,6177,679,1,1,"0","0"
269,5,2015-07-03,7891,1021,1,1,"0","1"
270,5,2015-07-03,10974,1304,1,1,"0","0"
271,5,2015-07-03,6661,722,1,1,"0","0"
272,5,2015-07-03,7367,705,1,1,"0","0"
273,5,2015-07-03,8794,741,1,1,"0","1"
274,5,2015-07-03,6713,1629,1,1,"0","0"
275,5,2015-07-03,7146,694,1,1,"0","0"
276,5,2015-07-03,4489,536,1,1,"0","0"
277,5,2015-07-03,7583,603,1,1,"0","0"
278,5,2015-07-03,8686,874,1,1,"0","0"
279,5,2015-07-03,8090,597,1,1,"0","0"
280,5,2015-07-03,7526,569,1,1,"0","0"
281,5,2015-07-03,7182,628,1,1,"0","0"
282,5,2015-07-03,5369,692,1,1,"0","0"
283,5,2015-07-03,7772,730,1,1,"0","0"
284,5,2015-07-03,5004,444,1,1,"0","0"
285,5,2015-07-03,5390,458,1,1,"0","0"
286,5,2015-07-03,4397,393,1,1,"0","0"
287,5,2015-07-03,8714,830,1,1,"0","0"
288,5,2015-07-03,6239,457,1,1,"0","0"
289,5,2015-07-03,5813,506,1,1,"0","0"
290,5,2015-07-03,8328,694,1,1,"0","1"
291,5,2015-07-03,8629,870,1,1,"0","0"
292,5,2015-07-03,5036,517,1,1,"0","0"
293,5,2015-07-03,6526,775,1,1,"0","0"
294,5,2015-07-03,6125,773,1,1,"0","0"
295,5,2015-07-03,5556,707,1,1,"0","0"
296,5,2015-07-03,6984,731,1,1,"0","0"
297,5,2015-07-03,8219,762,1,1,"0","0"
298,5,2015-07-03,9139,743,1,1,"0","0"
299,5,2015-07-03,9483,973,1,1,"0","0"
300,5,2015-07-03,6989,898,1,1,"0","0"
301,5,2015-07-03,6758,654,1,1,"0","0"
302,5,2015-07-03,3960,321,1,1,"0","0"
303,5,2015-07-03,6534,653,1,1,"0","1"
304,5,2015-07-03,8142,1169,1,1,"0","0"
305,5,2015-07-03,6114,566,1,1,"0","0"
306,5,2015-07-03,4537,488,1,1,"0","0"
307,5,2015-07-03,3271,342,1,1,"0","0"
308,5,2015-07-03,9668,869,1,1,"0","1"
309,5,2015-07-03,7899,601,1,1,"0","1"
310,5,2015-07-03,11829,839,1,1,"0","0"
311,5,2015-07-03,7378,814,1,1,"0","0"
312,5,2015-07-03,5619,542,1,1,"0","0"
313,5,2015-07-03,7901,722,1,1,"0","0"
314,5,2015-07-03,5017,530,1,1,"0","1"
315,5,2015-07-03,5023,514,1,1,"0","0"
316,5,2015-07-03,11764,943,1,1,"0","1"
317,5,2015-07-03,5882,630,1,1,"0","0"
318,5,2015-07-03,8670,769,1,1,"0","0"
319,5,2015-07-03,8862,877,1,1,"0","0"
320,5,2015-07-03,16097,2163,1,1,"0","0"
321,5,2015-07-03,7401,634,1,1,"0","0"
322,5,2015-07-03,5180,529,1,1,"0","0"
323,5,2015-07-03,9191,678,1,1,"0","0"
324,5,2015-07-03,4600,576,1,1,"0","0"
325,5,2015-07-03,6398,591,1,1,"0","1"
326,5,2015-07-03,7194,512,1,1,"0","0"
327,5,2015-07-03,7285,812,1,1,"0","0"
328,5,2015-07-03,4826,560,1,1,"0","1"
329,5,2015-07-03,8218,660,1,1,"0","1"
330,5,2015-07-03,4949,456,1,1,"0","1"
331,5,2015-07-03,5267,744,1,1,"0","0"
332,5,2015-07-03,4022,502,1,1,"0","0"
333,5,2015-07-03,11210,1355,1,1,"0","0"
334,5,2015-07-03,5980,554,1,1,"0","1"
335,5,2015-07-03,13533,2409,1,1,"0","1"
336,5,2015-07-03,13970,1874,1,1,"0","0"
337,5,2015-07-03,6149,441,1,1,"0","0"
338,5,2015-07-03,7051,539,1,1,"0","0"
339,5,2015-07-03,5031,625,1,1,"0","0"
340,5,2015-07-03,8755,855,1,1,"0","0"
341,5,2015-07-03,6702,828,1,1,"0","1"
342,5,2015-07-03,13654,938,1,1,"0","0"
343,5,2015-07-03,8891,770,1,1,"0","1"
344,5,2015-07-03,9495,1169,1,1,"0","0"
345,5,2015-07-03,4839,501,1,1,"0","0"
346,5,2015-07-03,8321,671,1,1,"0","1"
347,5,2015-07-03,6582,476,1,1,"0","0"
348,5,2015-07-03,10550,831,1,1,"0","0"
349,5,2015-07-03,9183,861,1,1,"0","0"
350,5,2015-07-03,8347,574,1,1,"0","0"
351,5,2015-07-03,7122,549,1,1,"0","1"
352,5,2015-07-03,8183,705,1,1,"0","0"
353,5,2015-07-03,7293,2171,1,1,"0","0"
354,5,2015-07-03,10051,762,1,1,"0","1"
355,5,2015-07-03,10748,1196,1,1,"0","0"
356,5,2015-07-03,7302,513,1,1,"0","0"
357,5,2015-07-03,8381,1068,1,1,"0","0"
358,5,2015-07-03,10812,1102,1,1,"0","1"
359,5,2015-07-03,7403,616,1,1,"0","0"
360,5,2015-07-03,8564,848,1,1,"0","0"
361,5,2015-07-03,7422,704,1,1,"0","0"
362,5,2015-07-03,9192,1193,1,1,"0","0"
363,5,2015-07-03,7979,1066,1,1,"0","0"
364,5,2015-07-03,6215,746,1,1,"0","0"
365,5,2015-07-03,5939,623,1,1,"0","0"
366,5,2015-07-03,7100,641,1,1,"0","0"
367,5,2015-07-03,6091,588,1,1,"0","0"
368,5,2015-07-03,11044,743,1,1,"0","0"
369,5,2015-07-03,7804,625,1,1,"0","0"
370,5,2015-07-03,9300,665,1,1,"0","1"
371,5,2015-07-03,8066,581,1,1,"0","0"
372,5,2015-07-03,10290,797,1,1,"0","1"
373,5,2015-07-03,5245,335,1,1,"0","0"
374,5,2015-07-03,8894,904,1,1,"0","0"
375,5,2015-07-03,10088,812,1,1,"0","0"
376,5,2015-07-03,9469,934,1,1,"0","0"
377,5,2015-07-03,9300,1095,1,1,"0","0"
378,5,2015-07-03,6839,1016,1,1,"0","1"
379,5,2015-07-03,4889,537,1,1,"0","0"
380,5,2015-07-03,15398,1312,1,1,"0","1"
381,5,2015-07-03,10106,985,1,1,"0","0"
382,5,2015-07-03,9537,765,1,1,"0","0"
383,5,2015-07-03,18280,2260,1,1,"0","0"
384,5,2015-07-03,7527,886,1,1,"0","0"
385,5,2015-07-03,7421,637,1,1,"0","0"
386,5,2015-07-03,7546,615,1,1,"0","1"
387,5,2015-07-03,9309,1051,1,1,"0","1"
388,5,2015-07-03,11747,1060,1,1,"0","1"
389,5,2015-07-03,11714,1335,1,1,"0","0"
390,5,2015-07-03,13955,1120,1,1,"0","0"
391,5,2015-07-03,6182,715,1,1,"0","1"
392,5,2015-07-03,7732,725,1,1,"0","1"
393,5,2015-07-03,6884,660,1,1,"0","1"
394,5,2015-07-03,9893,729,1,1,"0","0"
395,5,2015-07-03,4789,562,1,1,"0","1"
396,5,2015-07-03,10488,1043,1,1,"0","0"
397,5,2015-07-03,6024,732,1,1,"0","1"
398,5,2015-07-03,6321,646,1,1,"0","0"
399,5,2015-07-03,6176,550,1,1,"0","0"
400,5,2015-07-03,7623,1115,1,1,"0","0"
401,5,2015-07-03,8009,681,1,1,"0","0"
402,5,2015-07-03,5350,544,1,1,"0","0"
403,5,2015-07-03,7948,730,1,1,"0","1"
404,5,2015-07-03,5448,582,1,1,"0","0"
405,5,2015-07-03,5205,509,1,1,"0","1"
406,5,2015-07-03,7992,544,1,1,"0","0"
407,5,2015-07-03,5151,380,1,1,"0","0"
408,5,2015-07-03,5682,488,1,1,"0","0"
409,5,2015-07-03,6995,578,1,1,"0","0"
410,5,2015-07-03,7316,796,1,1,"0","1"
411,5,2015-07-03,11420,758,1,1,"0","0"
412,5,2015-07-03,10256,702,1,1,"0","0"
413,5,2015-07-03,7283,915,1,1,"0","0"
414,5,2015-07-03,6762,507,1,1,"0","0"
415,5,2015-07-03,7116,564,1,1,"0","0"
416,5,2015-07-03,12238,1359,1,1,"0","0"
417,5,2015-07-03,7136,662,1,1,"0","1"
418,5,2015-07-03,6682,638,1,1,"0","1"
419,5,2015-07-03,5500,897,1,1,"0","0"
420,5,2015-07-03,5248,448,1,1,"0","0"
421,5,2015-07-03,12034,1089,1,1,"0","0"
422,5,2015-07-03,5117,469,1,1,"0","0"
423,5,2015-07-03,14447,2854,1,1,"0","0"
424,5,2015-07-03,8166,834,1,1,"0","1"
425,5,2015-07-03,3652,411,1,1,"0","1"
426,5,2015-07-03,4862,583,1,1,"0","1"
427,5,2015-07-03,6741,670,1,1,"0","0"
428,5,2015-07-03,7446,558,1,1,"0","0"
429,5,2015-07-03,5988,461,1,1,"0","0"
430,5,2015-07-03,10043,775,1,1,"0","0"
431,5,2015-07-03,10425,979,1,1,"0","1"
432,5,2015-07-03,11316,1633,1,1,"0","0"
433,5,2015-07-03,7351,786,1,1,"0","0"
434,5,2015-07-03,12323,855,1,1,"0","0"
435,5,2015-07-03,3622,385,1,1,"0","1"
436,5,2015-07-03,5430,634,1,1,"0","0"
437,5,2015-07-03,5528,509,1,1,"0","0"
438,5,2015-07-03,5974,576,1,1,"0","0"
439,5,2015-07-03,7525,859,1,1,"0","0"
440,5,2015-07-03,6285,675,1,1,"0","0"
441,5,2015-07-03,8352,784,1,1,"0","1"
442,5,2015-07-03,4014,374,1,1,"0","0"
443,5,2015-07-03,6148,512,1,1,"0","0"
444,5,2015-07-03,12448,1290,1,1,"0","0"
445,5,2015-07-03,8334,1422,1,1,"0","1"
446,5,2015-07-03,5411,643,1,1,"0","1"
447,5,2015-07-03,6505,709,1,1,"0","0"
448,5,2015-07-03,10194,778,1,1,"0","1"
449,5,2015-07-03,9966,1388,1,1,"0","0"
450,5,2015-07-03,9477,1088,1,1,"0","0"
451,5,2015-07-03,5602,464,1,1,"0","0"
452,5,2015-07-03,5951,505,1,1,"0","0"
453,5,2015-07-03,11590,1225,1,1,"0","0"
454,5,2015-07-03,6709,790,1,1,"0","0"
455,5,2015-07-03,8920,503,1,1,"0","0"
456,5,2015-07-03,6021,798,1,1,"0","1"
457,5,2015-07-03,7111,578,1,1,"0","0"
458,5,2015-07-03,8114,728,1,1,"0","0"
459,5,2015-07-03,9796,1133,1,1,"0","0"
460,5,2015-07-03,4386,402,1,1,"0","0"
461,5,2015-07-03,5303,476,1,1,"0","0"
462,5,2015-07-03,4799,606,1,1,"0","0"
463,5,2015-07-03,6598,970,1,1,"0","1"
464,5,2015-07-03,11391,1340,1,1,"0","0"
465,5,2015-07-03,9411,709,1,1,"0","0"
466,5,2015-07-03,9887,845,1,1,"0","1"
467,5,2015-07-03,13349,1449,1,1,"0","1"
468,5,2015-07-03,6453,674,1,1,"0","0"
469,5,2015-07-03,12651,1568,1,1,"0","0"
470,5,2015-07-03,12297,1535,1,1,"0","1"
471,5,2015-07-03,9418,661,1,1,"0","0"
472,5,2015-07-03,6174,739,1,1,"0","0"
473,5,2015-07-03,3281,437,1,1,"0","1"
474,5,2015-07-03,8831,779,1,1,"0","0"
475,5,2015-07-03,6697,973,1,1,"0","1"
476,5,2015-07-03,6525,646,1,1,"0","0"
477,5,2015-07-03,9163,579,1,1,"0","0"
478,5,2015-07-03,7525,737,1,1,"0","0"
479,5,2015-07-03,12123,1365,1,1,"0","0"
480,5,2015-07-03,5430,635,1,1,"0","0"
481,5,2015-07-03,6514,571,1,1,"0","0"
482,5,2015-07-03,7976,806,1,1,"0","0"
483,5,2015-07-03,4337,530,1,1,"0","0"
484,5,2015-07-03,10364,917,1,1,"0","0"
485,5,2015-07-03,5462,463,1,1,"0","0"
486,5,2015-07-03,4816,495,1,1,"0","1"
487,5,2015-07-03,7717,725,1,1,"0","0"
488,5,2015-07-03,4748,426,1,1,"0","0"
489,5,2015-07-03,7634,635,1,1,"0","0"
490,5,2015-07-03,8688,1049,1,1,"0","0"
491,5,2015-07-03,7306,520,1,1,"0","0"
492,5,2015-07-03,8203,1161,1,1,"0","0"
493,5,2015-07-03,9403,832,1,1,"0","1"
494,5,2015-07-03,9133,1266,1,1,"0","0"
495,5,2015-07-03,6428,485,1,1,"0","0"
496,5,2015-07-03,8975,895,1,1,"0","0"
497,5,2015-07-03,9037,1054,1,1,"0","0"
498,5,2015-07-03,6805,871,1,1,"0","0"
499,5,2015-07-03,6265,861,1,1,"0","0"
500,5,2015-07-03,6663,504,1,1,"0","0"
501,5,2015-07-03,5027,535,1,1,"0","0"
502,5,2015-07-03,10316,1423,1,1,"0","0"
503,5,2015-07-03,7288,463,1,1,"0","0"
504,5,2015-07-03,7182,966,1,1,"0","0"
505,5,2015-07-03,5174,621,1,1,"0","0"
506,5,2015-07-03,7737,789,1,1,"0","1"
507,5,2015-07-03,8479,641,1,1,"0","1"
508,5,2015-07-03,8264,684,1,1,"0","1"
509,5,2015-07-03,6624,505,1,1,"0","0"
510,5,2015-07-03,10063,900,1,1,"0","1"
511,5,2015-07-03,6036,795,1,1,"0","0"
512,5,2015-07-03,7897,1925,1,1,"0","0"
513,5,2015-07-03,18203,2024,1,1,"0","0"
514,5,2015-07-03,6720,627,1,1,"0","0"
515,5,2015-07-03,11178,835,1,1,"0","1"
516,5,2015-07-03,5695,668,1,1,"0","1"
517,5,2015-07-03,7366,677,1,1,"0","0"
518,5,2015-07-03,5466,480,1,1,"0","0"
519,5,2015-07-03,4965,496,1,1,"0","0"
520,5,2015-07-03,4663,500,1,1,"0","0"
521,5,2015-07-03,6282,490,1,1,"0","0"
522,5,2015-07-03,8619,682,1,1,"0","0"
523,5,2015-07-03,14409,1632,1,1,"0","0"
524,5,2015-07-03,10079,968,1,1,"0","0"
525,5,2015-07-03,10812,820,1,1,"0","0"
526,5,2015-07-03,10774,1384,1,1,"0","0"
527,5,2015-07-03,12052,1073,1,1,"0","1"
528,5,2015-07-03,11616,990,1,1,"0","1"
529,5,2015-07-03,10205,904,1,1,"0","0"
530,5,2015-07-03,6731,1141,1,1,"0","0"
531,5,2015-07-03,5521,590,1,1,"0","0"
532,5,2015-07-03,12618,1341,1,1,"0","1"
533,5,2015-07-03,10302,871,1,1,"0","0"
534,5,2015-07-03,5567,484,1,1,"0","0"
535,5,2015-07-03,9031,934,1,1,"0","1"
536,5,2015-07-03,10124,960,1,1,"0","1"
537,5,2015-07-03,6193,636,1,1,"0","0"
538,5,2015-07-03,4651,656,1,1,"0","0"
539,5,2015-07-03,12893,1225,1,1,"0","0"
540,5,2015-07-03,6855,433,1,1,"0","0"
541,5,2015-07-03,7910,896,1,1,"0","1"
542,5,2015-07-03,6020,496,1,1,"0","0"
543,5,2015-07-03,2786,247,1,1,"0","0"
544,5,2015-07-03,12407,1641,1,1,"0","0"
545,5,2015-07-03,12682,1056,1,1,"0","1"
546,5,2015-07-03,15913,1835,1,1,"0","0"
547,5,2015-07-03,7823,532,1,1,"0","0"
548,5,2015-07-03,5289,399,1,1,"0","0"
549,5,2015-07-03,6393,694,1,1,"0","0"
550,5,2015-07-03,6359,432,1,1,"0","0"
551,5,2015-07-03,8229,1155,1,1,"0","0"
552,5,2015-07-03,6979,608,1,1,"0","0"
553,5,2015-07-03,6887,652,1,1,"0","0"
554,5,2015-07-03,5583,663,1,1,"0","0"
555,5,2015-07-03,5941,479,1,1,"0","0"
556,5,2015-07-03,7980,823,1,1,"0","0"
557,5,2015-07-03,4062,589,1,1,"0","1"
558,5,2015-07-03,3458,463,1,1,"0","0"
559,5,2015-07-03,6361,755,1,1,"0","0"
560,5,2015-07-03,15028,1761,1,1,"0","0"
561,5,2015-07-03,8341,738,1,1,"0","1"
562,5,2015-07-03,19083,3404,1,1,"0","0"
563,5,2015-07-03,4359,512,1,1,"0","1"
564,5,2015-07-03,6733,539,1,1,"0","1"
565,5,2015-07-03,6853,732,1,1,"0","1"
566,5,2015-07-03,6007,646,1,1,"0","0"
567,5,2015-07-03,5618,646,1,1,"0","1"
568,5,2015-07-03,5713,469,1,1,"0","0"
569,5,2015-07-03,4956,695,1,1,"0","0"
570,5,2015-07-03,3867,577,1,1,"0","1"
571,5,2015-07-03,9065,654,1,1,"0","0"
572,5,2015-07-03,6557,545,1,1,"0","1"
573,5,2015-07-03,4574,351,1,1,"0","0"
574,5,2015-07-03,11040,743,1,1,"0","0"
575,5,2015-07-03,4258,424,1,1,"0","0"
576,5,2015-07-03,7730,1016,1,1,"0","0"
577,5,2015-07-03,6009,627,1,1,"0","0"
578,5,2015-07-03,12648,1182,1,1,"0","0"
579,5,2015-07-03,8832,873,1,1,"0","1"
580,5,2015-07-03,9616,1569,1,1,"0","0"
581,5,2015-07-03,5813,576,1,1,"0","0"
582,5,2015-07-03,5551,695,1,1,"0","0"
583,5,2015-07-03,5008,486,1,1,"0","0"
584,5,2015-07-03,4570,442,1,1,"0","0"
585,5,2015-07-03,5500,830,1,1,"0","0"
586,5,2015-07-03,14102,2111,1,1,"0","1"
587,5,2015-07-03,11514,755,1,1,"0","0"
588,5,2015-07-03,7837,740,1,1,"0","0"
589,5,2015-07-03,6155,536,1,1,"0","0"
590,5,2015-07-03,7064,455,1,1,"0","0"
591,5,2015-07-03,6878,566,1,1,"0","0"
592,5,2015-07-03,4964,578,1,1,"0","1"
593,5,2015-07-03,9784,1241,1,1,"0","0"
594,5,2015-07-03,5033,532,1,1,"0","0"
595,5,2015-07-03,16923,1800,1,1,"0","0"
596,5,2015-07-03,5605,814,1,1,"0","0"
597,5,2015-07-03,4576,682,1,1,"0","0"
598,5,2015-07-03,5524,694,1,1,"0","0"
599,5,2015-07-03,11505,924,1,1,"0","0"
600,5,2015-07-03,9182,732,1,1,"0","0"
601,5,2015-07-03,5906,410,1,1,"0","0"
602,5,2015-07-03,7066,594,1,1,"0","0"
603,5,2015-07-03,6517,904,1,1,"0","0"
604,5,2015-07-03,8534,567,1,1,"0","0"
605,5,2015-07-03,6885,517,1,1,"0","0"
606,5,2015-07-03,5613,577,1,1,"0","0"
607,5,2015-07-03,4294,488,1,1,"0","0"
608,5,2015-07-03,7627,729,1,1,"0","0"
609,5,2015-07-03,6088,626,1,1,"0","0"
610,5,2015-07-03,4294,487,1,1,"0","1"
611,5,2015-07-03,6141,500,1,1,"0","0"
612,5,2015-07-03,5644,377,1,1,"0","0"
613,5,2015-07-03,6104,926,1,1,"0","0"
614,5,2015-07-03,6301,912,1,1,"0","0"
615,5,2015-07-03,9789,1172,1,1,"0","0"
616,5,2015-07-03,9164,849,1,1,"0","1"
617,5,2015-07-03,6715,616,1,1,"0","0"
618,5,2015-07-03,8652,601,1,1,"0","0"
619,5,2015-07-03,4763,464,1,1,"0","0"
620,5,2015-07-03,10246,828,1,1,"0","0"
621,5,2015-07-03,6686,806,1,1,"0","1"
622,5,2015-07-03,5637,501,1,1,"0","0"
623,5,2015-07-03,6800,850,1,1,"0","1"
624,5,2015-07-03,7550,657,1,1,"0","1"
625,5,2015-07-03,6413,619,1,1,"0","1"
626,5,2015-07-03,9932,847,1,1,"0","0"
627,5,2015-07-03,7375,669,1,1,"0","0"
628,5,2015-07-03,7946,908,1,1,"0","0"
629,5,2015-07-03,6955,575,1,1,"0","0"
630,5,2015-07-03,5874,694,1,1,"0","0"
631,5,2015-07-03,6461,682,1,1,"0","0"
632,5,2015-07-03,8267,990,1,1,"0","0"
633,5,2015-07-03,8964,647,1,1,"0","0"
634,5,2015-07-03,7472,710,1,1,"0","0"
635,5,2015-07-03,6681,702,1,1,"0","0"
636,5,2015-07-03,5163,680,1,1,"0","0"
637,5,2015-07-03,10846,815,1,1,"0","0"
638,5,2015-07-03,6890,562,1,1,"0","0"
639,5,2015-07-03,5047,507,1,1,"0","1"
640,5,2015-07-03,14198,946,1,1,"0","1"
641,5,2015-07-03,5013,430,1,1,"0","1"
642,5,2015-07-03,3536,411,1,1,"0","1"
643,5,2015-07-03,9076,1088,1,1,"0","0"
644,5,2015-07-03,9721,1049,1,1,"0","0"
645,5,2015-07-03,10111,1183,1,1,"0","0"
646,5,2015-07-03,5091,658,1,1,"0","0"
647,5,2015-07-03,7703,810,1,1,"0","0"
648,5,2015-07-03,6139,571,1,1,"0","0"
649,5,2015-07-03,4298,421,1,1,"0","0"
650,5,2015-07-03,7104,682,1,1,"0","0"
651,5,2015-07-03,7778,900,1,1,"0","1"
652,5,2015-07-03,7303,702,1,1,"0","0"
653,5,2015-07-03,7340,547,1,1,"0","1"
654,5,2015-07-03,7758,719,1,1,"0","0"
655,5,2015-07-03,10172,764,1,1,"0","1"
656,5,2015-07-03,3354,373,1,1,"0","0"
657,5,2015-07-03,5618,662,1,1,"0","1"
658,5,2015-07-03,7352,626,1,1,"0","1"
659,5,2015-07-03,5895,774,1,1,"0","0"
660,5,2015-07-03,6565,646,1,1,"0","0"
661,5,2015-07-03,8530,640,1,1,"0","0"
662,5,2015-07-03,9888,870,1,1,"0","0"
663,5,2015-07-03,6095,824,1,1,"0","0"
664,5,2015-07-03,5997,700,1,1,"0","0"
665,5,2015-07-03,8482,1429,1,1,"0","0"
666,5,2015-07-03,7876,699,1,1,"0","0"
667,5,2015-07-03,9859,833,1,1,"0","0"
668,5,2015-07-03,9314,1150,1,1,"0","0"
669,5,2015-07-03,5704,501,1,1,"0","0"
670,5,2015-07-03,7136,722,1,1,"0","0"
671,5,2015-07-03,7177,646,1,1,"0","0"
672,5,2015-07-03,8889,1272,1,1,"0","0"
673,5,2015-07-03,9432,643,1,1,"0","0"
674,5,2015-07-03,10197,1212,1,1,"0","1"
675,5,2015-07-03,2990,328,1,1,"0","1"
676,5,2015-07-03,9860,2506,1,1,"0","0"
677,5,2015-07-03,8786,647,1,1,"0","0"
678,5,2015-07-03,7316,821,1,1,"0","1"
679,5,2015-07-03,10647,1071,1,1,"0","0"
680,5,2015-07-03,4792,721,1,1,"0","0"
681,5,2015-07-03,4183,571,1,1,"0","0"
682,5,2015-07-03,14335,2239,1,1,"0","0"
683,5,2015-07-03,9033,900,1,1,"0","0"
684,5,2015-07-03,9591,725,1,1,"0","0"
685,5,2015-07-03,5988,560,1,1,"0","1"
686,5,2015-07-03,6579,788,1,1,"0","0"
687,5,2015-07-03,9820,756,1,1,"0","1"
688,5,2015-07-03,3863,394,1,1,"0","0"
689,5,2015-07-03,8025,781,1,1,"0","0"
690,5,2015-07-03,5788,761,1,1,"0","1"
691,5,2015-07-03,7898,587,1,1,"0","1"
692,5,2015-07-03,6954,760,1,1,"0","1"
693,5,2015-07-03,6638,494,1,1,"0","0"
694,5,2015-07-03,9496,823,1,1,"0","0"
695,5,2015-07-03,4562,462,1,1,"0","1"
696,5,2015-07-03,8910,1086,1,1,"0","0"
697,5,2015-07-03,11988,1004,1,1,"0","1"
698,5,2015-07-03,19376,2287,1,1,"0","0"
699,5,2015-07-03,7287,845,1,1,"0","0"
700,5,2015-07-03,5685,635,1,1,"0","0"
701,5,2015-07-03,5038,539,1,1,"0","0"
702,5,2015-07-03,4986,410,1,1,"0","0"
703,5,2015-07-03,3746,389,1,1,"0","1"
704,5,2015-07-03,13035,1268,1,1,"0","0"
705,5,2015-07-03,9052,931,1,1,"0","1"
706,5,2015-07-03,7440,631,1,1,"0","0"
707,5,2015-07-03,9145,1073,1,1,"0","1"
708,5,2015-07-03,5841,550,1,1,"0","0"
709,5,2015-07-03,11586,1504,1,1,"0","0"
710,5,2015-07-03,3908,363,1,1,"0","0"
711,5,2015-07-03,6057,496,1,1,"0","0"
712,5,2015-07-03,6887,634,1,1,"0","0"
713,5,2015-07-03,8455,1031,1,1,"0","1"
714,5,2015-07-03,5698,383,1,1,"0","0"
715,5,2015-07-03,7503,763,1,1,"0","0"
716,5,2015-07-03,5499,459,1,1,"0","0"
717,5,2015-07-03,6079,562,1,1,"0","1"
718,5,2015-07-03,7913,809,1,1,"0","0"
719,5,2015-07-03,5910,492,1,1,"0","0"
720,5,2015-07-03,7964,744,1,1,"0","0"
721,5,2015-07-03,9405,827,1,1,"0","0"
722,5,2015-07-03,7598,1332,1,1,"0","0"
723,5,2015-07-03,8860,622,1,1,"0","0"
724,5,2015-07-03,7820,739,1,1,"0","1"
725,5,2015-07-03,6961,635,1,1,"0","0"
726,5,2015-07-03,12534,1250,1,1,"0","0"
727,5,2015-07-03,5435,506,1,1,"0","0"
728,5,2015-07-03,6232,496,1,1,"0","0"
729,5,2015-07-03,11887,1138,1,1,"0","1"
730,5,2015-07-03,8226,828,1,1,"0","0"
731,5,2015-07-03,9823,911,1,1,"0","1"
732,5,2015-07-03,9078,979,1,1,"0","0"
733,5,2015-07-03,17175,4054,1,1,"0","1"
734,5,2015-07-03,6247,559,1,1,"0","1"
735,5,2015-07-03,5948,570,1,1,"0","0"
736,5,2015-07-03,4950,453,1,1,"0","0"
737,5,2015-07-03,6023,817,1,1,"0","1"
738,5,2015-07-03,10354,750,1,1,"0","1"
739,5,2015-07-03,11160,848,1,1,"0","0"
740,5,2015-07-03,8613,585,1,1,"0","0"
741,5,2015-07-03,8362,995,1,1,"0","0"
742,5,2015-07-03,9090,886,1,1,"0","1"
743,5,2015-07-03,4276,453,1,1,"0","0"
744,5,2015-07-03,7665,874,1,1,"0","0"
745,5,2015-07-03,7906,720,1,1,"0","0"
746,5,2015-07-03,6944,544,1,1,"0","0"
747,5,2015-07-03,8971,746,1,1,"0","0"
748,5,2015-07-03,6874,547,1,1,"0","1"
749,5,2015-07-03,5519,653,1,1,"0","0"
750,5,2015-07-03,4592,389,1,1,"0","0"
751,5,2015-07-03,4326,559,1,1,"0","1"
752,5,2015-07-03,5497,439,1,1,"0","1"
753,5,2015-07-03,8505,712,1,1,"0","1"
754,5,2015-07-03,7491,884,1,1,"0","0"
755,5,2015-07-03,12012,930,1,1,"0","0"
756,5,2015-07-03,16013,2287,1,1,"0","1"
757,5,2015-07-03,7546,603,1,1,"0","0"
758,5,2015-07-03,4845,579,1,1,"0","0"
759,5,2015-07-03,8356,775,1,1,"0","1"
760,5,2015-07-03,9284,1479,1,1,"0","0"
761,5,2015-07-03,10071,1086,1,1,"0","0"
762,5,2015-07-03,5254,424,1,1,"0","0"
763,5,2015-07-03,7444,648,1,1,"0","0"
764,5,2015-07-03,4718,512,1,1,"0","0"
765,5,2015-07-03,9542,727,1,1,"0","0"
766,5,2015-07-03,7660,639,1,1,"0","0"
767,5,2015-07-03,7322,748,1,1,"0","0"
768,5,2015-07-03,15588,1440,1,1,"0","0"
769,5,2015-07-03,14553,4300,1,1,"0","1"
770,5,2015-07-03,5009,496,1,1,"0","1"
771,5,2015-07-03,7119,760,1,1,"0","0"
772,5,2015-07-03,3979,482,1,1,"0","0"
773,5,2015-07-03,5746,867,1,1,"0","0"
774,5,2015-07-03,6334,769,1,1,"0","0"
775,5,2015-07-03,9112,618,1,1,"0","0"
776,5,2015-07-03,4384,498,1,1,"0","1"
777,5,2015-07-03,6103,461,1,1,"0","0"
778,5,2015-07-03,6197,814,1,1,"0","0"
779,5,2015-07-03,8739,833,1,1,"0","0"
780,5,2015-07-03,6985,754,1,1,"0","0"
781,5,2015-07-03,4714,603,1,1,"0","0"
782,5,2015-07-03,5390,507,1,1,"0","0"
783,5,2015-07-03,8041,728,1,1,"0","0"
784,5,2015-07-03,7955,805,1,1,"0","1"
785,5,2015-07-03,8142,636,1,1,"0","1"
786,5,2015-07-03,3650,564,1,1,"0","0"
787,5,2015-07-03,12568,1229,1,1,"0","0"
788,5,2015-07-03,20158,1771,1,1,"0","0"
789,5,2015-07-03,3392,450,1,1,"0","0"
790,5,2015-07-03,8371,701,1,1,"0","0"
791,5,2015-07-03,9217,908,1,1,"0","1"
792,5,2015-07-03,8484,732,1,1,"0","1"
793,5,2015-07-03,6203,480,1,1,"0","1"
794,5,2015-07-03,3337,536,1,1,"0","0"
795,5,2015-07-03,4939,446,1,1,"0","1"
796,5,2015-07-03,9039,694,1,1,"0","1"
797,5,2015-07-03,5779,513,1,1,"0","0"
798,5,2015-07-03,8526,940,1,1,"0","0"
799,5,2015-07-03,10880,907,1,1,"0","1"
800,5,2015-07-03,5379,504,1,1,"0","0"
801,5,2015-07-03,7041,640,1,1,"0","0"
802,5,2015-07-03,7939,555,1,1,"0","0"
803,5,2015-07-03,6483,485,1,1,"0","0"
804,5,2015-07-03,4966,408,1,1,"0","0"
805,5,2015-07-03,6395,550,1,1,"0","0"
806,5,2015-07-03,7234,506,1,1,"0","0"
807,5,2015-07-03,10658,1019,1,1,"0","0"
808,5,2015-07-03,8354,661,1,1,"0","0"
809,5,2015-07-03,11882,910,1,1,"0","1"
810,5,2015-07-03,7089,524,1,1,"0","0"
811,5,2015-07-03,4484,706,1,1,"0","0"
812,5,2015-07-03,6985,828,1,1,"0","0"
813,5,2015-07-03,6089,671,1,1,"0","0"
814,5,2015-07-03,10155,781,1,1,"0","0"
815,5,2015-07-03,7081,684,1,1,"0","0"
816,5,2015-07-03,5088,719,1,1,"0","1"
817,5,2015-07-03,22937,3359,1,1,"0","0"
818,5,2015-07-03,7476,714,1,1,"0","0"
819,5,2015-07-03,6964,548,1,1,"0","0"
820,5,2015-07-03,10949,984,1,1,"0","0"
821,5,2015-07-03,7540,917,1,1,"0","0"
822,5,2015-07-03,8671,670,1,1,"0","0"
823,5,2015-07-03,7030,655,1,1,"0","0"
824,5,2015-07-03,8036,969,1,1,"0","0"
825,5,2015-07-03,5683,625,1,1,"0","0"
826,5,2015-07-03,9979,797,1,1,"0","1"
827,5,2015-07-03,16187,2220,1,1,"0","0"
828,5,2015-07-03,6059,614,1,1,"0","0"
829,5,2015-07-03,5366,751,1,1,"0","0"
830,5,2015-07-03,6465,540,1,1,"0","0"
831,5,2015-07-03,12106,1505,1,1,"0","1"
832,5,2015-07-03,7004,559,1,1,"0","0"
833,5,2015-07-03,6035,504,1,1,"0","0"
834,5,2015-07-03,7421,716,1,1,"0","0"
835,5,2015-07-03,6822,688,1,1,"0","1"
836,5,2015-07-03,6656,745,1,1,"0","0"
837,5,2015-07-03,5131,634,1,1,"0","0"
838,5,2015-07-03,9675,865,1,1,"0","0"
839,5,2015-07-03,4349,537,1,1,"0","0"
840,5,2015-07-03,6391,973,1,1,"0","0"
841,5,2015-07-03,2962,439,1,1,"0","0"
842,5,2015-07-03,19773,1180,1,1,"0","0"
843,5,2015-07-03,11947,1220,1,1,"0","0"
844,5,2015-07-03,4859,465,1,1,"0","1"
845,5,2015-07-03,5406,372,1,1,"0","1"
846,5,2015-07-03,9079,814,1,1,"0","1"
847,5,2015-07-03,7214,931,1,1,"0","1"
848,5,2015-07-03,6260,705,1,1,"0","0"
849,5,2015-07-03,8865,876,1,1,"0","0"
850,5,2015-07-03,6837,621,1,1,"0","1"
851,5,2015-07-03,5842,492,1,1,"0","0"
852,5,2015-07-03,4854,590,1,1,"0","0"
853,5,2015-07-03,9892,997,1,1,"0","0"
854,5,2015-07-03,5651,535,1,1,"0","0"
855,5,2015-07-03,6085,608,1,1,"0","0"
856,5,2015-07-03,7229,968,1,1,"0","0"
857,5,2015-07-03,9469,1055,1,1,"0","0"
858,5,2015-07-03,5359,440,1,1,"0","0"
859,5,2015-07-03,8602,815,1,1,"0","0"
860,5,2015-07-03,7678,912,1,1,"0","0"
861,5,2015-07-03,4795,591,1,1,"0","0"
862,5,2015-07-03,8730,1128,1,1,"0","0"
863,5,2015-07-03,11170,1283,1,1,"0","0"
864,5,2015-07-03,5022,710,1,1,"0","0"
865,5,2015-07-03,8623,675,1,1,"0","1"
866,5,2015-07-03,8214,528,1,1,"0","0"
867,5,2015-07-03,5394,487,1,1,"0","0"
868,5,2015-07-03,10041,587,1,1,"0","0"
869,5,2015-07-03,5223,737,1,1,"0","0"
870,5,2015-07-03,8267,1027,1,1,"0","0"
871,5,2015-07-03,7775,550,1,1,"0","0"
872,5,2015-07-03,8630,729,1,1,"0","1"
873,5,2015-07-03,4417,463,1,1,"0","0"
874,5,2015-07-03,5818,585,1,1,"0","0"
875,5,2015-07-03,5508,468,1,1,"0","0"
876,5,2015-07-03,9143,927,1,1,"0","0"
877,5,2015-07-03,6771,862,1,1,"0","0"
878,5,2015-07-03,9800,838,1,1,"0","0"
879,5,2015-07-03,4766,412,1,1,"0","0"
880,5,2015-07-03,9313,875,1,1,"0","0"
881,5,2015-07-03,4696,582,1,1,"0","1"
882,5,2015-07-03,6707,793,1,1,"0","1"
883,5,2015-07-03,5335,517,1,1,"0","1"
884,5,2015-07-03,7031,603,1,1,"0","0"
885,5,2015-07-03,6356,802,1,1,"0","1"
886,5,2015-07-03,7766,668,1,1,"0","1"
887,5,2015-07-03,7396,609,1,1,"0","0"
888,5,2015-07-03,10371,903,1,1,"0","0"
889,5,2015-07-03,5177,565,1,1,"0","0"
890,5,2015-07-03,8136,540,1,1,"0","0"
891,5,2015-07-03,7793,1012,1,1,"0","1"
892,5,2015-07-03,9499,979,1,1,"0","0"
893,5,2015-07-03,6426,769,1,1,"0","0"
894,5,2015-07-03,10243,1169,1,1,"0","1"
895,5,2015-07-03,10751,898,1,1,"0","0"
896,5,2015-07-03,7661,1183,1,1,"0","0"
897,5,2015-07-03,3375,335,1,1,"0","0"
898,5,2015-07-03,7577,811,1,1,"0","0"
899,5,2015-07-03,5597,529,1,1,"0","0"
900,5,2015-07-03,7510,635,1,1,"0","0"
901,5,2015-07-03,8016,682,1,1,"0","0"
902,5,2015-07-03,4086,577,1,1,"0","0"
903,5,2015-07-03,12677,806,1,1,"0","0"
904,5,2015-07-03,5610,458,1,1,"0","0"
905,5,2015-07-03,6712,1020,1,1,"0","1"
906,5,2015-07-03,10740,1227,1,1,"0","0"
907,5,2015-07-03,6786,855,1,1,"0","1"
908,5,2015-07-03,4391,364,1,1,"0","0"
909,5,2015-07-03,0,0,0,1,"0","0"
910,5,2015-07-03,6783,614,1,1,"0","0"
911,5,2015-07-03,11245,1014,1,1,"0","0"
912,5,2015-07-03,6230,740,1,1,"0","0"
913,5,2015-07-03,8329,1103,1,1,"0","0"
914,5,2015-07-03,10035,1143,1,1,"0","0"
915,5,2015-07-03,8108,586,1,1,"0","0"
916,5,2015-07-03,5973,722,1,1,"0","1"
917,5,2015-07-03,8076,812,1,1,"0","1"
918,5,2015-07-03,4724,473,1,1,"0","0"
919,5,2015-07-03,6574,734,1,1,"0","0"
920,5,2015-07-03,7051,669,1,1,"0","0"
921,5,2015-07-03,10117,1072,1,1,"0","0"
922,5,2015-07-03,9130,802,1,1,"0","1"
923,5,2015-07-03,5584,684,1,1,"0","0"
924,5,2015-07-03,6155,471,1,1,"0","1"
925,5,2015-07-03,7657,1278,1,1,"0","0"
926,5,2015-07-03,7279,552,1,1,"0","1"
927,5,2015-07-03,6723,828,1,1,"0","1"
928,5,2015-07-03,8984,691,1,1,"0","1"
929,5,2015-07-03,6999,803,1,1,"0","0"
930,5,2015-07-03,6742,1031,1,1,"0","1"
931,5,2015-07-03,5197,652,1,1,"0","0"
932,5,2015-07-03,7538,725,1,1,"0","0"
933,5,2015-07-03,7269,841,1,1,"0","0"
934,5,2015-07-03,7232,695,1,1,"0","1"
935,5,2015-07-03,6731,668,1,1,"0","0"
936,5,2015-07-03,6422,764,1,1,"0","1"
937,5,2015-07-03,8935,619,1,1,"0","0"
938,5,2015-07-03,10104,971,1,1,"0","0"
939,5,2015-07-03,7099,651,1,1,"0","1"
940,5,2015-07-03,8626,791,1,1,"0","0"
941,5,2015-07-03,6012,572,1,1,"0","0"
942,5,2015-07-03,6309,509,1,1,"0","0"
943,5,2015-07-03,7771,641,1,1,"0","1"
944,5,2015-07-03,7694,1143,1,1,"0","0"
945,5,2015-07-03,5401,585,1,1,"0","0"
946,5,2015-07-03,4051,504,1,1,"0","0"
947,5,2015-07-03,6510,957,1,1,"0","0"
948,5,2015-07-03,9347,2780,1,1,"0","0"
949,5,2015-07-03,6383,491,1,1,"0","0"
950,5,2015-07-03,6777,601,1,1,"0","0"
951,5,2015-07-03,8722,760,1,1,"0","1"
952,5,2015-07-03,6983,556,1,1,"0","0"
953,5,2015-07-03,6141,566,1,1,"0","0"
954,5,2015-07-03,7216,814,1,1,"0","1"
955,5,2015-07-03,6178,502,1,1,"0","1"
956,5,2015-07-03,3018,403,1,1,"0","1"
957,5,2015-07-03,8302,838,1,1,"0","0"
958,5,2015-07-03,4470,553,1,1,"0","0"
959,5,2015-07-03,8306,804,1,1,"0","0"
960,5,2015-07-03,7832,642,1,1,"0","0"
961,5,2015-07-03,7324,743,1,1,"0","1"
962,5,2015-07-03,7209,946,1,1,"0","1"
963,5,2015-07-03,10712,915,1,1,"0","0"
964,5,2015-07-03,8545,1284,1,1,"0","0"
965,5,2015-07-03,7800,797,1,1,"0","0"
966,5,2015-07-03,5158,651,1,1,"0","1"
967,5,2015-07-03,8624,819,1,1,"0","1"
968,5,2015-07-03,7672,905,1,1,"0","0"
969,5,2015-07-03,4084,651,1,1,"0","0"
970,5,2015-07-03,2896,369,1,1,"0","0"
971,5,2015-07-03,9599,977,1,1,"0","0"
972,5,2015-07-03,4250,458,1,1,"0","0"
973,5,2015-07-03,7225,840,1,1,"0","1"
974,5,2015-07-03,12393,1545,1,1,"0","0"
975,5,2015-07-03,8237,694,1,1,"0","1"
976,5,2015-07-03,7517,721,1,1,"0","1"
977,5,2015-07-03,3845,457,1,1,"0","0"
978,5,2015-07-03,8371,1033,1,1,"0","0"
979,5,2015-07-03,7389,624,1,1,"0","0"
980,5,2015-07-03,5866,466,1,1,"0","1"
981,5,2015-07-03,8034,797,1,1,"0","0"
982,5,2015-07-03,8527,704,1,1,"0","0"
983,5,2015-07-03,7848,1000,1,1,"0","1"
984,5,2015-07-03,5486,693,1,1,"0","1"
985,5,2015-07-03,7787,705,1,1,"0","0"
986,5,2015-07-03,5753,716,1,1,"0","1"
987,5,2015-07-03,7783,940,1,1,"0","0"
988,5,2015-07-03,5694,792,1,1,"0","0"
989,5,2015-07-03,6133,662,1,1,"0","0"
990,5,2015-07-03,7713,628,1,1,"0","0"
991,5,2015-07-03,6311,590,1,1,"0","1"
992,5,2015-07-03,6095,676,1,1,"0","1"
993,5,2015-07-03,7219,688,1,1,"0","0"
994,5,2015-07-03,4689,423,1,1,"0","1"
995,5,2015-07-03,11280,870,1,1,"0","0"
996,5,2015-07-03,6191,649,1,1,"0","0"
997,5,2015-07-03,5335,404,1,1,"0","0"
998,5,2015-07-03,5318,575,1,1,"0","0"
999,5,2015-07-03,10380,706,1,1,"0","0"
1000,5,2015-07-03,6553,611,1,1,"0","0"
1001,5,2015-07-03,6644,680,1,1,"0","0"
1002,5,2015-07-03,7729,761,1,1,"0","0"
1003,5,2015-07-03,6980,726,1,1,"0","1"
1004,5,2015-07-03,6602,529,1,1,"0","0"
1005,5,2015-07-03,5553,837,1,1,"0","1"
1006,5,2015-07-03,6902,873,1,1,"0","0"
1007,5,2015-07-03,9017,957,1,1,"0","0"
1008,5,2015-07-03,5121,678,1,1,"0","0"
1009,5,2015-07-03,5129,469,1,1,"0","0"
1010,5,2015-07-03,8574,718,1,1,"0","0"
1011,5,2015-07-03,6216,727,1,1,"0","1"
1012,5,2015-07-03,5663,505,1,1,"0","0"
1013,5,2015-07-03,4012,450,1,1,"0","1"
1014,5,2015-07-03,9803,1142,1,1,"0","1"
1015,5,2015-07-03,6791,530,1,1,"0","0"
1016,5,2015-07-03,6539,518,1,1,"0","1"
1017,5,2015-07-03,6393,877,1,1,"0","0"
1018,5,2015-07-03,11161,1214,1,1,"0","0"
1019,5,2015-07-03,7745,676,1,1,"0","0"
1020,5,2015-07-03,8659,975,1,1,"0","0"
1021,5,2015-07-03,11249,1272,1,1,"0","0"
1022,5,2015-07-03,7613,807,1,1,"0","1"
1023,5,2015-07-03,5736,525,1,1,"0","0"
1024,5,2015-07-03,7370,824,1,1,"0","0"
1025,5,2015-07-03,8194,961,1,1,"0","0"
1026,5,2015-07-03,11066,1259,1,1,"0","1"
1027,5,2015-07-03,10502,1401,1,1,"0","0"
1028,5,2015-07-03,4538,558,1,1,"0","1"
1029,5,2015-07-03,6480,881,1,1,"0","0"
1030,5,2015-07-03,4014,330,1,1,"0","0"
1031,5,2015-07-03,5579,457,1,1,"0","1"
1032,5,2015-07-03,9712,1000,1,1,"0","0"
1033,5,2015-07-03,15831,1400,1,1,"0","0"
1034,5,2015-07-03,6506,663,1,1,"0","0"
1035,5,2015-07-03,5472,588,1,1,"0","0"
1036,5,2015-07-03,6330,550,1,1,"0","1"
1037,5,2015-07-03,6996,768,1,1,"0","1"
1038,5,2015-07-03,6900,583,1,1,"0","0"
1039,5,2015-07-03,7450,846,1,1,"0","1"
1040,5,2015-07-03,9497,825,1,1,"0","1"
1041,5,2015-07-03,7825,705,1,1,"0","0"
1042,5,2015-07-03,4473,529,1,1,"0","1"
1043,5,2015-07-03,8712,1177,1,1,"0","0"
1044,5,2015-07-03,5642,748,1,1,"0","0"
1045,5,2015-07-03,9746,1138,1,1,"0","0"
1046,5,2015-07-03,9983,769,1,1,"0","0"
1047,5,2015-07-03,6364,592,1,1,"0","1"
1048,5,2015-07-03,8145,593,1,1,"0","0"
1049,5,2015-07-03,3953,640,1,1,"0","0"
1050,5,2015-07-03,7600,540,1,1,"0","0"
1051,5,2015-07-03,7773,1018,1,1,"0","0"
1052,5,2015-07-03,7502,700,1,1,"0","1"
1053,5,2015-07-03,9601,1018,1,1,"0","0"
1054,5,2015-07-03,6743,654,1,1,"0","0"
1055,5,2015-07-03,9163,1063,1,1,"0","0"
1056,5,2015-07-03,4554,437,1,1,"0","0"
1057,5,2015-07-03,7346,705,1,1,"0","0"
1058,5,2015-07-03,8146,709,1,1,"0","1"
1059,5,2015-07-03,9770,1219,1,1,"0","0"
1060,5,2015-07-03,8424,888,1,1,"0","1"
1061,5,2015-07-03,9361,634,1,1,"0","0"
1062,5,2015-07-03,6267,550,1,1,"0","0"
1063,5,2015-07-03,5050,559,1,1,"0","0"
1064,5,2015-07-03,10598,1096,1,1,"0","1"
1065,5,2015-07-03,4894,533,1,1,"0","0"
1066,5,2015-07-03,10150,990,1,1,"0","1"
1067,5,2015-07-03,6803,554,1,1,"0","0"
1068,5,2015-07-03,4886,327,1,1,"0","0"
1069,5,2015-07-03,5622,612,1,1,"0","0"
1070,5,2015-07-03,7713,849,1,1,"0","0"
1071,5,2015-07-03,6093,685,1,1,"0","0"
1072,5,2015-07-03,7424,689,1,1,"0","1"
1073,5,2015-07-03,10858,1073,1,1,"0","1"
1074,5,2015-07-03,4726,509,1,1,"0","0"
1075,5,2015-07-03,11254,1061,1,1,"0","0"
1076,5,2015-07-03,4170,567,1,1,"0","1"
1077,5,2015-07-03,4949,496,1,1,"0","1"
1078,5,2015-07-03,7966,569,1,1,"0","0"
1079,5,2015-07-03,8329,694,1,1,"0","0"
1080,5,2015-07-03,12010,917,1,1,"0","0"
1081,5,2015-07-03,8499,1262,1,1,"0","0"
1082,5,2015-07-03,6458,891,1,1,"0","0"
1083,5,2015-07-03,6231,400,1,1,"0","0"
1084,5,2015-07-03,5869,742,1,1,"0","0"
1085,5,2015-07-03,8548,799,1,1,"0","0"
1086,5,2015-07-03,6652,684,1,1,"0","0"
1087,5,2015-07-03,7532,686,1,1,"0","0"
1088,5,2015-07-03,5239,484,1,1,"0","1"
1089,5,2015-07-03,11624,1084,1,1,"0","1"
1090,5,2015-07-03,6913,812,1,1,"0","0"
1091,5,2015-07-03,10306,807,1,1,"0","0"
1092,5,2015-07-03,12845,1178,1,1,"0","0"
1093,5,2015-07-03,9230,893,1,1,"0","0"
1094,5,2015-07-03,5366,389,1,1,"0","0"
1095,5,2015-07-03,4260,628,1,1,"0","0"
1096,5,2015-07-03,6737,692,1,1,"0","1"
1097,5,2015-07-03,12688,3467,1,1,"0","0"
1098,5,2015-07-03,5324,700,1,1,"0","0"
1099,5,2015-07-03,9259,1134,1,1,"0","0"
1100,5,2015-07-03,6142,687,1,1,"0","1"
1101,5,2015-07-03,11768,1037,1,1,"0","0"
1102,5,2015-07-03,8368,737,1,1,"0","0"
1103,5,2015-07-03,6700,442,1,1,"0","0"
1104,5,2015-07-03,6454,467,1,1,"0","0"
1105,5,2015-07-03,5569,550,1,1,"0","1"
1106,5,2015-07-03,5711,634,1,1,"0","0"
1107,5,2015-07-03,5284,588,1,1,"0","0"
1108,5,2015-07-03,6351,584,1,1,"0","0"
1109,5,2015-07-03,5181,494,1,1,"0","0"
1110,5,2015-07-03,4953,581,1,1,"0","0"
1111,5,2015-07-03,4596,392,1,1,"0","1"
1112,5,2015-07-03,9285,717,1,1,"0","1"
1113,5,2015-07-03,6942,670,1,1,"0","0"
1114,5,2015-07-03,23750,3675,1,1,"0","0"
1115,5,2015-07-03,7412,478,1,1,"0","0"
1,4,2015-07-02,5558,573,1,1,"0","0"
2,4,2015-07-02,6189,921,1,1,"0","0"
3,4,2015-07-02,7450,701,1,1,"0","1"
4,4,2015-07-02,10323,1333,1,1,"0","0"
5,4,2015-07-02,6035,613,1,1,"0","0"
6,4,2015-07-02,5335,594,1,1,"0","0"
7,4,2015-07-02,10996,1102,1,1,"0","0"
8,4,2015-07-02,8658,981,1,1,"0","0"
9,4,2015-07-02,8395,668,1,1,"0","1"
10,4,2015-07-02,6317,641,1,1,"0","0"
11,4,2015-07-02,7961,1201,1,1,"0","0"
12,4,2015-07-02,7886,906,1,1,"0","0"
13,4,2015-07-02,5652,388,1,1,"0","0"
14,4,2015-07-02,6153,621,1,1,"0","1"
15,4,2015-07-02,7242,678,1,1,"0","0"
16,4,2015-07-02,8407,872,1,1,"0","0"
17,4,2015-07-02,6084,770,1,1,"0","0"
18,4,2015-07-02,7971,761,1,1,"0","0"
19,4,2015-07-02,7493,647,1,1,"0","1"
20,4,2015-07-02,9741,1036,1,1,"0","0"
21,4,2015-07-02,5959,477,1,1,"0","0"
22,4,2015-07-02,5134,527,1,1,"0","0"
23,4,2015-07-02,6242,525,1,1,"0","0"
24,4,2015-07-02,8731,710,1,1,"0","1"
25,4,2015-07-02,12263,1552,1,1,"0","1"
26,4,2015-07-02,8172,608,1,1,"0","0"
27,4,2015-07-02,9896,1012,1,1,"0","1"
28,4,2015-07-02,6073,609,1,1,"0","0"
29,4,2015-07-02,7713,664,1,1,"0","1"
30,4,2015-07-02,4277,571,1,1,"0","1"
31,4,2015-07-02,6660,608,1,1,"0","0"
32,4,2015-07-02,5445,540,1,1,"0","0"
33,4,2015-07-02,8469,759,1,1,"0","1"
34,4,2015-07-02,9879,1071,1,1,"0","0"
35,4,2015-07-02,12373,776,1,1,"0","1"
36,4,2015-07-02,9476,1045,1,1,"0","0"
37,4,2015-07-02,7953,755,1,1,"0","0"
38,4,2015-07-02,6007,490,1,1,"0","1"
39,4,2015-07-02,5596,612,1,1,"0","1"
40,4,2015-07-02,4413,588,1,1,"0","1"
41,4,2015-07-02,5219,383,1,1,"0","0"
42,4,2015-07-02,10296,1009,1,1,"0","1"
43,4,2015-07-02,6796,583,1,1,"0","1"
44,4,2015-07-02,6299,640,1,1,"0","0"
45,4,2015-07-02,5464,399,1,1,"0","0"
46,4,2015-07-02,4644,581,1,1,"0","0"
47,4,2015-07-02,7908,957,1,1,"0","0"
48,4,2015-07-02,3940,420,1,1,"0","0"
49,4,2015-07-02,8095,558,1,1,"0","0"
50,4,2015-07-02,4279,340,1,1,"0","0"
51,4,2015-07-02,6598,464,1,1,"0","0"
52,4,2015-07-02,7170,446,1,1,"0","0"
53,4,2015-07-02,7079,651,1,1,"0","0"
54,4,2015-07-02,8097,623,1,1,"0","0"
55,4,2015-07-02,5851,658,1,1,"0","0"
56,4,2015-07-02,8401,548,1,1,"0","0"
57,4,2015-07-02,9709,899,1,1,"0","0"
58,4,2015-07-02,5654,442,1,1,"0","0"
59,4,2015-07-02,5115,512,1,1,"0","0"
60,4,2015-07-02,9745,811,1,1,"0","0"
61,4,2015-07-02,5156,583,1,1,"0","0"
62,4,2015-07-02,6730,737,1,1,"0","1"
63,4,2015-07-02,9031,716,1,1,"0","0"
64,4,2015-07-02,12411,831,1,1,"0","1"
65,4,2015-07-02,6503,523,1,1,"0","0"
66,4,2015-07-02,6138,499,1,1,"0","0"
67,4,2015-07-02,8158,776,1,1,"0","0"
68,4,2015-07-02,8701,1290,1,1,"0","0"
69,4,2015-07-02,8946,1126,1,1,"0","0"
70,4,2015-07-02,7484,701,1,1,"0","0"
71,4,2015-07-02,8829,690,1,1,"0","1"
72,4,2015-07-02,4489,482,1,1,"0","0"
73,4,2015-07-02,5336,535,1,1,"0","0"
74,4,2015-07-02,6419,812,1,1,"0","1"
75,4,2015-07-02,7039,673,1,1,"0","0"
76,4,2015-07-02,9923,935,1,1,"0","0"
77,4,2015-07-02,7699,602,1,1,"0","0"
78,4,2015-07-02,4781,539,1,1,"0","0"
79,4,2015-07-02,7075,630,1,1,"0","0"
80,4,2015-07-02,7936,599,1,1,"0","0"
81,4,2015-07-02,7321,574,1,1,"0","0"
82,4,2015-07-02,10772,927,1,1,"0","1"
83,4,2015-07-02,4253,345,1,1,"0","1"
84,4,2015-07-02,13429,1282,1,1,"0","1"
85,4,2015-07-02,7553,932,1,1,"0","0"
86,4,2015-07-02,5339,569,1,1,"0","1"
87,4,2015-07-02,6825,812,1,1,"0","0"
88,4,2015-07-02,7245,705,1,1,"0","0"
89,4,2015-07-02,6200,641,1,1,"0","0"
90,4,2015-07-02,8150,940,1,1,"0","1"
91,4,2015-07-02,4707,436,1,1,"0","0"
92,4,2015-07-02,7250,585,1,1,"0","1"
93,4,2015-07-02,6470,572,1,1,"0","1"
94,4,2015-07-02,8926,681,1,1,"0","1"
95,4,2015-07-02,7804,814,1,1,"0","0"
96,4,2015-07-02,5538,565,1,1,"0","0"
97,4,2015-07-02,7675,746,1,1,"0","0"
98,4,2015-07-02,5894,485,1,1,"0","1"
99,4,2015-07-02,6205,512,1,1,"0","0"
100,4,2015-07-02,7801,626,1,1,"0","0"
101,4,2015-07-02,9435,816,1,1,"0","0"
102,4,2015-07-02,7985,1036,1,1,"0","1"
103,4,2015-07-02,5161,446,1,1,"0","0"
104,4,2015-07-02,11469,1365,1,1,"0","0"
105,4,2015-07-02,5347,598,1,1,"0","0"
106,4,2015-07-02,10910,951,1,1,"0","0"
107,4,2015-07-02,8560,1038,1,1,"0","0"
108,4,2015-07-02,12438,886,1,1,"0","0"
109,4,2015-07-02,8106,831,1,1,"0","0"
110,4,2015-07-02,5193,678,1,1,"0","0"
111,4,2015-07-02,7024,577,1,1,"0","0"
112,4,2015-07-02,6920,799,1,1,"0","0"
113,4,2015-07-02,5663,543,1,1,"0","0"
114,4,2015-07-02,5512,558,1,1,"0","0"
115,4,2015-07-02,7627,557,1,1,"0","0"
116,4,2015-07-02,7931,786,1,1,"0","0"
117,4,2015-07-02,4311,469,1,1,"0","1"
118,4,2015-07-02,9273,764,1,1,"0","0"
119,4,2015-07-02,7054,737,1,1,"0","0"
120,4,2015-07-02,6949,611,1,1,"0","0"
121,4,2015-07-02,5259,500,1,1,"0","0"
122,4,2015-07-02,8593,977,1,1,"0","0"
123,4,2015-07-02,9591,1043,1,1,"0","0"
124,4,2015-07-02,4456,522,1,1,"0","1"
125,4,2015-07-02,14900,1770,1,1,"0","0"
126,4,2015-07-02,5214,466,1,1,"0","1"
127,4,2015-07-02,4755,642,1,1,"0","0"
128,4,2015-07-02,8754,643,1,1,"0","0"
129,4,2015-07-02,8023,1021,1,1,"0","0"
130,4,2015-07-02,5337,585,1,1,"0","0"
131,4,2015-07-02,5413,538,1,1,"0","1"
132,4,2015-07-02,6996,614,1,1,"0","0"
133,4,2015-07-02,6685,717,1,1,"0","0"
134,4,2015-07-02,5218,501,1,1,"0","0"
135,4,2015-07-02,5401,475,1,1,"0","0"
136,4,2015-07-02,6177,403,1,1,"0","0"
137,4,2015-07-02,8101,1004,1,1,"0","0"
138,4,2015-07-02,9613,967,1,1,"0","0"
139,4,2015-07-02,6363,550,1,1,"0","0"
140,4,2015-07-02,7775,989,1,1,"0","0"
141,4,2015-07-02,6469,623,1,1,"0","0"
142,4,2015-07-02,4605,511,1,1,"0","1"
143,4,2015-07-02,7201,597,1,1,"0","0"
144,4,2015-07-02,8599,787,1,1,"0","0"
145,4,2015-07-02,9150,1166,1,1,"0","0"
146,4,2015-07-02,8702,660,1,1,"0","1"
147,4,2015-07-02,8389,769,1,1,"0","1"
148,4,2015-07-02,10348,877,1,1,"0","0"
149,4,2015-07-02,5595,466,1,1,"0","0"
150,4,2015-07-02,9730,864,1,1,"0","0"
151,4,2015-07-02,8548,739,1,1,"0","0"
152,4,2015-07-02,6160,601,1,1,"0","1"
153,4,2015-07-02,7660,617,1,1,"0","1"
154,4,2015-07-02,9345,737,1,1,"0","0"
155,4,2015-07-02,6074,571,1,1,"0","0"
156,4,2015-07-02,8936,872,1,1,"0","0"
157,4,2015-07-02,11694,984,1,1,"0","1"
158,4,2015-07-02,9071,503,1,1,"0","0"
159,4,2015-07-02,8684,751,1,1,"0","0"
160,4,2015-07-02,7161,655,1,1,"0","0"
161,4,2015-07-02,7253,752,1,1,"0","1"
162,4,2015-07-02,7686,517,1,1,"0","0"
163,4,2015-07-02,7845,948,1,1,"0","0"
164,4,2015-07-02,6433,620,1,1,"0","0"
165,4,2015-07-02,3640,365,1,1,"0","0"
166,4,2015-07-02,5966,813,1,1,"0","1"
167,4,2015-07-02,11768,1283,1,1,"0","0"
168,4,2015-07-02,8711,762,1,1,"0","0"
169,4,2015-07-02,6345,520,1,1,"0","1"
170,4,2015-07-02,3583,363,1,1,"0","1"
171,4,2015-07-02,9983,932,1,1,"0","1"
172,4,2015-07-02,6616,846,1,1,"0","0"
173,4,2015-07-02,9447,1043,1,1,"0","0"
174,4,2015-07-02,5619,479,1,1,"0","0"
175,4,2015-07-02,7823,798,1,1,"0","0"
176,4,2015-07-02,5563,625,1,1,"0","1"
177,4,2015-07-02,4195,555,1,1,"0","0"
178,4,2015-07-02,12529,989,1,1,"0","0"
179,4,2015-07-02,7923,939,1,1,"0","1"
180,4,2015-07-02,8090,881,1,1,"0","0"
181,4,2015-07-02,6491,602,1,1,"0","0"
182,4,2015-07-02,6164,446,1,1,"0","0"
183,4,2015-07-02,7962,812,1,1,"0","0"
184,4,2015-07-02,6953,551,1,1,"0","1"
185,4,2015-07-02,7271,548,1,1,"0","0"
186,4,2015-07-02,4724,390,1,1,"0","0"
187,4,2015-07-02,6977,811,1,1,"0","0"
188,4,2015-07-02,5627,447,1,1,"0","0"
189,4,2015-07-02,9496,778,1,1,"0","0"
190,4,2015-07-02,8318,687,1,1,"0","0"
191,4,2015-07-02,6394,702,1,1,"0","0"
192,4,2015-07-02,13671,822,1,1,"0","0"
193,4,2015-07-02,6088,792,1,1,"0","0"
194,4,2015-07-02,5131,410,1,1,"0","0"
195,4,2015-07-02,11318,1168,1,1,"0","1"
196,4,2015-07-02,5663,714,1,1,"0","0"
197,4,2015-07-02,7341,792,1,1,"0","0"
198,4,2015-07-02,3484,369,1,1,"0","0"
199,4,2015-07-02,8715,633,1,1,"0","0"
200,4,2015-07-02,8272,936,1,1,"0","1"
201,4,2015-07-02,6307,466,1,1,"0","1"
202,4,2015-07-02,6413,512,1,1,"0","0"
203,4,2015-07-02,7317,914,1,1,"0","0"
204,4,2015-07-02,5883,529,1,1,"0","0"
205,4,2015-07-02,7300,904,1,1,"0","0"
206,4,2015-07-02,8249,877,1,1,"0","1"
207,4,2015-07-02,13310,1459,1,1,"0","0"
208,4,2015-07-02,3412,434,1,1,"0","0"
209,4,2015-07-02,7462,705,1,1,"0","0"
210,4,2015-07-02,3543,328,1,1,"0","0"
211,4,2015-07-02,16703,1733,1,1,"0","0"
212,4,2015-07-02,5365,449,1,1,"0","0"
213,4,2015-07-02,8724,619,1,1,"0","1"
214,4,2015-07-02,8846,624,1,1,"0","1"
215,4,2015-07-02,6554,480,1,1,"0","0"
216,4,2015-07-02,7428,889,1,1,"0","1"
217,4,2015-07-02,5672,684,1,1,"0","0"
218,4,2015-07-02,5306,713,1,1,"0","0"
219,4,2015-07-02,3242,406,1,1,"0","1"
220,4,2015-07-02,4798,596,1,1,"0","1"
221,4,2015-07-02,7016,598,1,1,"0","0"
222,4,2015-07-02,6496,683,1,1,"0","0"
223,4,2015-07-02,6586,663,1,1,"0","0"
224,4,2015-07-02,7635,496,1,1,"0","0"
225,4,2015-07-02,7061,670,1,1,"0","0"
226,4,2015-07-02,7021,651,1,1,"0","0"
227,4,2015-07-02,7164,556,1,1,"0","1"
228,4,2015-07-02,9600,606,1,1,"0","1"
229,4,2015-07-02,10270,829,1,1,"0","0"
230,4,2015-07-02,9309,1073,1,1,"0","0"
231,4,2015-07-02,5234,399,1,1,"0","0"
232,4,2015-07-02,4744,380,1,1,"0","0"
233,4,2015-07-02,10358,1050,1,1,"0","0"
234,4,2015-07-02,11354,955,1,1,"0","1"
235,4,2015-07-02,6218,481,1,1,"0","0"
236,4,2015-07-02,8327,973,1,1,"0","0"
237,4,2015-07-02,5078,641,1,1,"0","0"
238,4,2015-07-02,7572,1155,1,1,"0","1"
239,4,2015-07-02,5401,455,1,1,"0","1"
240,4,2015-07-02,5420,496,1,1,"0","0"
241,4,2015-07-02,6468,619,1,1,"0","1"
242,4,2015-07-02,4285,363,1,1,"0","0"
243,4,2015-07-02,7456,967,1,1,"0","0"
244,4,2015-07-02,4322,443,1,1,"0","1"
245,4,2015-07-02,9958,1178,1,1,"0","0"
246,4,2015-07-02,8407,1022,1,1,"0","0"
247,4,2015-07-02,9056,647,1,1,"0","0"
248,4,2015-07-02,9105,1204,1,1,"0","0"
249,4,2015-07-02,7093,625,1,1,"0","0"
250,4,2015-07-02,10386,690,1,1,"0","0"
251,4,2015-07-02,20108,2541,1,1,"0","1"
252,4,2015-07-02,12171,815,1,1,"0","1"
253,4,2015-07-02,5947,804,1,1,"0","1"
254,4,2015-07-02,2746,222,1,1,"0","0"
255,4,2015-07-02,6267,588,1,1,"0","1"
256,4,2015-07-02,7829,998,1,1,"0","1"
257,4,2015-07-02,6974,678,1,1,"0","0"
258,4,2015-07-02,6073,510,1,1,"0","0"
259,4,2015-07-02,13902,3189,1,1,"0","0"
260,4,2015-07-02,7327,1028,1,1,"0","0"
261,4,2015-07-02,14563,1011,1,1,"0","0"
262,4,2015-07-02,21564,3632,1,1,"0","0"
263,4,2015-07-02,4077,370,1,1,"0","0"
264,4,2015-07-02,7747,956,1,1,"0","0"
265,4,2015-07-02,6857,588,1,1,"0","0"
266,4,2015-07-02,4883,598,1,1,"0","0"
267,4,2015-07-02,11196,1253,1,1,"0","0"
268,4,2015-07-02,5362,603,1,1,"0","0"
269,4,2015-07-02,7950,999,1,1,"0","1"
270,4,2015-07-02,11191,1332,1,1,"0","0"
271,4,2015-07-02,7947,840,1,1,"0","0"
272,4,2015-07-02,6334,603,1,1,"0","0"
273,4,2015-07-02,8698,737,1,1,"0","1"
274,4,2015-07-02,6210,1529,1,1,"0","0"
275,4,2015-07-02,6350,586,1,1,"0","0"
276,4,2015-07-02,4056,550,1,1,"0","0"
277,4,2015-07-02,7427,546,1,1,"0","0"
278,4,2015-07-02,9174,873,1,1,"0","0"
279,4,2015-07-02,7227,576,1,1,"0","0"
280,4,2015-07-02,6890,528,1,1,"0","0"
281,4,2015-07-02,6947,591,1,1,"0","0"
282,4,2015-07-02,5665,729,1,1,"0","0"
283,4,2015-07-02,8948,759,1,1,"0","0"
284,4,2015-07-02,5182,396,1,1,"0","0"
285,4,2015-07-02,5401,470,1,1,"0","0"
286,4,2015-07-02,4649,415,1,1,"0","0"
287,4,2015-07-02,8036,811,1,1,"0","0"
288,4,2015-07-02,6184,426,1,1,"0","0"
289,4,2015-07-02,6371,522,1,1,"0","0"
290,4,2015-07-02,7572,656,1,1,"0","1"
291,4,2015-07-02,9784,917,1,1,"0","0"
292,4,2015-07-02,8237,765,1,1,"0","0"
293,4,2015-07-02,7391,860,1,1,"0","0"
294,4,2015-07-02,7152,881,1,1,"0","0"
295,4,2015-07-02,6148,777,1,1,"0","0"
296,4,2015-07-02,8597,812,1,1,"0","0"
297,4,2015-07-02,8078,747,1,1,"0","0"
298,4,2015-07-02,8794,673,1,1,"0","0"
299,4,2015-07-02,9670,1006,1,1,"0","0"
300,4,2015-07-02,6624,893,1,1,"0","0"
301,4,2015-07-02,6280,608,1,1,"0","0"
302,4,2015-07-02,3315,288,1,1,"0","0"
303,4,2015-07-02,6526,652,1,1,"0","1"
304,4,2015-07-02,8481,1273,1,1,"0","0"
305,4,2015-07-02,6465,561,1,1,"0","0"
306,4,2015-07-02,5248,538,1,1,"0","0"
307,4,2015-07-02,3539,392,1,1,"0","0"
308,4,2015-07-02,8454,805,1,1,"0","1"
309,4,2015-07-02,7972,604,1,1,"0","1"
310,4,2015-07-02,10935,871,1,1,"0","0"
311,4,2015-07-02,7708,877,1,1,"0","0"
312,4,2015-07-02,6265,551,1,1,"0","0"
313,4,2015-07-02,8464,780,1,1,"0","0"
314,4,2015-07-02,5212,544,1,1,"0","1"
315,4,2015-07-02,5304,495,1,1,"0","0"
316,4,2015-07-02,11635,892,1,1,"0","1"
317,4,2015-07-02,4538,480,1,1,"0","0"
318,4,2015-07-02,8830,739,1,1,"0","0"
319,4,2015-07-02,8175,798,1,1,"0","0"
320,4,2015-07-02,17191,2360,1,1,"0","0"
321,4,2015-07-02,6925,632,1,1,"0","0"
322,4,2015-07-02,6324,669,1,1,"0","0"
323,4,2015-07-02,8308,636,1,1,"0","0"
324,4,2015-07-02,5556,715,1,1,"0","0"
325,4,2015-07-02,7527,777,1,1,"0","1"
326,4,2015-07-02,5958,460,1,1,"0","0"
327,4,2015-07-02,9151,983,1,1,"0","0"
328,4,2015-07-02,4633,510,1,1,"0","1"
329,4,2015-07-02,7785,631,1,1,"0","1"
330,4,2015-07-02,3937,380,1,1,"0","1"
331,4,2015-07-02,6903,799,1,1,"0","0"
332,4,2015-07-02,4290,549,1,1,"0","0"
333,4,2015-07-02,12941,1481,1,1,"0","0"
334,4,2015-07-02,5268,504,1,1,"0","1"
335,4,2015-07-02,15360,2847,1,1,"0","1"
336,4,2015-07-02,14491,1943,1,1,"0","0"
337,4,2015-07-02,5291,404,1,1,"0","0"
338,4,2015-07-02,5882,524,1,1,"0","0"
339,4,2015-07-02,5482,644,1,1,"0","0"
340,4,2015-07-02,8977,793,1,1,"0","0"
341,4,2015-07-02,6122,749,1,1,"0","1"
342,4,2015-07-02,12837,827,1,1,"0","0"
343,4,2015-07-02,8342,751,1,1,"0","1"
344,4,2015-07-02,10052,1359,1,1,"0","0"
345,4,2015-07-02,4207,477,1,1,"0","0"
346,4,2015-07-02,8276,623,1,1,"0","1"
347,4,2015-07-02,5804,416,1,1,"0","0"
348,4,2015-07-02,8394,697,1,1,"0","0"
349,4,2015-07-02,8775,891,1,1,"0","0"
350,4,2015-07-02,6588,469,1,1,"0","0"
351,4,2015-07-02,6485,452,1,1,"0","1"
352,4,2015-07-02,7332,662,1,1,"0","0"
353,4,2015-07-02,8026,2109,1,1,"0","0"
354,4,2015-07-02,8875,619,1,1,"0","1"
355,4,2015-07-02,11527,1303,1,1,"0","0"
356,4,2015-07-02,6381,416,1,1,"0","0"
357,4,2015-07-02,9934,1174,1,1,"0","0"
358,4,2015-07-02,10615,984,1,1,"0","1"
359,4,2015-07-02,6665,554,1,1,"0","0"
360,4,2015-07-02,8995,834,1,1,"0","0"
361,4,2015-07-02,6825,655,1,1,"0","0"
362,4,2015-07-02,10677,1279,1,1,"0","0"
363,4,2015-07-02,9226,1101,1,1,"0","0"
364,4,2015-07-02,5286,640,1,1,"0","0"
365,4,2015-07-02,6098,601,1,1,"0","0"
366,4,2015-07-02,7953,691,1,1,"0","0"
367,4,2015-07-02,6021,603,1,1,"0","0"
368,4,2015-07-02,12056,777,1,1,"0","0"
369,4,2015-07-02,6793,565,1,1,"0","0"
370,4,2015-07-02,9323,644,1,1,"0","1"
371,4,2015-07-02,7563,538,1,1,"0","0"
372,4,2015-07-02,9381,724,1,1,"0","1"
373,4,2015-07-02,4909,345,1,1,"0","0"
374,4,2015-07-02,8654,978,1,1,"0","0"
375,4,2015-07-02,11748,853,1,1,"0","0"
376,4,2015-07-02,9778,968,1,1,"0","0"
377,4,2015-07-02,9697,1146,1,1,"0","0"
378,4,2015-07-02,7677,1179,1,1,"0","1"
379,4,2015-07-02,4588,548,1,1,"0","0"
380,4,2015-07-02,12555,1174,1,1,"0","1"
381,4,2015-07-02,10665,1052,1,1,"0","0"
382,4,2015-07-02,10074,732,1,1,"0","0"
383,4,2015-07-02,18943,2461,1,1,"0","0"
384,4,2015-07-02,9276,1047,1,1,"0","0"
385,4,2015-07-02,7412,573,1,1,"0","0"
386,4,2015-07-02,6480,533,1,1,"0","1"
387,4,2015-07-02,9675,1087,1,1,"0","1"
388,4,2015-07-02,11285,1134,1,1,"0","1"
389,4,2015-07-02,12187,1386,1,1,"0","0"
390,4,2015-07-02,13463,1111,1,1,"0","0"
391,4,2015-07-02,5729,615,1,1,"0","1"
392,4,2015-07-02,7804,727,1,1,"0","1"
393,4,2015-07-02,6349,591,1,1,"0","1"
394,4,2015-07-02,8733,636,1,1,"0","0"
395,4,2015-07-02,4161,484,1,1,"0","1"
396,4,2015-07-02,13115,1333,1,1,"0","0"
397,4,2015-07-02,6201,730,1,1,"0","1"
398,4,2015-07-02,5056,550,1,1,"0","0"
399,4,2015-07-02,5615,534,1,1,"0","0"
400,4,2015-07-02,8897,1150,1,1,"0","0"
401,4,2015-07-02,8051,689,1,1,"0","0"
402,4,2015-07-02,5255,525,1,1,"0","0"
403,4,2015-07-02,7783,688,1,1,"0","1"
404,4,2015-07-02,5569,626,1,1,"0","0"
405,4,2015-07-02,5565,502,1,1,"0","1"
406,4,2015-07-02,7777,531,1,1,"0","0"
407,4,2015-07-02,4296,324,1,1,"0","0"
408,4,2015-07-02,4771,443,1,1,"0","0"
409,4,2015-07-02,7990,598,1,1,"0","0"
410,4,2015-07-02,6983,730,1,1,"0","1"
411,4,2015-07-02,10300,645,1,1,"0","0"
412,4,2015-07-02,7594,537,1,1,"0","0"
413,4,2015-07-02,8569,1043,1,1,"0","0"
414,4,2015-07-02,7228,487,1,1,"0","0"
415,4,2015-07-02,7812,574,1,1,"0","0"
416,4,2015-07-02,12802,1456,1,1,"0","0"
417,4,2015-07-02,6964,743,1,1,"0","1"
418,4,2015-07-02,5810,559,1,1,"0","1"
419,4,2015-07-02,6542,956,1,1,"0","0"
420,4,2015-07-02,4459,441,1,1,"0","0"
421,4,2015-07-02,9802,898,1,1,"0","0"
422,4,2015-07-02,5178,492,1,1,"0","0"
423,4,2015-07-02,12828,2273,1,1,"0","0"
424,4,2015-07-02,7291,775,1,1,"0","1"
425,4,2015-07-02,3383,451,1,1,"0","1"
426,4,2015-07-02,5046,604,1,1,"0","1"
427,4,2015-07-02,6377,714,1,1,"0","0"
428,4,2015-07-02,6861,521,1,1,"0","0"
429,4,2015-07-02,4599,367,1,1,"0","0"
430,4,2015-07-02,9298,700,1,1,"0","0"
431,4,2015-07-02,10509,973,1,1,"0","1"
432,4,2015-07-02,13535,1929,1,1,"0","0"
433,4,2015-07-02,7817,837,1,1,"0","0"
434,4,2015-07-02,10778,691,1,1,"0","0"
435,4,2015-07-02,3055,338,1,1,"0","1"
436,4,2015-07-02,5723,607,1,1,"0","0"
437,4,2015-07-02,5964,541,1,1,"0","0"
438,4,2015-07-02,5503,521,1,1,"0","0"
439,4,2015-07-02,7876,861,1,1,"0","0"
440,4,2015-07-02,5649,649,1,1,"0","0"
441,4,2015-07-02,6172,597,1,1,"0","1"
442,4,2015-07-02,5020,501,1,1,"0","0"
443,4,2015-07-02,5576,485,1,1,"0","0"
444,4,2015-07-02,10438,1144,1,1,"0","0"
445,4,2015-07-02,7826,1263,1,1,"0","1"
446,4,2015-07-02,5303,614,1,1,"0","1"
447,4,2015-07-02,5955,658,1,1,"0","0"
448,4,2015-07-02,9029,710,1,1,"0","1"
449,4,2015-07-02,10479,1501,1,1,"0","0"
450,4,2015-07-02,12088,1332,1,1,"0","0"
451,4,2015-07-02,5741,421,1,1,"0","0"
452,4,2015-07-02,6000,519,1,1,"0","0"
453,4,2015-07-02,12066,1285,1,1,"0","0"
454,4,2015-07-02,7948,829,1,1,"0","0"
455,4,2015-07-02,8559,477,1,1,"0","0"
456,4,2015-07-02,7212,935,1,1,"0","1"
457,4,2015-07-02,5580,484,1,1,"0","0"
458,4,2015-07-02,7415,643,1,1,"0","0"
459,4,2015-07-02,11658,1364,1,1,"0","0"
460,4,2015-07-02,5137,466,1,1,"0","0"
461,4,2015-07-02,4425,374,1,1,"0","0"
462,4,2015-07-02,5982,689,1,1,"0","0"
463,4,2015-07-02,6819,1032,1,1,"0","1"
464,4,2015-07-02,10855,1195,1,1,"0","0"
465,4,2015-07-02,8418,585,1,1,"0","0"
466,4,2015-07-02,8494,721,1,1,"0","1"
467,4,2015-07-02,14256,1564,1,1,"0","1"
468,4,2015-07-02,6338,665,1,1,"0","0"
469,4,2015-07-02,12724,1526,1,1,"0","0"
470,4,2015-07-02,11463,1499,1,1,"0","1"
471,4,2015-07-02,7545,592,1,1,"0","0"
472,4,2015-07-02,5905,712,1,1,"0","0"
473,4,2015-07-02,4193,511,1,1,"0","1"
474,4,2015-07-02,8915,784,1,1,"0","0"
475,4,2015-07-02,5884,895,1,1,"0","1"
476,4,2015-07-02,6837,705,1,1,"0","0"
477,4,2015-07-02,6990,479,1,1,"0","0"
478,4,2015-07-02,8135,761,1,1,"0","0"
479,4,2015-07-02,12486,1413,1,1,"0","0"
480,4,2015-07-02,5391,681,1,1,"0","0"
481,4,2015-07-02,6637,534,1,1,"0","0"
482,4,2015-07-02,8007,782,1,1,"0","0"
483,4,2015-07-02,5861,787,1,1,"0","0"
484,4,2015-07-02,8860,695,1,1,"0","0"
485,4,2015-07-02,4966,399,1,1,"0","0"
486,4,2015-07-02,4707,544,1,1,"0","1"
487,4,2015-07-02,7088,646,1,1,"0","0"
488,4,2015-07-02,3621,361,1,1,"0","0"
489,4,2015-07-02,9082,755,1,1,"0","0"
490,4,2015-07-02,8440,1036,1,1,"0","0"
491,4,2015-07-02,7718,528,1,1,"0","0"
492,4,2015-07-02,8117,1164,1,1,"0","0"
493,4,2015-07-02,9179,771,1,1,"0","1"
494,4,2015-07-02,10028,1250,1,1,"0","0"
495,4,2015-07-02,5566,418,1,1,"0","0"
496,4,2015-07-02,9181,832,1,1,"0","0"
497,4,2015-07-02,8763,979,1,1,"0","0"
498,4,2015-07-02,7392,935,1,1,"0","0"
499,4,2015-07-02,5724,785,1,1,"0","0"
500,4,2015-07-02,6029,416,1,1,"0","0"
501,4,2015-07-02,5018,533,1,1,"0","0"
502,4,2015-07-02,10635,1483,1,1,"0","0"
503,4,2015-07-02,6959,429,1,1,"0","0"
504,4,2015-07-02,8126,1016,1,1,"0","0"
505,4,2015-07-02,5647,722,1,1,"0","0"
506,4,2015-07-02,7394,751,1,1,"0","1"
507,4,2015-07-02,8104,570,1,1,"0","1"
508,4,2015-07-02,7791,650,1,1,"0","1"
509,4,2015-07-02,5327,471,1,1,"0","0"
510,4,2015-07-02,8937,769,1,1,"0","1"
511,4,2015-07-02,5990,792,1,1,"0","0"
512,4,2015-07-02,7519,1766,1,1,"0","0"
513,4,2015-07-02,19823,2142,1,1,"0","0"
514,4,2015-07-02,5206,546,1,1,"0","0"
515,4,2015-07-02,10560,734,1,1,"0","1"
516,4,2015-07-02,5881,687,1,1,"0","1"
517,4,2015-07-02,7274,754,1,1,"0","0"
518,4,2015-07-02,4631,379,1,1,"0","0"
519,4,2015-07-02,4857,516,1,1,"0","0"
520,4,2015-07-02,4235,440,1,1,"0","0"
521,4,2015-07-02,5439,422,1,1,"0","0"
522,4,2015-07-02,7230,582,1,1,"0","0"
523,4,2015-07-02,14260,1553,1,1,"0","0"
524,4,2015-07-02,9636,1015,1,1,"0","0"
525,4,2015-07-02,9978,810,1,1,"0","0"
526,4,2015-07-02,12345,1586,1,1,"0","0"
527,4,2015-07-02,12045,989,1,1,"0","1"
528,4,2015-07-02,11369,879,1,1,"0","1"
529,4,2015-07-02,9760,865,1,1,"0","0"
530,4,2015-07-02,7993,1298,1,1,"0","0"
531,4,2015-07-02,5277,609,1,1,"0","0"
532,4,2015-07-02,11924,1257,1,1,"0","1"
533,4,2015-07-02,11216,996,1,1,"0","0"
534,4,2015-07-02,4488,409,1,1,"0","0"
535,4,2015-07-02,9398,963,1,1,"0","1"
536,4,2015-07-02,7462,753,1,1,"0","1"
537,4,2015-07-02,6040,669,1,1,"0","0"
538,4,2015-07-02,4771,640,1,1,"0","0"
539,4,2015-07-02,11835,1159,1,1,"0","0"
540,4,2015-07-02,6891,447,1,1,"0","0"
541,4,2015-07-02,7545,881,1,1,"0","1"
542,4,2015-07-02,5674,474,1,1,"0","0"
543,4,2015-07-02,2880,261,1,1,"0","0"
544,4,2015-07-02,13740,1701,1,1,"0","0"
545,4,2015-07-02,15039,1183,1,1,"0","1"
546,4,2015-07-02,17331,1972,1,1,"0","0"
547,4,2015-07-02,6142,469,1,1,"0","0"
548,4,2015-07-02,5334,368,1,1,"0","0"
549,4,2015-07-02,5547,598,1,1,"0","0"
550,4,2015-07-02,5245,397,1,1,"0","0"
551,4,2015-07-02,8841,1168,1,1,"0","0"
552,4,2015-07-02,7420,646,1,1,"0","0"
553,4,2015-07-02,6425,577,1,1,"0","0"
554,4,2015-07-02,5546,752,1,1,"0","0"
555,4,2015-07-02,5360,469,1,1,"0","0"
556,4,2015-07-02,8658,938,1,1,"0","0"
557,4,2015-07-02,3725,522,1,1,"0","1"
558,4,2015-07-02,3603,480,1,1,"0","0"
559,4,2015-07-02,7285,876,1,1,"0","0"
560,4,2015-07-02,15974,1810,1,1,"0","0"
561,4,2015-07-02,7883,694,1,1,"0","1"
562,4,2015-07-02,19316,3493,1,1,"0","0"
563,4,2015-07-02,4183,516,1,1,"0","1"
564,4,2015-07-02,6949,560,1,1,"0","1"
565,4,2015-07-02,7517,759,1,1,"0","1"
566,4,2015-07-02,5900,577,1,1,"0","0"
567,4,2015-07-02,5830,670,1,1,"0","1"
568,4,2015-07-02,4542,389,1,1,"0","0"
569,4,2015-07-02,5371,757,1,1,"0","0"
570,4,2015-07-02,4437,596,1,1,"0","1"
571,4,2015-07-02,8244,549,1,1,"0","0"
572,4,2015-07-02,7276,560,1,1,"0","1"
573,4,2015-07-02,4309,346,1,1,"0","0"
574,4,2015-07-02,9761,668,1,1,"0","0"
575,4,2015-07-02,4343,409,1,1,"0","0"
576,4,2015-07-02,8686,1065,1,1,"0","0"
577,4,2015-07-02,5425,616,1,1,"0","0"
578,4,2015-07-02,12157,1062,1,1,"0","0"
579,4,2015-07-02,7997,784,1,1,"0","1"
580,4,2015-07-02,11410,1735,1,1,"0","0"
581,4,2015-07-02,5360,588,1,1,"0","0"
582,4,2015-07-02,5697,748,1,1,"0","0"
583,4,2015-07-02,5160,468,1,1,"0","0"
584,4,2015-07-02,5521,431,1,1,"0","0"
585,4,2015-07-02,6595,902,1,1,"0","0"
586,4,2015-07-02,14405,2115,1,1,"0","1"
587,4,2015-07-02,8784,616,1,1,"0","0"
588,4,2015-07-02,7325,711,1,1,"0","0"
589,4,2015-07-02,6226,576,1,1,"0","0"
590,4,2015-07-02,5068,371,1,1,"0","0"
591,4,2015-07-02,5936,473,1,1,"0","0"
592,4,2015-07-02,5771,658,1,1,"0","1"
593,4,2015-07-02,13296,1592,1,1,"0","0"
594,4,2015-07-02,5016,555,1,1,"0","0"
595,4,2015-07-02,16397,1789,1,1,"0","0"
596,4,2015-07-02,5057,778,1,1,"0","0"
597,4,2015-07-02,4915,732,1,1,"0","0"
598,4,2015-07-02,5229,685,1,1,"0","0"
599,4,2015-07-02,10296,818,1,1,"0","0"
600,4,2015-07-02,9411,683,1,1,"0","0"
601,4,2015-07-02,4605,351,1,1,"0","0"
602,4,2015-07-02,7036,627,1,1,"0","0"
603,4,2015-07-02,7707,1026,1,1,"0","0"
604,4,2015-07-02,7993,539,1,1,"0","0"
605,4,2015-07-02,6733,467,1,1,"0","0"
606,4,2015-07-02,6980,690,1,1,"0","0"
607,4,2015-07-02,3990,400,1,1,"0","0"
608,4,2015-07-02,9439,906,1,1,"0","0"
609,4,2015-07-02,5614,582,1,1,"0","0"
610,4,2015-07-02,4660,506,1,1,"0","1"
611,4,2015-07-02,5395,458,1,1,"0","0"
612,4,2015-07-02,4669,298,1,1,"0","0"
613,4,2015-07-02,5536,859,1,1,"0","0"
614,4,2015-07-02,7324,1005,1,1,"0","0"
615,4,2015-07-02,10089,1250,1,1,"0","0"
616,4,2015-07-02,9521,888,1,1,"0","1"
617,4,2015-07-02,6572,568,1,1,"0","0"
618,4,2015-07-02,7548,559,1,1,"0","0"
619,4,2015-07-02,5208,440,1,1,"0","0"
620,4,2015-07-02,8326,695,1,1,"0","0"
621,4,2015-07-02,6807,800,1,1,"0","1"
622,4,2015-07-02,5732,521,1,1,"0","0"
623,4,2015-07-02,7109,812,1,1,"0","1"
624,4,2015-07-02,7864,694,1,1,"0","1"
625,4,2015-07-02,6667,609,1,1,"0","1"
626,4,2015-07-02,11148,902,1,1,"0","0"
627,4,2015-07-02,6568,585,1,1,"0","0"
628,4,2015-07-02,7937,899,1,1,"0","0"
629,4,2015-07-02,6235,536,1,1,"0","0"
630,4,2015-07-02,8024,860,1,1,"0","0"
631,4,2015-07-02,6994,742,1,1,"0","0"
632,4,2015-07-02,8601,1015,1,1,"0","0"
633,4,2015-07-02,7112,501,1,1,"0","0"
634,4,2015-07-02,7956,762,1,1,"0","0"
635,4,2015-07-02,7689,734,1,1,"0","0"
636,4,2015-07-02,5511,673,1,1,"0","0"
637,4,2015-07-02,10044,737,1,1,"0","0"
638,4,2015-07-02,6723,531,1,1,"0","0"
639,4,2015-07-02,4589,440,1,1,"0","1"
640,4,2015-07-02,13567,903,1,1,"0","1"
641,4,2015-07-02,6186,575,1,1,"0","1"
642,4,2015-07-02,3273,401,1,1,"0","1"
643,4,2015-07-02,8915,1118,1,1,"0","0"
644,4,2015-07-02,8366,925,1,1,"0","0"
645,4,2015-07-02,11443,1264,1,1,"0","0"
646,4,2015-07-02,5971,714,1,1,"0","0"
647,4,2015-07-02,7505,760,1,1,"0","0"
648,4,2015-07-02,7225,579,1,1,"0","0"
649,4,2015-07-02,4460,435,1,1,"0","0"
650,4,2015-07-02,7003,649,1,1,"0","0"
651,4,2015-07-02,8392,887,1,1,"0","1"
652,4,2015-07-02,8623,804,1,1,"0","0"
653,4,2015-07-02,6529,482,1,1,"0","1"
654,4,2015-07-02,7641,728,1,1,"0","0"
655,4,2015-07-02,8693,660,1,1,"0","1"
656,4,2015-07-02,2972,357,1,1,"0","0"
657,4,2015-07-02,5370,651,1,1,"0","1"
658,4,2015-07-02,7221,648,1,1,"0","1"
659,4,2015-07-02,6379,736,1,1,"0","0"
660,4,2015-07-02,5780,584,1,1,"0","0"
661,4,2015-07-02,8735,621,1,1,"0","0"
662,4,2015-07-02,10335,836,1,1,"0","0"
663,4,2015-07-02,5887,772,1,1,"0","0"
664,4,2015-07-02,5434,649,1,1,"0","0"
665,4,2015-07-02,8446,1391,1,1,"0","0"
666,4,2015-07-02,8834,726,1,1,"0","0"
667,4,2015-07-02,10125,807,1,1,"0","0"
668,4,2015-07-02,10809,1197,1,1,"0","0"
669,4,2015-07-02,5382,437,1,1,"0","0"
670,4,2015-07-02,7472,751,1,1,"0","0"
671,4,2015-07-02,7394,705,1,1,"0","0"
672,4,2015-07-02,9163,1283,1,1,"0","0"
673,4,2015-07-02,8712,623,1,1,"0","0"
674,4,2015-07-02,8829,936,1,1,"0","1"
675,4,2015-07-02,4012,475,1,1,"0","1"
676,4,2015-07-02,10365,2571,1,1,"0","0"
677,4,2015-07-02,8122,593,1,1,"0","0"
678,4,2015-07-02,7046,792,1,1,"0","1"
679,4,2015-07-02,10793,1079,1,1,"0","0"
680,4,2015-07-02,5613,796,1,1,"0","0"
681,4,2015-07-02,4421,606,1,1,"0","0"
682,4,2015-07-02,14977,2222,1,1,"0","0"
683,4,2015-07-02,10112,997,1,1,"0","0"
684,4,2015-07-02,8648,657,1,1,"0","0"
685,4,2015-07-02,5017,485,1,1,"0","1"
686,4,2015-07-02,7478,891,1,1,"0","0"
687,4,2015-07-02,8615,693,1,1,"0","1"
688,4,2015-07-02,4392,400,1,1,"0","0"
689,4,2015-07-02,7511,715,1,1,"0","0"
690,4,2015-07-02,5646,802,1,1,"0","1"
691,4,2015-07-02,6439,485,1,1,"0","1"
692,4,2015-07-02,7543,760,1,1,"0","1"
693,4,2015-07-02,7317,520,1,1,"0","0"
694,4,2015-07-02,8702,754,1,1,"0","0"
695,4,2015-07-02,5410,481,1,1,"0","1"
696,4,2015-07-02,9953,1167,1,1,"0","0"
697,4,2015-07-02,9805,884,1,1,"0","1"
698,4,2015-07-02,19635,2184,1,1,"0","0"
699,4,2015-07-02,7789,868,1,1,"0","0"
700,4,2015-07-02,4667,580,1,1,"0","0"
701,4,2015-07-02,5123,543,1,1,"0","0"
702,4,2015-07-02,4981,357,1,1,"0","0"
703,4,2015-07-02,3074,324,1,1,"0","1"
704,4,2015-07-02,12637,1208,1,1,"0","0"
705,4,2015-07-02,9380,1003,1,1,"0","1"
706,4,2015-07-02,6386,523,1,1,"0","0"
707,4,2015-07-02,9525,942,1,1,"0","1"
708,4,2015-07-02,5922,572,1,1,"0","0"
709,4,2015-07-02,12949,1711,1,1,"0","0"
710,4,2015-07-02,3626,300,1,1,"0","0"
711,4,2015-07-02,5459,404,1,1,"0","0"
712,4,2015-07-02,7100,584,1,1,"0","0"
713,4,2015-07-02,9226,1094,1,1,"0","1"
714,4,2015-07-02,5281,343,1,1,"0","0"
715,4,2015-07-02,7412,742,1,1,"0","0"
716,4,2015-07-02,4397,383,1,1,"0","0"
717,4,2015-07-02,5302,496,1,1,"0","1"
718,4,2015-07-02,7802,839,1,1,"0","0"
719,4,2015-07-02,6454,482,1,1,"0","0"
720,4,2015-07-02,8757,790,1,1,"0","0"
721,4,2015-07-02,8370,747,1,1,"0","0"
722,4,2015-07-02,8607,1466,1,1,"0","0"
723,4,2015-07-02,8476,619,1,1,"0","0"
724,4,2015-07-02,7869,716,1,1,"0","1"
725,4,2015-07-02,7487,699,1,1,"0","0"
726,4,2015-07-02,12162,1146,1,1,"0","0"
727,4,2015-07-02,5119,458,1,1,"0","0"
728,4,2015-07-02,5511,434,1,1,"0","0"
729,4,2015-07-02,10659,986,1,1,"0","1"
730,4,2015-07-02,8431,903,1,1,"0","0"
731,4,2015-07-02,9508,866,1,1,"0","1"
732,4,2015-07-02,9109,989,1,1,"0","0"
733,4,2015-07-02,16883,4180,1,1,"0","1"
734,4,2015-07-02,7391,583,1,1,"0","1"
735,4,2015-07-02,6392,567,1,1,"0","0"
736,4,2015-07-02,4226,417,1,1,"0","0"
737,4,2015-07-02,6218,796,1,1,"0","1"
738,4,2015-07-02,9761,674,1,1,"0","1"
739,4,2015-07-02,10290,786,1,1,"0","0"
740,4,2015-07-02,7682,537,1,1,"0","0"
741,4,2015-07-02,9086,1061,1,1,"0","0"
742,4,2015-07-02,8992,840,1,1,"0","1"
743,4,2015-07-02,4019,429,1,1,"0","0"
744,4,2015-07-02,7654,849,1,1,"0","0"
745,4,2015-07-02,8293,727,1,1,"0","0"
746,4,2015-07-02,6825,544,1,1,"0","0"
747,4,2015-07-02,9986,763,1,1,"0","0"
748,4,2015-07-02,5306,435,1,1,"0","1"
749,4,2015-07-02,4817,571,1,1,"0","0"
750,4,2015-07-02,4631,365,1,1,"0","0"
751,4,2015-07-02,4793,595,1,1,"0","1"
752,4,2015-07-02,5797,453,1,1,"0","1"
753,4,2015-07-02,9313,727,1,1,"0","1"
754,4,2015-07-02,8818,975,1,1,"0","0"
755,4,2015-07-02,11949,958,1,1,"0","0"
756,4,2015-07-02,15544,2251,1,1,"0","1"
757,4,2015-07-02,7928,590,1,1,"0","0"
758,4,2015-07-02,4856,625,1,1,"0","0"
759,4,2015-07-02,6874,678,1,1,"0","1"
760,4,2015-07-02,9014,1403,1,1,"0","0"
761,4,2015-07-02,11167,1131,1,1,"0","0"
762,4,2015-07-02,4189,372,1,1,"0","0"
763,4,2015-07-02,6854,568,1,1,"0","0"
764,4,2015-07-02,4557,480,1,1,"0","0"
765,4,2015-07-02,9202,718,1,1,"0","0"
766,4,2015-07-02,7990,643,1,1,"0","0"
767,4,2015-07-02,6984,663,1,1,"0","0"
768,4,2015-07-02,15563,1490,1,1,"0","0"
769,4,2015-07-02,14635,4582,1,1,"0","1"
770,4,2015-07-02,5146,507,1,1,"0","1"
771,4,2015-07-02,7411,750,1,1,"0","0"
772,4,2015-07-02,4303,541,1,1,"0","0"
773,4,2015-07-02,5881,864,1,1,"0","0"
774,4,2015-07-02,6592,760,1,1,"0","0"
775,4,2015-07-02,8265,550,1,1,"0","0"
776,4,2015-07-02,4183,491,1,1,"0","1"
777,4,2015-07-02,5125,412,1,1,"0","0"
778,4,2015-07-02,5874,804,1,1,"0","0"
779,4,2015-07-02,8637,780,1,1,"0","0"
780,4,2015-07-02,8748,1009,1,1,"0","0"
781,4,2015-07-02,5697,661,1,1,"0","0"
782,4,2015-07-02,5901,459,1,1,"0","0"
783,4,2015-07-02,7791,684,1,1,"0","0"
784,4,2015-07-02,6634,680,1,1,"0","1"
785,4,2015-07-02,6891,536,1,1,"0","1"
786,4,2015-07-02,4118,673,1,1,"0","0"
787,4,2015-07-02,11702,1142,1,1,"0","0"
788,4,2015-07-02,19503,1831,1,1,"0","0"
789,4,2015-07-02,3782,476,1,1,"0","0"
790,4,2015-07-02,7534,627,1,1,"0","0"
791,4,2015-07-02,9201,890,1,1,"0","1"
792,4,2015-07-02,8124,670,1,1,"0","1"
793,4,2015-07-02,5347,452,1,1,"0","1"
794,4,2015-07-02,3402,512,1,1,"0","0"
795,4,2015-07-02,5029,440,1,1,"0","1"
796,4,2015-07-02,8669,668,1,1,"0","1"
797,4,2015-07-02,5862,511,1,1,"0","0"
798,4,2015-07-02,9168,1023,1,1,"0","0"
799,4,2015-07-02,9997,821,1,1,"0","1"
800,4,2015-07-02,5162,452,1,1,"0","0"
801,4,2015-07-02,5593,551,1,1,"0","0"
802,4,2015-07-02,7675,544,1,1,"0","0"
803,4,2015-07-02,6581,476,1,1,"0","0"
804,4,2015-07-02,5323,423,1,1,"0","0"
805,4,2015-07-02,6691,537,1,1,"0","0"
806,4,2015-07-02,7660,503,1,1,"0","0"
807,4,2015-07-02,10653,984,1,1,"0","0"
808,4,2015-07-02,8787,661,1,1,"0","0"
809,4,2015-07-02,11926,860,1,1,"0","1"
810,4,2015-07-02,6364,493,1,1,"0","0"
811,4,2015-07-02,4843,791,1,1,"0","0"
812,4,2015-07-02,7418,795,1,1,"0","0"
813,4,2015-07-02,6236,662,1,1,"0","0"
814,4,2015-07-02,10226,804,1,1,"0","0"
815,4,2015-07-02,6338,615,1,1,"0","0"
816,4,2015-07-02,5852,771,1,1,"0","1"
817,4,2015-07-02,24384,3552,1,1,"0","0"
818,4,2015-07-02,8161,750,1,1,"0","0"
819,4,2015-07-02,7291,568,1,1,"0","0"
820,4,2015-07-02,11262,989,1,1,"0","0"
821,4,2015-07-02,8706,1012,1,1,"0","0"
822,4,2015-07-02,7434,587,1,1,"0","0"
823,4,2015-07-02,7076,634,1,1,"0","0"
824,4,2015-07-02,8813,1091,1,1,"0","0"
825,4,2015-07-02,5335,587,1,1,"0","0"
826,4,2015-07-02,10226,770,1,1,"0","1"
827,4,2015-07-02,15743,1987,1,1,"0","0"
828,4,2015-07-02,5756,616,1,1,"0","0"
829,4,2015-07-02,5215,717,1,1,"0","0"
830,4,2015-07-02,6635,552,1,1,"0","0"
831,4,2015-07-02,13394,1547,1,1,"0","1"
832,4,2015-07-02,7117,546,1,1,"0","0"
833,4,2015-07-02,5672,483,1,1,"0","0"
834,4,2015-07-02,7422,735,1,1,"0","0"
835,4,2015-07-02,5866,639,1,1,"0","1"
836,4,2015-07-02,7684,816,1,1,"0","0"
837,4,2015-07-02,5094,641,1,1,"0","0"
838,4,2015-07-02,9024,865,1,1,"0","0"
839,4,2015-07-02,4771,587,1,1,"0","0"
840,4,2015-07-02,7462,1167,1,1,"0","0"
841,4,2015-07-02,2912,379,1,1,"0","0"
842,4,2015-07-02,18278,1117,1,1,"0","0"
843,4,2015-07-02,10657,1139,1,1,"0","0"
844,4,2015-07-02,4155,424,1,1,"0","1"
845,4,2015-07-02,4624,310,1,1,"0","1"
846,4,2015-07-02,8727,749,1,1,"0","1"
847,4,2015-07-02,6000,889,1,1,"0","1"
848,4,2015-07-02,6181,725,1,1,"0","0"
849,4,2015-07-02,8742,877,1,1,"0","0"
850,4,2015-07-02,5697,539,1,1,"0","1"
851,4,2015-07-02,6177,458,1,1,"0","0"
852,4,2015-07-02,4532,577,1,1,"0","0"
853,4,2015-07-02,10916,1128,1,1,"0","0"
854,4,2015-07-02,5227,500,1,1,"0","0"
855,4,2015-07-02,7423,692,1,1,"0","0"
856,4,2015-07-02,8657,1016,1,1,"0","0"
857,4,2015-07-02,8250,893,1,1,"0","0"
858,4,2015-07-02,5179,447,1,1,"0","0"
859,4,2015-07-02,8123,722,1,1,"0","0"
860,4,2015-07-02,6817,789,1,1,"0","0"
861,4,2015-07-02,3862,577,1,1,"0","0"
862,4,2015-07-02,9070,1184,1,1,"0","0"
863,4,2015-07-02,9520,1045,1,1,"0","0"
864,4,2015-07-02,4875,655,1,1,"0","0"
865,4,2015-07-02,8819,637,1,1,"0","1"
866,4,2015-07-02,7662,509,1,1,"0","0"
867,4,2015-07-02,5720,489,1,1,"0","0"
868,4,2015-07-02,10305,572,1,1,"0","0"
869,4,2015-07-02,5163,774,1,1,"0","0"
870,4,2015-07-02,8352,1011,1,1,"0","0"
871,4,2015-07-02,7040,501,1,1,"0","0"
872,4,2015-07-02,7918,642,1,1,"0","1"
873,4,2015-07-02,4179,457,1,1,"0","0"
874,4,2015-07-02,5215,537,1,1,"0","0"
875,4,2015-07-02,6235,491,1,1,"0","0"
876,4,2015-07-02,12050,1338,1,1,"0","0"
877,4,2015-07-02,7128,955,1,1,"0","0"
878,4,2015-07-02,9953,851,1,1,"0","0"
879,4,2015-07-02,4757,352,1,1,"0","0"
880,4,2015-07-02,8209,811,1,1,"0","0"
881,4,2015-07-02,3995,528,1,1,"0","1"
882,4,2015-07-02,6514,756,1,1,"0","1"
883,4,2015-07-02,4972,480,1,1,"0","1"
884,4,2015-07-02,6669,616,1,1,"0","0"
885,4,2015-07-02,7085,824,1,1,"0","1"
886,4,2015-07-02,7849,667,1,1,"0","1"
887,4,2015-07-02,7265,598,1,1,"0","0"
888,4,2015-07-02,10225,834,1,1,"0","0"
889,4,2015-07-02,5061,499,1,1,"0","0"
890,4,2015-07-02,6378,437,1,1,"0","0"
891,4,2015-07-02,7379,979,1,1,"0","1"
892,4,2015-07-02,8960,866,1,1,"0","0"
893,4,2015-07-02,6184,796,1,1,"0","0"
894,4,2015-07-02,9120,1023,1,1,"0","1"
895,4,2015-07-02,10170,868,1,1,"0","0"
896,4,2015-07-02,7672,1157,1,1,"0","0"
897,4,2015-07-02,3513,314,1,1,"0","0"
898,4,2015-07-02,7748,827,1,1,"0","0"
899,4,2015-07-02,4805,520,1,1,"0","0"
900,4,2015-07-02,6500,572,1,1,"0","0"
901,4,2015-07-02,8654,715,1,1,"0","0"
902,4,2015-07-02,4100,556,1,1,"0","0"
903,4,2015-07-02,12042,743,1,1,"0","0"
904,4,2015-07-02,4913,409,1,1,"0","0"
905,4,2015-07-02,7141,1104,1,1,"0","1"
906,4,2015-07-02,11543,1298,1,1,"0","0"
907,4,2015-07-02,5893,779,1,1,"0","1"
908,4,2015-07-02,3907,328,1,1,"0","0"
909,4,2015-07-02,0,0,0,1,"0","0"
910,4,2015-07-02,5915,547,1,1,"0","0"
911,4,2015-07-02,11806,974,1,1,"0","0"
912,4,2015-07-02,5525,716,1,1,"0","0"
913,4,2015-07-02,9489,1084,1,1,"0","0"
914,4,2015-07-02,11316,1290,1,1,"0","0"
915,4,2015-07-02,6022,469,1,1,"0","0"
916,4,2015-07-02,5315,684,1,1,"0","1"
917,4,2015-07-02,7312,738,1,1,"0","1"
918,4,2015-07-02,5445,509,1,1,"0","0"
919,4,2015-07-02,6964,777,1,1,"0","0"
920,4,2015-07-02,6748,625,1,1,"0","0"
921,4,2015-07-02,10468,1109,1,1,"0","0"
922,4,2015-07-02,7834,695,1,1,"0","1"
923,4,2015-07-02,6441,764,1,1,"0","0"
924,4,2015-07-02,5680,445,1,1,"0","1"
925,4,2015-07-02,7014,1363,1,1,"0","0"
926,4,2015-07-02,6303,470,1,1,"0","1"
927,4,2015-07-02,6892,850,1,1,"0","1"
928,4,2015-07-02,7298,590,1,1,"0","1"
929,4,2015-07-02,7119,831,1,1,"0","0"
930,4,2015-07-02,7353,1139,1,1,"0","1"
931,4,2015-07-02,5550,744,1,1,"0","0"
932,4,2015-07-02,6446,659,1,1,"0","0"
933,4,2015-07-02,8182,927,1,1,"0","0"
934,4,2015-07-02,6425,625,1,1,"0","1"
935,4,2015-07-02,6994,678,1,1,"0","0"
936,4,2015-07-02,6763,759,1,1,"0","1"
937,4,2015-07-02,8106,611,1,1,"0","0"
938,4,2015-07-02,10397,976,1,1,"0","0"
939,4,2015-07-02,5639,475,1,1,"0","1"
940,4,2015-07-02,8481,799,1,1,"0","0"
941,4,2015-07-02,4900,553,1,1,"0","0"
942,4,2015-07-02,6118,438,1,1,"0","0"
943,4,2015-07-02,8208,642,1,1,"0","1"
944,4,2015-07-02,7812,1193,1,1,"0","0"
945,4,2015-07-02,5047,587,1,1,"0","0"
946,4,2015-07-02,5186,572,1,1,"0","0"
947,4,2015-07-02,6277,884,1,1,"0","0"
948,4,2015-07-02,9285,2611,1,1,"0","0"
949,4,2015-07-02,6023,511,1,1,"0","0"
950,4,2015-07-02,6436,577,1,1,"0","0"
951,4,2015-07-02,7386,684,1,1,"0","1"
952,4,2015-07-02,6019,476,1,1,"0","0"
953,4,2015-07-02,6425,626,1,1,"0","0"
954,4,2015-07-02,6803,754,1,1,"0","1"
955,4,2015-07-02,4792,412,1,1,"0","1"
956,4,2015-07-02,3676,449,1,1,"0","1"
957,4,2015-07-02,9505,934,1,1,"0","0"
958,4,2015-07-02,4591,582,1,1,"0","0"
959,4,2015-07-02,8969,885,1,1,"0","0"
960,4,2015-07-02,8023,631,1,1,"0","0"
961,4,2015-07-02,6824,641,1,1,"0","1"
962,4,2015-07-02,7229,908,1,1,"0","1"
963,4,2015-07-02,13045,1196,1,1,"0","0"
964,4,2015-07-02,7975,1268,1,1,"0","0"
965,4,2015-07-02,8152,818,1,1,"0","0"
966,4,2015-07-02,4807,591,1,1,"0","1"
967,4,2015-07-02,9543,926,1,1,"0","1"
968,4,2015-07-02,8864,941,1,1,"0","0"
969,4,2015-07-02,4444,730,1,1,"0","0"
970,4,2015-07-02,3173,386,1,1,"0","0"
971,4,2015-07-02,9873,1134,1,1,"0","0"
972,4,2015-07-02,3623,395,1,1,"0","0"
973,4,2015-07-02,7532,850,1,1,"0","1"
974,4,2015-07-02,12905,1612,1,1,"0","0"
975,4,2015-07-02,6937,692,1,1,"0","1"
976,4,2015-07-02,7555,704,1,1,"0","1"
977,4,2015-07-02,4451,485,1,1,"0","0"
978,4,2015-07-02,8591,1013,1,1,"0","0"
979,4,2015-07-02,7324,681,1,1,"0","0"
980,4,2015-07-02,6371,448,1,1,"0","1"
981,4,2015-07-02,7768,742,1,1,"0","0"
982,4,2015-07-02,8320,675,1,1,"0","0"
983,4,2015-07-02,7929,1076,1,1,"0","1"
984,4,2015-07-02,5054,657,1,1,"0","1"
985,4,2015-07-02,7595,743,1,1,"0","0"
986,4,2015-07-02,6099,734,1,1,"0","1"
987,4,2015-07-02,7973,941,1,1,"0","0"
988,4,2015-07-02,5978,903,1,1,"0","0"
989,4,2015-07-02,5899,592,1,1,"0","0"
990,4,2015-07-02,7371,607,1,1,"0","0"
991,4,2015-07-02,6456,512,1,1,"0","1"
992,4,2015-07-02,5093,634,1,1,"0","1"
993,4,2015-07-02,7736,727,1,1,"0","0"
994,4,2015-07-02,4225,380,1,1,"0","1"
995,4,2015-07-02,10231,773,1,1,"0","0"
996,4,2015-07-02,6065,637,1,1,"0","0"
997,4,2015-07-02,4458,355,1,1,"0","0"
998,4,2015-07-02,4741,534,1,1,"0","0"
999,4,2015-07-02,10298,630,1,1,"0","0"
1000,4,2015-07-02,7047,610,1,1,"0","0"
1001,4,2015-07-02,6351,659,1,1,"0","0"
1002,4,2015-07-02,7671,792,1,1,"0","0"
1003,4,2015-07-02,6230,611,1,1,"0","1"
1004,4,2015-07-02,5744,476,1,1,"0","0"
1005,4,2015-07-02,6490,864,1,1,"0","1"
1006,4,2015-07-02,7574,946,1,1,"0","0"
1007,4,2015-07-02,8272,827,1,1,"0","0"
1008,4,2015-07-02,6931,787,1,1,"0","0"
1009,4,2015-07-02,5304,494,1,1,"0","0"
1010,4,2015-07-02,9599,763,1,1,"0","0"
1011,4,2015-07-02,6694,747,1,1,"0","1"
1012,4,2015-07-02,4957,443,1,1,"0","0"
1013,4,2015-07-02,4036,432,1,1,"0","1"
1014,4,2015-07-02,8541,908,1,1,"0","1"
1015,4,2015-07-02,7448,535,1,1,"0","0"
1016,4,2015-07-02,6258,519,1,1,"0","1"
1017,4,2015-07-02,8030,1042,1,1,"0","0"
1018,4,2015-07-02,11126,1239,1,1,"0","0"
1019,4,2015-07-02,6552,602,1,1,"0","0"
1020,4,2015-07-02,8643,987,1,1,"0","0"
1021,4,2015-07-02,9908,1158,1,1,"0","0"
1022,4,2015-07-02,8298,804,1,1,"0","1"
1023,4,2015-07-02,5470,522,1,1,"0","0"
1024,4,2015-07-02,6506,747,1,1,"0","0"
1025,4,2015-07-02,8714,946,1,1,"0","0"
1026,4,2015-07-02,9749,1044,1,1,"0","1"
1027,4,2015-07-02,11678,1520,1,1,"0","0"
1028,4,2015-07-02,4246,469,1,1,"0","1"
1029,4,2015-07-02,6936,1002,1,1,"0","0"
1030,4,2015-07-02,4256,378,1,1,"0","0"
1031,4,2015-07-02,5504,416,1,1,"0","1"
1032,4,2015-07-02,10413,1005,1,1,"0","0"
1033,4,2015-07-02,16852,1420,1,1,"0","0"
1034,4,2015-07-02,7241,759,1,1,"0","0"
1035,4,2015-07-02,6052,675,1,1,"0","0"
1036,4,2015-07-02,5268,449,1,1,"0","1"
1037,4,2015-07-02,6942,883,1,1,"0","1"
1038,4,2015-07-02,6769,558,1,1,"0","0"
1039,4,2015-07-02,7196,855,1,1,"0","1"
1040,4,2015-07-02,9257,871,1,1,"0","1"
1041,4,2015-07-02,5779,625,1,1,"0","0"
1042,4,2015-07-02,4770,540,1,1,"0","1"
1043,4,2015-07-02,8897,1113,1,1,"0","0"
1044,4,2015-07-02,5324,717,1,1,"0","0"
1045,4,2015-07-02,10770,1226,1,1,"0","0"
1046,4,2015-07-02,10153,761,1,1,"0","0"
1047,4,2015-07-02,4886,526,1,1,"0","1"
1048,4,2015-07-02,7702,566,1,1,"0","0"
1049,4,2015-07-02,3949,662,1,1,"0","0"
1050,4,2015-07-02,8183,502,1,1,"0","0"
1051,4,2015-07-02,8699,1089,1,1,"0","0"
1052,4,2015-07-02,7355,674,1,1,"0","1"
1053,4,2015-07-02,11131,1117,1,1,"0","0"
1054,4,2015-07-02,7187,635,1,1,"0","0"
1055,4,2015-07-02,8969,1090,1,1,"0","0"
1056,4,2015-07-02,4065,383,1,1,"0","0"
1057,4,2015-07-02,7259,662,1,1,"0","0"
1058,4,2015-07-02,7528,633,1,1,"0","1"
1059,4,2015-07-02,9794,1235,1,1,"0","0"
1060,4,2015-07-02,7539,816,1,1,"0","1"
1061,4,2015-07-02,9044,603,1,1,"0","0"
1062,4,2015-07-02,8120,598,1,1,"0","0"
1063,4,2015-07-02,5277,582,1,1,"0","0"
1064,4,2015-07-02,9667,984,1,1,"0","1"
1065,4,2015-07-02,5147,542,1,1,"0","0"
1066,4,2015-07-02,9473,882,1,1,"0","1"
1067,4,2015-07-02,6949,529,1,1,"0","0"
1068,4,2015-07-02,4074,270,1,1,"0","0"
1069,4,2015-07-02,5631,662,1,1,"0","0"
1070,4,2015-07-02,7079,766,1,1,"0","0"
1071,4,2015-07-02,7361,838,1,1,"0","0"
1072,4,2015-07-02,8020,673,1,1,"0","1"
1073,4,2015-07-02,10420,1070,1,1,"0","1"
1074,4,2015-07-02,4750,469,1,1,"0","0"
1075,4,2015-07-02,12907,1116,1,1,"0","0"
1076,4,2015-07-02,4269,560,1,1,"0","1"
1077,4,2015-07-02,4954,490,1,1,"0","1"
1078,4,2015-07-02,9267,614,1,1,"0","0"
1079,4,2015-07-02,9132,681,1,1,"0","0"
1080,4,2015-07-02,10281,797,1,1,"0","0"
1081,4,2015-07-02,8117,1213,1,1,"0","0"
1082,4,2015-07-02,7640,1059,1,1,"0","0"
1083,4,2015-07-02,5357,354,1,1,"0","0"
1084,4,2015-07-02,5914,814,1,1,"0","0"
1085,4,2015-07-02,8276,729,1,1,"0","0"
1086,4,2015-07-02,7410,786,1,1,"0","0"
1087,4,2015-07-02,6850,661,1,1,"0","0"
1088,4,2015-07-02,4997,474,1,1,"0","1"
1089,4,2015-07-02,11616,973,1,1,"0","1"
1090,4,2015-07-02,7233,834,1,1,"0","0"
1091,4,2015-07-02,9787,738,1,1,"0","0"
1092,4,2015-07-02,10972,1007,1,1,"0","0"
1093,4,2015-07-02,9752,903,1,1,"0","0"
1094,4,2015-07-02,4332,350,1,1,"0","0"
1095,4,2015-07-02,4910,656,1,1,"0","0"
1096,4,2015-07-02,6268,631,1,1,"0","1"
1097,4,2015-07-02,11993,3070,1,1,"0","0"
1098,4,2015-07-02,6070,690,1,1,"0","0"
1099,4,2015-07-02,9310,1208,1,1,"0","0"
1100,4,2015-07-02,5336,567,1,1,"0","1"
1101,4,2015-07-02,11122,1011,1,1,"0","0"
1102,4,2015-07-02,7349,676,1,1,"0","0"
1103,4,2015-07-02,6062,410,1,1,"0","0"
1104,4,2015-07-02,5346,420,1,1,"0","0"
1105,4,2015-07-02,4984,511,1,1,"0","1"
1106,4,2015-07-02,5256,580,1,1,"0","0"
1107,4,2015-07-02,5652,625,1,1,"0","0"
1108,4,2015-07-02,7365,667,1,1,"0","0"
1109,4,2015-07-02,4313,424,1,1,"0","0"
1110,4,2015-07-02,5829,626,1,1,"0","0"
1111,4,2015-07-02,3945,329,1,1,"0","1"
1112,4,2015-07-02,7447,577,1,1,"0","1"
1113,4,2015-07-02,7932,793,1,1,"0","0"
1114,4,2015-07-02,24898,3784,1,1,"0","0"
1115,4,2015-07-02,6858,452,1,1,"0","0"
1,3,2015-07-01,5223,562,1,1,"0","0"
2,3,2015-07-01,6431,786,1,1,"0","0"
3,3,2015-07-01,8311,772,1,1,"0","1"
4,3,2015-07-01,11216,1359,1,1,"0","0"
5,3,2015-07-01,6253,717,1,1,"0","0"
6,3,2015-07-01,5804,593,1,1,"0","0"
7,3,2015-07-01,11024,1020,1,1,"0","0"
8,3,2015-07-01,8523,895,1,1,"0","0"
9,3,2015-07-01,8490,675,1,1,"0","1"
10,3,2015-07-01,7896,684,1,1,"0","0"
11,3,2015-07-01,9599,1311,1,1,"0","0"
12,3,2015-07-01,7765,925,1,1,"0","0"
13,3,2015-07-01,6796,369,1,1,"0","0"
14,3,2015-07-01,5881,630,1,1,"0","1"
15,3,2015-07-01,6043,622,1,1,"0","0"
16,3,2015-07-01,10529,989,1,1,"0","0"
17,3,2015-07-01,6779,817,1,1,"0","0"
18,3,2015-07-01,7215,732,1,1,"0","0"
19,3,2015-07-01,8679,728,1,1,"0","1"
20,3,2015-07-01,8977,933,1,1,"0","0"
21,3,2015-07-01,5169,453,1,1,"0","0"
22,3,2015-07-01,5181,515,1,1,"0","0"
23,3,2015-07-01,7580,547,1,1,"0","0"
24,3,2015-07-01,10589,866,1,1,"0","1"
25,3,2015-07-01,12712,1583,1,1,"0","1"
26,3,2015-07-01,7222,563,1,1,"0","0"
27,3,2015-07-01,10857,1061,1,1,"0","1"
28,3,2015-07-01,5702,573,1,1,"0","0"
29,3,2015-07-01,9416,720,1,1,"0","1"
30,3,2015-07-01,4903,603,1,1,"0","1"
31,3,2015-07-01,7068,635,1,1,"0","0"
32,3,2015-07-01,5614,579,1,1,"0","0"
33,3,2015-07-01,9403,827,1,1,"0","1"
34,3,2015-07-01,9822,1081,1,1,"0","0"
35,3,2015-07-01,11007,735,1,1,"0","1"
36,3,2015-07-01,10145,1139,1,1,"0","0"
37,3,2015-07-01,6907,688,1,1,"0","0"
38,3,2015-07-01,7684,583,1,1,"0","1"
39,3,2015-07-01,6567,741,1,1,"0","1"
40,3,2015-07-01,4789,576,1,1,"0","1"
41,3,2015-07-01,5408,383,1,1,"0","0"
42,3,2015-07-01,11403,1203,1,1,"0","1"
43,3,2015-07-01,6547,549,1,1,"0","1"
44,3,2015-07-01,6921,706,1,1,"0","0"
45,3,2015-07-01,5621,399,1,1,"0","0"
46,3,2015-07-01,4733,582,1,1,"0","0"
47,3,2015-07-01,7887,1009,1,1,"0","0"
48,3,2015-07-01,4214,418,1,1,"0","0"
49,3,2015-07-01,8451,549,1,1,"0","0"
50,3,2015-07-01,5760,420,1,1,"0","0"
51,3,2015-07-01,6388,445,1,1,"0","0"
52,3,2015-07-01,6689,402,1,1,"0","0"
53,3,2015-07-01,7353,647,1,1,"0","0"
54,3,2015-07-01,8576,649,1,1,"0","0"
55,3,2015-07-01,6111,654,1,1,"0","0"
56,3,2015-07-01,8346,560,1,1,"0","0"
57,3,2015-07-01,10644,999,1,1,"0","0"
58,3,2015-07-01,6164,462,1,1,"0","0"
59,3,2015-07-01,6523,598,1,1,"0","0"
60,3,2015-07-01,10471,935,1,1,"0","0"
61,3,2015-07-01,6078,603,1,1,"0","0"
62,3,2015-07-01,8439,823,1,1,"0","1"
63,3,2015-07-01,9201,679,1,1,"0","0"
64,3,2015-07-01,10699,728,1,1,"0","1"
65,3,2015-07-01,5252,469,1,1,"0","0"
66,3,2015-07-01,5586,468,1,1,"0","0"
67,3,2015-07-01,10208,858,1,1,"0","0"
68,3,2015-07-01,10357,1445,1,1,"0","0"
69,3,2015-07-01,10041,1198,1,1,"0","0"
70,3,2015-07-01,8337,727,1,1,"0","0"
71,3,2015-07-01,11837,803,1,1,"0","1"
72,3,2015-07-01,4867,491,1,1,"0","0"
73,3,2015-07-01,5433,517,1,1,"0","0"
74,3,2015-07-01,7333,888,1,1,"0","1"
75,3,2015-07-01,7179,727,1,1,"0","0"
76,3,2015-07-01,10664,984,1,1,"0","0"
77,3,2015-07-01,6848,572,1,1,"0","0"
78,3,2015-07-01,5112,577,1,1,"0","0"
79,3,2015-07-01,7086,632,1,1,"0","0"
80,3,2015-07-01,9407,603,1,1,"0","0"
81,3,2015-07-01,6999,548,1,1,"0","0"
82,3,2015-07-01,10075,888,1,1,"0","1"
83,3,2015-07-01,4698,362,1,1,"0","1"
84,3,2015-07-01,17619,1545,1,1,"0","1"
85,3,2015-07-01,7820,1016,1,1,"0","0"
86,3,2015-07-01,4722,606,1,1,"0","1"
87,3,2015-07-01,6724,860,1,1,"0","0"
88,3,2015-07-01,8766,793,1,1,"0","0"
89,3,2015-07-01,6256,616,1,1,"0","0"
90,3,2015-07-01,10432,1148,1,1,"0","1"
91,3,2015-07-01,5499,524,1,1,"0","0"
92,3,2015-07-01,7236,554,1,1,"0","1"
93,3,2015-07-01,5602,541,1,1,"0","1"
94,3,2015-07-01,9790,713,1,1,"0","1"
95,3,2015-07-01,9690,911,1,1,"0","0"
96,3,2015-07-01,6280,584,1,1,"0","0"
97,3,2015-07-01,8140,702,1,1,"0","0"
98,3,2015-07-01,5861,453,1,1,"0","1"
99,3,2015-07-01,6668,523,1,1,"0","0"
100,3,2015-07-01,8547,683,1,1,"0","0"
101,3,2015-07-01,9632,874,1,1,"0","0"
102,3,2015-07-01,9000,1182,1,1,"0","1"
103,3,2015-07-01,5209,433,1,1,"0","0"
104,3,2015-07-01,12131,1405,1,1,"0","0"
105,3,2015-07-01,6129,618,1,1,"0","0"
106,3,2015-07-01,10796,964,1,1,"0","0"
107,3,2015-07-01,9152,1029,1,1,"0","0"
108,3,2015-07-01,13746,917,1,1,"0","0"
109,3,2015-07-01,8369,851,1,1,"0","0"
110,3,2015-07-01,6092,705,1,1,"0","0"
111,3,2015-07-01,6748,548,1,1,"0","0"
112,3,2015-07-01,6899,799,1,1,"0","0"
113,3,2015-07-01,6144,609,1,1,"0","0"
114,3,2015-07-01,6422,582,1,1,"0","0"
115,3,2015-07-01,7719,540,1,1,"0","0"
116,3,2015-07-01,8358,812,1,1,"0","0"
117,3,2015-07-01,4043,475,1,1,"0","1"
118,3,2015-07-01,10017,736,1,1,"0","0"
119,3,2015-07-01,8166,782,1,1,"0","0"
120,3,2015-07-01,6798,609,1,1,"0","0"
121,3,2015-07-01,4485,464,1,1,"0","0"
122,3,2015-07-01,9601,1070,1,1,"0","0"
123,3,2015-07-01,11566,1308,1,1,"0","0"
124,3,2015-07-01,6016,598,1,1,"0","1"
125,3,2015-07-01,17247,1925,1,1,"0","0"
126,3,2015-07-01,6612,590,1,1,"0","1"
127,3,2015-07-01,4679,658,1,1,"0","0"
128,3,2015-07-01,9121,662,1,1,"0","0"
129,3,2015-07-01,8566,1108,1,1,"0","0"
130,3,2015-07-01,5858,619,1,1,"0","0"
131,3,2015-07-01,5977,570,1,1,"0","1"
132,3,2015-07-01,6965,625,1,1,"0","0"
133,3,2015-07-01,7511,741,1,1,"0","0"
134,3,2015-07-01,5476,520,1,1,"0","0"
135,3,2015-07-01,5951,495,1,1,"0","0"
136,3,2015-07-01,5296,413,1,1,"0","0"
137,3,2015-07-01,9183,1027,1,1,"0","0"
138,3,2015-07-01,9828,835,1,1,"0","0"
139,3,2015-07-01,5717,464,1,1,"0","0"
140,3,2015-07-01,8144,1048,1,1,"0","0"
141,3,2015-07-01,6281,668,1,1,"0","0"
142,3,2015-07-01,5578,618,1,1,"0","1"
143,3,2015-07-01,8026,656,1,1,"0","0"
144,3,2015-07-01,7632,669,1,1,"0","0"
145,3,2015-07-01,9104,1222,1,1,"0","0"
146,3,2015-07-01,7710,678,1,1,"0","1"
147,3,2015-07-01,10714,920,1,1,"0","1"
148,3,2015-07-01,11238,935,1,1,"0","0"
149,3,2015-07-01,4986,442,1,1,"0","0"
150,3,2015-07-01,10089,890,1,1,"0","0"
151,3,2015-07-01,8571,764,1,1,"0","0"
152,3,2015-07-01,7779,731,1,1,"0","1"
153,3,2015-07-01,8376,648,1,1,"0","1"
154,3,2015-07-01,10693,803,1,1,"0","0"
155,3,2015-07-01,5891,573,1,1,"0","0"
156,3,2015-07-01,8848,801,1,1,"0","0"
157,3,2015-07-01,12238,1048,1,1,"0","1"
158,3,2015-07-01,8842,489,1,1,"0","0"
159,3,2015-07-01,8629,716,1,1,"0","0"
160,3,2015-07-01,6836,599,1,1,"0","0"
161,3,2015-07-01,9356,850,1,1,"0","1"
162,3,2015-07-01,7390,496,1,1,"0","0"
163,3,2015-07-01,8523,925,1,1,"0","0"
164,3,2015-07-01,6406,635,1,1,"0","0"
165,3,2015-07-01,4288,421,1,1,"0","0"
166,3,2015-07-01,5990,837,1,1,"0","1"
167,3,2015-07-01,12808,1391,1,1,"0","0"
168,3,2015-07-01,9343,851,1,1,"0","0"
169,3,2015-07-01,6788,541,1,1,"0","1"
170,3,2015-07-01,3823,439,1,1,"0","1"
171,3,2015-07-01,9921,890,1,1,"0","1"
172,3,2015-07-01,7381,901,1,1,"0","0"
173,3,2015-07-01,10684,1075,1,1,"0","0"
174,3,2015-07-01,5533,447,1,1,"0","0"
175,3,2015-07-01,7753,796,1,1,"0","0"
176,3,2015-07-01,6676,698,1,1,"0","1"
177,3,2015-07-01,5515,602,1,1,"0","0"
178,3,2015-07-01,11161,894,1,1,"0","0"
179,3,2015-07-01,9419,1085,1,1,"0","1"
180,3,2015-07-01,9291,956,1,1,"0","0"
181,3,2015-07-01,6705,678,1,1,"0","0"
182,3,2015-07-01,6477,459,1,1,"0","0"
183,3,2015-07-01,8878,874,1,1,"0","0"
184,3,2015-07-01,7831,622,1,1,"0","1"
185,3,2015-07-01,7727,537,1,1,"0","0"
186,3,2015-07-01,4182,389,1,1,"0","0"
187,3,2015-07-01,7574,798,1,1,"0","0"
188,3,2015-07-01,6310,451,1,1,"0","0"
189,3,2015-07-01,10169,841,1,1,"0","0"
190,3,2015-07-01,7834,695,1,1,"0","0"
191,3,2015-07-01,7105,725,1,1,"0","0"
192,3,2015-07-01,11290,775,1,1,"0","0"
193,3,2015-07-01,7989,988,1,1,"0","0"
194,3,2015-07-01,6275,471,1,1,"0","0"
195,3,2015-07-01,12798,1298,1,1,"0","1"
196,3,2015-07-01,5705,737,1,1,"0","0"
197,3,2015-07-01,8646,965,1,1,"0","0"
198,3,2015-07-01,3059,330,1,1,"0","0"
199,3,2015-07-01,9238,646,1,1,"0","0"
200,3,2015-07-01,10130,1075,1,1,"0","1"
201,3,2015-07-01,6670,491,1,1,"0","1"
202,3,2015-07-01,7028,548,1,1,"0","0"
203,3,2015-07-01,9592,1168,1,1,"0","0"
204,3,2015-07-01,5492,507,1,1,"0","0"
205,3,2015-07-01,8644,979,1,1,"0","0"
206,3,2015-07-01,7573,809,1,1,"0","1"
207,3,2015-07-01,14621,1534,1,1,"0","0"
208,3,2015-07-01,2989,437,1,1,"0","0"
209,3,2015-07-01,7277,695,1,1,"0","0"
210,3,2015-07-01,3679,346,1,1,"0","0"
211,3,2015-07-01,17048,1815,1,1,"0","0"
212,3,2015-07-01,7141,598,1,1,"0","0"
213,3,2015-07-01,8921,648,1,1,"0","1"
214,3,2015-07-01,9602,625,1,1,"0","1"
215,3,2015-07-01,6255,458,1,1,"0","0"
216,3,2015-07-01,7890,900,1,1,"0","1"
217,3,2015-07-01,6283,748,1,1,"0","0"
218,3,2015-07-01,5621,720,1,1,"0","0"
219,3,2015-07-01,3800,404,1,1,"0","1"
220,3,2015-07-01,5720,678,1,1,"0","1"
221,3,2015-07-01,7060,622,1,1,"0","0"
222,3,2015-07-01,7193,694,1,1,"0","0"
223,3,2015-07-01,7324,743,1,1,"0","0"
224,3,2015-07-01,7776,514,1,1,"0","0"
225,3,2015-07-01,5706,571,1,1,"0","0"
226,3,2015-07-01,7930,753,1,1,"0","0"
227,3,2015-07-01,7995,590,1,1,"0","1"
228,3,2015-07-01,8587,551,1,1,"0","1"
229,3,2015-07-01,9809,746,1,1,"0","0"
230,3,2015-07-01,11090,1142,1,1,"0","0"
231,3,2015-07-01,5730,422,1,1,"0","0"
232,3,2015-07-01,3712,338,1,1,"0","0"
233,3,2015-07-01,11757,1087,1,1,"0","0"
234,3,2015-07-01,13309,1100,1,1,"0","1"
235,3,2015-07-01,5888,454,1,1,"0","0"
236,3,2015-07-01,10108,1081,1,1,"0","0"
237,3,2015-07-01,5267,627,1,1,"0","0"
238,3,2015-07-01,10016,1327,1,1,"0","1"
239,3,2015-07-01,6621,512,1,1,"0","1"
240,3,2015-07-01,6122,533,1,1,"0","0"
241,3,2015-07-01,7514,707,1,1,"0","1"
242,3,2015-07-01,4258,339,1,1,"0","0"
243,3,2015-07-01,9084,1082,1,1,"0","0"
244,3,2015-07-01,4788,505,1,1,"0","1"
245,3,2015-07-01,11550,1216,1,1,"0","0"
246,3,2015-07-01,8824,1038,1,1,"0","0"
247,3,2015-07-01,9554,670,1,1,"0","0"
248,3,2015-07-01,10165,1217,1,1,"0","0"
249,3,2015-07-01,6525,602,1,1,"0","0"
250,3,2015-07-01,9930,670,1,1,"0","0"
251,3,2015-07-01,22160,2674,1,1,"0","1"
252,3,2015-07-01,12458,838,1,1,"0","1"
253,3,2015-07-01,7278,773,1,1,"0","1"
254,3,2015-07-01,3354,240,1,1,"0","0"
255,3,2015-07-01,8057,698,1,1,"0","1"
256,3,2015-07-01,10452,1133,1,1,"0","1"
257,3,2015-07-01,6594,686,1,1,"0","0"
258,3,2015-07-01,5299,469,1,1,"0","0"
259,3,2015-07-01,13566,2946,1,1,"0","0"
260,3,2015-07-01,6627,930,1,1,"0","0"
261,3,2015-07-01,12772,849,1,1,"0","0"
262,3,2015-07-01,21418,3439,1,1,"0","0"
263,3,2015-07-01,4519,374,1,1,"0","0"
264,3,2015-07-01,8609,1024,1,1,"0","0"
265,3,2015-07-01,6442,577,1,1,"0","0"
266,3,2015-07-01,4932,546,1,1,"0","0"
267,3,2015-07-01,8698,938,1,1,"0","0"
268,3,2015-07-01,7561,776,1,1,"0","0"
269,3,2015-07-01,10161,1191,1,1,"0","1"
270,3,2015-07-01,12505,1470,1,1,"0","0"
271,3,2015-07-01,8920,845,1,1,"0","0"
272,3,2015-07-01,6427,641,1,1,"0","0"
273,3,2015-07-01,10142,808,1,1,"0","1"
274,3,2015-07-01,6549,1371,1,1,"0","0"
275,3,2015-07-01,6460,653,1,1,"0","0"
276,3,2015-07-01,4753,560,1,1,"0","0"
277,3,2015-07-01,6867,541,1,1,"0","0"
278,3,2015-07-01,10141,948,1,1,"0","0"
279,3,2015-07-01,7678,587,1,1,"0","0"
280,3,2015-07-01,6912,499,1,1,"0","0"
281,3,2015-07-01,6188,531,1,1,"0","0"
282,3,2015-07-01,5701,755,1,1,"0","0"
283,3,2015-07-01,8114,776,1,1,"0","0"
284,3,2015-07-01,5741,428,1,1,"0","0"
285,3,2015-07-01,5797,469,1,1,"0","0"
286,3,2015-07-01,5538,421,1,1,"0","0"
287,3,2015-07-01,7663,786,1,1,"0","0"
288,3,2015-07-01,6061,416,1,1,"0","0"
289,3,2015-07-01,6210,507,1,1,"0","0"
290,3,2015-07-01,9732,765,1,1,"0","1"
291,3,2015-07-01,9897,865,1,1,"0","0"
292,3,2015-07-01,15348,1063,1,1,"0","0"
293,3,2015-07-01,7835,882,1,1,"0","0"
294,3,2015-07-01,8946,981,1,1,"0","0"
295,3,2015-07-01,7404,888,1,1,"0","0"
296,3,2015-07-01,8634,851,1,1,"0","0"
297,3,2015-07-01,8580,775,1,1,"0","0"
298,3,2015-07-01,7695,618,1,1,"0","0"
299,3,2015-07-01,8630,946,1,1,"0","0"
300,3,2015-07-01,7403,909,1,1,"0","0"
301,3,2015-07-01,6618,618,1,1,"0","0"
302,3,2015-07-01,4426,322,1,1,"0","0"
303,3,2015-07-01,8313,748,1,1,"0","1"
304,3,2015-07-01,9370,1341,1,1,"0","0"
305,3,2015-07-01,7309,598,1,1,"0","0"
306,3,2015-07-01,5261,495,1,1,"0","0"
307,3,2015-07-01,3516,334,1,1,"0","0"
308,3,2015-07-01,8659,875,1,1,"0","1"
309,3,2015-07-01,8726,619,1,1,"0","1"
310,3,2015-07-01,11413,882,1,1,"0","0"
311,3,2015-07-01,8600,992,1,1,"0","0"
312,3,2015-07-01,6528,544,1,1,"0","0"
313,3,2015-07-01,9218,756,1,1,"0","0"
314,3,2015-07-01,5510,520,1,1,"0","1"
315,3,2015-07-01,5916,519,1,1,"0","0"
316,3,2015-07-01,12877,953,1,1,"0","1"
317,3,2015-07-01,5447,528,1,1,"0","0"
318,3,2015-07-01,8185,681,1,1,"0","0"
319,3,2015-07-01,8818,867,1,1,"0","0"
320,3,2015-07-01,19404,2429,1,1,"0","0"
321,3,2015-07-01,6595,560,1,1,"0","0"
322,3,2015-07-01,4940,527,1,1,"0","0"
323,3,2015-07-01,8864,665,1,1,"0","0"
324,3,2015-07-01,5682,671,1,1,"0","0"
325,3,2015-07-01,6660,593,1,1,"0","1"
326,3,2015-07-01,6249,428,1,1,"0","0"
327,3,2015-07-01,9148,1015,1,1,"0","0"
328,3,2015-07-01,5647,577,1,1,"0","1"
329,3,2015-07-01,7735,617,1,1,"0","1"
330,3,2015-07-01,4696,428,1,1,"0","1"
331,3,2015-07-01,6996,857,1,1,"0","0"
332,3,2015-07-01,4632,562,1,1,"0","0"
333,3,2015-07-01,12462,1483,1,1,"0","0"
334,3,2015-07-01,5899,523,1,1,"0","1"
335,3,2015-07-01,17728,2903,1,1,"0","1"
336,3,2015-07-01,17394,2215,1,1,"0","0"
337,3,2015-07-01,5614,401,1,1,"0","0"
338,3,2015-07-01,6000,522,1,1,"0","0"
339,3,2015-07-01,6199,674,1,1,"0","0"
340,3,2015-07-01,8438,786,1,1,"0","0"
341,3,2015-07-01,6762,849,1,1,"0","1"
342,3,2015-07-01,11986,791,1,1,"0","0"
343,3,2015-07-01,7368,682,1,1,"0","1"
344,3,2015-07-01,10734,1343,1,1,"0","0"
345,3,2015-07-01,4124,473,1,1,"0","0"
346,3,2015-07-01,8903,700,1,1,"0","1"
347,3,2015-07-01,5364,379,1,1,"0","0"
348,3,2015-07-01,8729,740,1,1,"0","0"
349,3,2015-07-01,10165,940,1,1,"0","0"
350,3,2015-07-01,5993,425,1,1,"0","0"
351,3,2015-07-01,6742,507,1,1,"0","1"
352,3,2015-07-01,8369,664,1,1,"0","0"
353,3,2015-07-01,6988,1976,1,1,"0","0"
354,3,2015-07-01,9797,694,1,1,"0","1"
355,3,2015-07-01,12230,1318,1,1,"0","0"
356,3,2015-07-01,7290,469,1,1,"0","0"
357,3,2015-07-01,11033,1273,1,1,"0","0"
358,3,2015-07-01,11804,1168,1,1,"0","1"
359,3,2015-07-01,7730,611,1,1,"0","0"
360,3,2015-07-01,9541,907,1,1,"0","0"
361,3,2015-07-01,7499,641,1,1,"0","0"
362,3,2015-07-01,12183,1331,1,1,"0","0"
363,3,2015-07-01,9576,1165,1,1,"0","0"
364,3,2015-07-01,6066,700,1,1,"0","0"
365,3,2015-07-01,6304,584,1,1,"0","0"
366,3,2015-07-01,7156,657,1,1,"0","0"
367,3,2015-07-01,7233,668,1,1,"0","0"
368,3,2015-07-01,12302,804,1,1,"0","0"
369,3,2015-07-01,7079,550,1,1,"0","0"
370,3,2015-07-01,7460,550,1,1,"0","1"
371,3,2015-07-01,6899,535,1,1,"0","0"
372,3,2015-07-01,8726,680,1,1,"0","1"
373,3,2015-07-01,4999,319,1,1,"0","0"
374,3,2015-07-01,9532,1017,1,1,"0","0"
375,3,2015-07-01,10606,792,1,1,"0","0"
376,3,2015-07-01,11038,1054,1,1,"0","0"
377,3,2015-07-01,10801,1149,1,1,"0","0"
378,3,2015-07-01,8340,1178,1,1,"0","1"
379,3,2015-07-01,5897,602,1,1,"0","0"
380,3,2015-07-01,17779,1511,1,1,"0","1"
381,3,2015-07-01,11810,1113,1,1,"0","0"
382,3,2015-07-01,9258,692,1,1,"0","0"
383,3,2015-07-01,18463,2210,1,1,"0","0"
384,3,2015-07-01,8649,975,1,1,"0","0"
385,3,2015-07-01,8882,679,1,1,"0","0"
386,3,2015-07-01,7341,591,1,1,"0","1"
387,3,2015-07-01,11707,1255,1,1,"0","1"
388,3,2015-07-01,12362,1127,1,1,"0","1"
389,3,2015-07-01,14438,1531,1,1,"0","0"
390,3,2015-07-01,15930,1277,1,1,"0","0"
391,3,2015-07-01,6865,707,1,1,"0","1"
392,3,2015-07-01,9121,791,1,1,"0","1"
393,3,2015-07-01,6937,566,1,1,"0","1"
394,3,2015-07-01,10164,712,1,1,"0","0"
395,3,2015-07-01,4739,556,1,1,"0","1"
396,3,2015-07-01,14038,1241,1,1,"0","0"
397,3,2015-07-01,6955,770,1,1,"0","1"
398,3,2015-07-01,5332,585,1,1,"0","0"
399,3,2015-07-01,5232,493,1,1,"0","0"
400,3,2015-07-01,9284,1279,1,1,"0","0"
401,3,2015-07-01,8029,690,1,1,"0","0"
402,3,2015-07-01,5422,536,1,1,"0","0"
403,3,2015-07-01,8905,788,1,1,"0","1"
404,3,2015-07-01,7042,700,1,1,"0","0"
405,3,2015-07-01,5054,504,1,1,"0","1"
406,3,2015-07-01,8156,556,1,1,"0","0"
407,3,2015-07-01,4569,321,1,1,"0","0"
408,3,2015-07-01,5736,494,1,1,"0","0"
409,3,2015-07-01,6132,562,1,1,"0","0"
410,3,2015-07-01,8113,872,1,1,"0","1"
411,3,2015-07-01,10381,705,1,1,"0","0"
412,3,2015-07-01,7650,541,1,1,"0","0"
413,3,2015-07-01,8376,983,1,1,"0","0"
414,3,2015-07-01,7063,464,1,1,"0","0"
415,3,2015-07-01,7292,556,1,1,"0","0"
416,3,2015-07-01,14510,1539,1,1,"0","0"
417,3,2015-07-01,7855,771,1,1,"0","1"
418,3,2015-07-01,6760,645,1,1,"0","1"
419,3,2015-07-01,6639,993,1,1,"0","0"
420,3,2015-07-01,4728,483,1,1,"0","0"
421,3,2015-07-01,10021,968,1,1,"0","0"
422,3,2015-07-01,4859,427,1,1,"0","0"
423,3,2015-07-01,12850,2126,1,1,"0","0"
424,3,2015-07-01,7728,871,1,1,"0","1"
425,3,2015-07-01,3964,478,1,1,"0","1"
426,3,2015-07-01,6326,727,1,1,"0","1"
427,3,2015-07-01,6587,690,1,1,"0","0"
428,3,2015-07-01,6317,515,1,1,"0","0"
429,3,2015-07-01,4843,396,1,1,"0","0"
430,3,2015-07-01,8922,655,1,1,"0","0"
431,3,2015-07-01,11580,979,1,1,"0","1"
432,3,2015-07-01,14110,1874,1,1,"0","0"
433,3,2015-07-01,7640,802,1,1,"0","0"
434,3,2015-07-01,9959,676,1,1,"0","0"
435,3,2015-07-01,3589,394,1,1,"0","1"
436,3,2015-07-01,6447,650,1,1,"0","0"
437,3,2015-07-01,5890,572,1,1,"0","0"
438,3,2015-07-01,5466,507,1,1,"0","0"
439,3,2015-07-01,9840,1026,1,1,"0","0"
440,3,2015-07-01,7238,708,1,1,"0","0"
441,3,2015-07-01,7651,758,1,1,"0","1"
442,3,2015-07-01,5435,508,1,1,"0","0"
443,3,2015-07-01,6090,504,1,1,"0","0"
444,3,2015-07-01,11314,1194,1,1,"0","0"
445,3,2015-07-01,9356,1487,1,1,"0","1"
446,3,2015-07-01,5462,624,1,1,"0","1"
447,3,2015-07-01,6751,720,1,1,"0","0"
448,3,2015-07-01,9513,771,1,1,"0","1"
449,3,2015-07-01,10893,1580,1,1,"0","0"
450,3,2015-07-01,9173,991,1,1,"0","0"
451,3,2015-07-01,4990,426,1,1,"0","0"
452,3,2015-07-01,6532,555,1,1,"0","0"
453,3,2015-07-01,13082,1376,1,1,"0","0"
454,3,2015-07-01,8195,968,1,1,"0","0"
455,3,2015-07-01,9383,538,1,1,"0","0"
456,3,2015-07-01,7118,952,1,1,"0","1"
457,3,2015-07-01,5184,416,1,1,"0","0"
458,3,2015-07-01,8685,716,1,1,"0","0"
459,3,2015-07-01,11638,1342,1,1,"0","0"
460,3,2015-07-01,5050,438,1,1,"0","0"
461,3,2015-07-01,4104,403,1,1,"0","0"
462,3,2015-07-01,6266,732,1,1,"0","0"
463,3,2015-07-01,7990,1113,1,1,"0","1"
464,3,2015-07-01,12037,1294,1,1,"0","0"
465,3,2015-07-01,8833,630,1,1,"0","0"
466,3,2015-07-01,10218,844,1,1,"0","1"
467,3,2015-07-01,15109,1639,1,1,"0","1"
468,3,2015-07-01,6266,638,1,1,"0","0"
469,3,2015-07-01,15156,1661,1,1,"0","0"
470,3,2015-07-01,13887,1672,1,1,"0","1"
471,3,2015-07-01,8116,600,1,1,"0","0"
472,3,2015-07-01,7061,780,1,1,"0","0"
473,3,2015-07-01,4225,493,1,1,"0","1"
474,3,2015-07-01,9464,840,1,1,"0","0"
475,3,2015-07-01,7507,1030,1,1,"0","1"
476,3,2015-07-01,8263,752,1,1,"0","0"
477,3,2015-07-01,5966,410,1,1,"0","0"
478,3,2015-07-01,8999,837,1,1,"0","0"
479,3,2015-07-01,12767,1370,1,1,"0","0"
480,3,2015-07-01,6356,704,1,1,"0","0"
481,3,2015-07-01,6584,533,1,1,"0","0"
482,3,2015-07-01,8966,848,1,1,"0","0"
483,3,2015-07-01,5616,705,1,1,"0","0"
484,3,2015-07-01,7844,698,1,1,"0","0"
485,3,2015-07-01,5442,421,1,1,"0","0"
486,3,2015-07-01,4667,512,1,1,"0","1"
487,3,2015-07-01,8089,686,1,1,"0","0"
488,3,2015-07-01,5052,449,1,1,"0","0"
489,3,2015-07-01,9011,765,1,1,"0","0"
490,3,2015-07-01,7942,1008,1,1,"0","0"
491,3,2015-07-01,7458,537,1,1,"0","0"
492,3,2015-07-01,8682,1209,1,1,"0","0"
493,3,2015-07-01,9039,772,1,1,"0","1"
494,3,2015-07-01,10569,1261,1,1,"0","0"
495,3,2015-07-01,5648,387,1,1,"0","0"
496,3,2015-07-01,9785,927,1,1,"0","0"
497,3,2015-07-01,9819,1078,1,1,"0","0"
498,3,2015-07-01,7221,903,1,1,"0","0"
499,3,2015-07-01,6647,799,1,1,"0","0"
500,3,2015-07-01,6084,417,1,1,"0","0"
501,3,2015-07-01,6459,679,1,1,"0","0"
502,3,2015-07-01,11167,1547,1,1,"0","0"
503,3,2015-07-01,6613,425,1,1,"0","0"
504,3,2015-07-01,8490,1078,1,1,"0","0"
505,3,2015-07-01,5739,665,1,1,"0","0"
506,3,2015-07-01,9956,954,1,1,"0","1"
507,3,2015-07-01,7567,565,1,1,"0","1"
508,3,2015-07-01,8043,697,1,1,"0","1"
509,3,2015-07-01,6158,464,1,1,"0","0"
510,3,2015-07-01,11452,930,1,1,"0","1"
511,3,2015-07-01,6479,823,1,1,"0","0"
512,3,2015-07-01,7240,1642,1,1,"0","0"
513,3,2015-07-01,20918,2238,1,1,"0","0"
514,3,2015-07-01,6512,596,1,1,"0","0"
515,3,2015-07-01,9592,707,1,1,"0","1"
516,3,2015-07-01,6849,764,1,1,"0","1"
517,3,2015-07-01,8197,796,1,1,"0","0"
518,3,2015-07-01,4657,417,1,1,"0","0"
519,3,2015-07-01,5554,542,1,1,"0","0"
520,3,2015-07-01,5142,494,1,1,"0","0"
521,3,2015-07-01,5601,416,1,1,"0","0"
522,3,2015-07-01,7096,565,1,1,"0","0"
523,3,2015-07-01,15019,1611,1,1,"0","0"
524,3,2015-07-01,10174,954,1,1,"0","0"
525,3,2015-07-01,9957,782,1,1,"0","0"
526,3,2015-07-01,13226,1589,1,1,"0","0"
527,3,2015-07-01,11900,980,1,1,"0","1"
528,3,2015-07-01,11741,915,1,1,"0","1"
529,3,2015-07-01,9674,820,1,1,"0","0"
530,3,2015-07-01,7287,1196,1,1,"0","0"
531,3,2015-07-01,6267,652,1,1,"0","0"
532,3,2015-07-01,12554,1357,1,1,"0","1"
533,3,2015-07-01,12182,974,1,1,"0","0"
534,3,2015-07-01,5484,453,1,1,"0","0"
535,3,2015-07-01,10485,1044,1,1,"0","1"
536,3,2015-07-01,9241,838,1,1,"0","1"
537,3,2015-07-01,6394,674,1,1,"0","0"
538,3,2015-07-01,4871,657,1,1,"0","0"
539,3,2015-07-01,12326,1192,1,1,"0","0"
540,3,2015-07-01,6826,466,1,1,"0","0"
541,3,2015-07-01,8222,870,1,1,"0","1"
542,3,2015-07-01,6073,467,1,1,"0","0"
543,3,2015-07-01,2553,233,1,1,"0","0"
544,3,2015-07-01,13723,1736,1,1,"0","0"
545,3,2015-07-01,15215,1217,1,1,"0","1"
546,3,2015-07-01,16530,1871,1,1,"0","0"
547,3,2015-07-01,6585,472,1,1,"0","0"
548,3,2015-07-01,5757,401,1,1,"0","0"
549,3,2015-07-01,6019,624,1,1,"0","0"
550,3,2015-07-01,5605,402,1,1,"0","0"
551,3,2015-07-01,10078,1266,1,1,"0","0"
552,3,2015-07-01,8223,696,1,1,"0","0"
553,3,2015-07-01,6523,560,1,1,"0","0"
554,3,2015-07-01,6519,734,1,1,"0","0"
555,3,2015-07-01,5986,468,1,1,"0","0"
556,3,2015-07-01,9811,945,1,1,"0","0"
557,3,2015-07-01,5163,783,1,1,"0","1"
558,3,2015-07-01,4133,532,1,1,"0","0"
559,3,2015-07-01,8114,894,1,1,"0","0"
560,3,2015-07-01,17314,1913,1,1,"0","0"
561,3,2015-07-01,8895,757,1,1,"0","1"
562,3,2015-07-01,20467,3339,1,1,"0","0"
563,3,2015-07-01,5207,563,1,1,"0","1"
564,3,2015-07-01,6686,525,1,1,"0","1"
565,3,2015-07-01,8543,922,1,1,"0","1"
566,3,2015-07-01,6568,576,1,1,"0","0"
567,3,2015-07-01,6302,730,1,1,"0","1"
568,3,2015-07-01,5804,432,1,1,"0","0"
569,3,2015-07-01,5443,744,1,1,"0","0"
570,3,2015-07-01,5782,775,1,1,"0","1"
571,3,2015-07-01,7412,507,1,1,"0","0"
572,3,2015-07-01,6600,491,1,1,"0","1"
573,3,2015-07-01,3964,314,1,1,"0","0"
574,3,2015-07-01,10593,700,1,1,"0","0"
575,3,2015-07-01,4340,431,1,1,"0","0"
576,3,2015-07-01,8784,1090,1,1,"0","0"
577,3,2015-07-01,5951,597,1,1,"0","0"
578,3,2015-07-01,12571,1077,1,1,"0","0"
579,3,2015-07-01,9383,887,1,1,"0","1"
580,3,2015-07-01,12123,1749,1,1,"0","0"
581,3,2015-07-01,7106,658,1,1,"0","0"
582,3,2015-07-01,8152,930,1,1,"0","0"
583,3,2015-07-01,5258,491,1,1,"0","0"
584,3,2015-07-01,6351,489,1,1,"0","0"
585,3,2015-07-01,7636,962,1,1,"0","0"
586,3,2015-07-01,18540,2684,1,1,"0","1"
587,3,2015-07-01,9958,647,1,1,"0","0"
588,3,2015-07-01,7055,677,1,1,"0","0"
589,3,2015-07-01,6459,630,1,1,"0","0"
590,3,2015-07-01,4853,344,1,1,"0","0"
591,3,2015-07-01,6363,507,1,1,"0","0"
592,3,2015-07-01,5662,582,1,1,"0","1"
593,3,2015-07-01,10959,1311,1,1,"0","0"
594,3,2015-07-01,6143,606,1,1,"0","0"
595,3,2015-07-01,18704,1956,1,1,"0","0"
596,3,2015-07-01,5910,839,1,1,"0","0"
597,3,2015-07-01,6042,802,1,1,"0","0"
598,3,2015-07-01,5967,732,1,1,"0","0"
599,3,2015-07-01,10499,861,1,1,"0","0"
600,3,2015-07-01,8950,706,1,1,"0","0"
601,3,2015-07-01,4187,330,1,1,"0","0"
602,3,2015-07-01,6772,603,1,1,"0","0"
603,3,2015-07-01,7454,1115,1,1,"0","0"
604,3,2015-07-01,7924,526,1,1,"0","0"
605,3,2015-07-01,7062,486,1,1,"0","0"
606,3,2015-07-01,7256,709,1,1,"0","0"
607,3,2015-07-01,4019,415,1,1,"0","0"
608,3,2015-07-01,10016,1005,1,1,"0","0"
609,3,2015-07-01,6577,623,1,1,"0","0"
610,3,2015-07-01,4990,530,1,1,"0","1"
611,3,2015-07-01,5994,481,1,1,"0","0"
612,3,2015-07-01,4256,279,1,1,"0","0"
613,3,2015-07-01,6202,920,1,1,"0","0"
614,3,2015-07-01,8485,1150,1,1,"0","0"
615,3,2015-07-01,10895,1309,1,1,"0","0"
616,3,2015-07-01,10871,914,1,1,"0","1"
617,3,2015-07-01,6661,554,1,1,"0","0"
618,3,2015-07-01,8225,579,1,1,"0","0"
619,3,2015-07-01,6411,469,1,1,"0","0"
620,3,2015-07-01,8398,717,1,1,"0","0"
621,3,2015-07-01,7587,885,1,1,"0","1"
622,3,2015-07-01,5915,525,1,1,"0","0"
623,3,2015-07-01,6971,807,1,1,"0","1"
624,3,2015-07-01,7585,690,1,1,"0","1"
625,3,2015-07-01,7221,603,1,1,"0","1"
626,3,2015-07-01,11744,874,1,1,"0","0"
627,3,2015-07-01,7339,651,1,1,"0","0"
628,3,2015-07-01,9375,989,1,1,"0","0"
629,3,2015-07-01,6486,528,1,1,"0","0"
630,3,2015-07-01,6998,817,1,1,"0","0"
631,3,2015-07-01,7436,786,1,1,"0","0"
632,3,2015-07-01,8671,996,1,1,"0","0"
633,3,2015-07-01,5846,451,1,1,"0","0"
634,3,2015-07-01,8225,740,1,1,"0","0"
635,3,2015-07-01,8579,713,1,1,"0","0"
636,3,2015-07-01,5797,671,1,1,"0","0"
637,3,2015-07-01,9046,689,1,1,"0","0"
638,3,2015-07-01,6268,511,1,1,"0","0"
639,3,2015-07-01,6480,555,1,1,"0","1"
640,3,2015-07-01,14583,939,1,1,"0","1"
641,3,2015-07-01,6249,517,1,1,"0","1"
642,3,2015-07-01,4186,494,1,1,"0","1"
643,3,2015-07-01,10368,1161,1,1,"0","0"
644,3,2015-07-01,7973,898,1,1,"0","0"
645,3,2015-07-01,12690,1380,1,1,"0","0"
646,3,2015-07-01,5897,764,1,1,"0","0"
647,3,2015-07-01,7429,722,1,1,"0","0"
648,3,2015-07-01,8428,652,1,1,"0","0"
649,3,2015-07-01,5863,482,1,1,"0","0"
650,3,2015-07-01,6429,609,1,1,"0","0"
651,3,2015-07-01,8448,892,1,1,"0","1"
652,3,2015-07-01,9140,767,1,1,"0","0"
653,3,2015-07-01,6539,505,1,1,"0","1"
654,3,2015-07-01,9382,808,1,1,"0","0"
655,3,2015-07-01,9545,658,1,1,"0","1"
656,3,2015-07-01,3831,389,1,1,"0","0"
657,3,2015-07-01,6738,777,1,1,"0","1"
658,3,2015-07-01,6064,602,1,1,"0","1"
659,3,2015-07-01,8151,860,1,1,"0","0"
660,3,2015-07-01,6171,560,1,1,"0","0"
661,3,2015-07-01,8287,598,1,1,"0","0"
662,3,2015-07-01,11341,896,1,1,"0","0"
663,3,2015-07-01,6360,803,1,1,"0","0"
664,3,2015-07-01,6639,708,1,1,"0","0"
665,3,2015-07-01,8438,1347,1,1,"0","0"
666,3,2015-07-01,7907,651,1,1,"0","0"
667,3,2015-07-01,10532,840,1,1,"0","0"
668,3,2015-07-01,11073,1261,1,1,"0","0"
669,3,2015-07-01,5590,446,1,1,"0","0"
670,3,2015-07-01,7900,760,1,1,"0","0"
671,3,2015-07-01,6884,645,1,1,"0","0"
672,3,2015-07-01,10038,1381,1,1,"0","0"
673,3,2015-07-01,10090,702,1,1,"0","0"
674,3,2015-07-01,9880,1141,1,1,"0","1"
675,3,2015-07-01,3335,351,1,1,"0","1"
676,3,2015-07-01,11048,2455,1,1,"0","0"
677,3,2015-07-01,8645,597,1,1,"0","0"
678,3,2015-07-01,7931,851,1,1,"0","1"
679,3,2015-07-01,12340,1199,1,1,"0","0"
680,3,2015-07-01,6283,842,1,1,"0","0"
681,3,2015-07-01,4887,631,1,1,"0","0"
682,3,2015-07-01,15404,2176,1,1,"0","0"
683,3,2015-07-01,10944,1005,1,1,"0","0"
684,3,2015-07-01,8587,636,1,1,"0","0"
685,3,2015-07-01,5555,497,1,1,"0","1"
686,3,2015-07-01,7863,840,1,1,"0","0"
687,3,2015-07-01,9127,790,1,1,"0","1"
688,3,2015-07-01,3714,341,1,1,"0","0"
689,3,2015-07-01,7712,699,1,1,"0","0"
690,3,2015-07-01,6746,825,1,1,"0","1"
691,3,2015-07-01,6817,501,1,1,"0","1"
692,3,2015-07-01,8226,843,1,1,"0","1"
693,3,2015-07-01,6395,449,1,1,"0","0"
694,3,2015-07-01,8385,769,1,1,"0","0"
695,3,2015-07-01,4726,421,1,1,"0","1"
696,3,2015-07-01,10730,1220,1,1,"0","0"
697,3,2015-07-01,11368,948,1,1,"0","1"
698,3,2015-07-01,21998,2330,1,1,"0","0"
699,3,2015-07-01,7373,855,1,1,"0","0"
700,3,2015-07-01,5018,599,1,1,"0","0"
701,3,2015-07-01,5326,566,1,1,"0","0"
702,3,2015-07-01,4660,361,1,1,"0","0"
703,3,2015-07-01,3477,338,1,1,"0","1"
704,3,2015-07-01,13663,1242,1,1,"0","0"
705,3,2015-07-01,10521,1088,1,1,"0","1"
706,3,2015-07-01,6567,531,1,1,"0","0"
707,3,2015-07-01,10310,989,1,1,"0","1"
708,3,2015-07-01,5229,479,1,1,"0","0"
709,3,2015-07-01,13313,1606,1,1,"0","0"
710,3,2015-07-01,3645,303,1,1,"0","0"
711,3,2015-07-01,5155,383,1,1,"0","0"
712,3,2015-07-01,5854,540,1,1,"0","0"
713,3,2015-07-01,11512,1365,1,1,"0","1"
714,3,2015-07-01,5262,363,1,1,"0","0"
715,3,2015-07-01,8620,834,1,1,"0","0"
716,3,2015-07-01,5546,420,1,1,"0","0"
717,3,2015-07-01,5287,510,1,1,"0","1"
718,3,2015-07-01,8241,803,1,1,"0","0"
719,3,2015-07-01,5540,453,1,1,"0","0"
720,3,2015-07-01,9216,848,1,1,"0","0"
721,3,2015-07-01,8072,721,1,1,"0","0"
722,3,2015-07-01,9706,1501,1,1,"0","0"
723,3,2015-07-01,9025,612,1,1,"0","0"
724,3,2015-07-01,7875,716,1,1,"0","1"
725,3,2015-07-01,6504,612,1,1,"0","0"
726,3,2015-07-01,13912,1236,1,1,"0","0"
727,3,2015-07-01,5268,507,1,1,"0","0"
728,3,2015-07-01,5328,401,1,1,"0","0"
729,3,2015-07-01,13274,1120,1,1,"0","1"
730,3,2015-07-01,8863,936,1,1,"0","0"
731,3,2015-07-01,10725,984,1,1,"0","1"
732,3,2015-07-01,9262,1005,1,1,"0","0"
733,3,2015-07-01,16906,3978,1,1,"0","1"
734,3,2015-07-01,6903,546,1,1,"0","1"
735,3,2015-07-01,6801,594,1,1,"0","0"
736,3,2015-07-01,4248,448,1,1,"0","0"
737,3,2015-07-01,6825,898,1,1,"0","1"
738,3,2015-07-01,9832,696,1,1,"0","1"
739,3,2015-07-01,9787,728,1,1,"0","0"
740,3,2015-07-01,8421,555,1,1,"0","0"
741,3,2015-07-01,9875,1067,1,1,"0","0"
742,3,2015-07-01,10171,894,1,1,"0","1"
743,3,2015-07-01,3958,431,1,1,"0","0"
744,3,2015-07-01,7918,866,1,1,"0","0"
745,3,2015-07-01,9233,855,1,1,"0","0"
746,3,2015-07-01,8527,576,1,1,"0","0"
747,3,2015-07-01,10101,729,1,1,"0","0"
748,3,2015-07-01,5771,443,1,1,"0","1"
749,3,2015-07-01,5269,615,1,1,"0","0"
750,3,2015-07-01,4347,348,1,1,"0","0"
751,3,2015-07-01,5902,703,1,1,"0","1"
752,3,2015-07-01,6353,463,1,1,"0","1"
753,3,2015-07-01,9826,764,1,1,"0","1"
754,3,2015-07-01,8966,950,1,1,"0","0"
755,3,2015-07-01,11819,942,1,1,"0","0"
756,3,2015-07-01,16738,2399,1,1,"0","1"
757,3,2015-07-01,7504,592,1,1,"0","0"
758,3,2015-07-01,5985,663,1,1,"0","0"
759,3,2015-07-01,9304,847,1,1,"0","1"
760,3,2015-07-01,8363,1331,1,1,"0","0"
761,3,2015-07-01,12700,1258,1,1,"0","0"
762,3,2015-07-01,4981,406,1,1,"0","0"
763,3,2015-07-01,6668,584,1,1,"0","0"
764,3,2015-07-01,5078,490,1,1,"0","0"
765,3,2015-07-01,9037,706,1,1,"0","0"
766,3,2015-07-01,7210,583,1,1,"0","0"
767,3,2015-07-01,7424,668,1,1,"0","0"
768,3,2015-07-01,17013,1516,1,1,"0","0"
769,3,2015-07-01,14985,4424,1,1,"0","1"
770,3,2015-07-01,5541,540,1,1,"0","1"
771,3,2015-07-01,7674,754,1,1,"0","0"
772,3,2015-07-01,4805,556,1,1,"0","0"
773,3,2015-07-01,6533,898,1,1,"0","0"
774,3,2015-07-01,6542,778,1,1,"0","0"
775,3,2015-07-01,7788,515,1,1,"0","0"
776,3,2015-07-01,4393,491,1,1,"0","1"
777,3,2015-07-01,5166,369,1,1,"0","0"
778,3,2015-07-01,6105,799,1,1,"0","0"
779,3,2015-07-01,9804,800,1,1,"0","0"
780,3,2015-07-01,7201,820,1,1,"0","0"
781,3,2015-07-01,6203,774,1,1,"0","0"
782,3,2015-07-01,5819,479,1,1,"0","0"
783,3,2015-07-01,7125,643,1,1,"0","0"
784,3,2015-07-01,6802,686,1,1,"0","1"
785,3,2015-07-01,7817,583,1,1,"0","1"
786,3,2015-07-01,4406,646,1,1,"0","0"
787,3,2015-07-01,12366,1217,1,1,"0","0"
788,3,2015-07-01,21409,1876,1,1,"0","0"
789,3,2015-07-01,3820,492,1,1,"0","0"
790,3,2015-07-01,7712,651,1,1,"0","0"
791,3,2015-07-01,10917,983,1,1,"0","1"
792,3,2015-07-01,9456,735,1,1,"0","1"
793,3,2015-07-01,5987,479,1,1,"0","1"
794,3,2015-07-01,3757,587,1,1,"0","0"
795,3,2015-07-01,5696,550,1,1,"0","1"
796,3,2015-07-01,9211,686,1,1,"0","1"
797,3,2015-07-01,5430,493,1,1,"0","0"
798,3,2015-07-01,9200,1026,1,1,"0","0"
799,3,2015-07-01,10785,886,1,1,"0","1"
800,3,2015-07-01,6240,502,1,1,"0","0"
801,3,2015-07-01,6873,580,1,1,"0","0"
802,3,2015-07-01,8117,555,1,1,"0","0"
803,3,2015-07-01,6559,474,1,1,"0","0"
804,3,2015-07-01,5233,422,1,1,"0","0"
805,3,2015-07-01,7434,577,1,1,"0","0"
806,3,2015-07-01,8263,561,1,1,"0","0"
807,3,2015-07-01,10958,1046,1,1,"0","0"
808,3,2015-07-01,8507,662,1,1,"0","0"
809,3,2015-07-01,11869,866,1,1,"0","1"
810,3,2015-07-01,7090,530,1,1,"0","0"
811,3,2015-07-01,5502,768,1,1,"0","0"
812,3,2015-07-01,8411,866,1,1,"0","0"
813,3,2015-07-01,6582,664,1,1,"0","0"
814,3,2015-07-01,9629,720,1,1,"0","0"
815,3,2015-07-01,6568,615,1,1,"0","0"
816,3,2015-07-01,6071,815,1,1,"0","1"
817,3,2015-07-01,24957,3509,1,1,"0","0"
818,3,2015-07-01,8542,786,1,1,"0","0"
819,3,2015-07-01,6942,569,1,1,"0","0"
820,3,2015-07-01,11997,1056,1,1,"0","0"
821,3,2015-07-01,9595,1044,1,1,"0","0"
822,3,2015-07-01,8865,639,1,1,"0","0"
823,3,2015-07-01,7329,673,1,1,"0","0"
824,3,2015-07-01,9317,1160,1,1,"0","0"
825,3,2015-07-01,5322,581,1,1,"0","0"
826,3,2015-07-01,10180,812,1,1,"0","1"
827,3,2015-07-01,15852,2055,1,1,"0","0"
828,3,2015-07-01,6277,658,1,1,"0","0"
829,3,2015-07-01,7136,856,1,1,"0","0"
830,3,2015-07-01,7064,608,1,1,"0","0"
831,3,2015-07-01,15989,1712,1,1,"0","1"
832,3,2015-07-01,7812,566,1,1,"0","0"
833,3,2015-07-01,6329,491,1,1,"0","0"
834,3,2015-07-01,7565,713,1,1,"0","0"
835,3,2015-07-01,6630,673,1,1,"0","1"
836,3,2015-07-01,8692,914,1,1,"0","0"
837,3,2015-07-01,4832,611,1,1,"0","0"
838,3,2015-07-01,10160,888,1,1,"0","0"
839,3,2015-07-01,5116,622,1,1,"0","0"
840,3,2015-07-01,7571,1080,1,1,"0","0"
841,3,2015-07-01,3035,434,1,1,"0","0"
842,3,2015-07-01,20086,1134,1,1,"0","0"
843,3,2015-07-01,12510,1222,1,1,"0","0"
844,3,2015-07-01,5856,550,1,1,"0","1"
845,3,2015-07-01,4283,294,1,1,"0","1"
846,3,2015-07-01,8598,735,1,1,"0","1"
847,3,2015-07-01,7136,951,1,1,"0","1"
848,3,2015-07-01,6594,775,1,1,"0","0"
849,3,2015-07-01,9558,922,1,1,"0","0"
850,3,2015-07-01,6002,554,1,1,"0","1"
851,3,2015-07-01,5081,410,1,1,"0","0"
852,3,2015-07-01,4026,532,1,1,"0","0"
853,3,2015-07-01,11013,1118,1,1,"0","0"
854,3,2015-07-01,5334,512,1,1,"0","0"
855,3,2015-07-01,7665,701,1,1,"0","0"
856,3,2015-07-01,9301,1080,1,1,"0","0"
857,3,2015-07-01,8909,976,1,1,"0","0"
858,3,2015-07-01,5757,453,1,1,"0","0"
859,3,2015-07-01,9235,776,1,1,"0","0"
860,3,2015-07-01,7514,791,1,1,"0","0"
861,3,2015-07-01,4939,623,1,1,"0","0"
862,3,2015-07-01,8988,1145,1,1,"0","0"
863,3,2015-07-01,10280,1116,1,1,"0","0"
864,3,2015-07-01,5525,693,1,1,"0","0"
865,3,2015-07-01,8134,579,1,1,"0","1"
866,3,2015-07-01,7696,498,1,1,"0","0"
867,3,2015-07-01,5171,473,1,1,"0","0"
868,3,2015-07-01,9474,597,1,1,"0","0"
869,3,2015-07-01,6012,846,1,1,"0","0"
870,3,2015-07-01,8444,984,1,1,"0","0"
871,3,2015-07-01,7149,488,1,1,"0","0"
872,3,2015-07-01,9371,731,1,1,"0","1"
873,3,2015-07-01,4969,497,1,1,"0","0"
874,3,2015-07-01,5892,581,1,1,"0","0"
875,3,2015-07-01,6247,487,1,1,"0","0"
876,3,2015-07-01,13348,1242,1,1,"0","0"
877,3,2015-07-01,9147,1087,1,1,"0","0"
878,3,2015-07-01,11651,918,1,1,"0","0"
879,3,2015-07-01,4698,357,1,1,"0","0"
880,3,2015-07-01,8848,840,1,1,"0","0"
881,3,2015-07-01,5448,700,1,1,"0","1"
882,3,2015-07-01,6873,817,1,1,"0","1"
883,3,2015-07-01,5880,522,1,1,"0","1"
884,3,2015-07-01,6531,560,1,1,"0","0"
885,3,2015-07-01,6639,803,1,1,"0","1"
886,3,2015-07-01,8194,708,1,1,"0","1"
887,3,2015-07-01,7542,598,1,1,"0","0"
888,3,2015-07-01,10377,868,1,1,"0","0"
889,3,2015-07-01,5367,475,1,1,"0","0"
890,3,2015-07-01,5723,436,1,1,"0","0"
891,3,2015-07-01,8658,1128,1,1,"0","1"
892,3,2015-07-01,8932,841,1,1,"0","0"
893,3,2015-07-01,7419,878,1,1,"0","0"
894,3,2015-07-01,11100,1211,1,1,"0","1"
895,3,2015-07-01,10027,859,1,1,"0","0"
896,3,2015-07-01,8071,1173,1,1,"0","0"
897,3,2015-07-01,3027,289,1,1,"0","0"
898,3,2015-07-01,8348,871,1,1,"0","0"
899,3,2015-07-01,4937,503,1,1,"0","0"
900,3,2015-07-01,5925,537,1,1,"0","0"
901,3,2015-07-01,8603,714,1,1,"0","0"
902,3,2015-07-01,3805,502,1,1,"0","0"
903,3,2015-07-01,12412,779,1,1,"0","0"
904,3,2015-07-01,5047,427,1,1,"0","0"
905,3,2015-07-01,8191,1166,1,1,"0","1"
906,3,2015-07-01,12606,1348,1,1,"0","0"
907,3,2015-07-01,6712,803,1,1,"0","1"
908,3,2015-07-01,4062,336,1,1,"0","0"
909,3,2015-07-01,3547,438,1,1,"0","0"
910,3,2015-07-01,5850,544,1,1,"0","0"
911,3,2015-07-01,11644,1022,1,1,"0","0"
912,3,2015-07-01,6606,788,1,1,"0","0"
913,3,2015-07-01,10367,1229,1,1,"0","0"
914,3,2015-07-01,11011,1171,1,1,"0","0"
915,3,2015-07-01,4776,399,1,1,"0","0"
916,3,2015-07-01,6417,753,1,1,"0","1"
917,3,2015-07-01,7901,819,1,1,"0","1"
918,3,2015-07-01,6458,645,1,1,"0","0"
919,3,2015-07-01,7453,765,1,1,"0","0"
920,3,2015-07-01,6526,636,1,1,"0","0"
921,3,2015-07-01,11002,1200,1,1,"0","0"
922,3,2015-07-01,8945,748,1,1,"0","1"
923,3,2015-07-01,6495,781,1,1,"0","0"
924,3,2015-07-01,4845,429,1,1,"0","1"
925,3,2015-07-01,6218,1244,1,1,"0","0"
926,3,2015-07-01,6476,470,1,1,"0","1"
927,3,2015-07-01,7670,941,1,1,"0","1"
928,3,2015-07-01,8975,693,1,1,"0","1"
929,3,2015-07-01,7602,820,1,1,"0","0"
930,3,2015-07-01,8318,1242,1,1,"0","1"
931,3,2015-07-01,4769,624,1,1,"0","0"
932,3,2015-07-01,6542,659,1,1,"0","0"
933,3,2015-07-01,10068,1109,1,1,"0","0"
934,3,2015-07-01,7580,712,1,1,"0","1"
935,3,2015-07-01,7522,718,1,1,"0","0"
936,3,2015-07-01,7112,821,1,1,"0","1"
937,3,2015-07-01,7757,574,1,1,"0","0"
938,3,2015-07-01,11044,1008,1,1,"0","0"
939,3,2015-07-01,6722,563,1,1,"0","1"
940,3,2015-07-01,8811,785,1,1,"0","0"
941,3,2015-07-01,5418,564,1,1,"0","0"
942,3,2015-07-01,5189,411,1,1,"0","0"
943,3,2015-07-01,7868,619,1,1,"0","1"
944,3,2015-07-01,8854,1177,1,1,"0","0"
945,3,2015-07-01,5798,617,1,1,"0","0"
946,3,2015-07-01,5140,587,1,1,"0","0"
947,3,2015-07-01,8078,1132,1,1,"0","0"
948,3,2015-07-01,9123,2418,1,1,"0","0"
949,3,2015-07-01,7121,602,1,1,"0","0"
950,3,2015-07-01,7188,636,1,1,"0","0"
951,3,2015-07-01,7296,689,1,1,"0","1"
952,3,2015-07-01,5613,459,1,1,"0","0"
953,3,2015-07-01,7379,640,1,1,"0","0"
954,3,2015-07-01,8144,973,1,1,"0","1"
955,3,2015-07-01,5951,508,1,1,"0","1"
956,3,2015-07-01,4008,519,1,1,"0","1"
957,3,2015-07-01,11130,1076,1,1,"0","0"
958,3,2015-07-01,4577,561,1,1,"0","0"
959,3,2015-07-01,9953,923,1,1,"0","0"
960,3,2015-07-01,8576,594,1,1,"0","0"
961,3,2015-07-01,8293,748,1,1,"0","1"
962,3,2015-07-01,7272,880,1,1,"0","1"
963,3,2015-07-01,14230,1104,1,1,"0","0"
964,3,2015-07-01,10484,1416,1,1,"0","0"
965,3,2015-07-01,11145,1054,1,1,"0","0"
966,3,2015-07-01,5481,651,1,1,"0","1"
967,3,2015-07-01,8674,808,1,1,"0","1"
968,3,2015-07-01,8862,989,1,1,"0","0"
969,3,2015-07-01,5096,818,1,1,"0","0"
970,3,2015-07-01,3234,376,1,1,"0","0"
971,3,2015-07-01,10470,1109,1,1,"0","0"
972,3,2015-07-01,4334,431,1,1,"0","0"
973,3,2015-07-01,8027,918,1,1,"0","1"
974,3,2015-07-01,12988,1606,1,1,"0","0"
975,3,2015-07-01,6569,607,1,1,"0","1"
976,3,2015-07-01,8423,768,1,1,"0","1"
977,3,2015-07-01,4264,462,1,1,"0","0"
978,3,2015-07-01,9809,1123,1,1,"0","0"
979,3,2015-07-01,6879,600,1,1,"0","0"
980,3,2015-07-01,7118,478,1,1,"0","1"
981,3,2015-07-01,8712,807,1,1,"0","0"
982,3,2015-07-01,9261,725,1,1,"0","0"
983,3,2015-07-01,9866,1177,1,1,"0","1"
984,3,2015-07-01,6099,696,1,1,"0","1"
985,3,2015-07-01,7795,701,1,1,"0","0"
986,3,2015-07-01,7539,871,1,1,"0","1"
987,3,2015-07-01,9143,1034,1,1,"0","0"
988,3,2015-07-01,5151,802,1,1,"0","0"
989,3,2015-07-01,5433,557,1,1,"0","0"
990,3,2015-07-01,7823,587,1,1,"0","0"
991,3,2015-07-01,7119,543,1,1,"0","1"
992,3,2015-07-01,6872,745,1,1,"0","1"
993,3,2015-07-01,8439,758,1,1,"0","0"
994,3,2015-07-01,4225,427,1,1,"0","1"
995,3,2015-07-01,10862,867,1,1,"0","0"
996,3,2015-07-01,6584,643,1,1,"0","0"
997,3,2015-07-01,4863,352,1,1,"0","0"
998,3,2015-07-01,5663,617,1,1,"0","0"
999,3,2015-07-01,9085,615,1,1,"0","0"
1000,3,2015-07-01,7888,675,1,1,"0","0"
1001,3,2015-07-01,6218,662,1,1,"0","0"
1002,3,2015-07-01,8357,818,1,1,"0","0"
1003,3,2015-07-01,6586,635,1,1,"0","1"
1004,3,2015-07-01,7089,523,1,1,"0","0"
1005,3,2015-07-01,7204,927,1,1,"0","1"
1006,3,2015-07-01,8446,946,1,1,"0","0"
1007,3,2015-07-01,8058,827,1,1,"0","0"
1008,3,2015-07-01,7145,828,1,1,"0","0"
1009,3,2015-07-01,5527,500,1,1,"0","0"
1010,3,2015-07-01,10786,823,1,1,"0","0"
1011,3,2015-07-01,7548,788,1,1,"0","1"
1012,3,2015-07-01,4486,389,1,1,"0","0"
1013,3,2015-07-01,4163,471,1,1,"0","1"
1014,3,2015-07-01,10341,1069,1,1,"0","1"
1015,3,2015-07-01,7434,527,1,1,"0","0"
1016,3,2015-07-01,7633,534,1,1,"0","1"
1017,3,2015-07-01,7985,962,1,1,"0","0"
1018,3,2015-07-01,13199,1344,1,1,"0","0"
1019,3,2015-07-01,6496,588,1,1,"0","0"
1020,3,2015-07-01,9809,1096,1,1,"0","0"
1021,3,2015-07-01,11185,1232,1,1,"0","0"
1022,3,2015-07-01,9066,868,1,1,"0","1"
1023,3,2015-07-01,4822,462,1,1,"0","0"
1024,3,2015-07-01,7099,718,1,1,"0","0"
1025,3,2015-07-01,9307,970,1,1,"0","0"
1026,3,2015-07-01,11077,1225,1,1,"0","1"
1027,3,2015-07-01,11862,1504,1,1,"0","0"
1028,3,2015-07-01,5138,544,1,1,"0","1"
1029,3,2015-07-01,6897,921,1,1,"0","0"
1030,3,2015-07-01,5281,419,1,1,"0","0"
1031,3,2015-07-01,5448,426,1,1,"0","1"
1032,3,2015-07-01,10408,973,1,1,"0","0"
1033,3,2015-07-01,18711,1533,1,1,"0","0"
1034,3,2015-07-01,7284,721,1,1,"0","0"
1035,3,2015-07-01,5475,599,1,1,"0","0"
1036,3,2015-07-01,5712,487,1,1,"0","1"
1037,3,2015-07-01,6980,829,1,1,"0","1"
1038,3,2015-07-01,5730,467,1,1,"0","0"
1039,3,2015-07-01,10228,1066,1,1,"0","1"
1040,3,2015-07-01,9300,796,1,1,"0","1"
1041,3,2015-07-01,6856,682,1,1,"0","0"
1042,3,2015-07-01,5459,585,1,1,"0","1"
1043,3,2015-07-01,9164,1204,1,1,"0","0"
1044,3,2015-07-01,5699,727,1,1,"0","0"
1045,3,2015-07-01,10215,1168,1,1,"0","0"
1046,3,2015-07-01,10759,749,1,1,"0","0"
1047,3,2015-07-01,6192,607,1,1,"0","1"
1048,3,2015-07-01,7524,546,1,1,"0","0"
1049,3,2015-07-01,4291,693,1,1,"0","0"
1050,3,2015-07-01,8038,497,1,1,"0","0"
1051,3,2015-07-01,8583,1108,1,1,"0","0"
1052,3,2015-07-01,7895,734,1,1,"0","1"
1053,3,2015-07-01,12617,1290,1,1,"0","0"
1054,3,2015-07-01,9174,764,1,1,"0","0"
1055,3,2015-07-01,9828,1074,1,1,"0","0"
1056,3,2015-07-01,3992,359,1,1,"0","0"
1057,3,2015-07-01,7212,635,1,1,"0","0"
1058,3,2015-07-01,8603,686,1,1,"0","1"
1059,3,2015-07-01,11369,1322,1,1,"0","0"
1060,3,2015-07-01,9914,946,1,1,"0","1"
1061,3,2015-07-01,8903,576,1,1,"0","0"
1062,3,2015-07-01,7653,587,1,1,"0","0"
1063,3,2015-07-01,5496,563,1,1,"0","0"
1064,3,2015-07-01,11849,1189,1,1,"0","1"
1065,3,2015-07-01,4813,498,1,1,"0","0"
1066,3,2015-07-01,10916,1012,1,1,"0","1"
1067,3,2015-07-01,6988,480,1,1,"0","0"
1068,3,2015-07-01,4749,298,1,1,"0","0"
1069,3,2015-07-01,7920,989,1,1,"0","0"
1070,3,2015-07-01,7812,834,1,1,"0","0"
1071,3,2015-07-01,7040,799,1,1,"0","0"
1072,3,2015-07-01,8428,705,1,1,"0","1"
1073,3,2015-07-01,11852,1238,1,1,"0","1"
1074,3,2015-07-01,4376,432,1,1,"0","0"
1075,3,2015-07-01,12062,1116,1,1,"0","0"
1076,3,2015-07-01,5392,673,1,1,"0","1"
1077,3,2015-07-01,5022,497,1,1,"0","1"
1078,3,2015-07-01,8660,603,1,1,"0","0"
1079,3,2015-07-01,9148,691,1,1,"0","0"
1080,3,2015-07-01,11095,884,1,1,"0","0"
1081,3,2015-07-01,8539,1236,1,1,"0","0"
1082,3,2015-07-01,8024,1065,1,1,"0","0"
1083,3,2015-07-01,6069,367,1,1,"0","0"
1084,3,2015-07-01,6310,787,1,1,"0","0"
1085,3,2015-07-01,8696,824,1,1,"0","0"
1086,3,2015-07-01,7589,751,1,1,"0","0"
1087,3,2015-07-01,8284,692,1,1,"0","0"
1088,3,2015-07-01,5381,484,1,1,"0","1"
1089,3,2015-07-01,12765,1045,1,1,"0","1"
1090,3,2015-07-01,7249,887,1,1,"0","0"
1091,3,2015-07-01,10049,743,1,1,"0","0"
1092,3,2015-07-01,11837,1113,1,1,"0","0"
1093,3,2015-07-01,9826,911,1,1,"0","0"
1094,3,2015-07-01,4185,321,1,1,"0","0"
1095,3,2015-07-01,5409,753,1,1,"0","0"
1096,3,2015-07-01,7391,710,1,1,"0","1"
1097,3,2015-07-01,12778,3153,1,1,"0","0"
1098,3,2015-07-01,6463,731,1,1,"0","0"
1099,3,2015-07-01,10089,1187,1,1,"0","0"
1100,3,2015-07-01,5184,555,1,1,"0","1"
1101,3,2015-07-01,11589,1016,1,1,"0","0"
1102,3,2015-07-01,7470,733,1,1,"0","0"
1103,3,2015-07-01,6133,435,1,1,"0","0"
1104,3,2015-07-01,4935,378,1,1,"0","0"
1105,3,2015-07-01,5445,548,1,1,"0","1"
1106,3,2015-07-01,5411,569,1,1,"0","0"
1107,3,2015-07-01,5738,625,1,1,"0","0"
1108,3,2015-07-01,7086,651,1,1,"0","0"
1109,3,2015-07-01,4294,426,1,1,"0","0"
1110,3,2015-07-01,6604,625,1,1,"0","0"
1111,3,2015-07-01,3701,351,1,1,"0","1"
1112,3,2015-07-01,10620,716,1,1,"0","1"
1113,3,2015-07-01,8222,770,1,1,"0","0"
1114,3,2015-07-01,27071,3788,1,1,"0","0"
1115,3,2015-07-01,7701,447,1,1,"0","0"
1,2,2015-06-30,5735,568,1,1,"0","0"
2,2,2015-06-30,9863,877,1,1,"0","0"
3,2,2015-06-30,13261,1072,1,1,"0","1"
4,2,2015-06-30,13106,1488,1,1,"0","0"
5,2,2015-06-30,6635,645,1,1,"0","0"
6,2,2015-06-30,7427,709,1,1,"0","0"
7,2,2015-06-30,14838,1325,1,1,"0","0"
8,2,2015-06-30,9836,968,1,1,"0","0"
9,2,2015-06-30,10447,796,1,1,"0","1"
10,2,2015-06-30,8565,740,1,1,"0","0"
11,2,2015-06-30,11706,1357,1,1,"0","0"
12,2,2015-06-30,13704,1285,1,1,"0","0"
13,2,2015-06-30,6110,404,1,1,"0","0"
14,2,2015-06-30,10175,910,1,1,"0","1"
15,2,2015-06-30,11332,866,1,1,"0","0"
16,2,2015-06-30,11120,1056,1,1,"0","0"
17,2,2015-06-30,11774,1230,1,1,"0","0"
18,2,2015-06-30,10838,960,1,1,"0","0"
19,2,2015-06-30,9628,796,1,1,"0","1"
20,2,2015-06-30,11417,1053,1,1,"0","0"
21,2,2015-06-30,9921,646,1,1,"0","0"
22,2,2015-06-30,8050,665,1,1,"0","0"
23,2,2015-06-30,7929,555,1,1,"0","0"
24,2,2015-06-30,18220,1236,1,1,"0","1"
25,2,2015-06-30,16572,1880,1,1,"0","1"
26,2,2015-06-30,8697,662,1,1,"0","0"
27,2,2015-06-30,19780,1617,1,1,"0","1"
28,2,2015-06-30,6959,690,1,1,"0","0"
29,2,2015-06-30,11043,777,1,1,"0","1"
30,2,2015-06-30,6456,766,1,1,"0","1"
31,2,2015-06-30,8121,647,1,1,"0","0"
32,2,2015-06-30,5980,597,1,1,"0","0"
33,2,2015-06-30,12232,947,1,1,"0","1"
34,2,2015-06-30,11748,1183,1,1,"0","0"
35,2,2015-06-30,21331,1161,1,1,"0","1"
36,2,2015-06-30,12651,1257,1,1,"0","0"
37,2,2015-06-30,8478,745,1,1,"0","0"
38,2,2015-06-30,8440,606,1,1,"0","1"
39,2,2015-06-30,8047,842,1,1,"0","1"
40,2,2015-06-30,5251,696,1,1,"0","1"
41,2,2015-06-30,8145,506,1,1,"0","0"
42,2,2015-06-30,18426,1495,1,1,"0","1"
43,2,2015-06-30,11159,787,1,1,"0","1"
44,2,2015-06-30,7837,753,1,1,"0","0"
45,2,2015-06-30,6372,417,1,1,"0","0"
46,2,2015-06-30,8502,800,1,1,"0","0"
47,2,2015-06-30,13635,1294,1,1,"0","0"
48,2,2015-06-30,4987,432,1,1,"0","0"
49,2,2015-06-30,9756,592,1,1,"0","0"
50,2,2015-06-30,6242,439,1,1,"0","0"
51,2,2015-06-30,8905,548,1,1,"0","0"
52,2,2015-06-30,10587,529,1,1,"0","0"
53,2,2015-06-30,7734,698,1,1,"0","0"
54,2,2015-06-30,9186,749,1,1,"0","0"
55,2,2015-06-30,6614,731,1,1,"0","0"
56,2,2015-06-30,9990,580,1,1,"0","0"
57,2,2015-06-30,11913,954,1,1,"0","0"
58,2,2015-06-30,13845,799,1,1,"0","0"
59,2,2015-06-30,10268,839,1,1,"0","0"
60,2,2015-06-30,12788,952,1,1,"0","0"
61,2,2015-06-30,7788,756,1,1,"0","0"
62,2,2015-06-30,9265,879,1,1,"0","1"
63,2,2015-06-30,9991,732,1,1,"0","0"
64,2,2015-06-30,16912,990,1,1,"0","1"
65,2,2015-06-30,9173,686,1,1,"0","0"
66,2,2015-06-30,8517,628,1,1,"0","0"
67,2,2015-06-30,11870,986,1,1,"0","0"
68,2,2015-06-30,10370,1356,1,1,"0","0"
69,2,2015-06-30,13592,1451,1,1,"0","0"
70,2,2015-06-30,9046,749,1,1,"0","0"
71,2,2015-06-30,13171,862,1,1,"0","1"
72,2,2015-06-30,10073,766,1,1,"0","0"
73,2,2015-06-30,6746,590,1,1,"0","0"
74,2,2015-06-30,8983,1051,1,1,"0","1"
75,2,2015-06-30,7809,691,1,1,"0","0"
76,2,2015-06-30,10731,1000,1,1,"0","0"
77,2,2015-06-30,12214,819,1,1,"0","0"
78,2,2015-06-30,5600,600,1,1,"0","0"
79,2,2015-06-30,8503,741,1,1,"0","0"
80,2,2015-06-30,9370,662,1,1,"0","0"
81,2,2015-06-30,9880,668,1,1,"0","0"
82,2,2015-06-30,14893,1114,1,1,"0","1"
83,2,2015-06-30,5297,378,1,1,"0","1"
84,2,2015-06-30,17606,1559,1,1,"0","1"
85,2,2015-06-30,8471,1003,1,1,"0","0"
86,2,2015-06-30,8303,800,1,1,"0","1"
87,2,2015-06-30,7543,859,1,1,"0","0"
88,2,2015-06-30,9468,796,1,1,"0","0"
89,2,2015-06-30,8186,723,1,1,"0","0"
90,2,2015-06-30,13135,1365,1,1,"0","1"
91,2,2015-06-30,8009,656,1,1,"0","0"
92,2,2015-06-30,9319,685,1,1,"0","1"
93,2,2015-06-30,10767,818,1,1,"0","1"
94,2,2015-06-30,10792,732,1,1,"0","1"
95,2,2015-06-30,10260,1003,1,1,"0","0"
96,2,2015-06-30,10426,882,1,1,"0","0"
97,2,2015-06-30,9550,817,1,1,"0","0"
98,2,2015-06-30,9808,615,1,1,"0","1"
99,2,2015-06-30,8259,561,1,1,"0","0"
100,2,2015-06-30,8831,670,1,1,"0","0"
101,2,2015-06-30,11435,927,1,1,"0","0"
102,2,2015-06-30,13419,1478,1,1,"0","1"
103,2,2015-06-30,6083,464,1,1,"0","0"
104,2,2015-06-30,12983,1452,1,1,"0","0"
105,2,2015-06-30,7573,712,1,1,"0","0"
106,2,2015-06-30,11739,988,1,1,"0","0"
107,2,2015-06-30,9740,1085,1,1,"0","0"
108,2,2015-06-30,14130,939,1,1,"0","0"
109,2,2015-06-30,10504,974,1,1,"0","0"
110,2,2015-06-30,5989,668,1,1,"0","0"
111,2,2015-06-30,10385,718,1,1,"0","0"
112,2,2015-06-30,7587,799,1,1,"0","0"
113,2,2015-06-30,7716,662,1,1,"0","0"
114,2,2015-06-30,6603,607,1,1,"0","0"
115,2,2015-06-30,10844,667,1,1,"0","0"
116,2,2015-06-30,9230,883,1,1,"0","0"
117,2,2015-06-30,5818,569,1,1,"0","1"
118,2,2015-06-30,11626,853,1,1,"0","0"
119,2,2015-06-30,8588,766,1,1,"0","0"
120,2,2015-06-30,11746,870,1,1,"0","0"
121,2,2015-06-30,6281,588,1,1,"0","0"
122,2,2015-06-30,9767,1038,1,1,"0","0"
123,2,2015-06-30,12372,1270,1,1,"0","0"
124,2,2015-06-30,8686,807,1,1,"0","1"
125,2,2015-06-30,19505,2066,1,1,"0","0"
126,2,2015-06-30,8283,622,1,1,"0","1"
127,2,2015-06-30,10698,965,1,1,"0","0"
128,2,2015-06-30,12725,836,1,1,"0","0"
129,2,2015-06-30,14184,1469,1,1,"0","0"
130,2,2015-06-30,9141,787,1,1,"0","0"
131,2,2015-06-30,7034,633,1,1,"0","1"
132,2,2015-06-30,11065,807,1,1,"0","0"
133,2,2015-06-30,9221,911,1,1,"0","0"
134,2,2015-06-30,5876,555,1,1,"0","0"
135,2,2015-06-30,9120,646,1,1,"0","0"
136,2,2015-06-30,7255,466,1,1,"0","0"
137,2,2015-06-30,12137,1193,1,1,"0","0"
138,2,2015-06-30,11098,898,1,1,"0","0"
139,2,2015-06-30,10927,687,1,1,"0","0"
140,2,2015-06-30,11586,1227,1,1,"0","0"
141,2,2015-06-30,7323,707,1,1,"0","0"
142,2,2015-06-30,5833,596,1,1,"0","1"
143,2,2015-06-30,9499,740,1,1,"0","0"
144,2,2015-06-30,8370,766,1,1,"0","0"
145,2,2015-06-30,10567,1283,1,1,"0","0"
146,2,2015-06-30,12669,831,1,1,"0","1"
147,2,2015-06-30,10961,951,1,1,"0","1"
148,2,2015-06-30,11962,983,1,1,"0","0"
149,2,2015-06-30,9423,652,1,1,"0","0"
150,2,2015-06-30,10824,899,1,1,"0","0"
151,2,2015-06-30,10410,866,1,1,"0","0"
152,2,2015-06-30,8513,776,1,1,"0","1"
153,2,2015-06-30,9466,708,1,1,"0","1"
154,2,2015-06-30,12324,851,1,1,"0","0"
155,2,2015-06-30,11461,838,1,1,"0","0"
156,2,2015-06-30,11008,941,1,1,"0","0"
157,2,2015-06-30,14683,1232,1,1,"0","1"
158,2,2015-06-30,9732,527,1,1,"0","0"
159,2,2015-06-30,10164,742,1,1,"0","0"
160,2,2015-06-30,7672,635,1,1,"0","0"
161,2,2015-06-30,9956,909,1,1,"0","1"
162,2,2015-06-30,13334,748,1,1,"0","0"
163,2,2015-06-30,8629,953,1,1,"0","0"
164,2,2015-06-30,11727,948,1,1,"0","0"
165,2,2015-06-30,5832,515,1,1,"0","0"
166,2,2015-06-30,8926,1096,1,1,"0","1"
167,2,2015-06-30,15751,1484,1,1,"0","0"
168,2,2015-06-30,10258,884,1,1,"0","0"
169,2,2015-06-30,8298,645,1,1,"0","1"
170,2,2015-06-30,6141,593,1,1,"0","1"
171,2,2015-06-30,12515,1054,1,1,"0","1"
172,2,2015-06-30,8857,966,1,1,"0","0"
173,2,2015-06-30,11652,1259,1,1,"0","0"
174,2,2015-06-30,8327,524,1,1,"0","0"
175,2,2015-06-30,8706,819,1,1,"0","0"
176,2,2015-06-30,7488,732,1,1,"0","1"
177,2,2015-06-30,6321,653,1,1,"0","0"
178,2,2015-06-30,13633,1016,1,1,"0","0"
179,2,2015-06-30,12691,1315,1,1,"0","1"
180,2,2015-06-30,9995,950,1,1,"0","0"
181,2,2015-06-30,11538,937,1,1,"0","0"
182,2,2015-06-30,7184,494,1,1,"0","0"
183,2,2015-06-30,10485,936,1,1,"0","0"
184,2,2015-06-30,9612,703,1,1,"0","1"
185,2,2015-06-30,8751,595,1,1,"0","0"
186,2,2015-06-30,6515,465,1,1,"0","0"
187,2,2015-06-30,9663,1019,1,1,"0","0"
188,2,2015-06-30,7497,571,1,1,"0","0"
189,2,2015-06-30,10901,844,1,1,"0","0"
190,2,2015-06-30,10763,850,1,1,"0","0"
191,2,2015-06-30,8785,844,1,1,"0","0"
192,2,2015-06-30,19024,1026,1,1,"0","0"
193,2,2015-06-30,8175,997,1,1,"0","0"
194,2,2015-06-30,5003,419,1,1,"0","0"
195,2,2015-06-30,15778,1495,1,1,"0","1"
196,2,2015-06-30,9550,978,1,1,"0","0"
197,2,2015-06-30,9838,979,1,1,"0","0"
198,2,2015-06-30,5657,586,1,1,"0","0"
199,2,2015-06-30,10709,726,1,1,"0","0"
200,2,2015-06-30,11865,1164,1,1,"0","1"
201,2,2015-06-30,6770,474,1,1,"0","1"
202,2,2015-06-30,8338,572,1,1,"0","0"
203,2,2015-06-30,9361,1064,1,1,"0","0"
204,2,2015-06-30,7833,608,1,1,"0","0"
205,2,2015-06-30,10484,1136,1,1,"0","0"
206,2,2015-06-30,13678,1187,1,1,"0","1"
207,2,2015-06-30,17005,1564,1,1,"0","0"
208,2,2015-06-30,4654,512,1,1,"0","0"
209,2,2015-06-30,9852,831,1,1,"0","0"
210,2,2015-06-30,3917,362,1,1,"0","0"
211,2,2015-06-30,19783,1922,1,1,"0","0"
212,2,2015-06-30,6345,550,1,1,"0","0"
213,2,2015-06-30,14013,930,1,1,"0","1"
214,2,2015-06-30,13749,812,1,1,"0","1"
215,2,2015-06-30,7180,486,1,1,"0","0"
216,2,2015-06-30,9802,984,1,1,"0","1"
217,2,2015-06-30,7931,832,1,1,"0","0"
218,2,2015-06-30,7109,858,1,1,"0","0"
219,2,2015-06-30,4672,495,1,1,"0","1"
220,2,2015-06-30,6792,726,1,1,"0","1"
221,2,2015-06-30,7795,638,1,1,"0","0"
222,2,2015-06-30,8185,734,1,1,"0","0"
223,2,2015-06-30,12726,1055,1,1,"0","0"
224,2,2015-06-30,11065,655,1,1,"0","0"
225,2,2015-06-30,7770,642,1,1,"0","0"
226,2,2015-06-30,9043,812,1,1,"0","0"
227,2,2015-06-30,9253,710,1,1,"0","1"
228,2,2015-06-30,11448,655,1,1,"0","1"
229,2,2015-06-30,14211,957,1,1,"0","0"
230,2,2015-06-30,12892,1244,1,1,"0","0"
231,2,2015-06-30,5943,404,1,1,"0","0"
232,2,2015-06-30,4885,393,1,1,"0","0"
233,2,2015-06-30,12683,1196,1,1,"0","0"
234,2,2015-06-30,17259,1242,1,1,"0","1"
235,2,2015-06-30,9556,650,1,1,"0","0"
236,2,2015-06-30,11783,1212,1,1,"0","0"
237,2,2015-06-30,5769,660,1,1,"0","0"
238,2,2015-06-30,11927,1468,1,1,"0","1"
239,2,2015-06-30,7463,527,1,1,"0","1"
240,2,2015-06-30,6754,571,1,1,"0","0"
241,2,2015-06-30,9292,796,1,1,"0","1"
242,2,2015-06-30,6538,490,1,1,"0","0"
243,2,2015-06-30,10454,1199,1,1,"0","0"
244,2,2015-06-30,9789,748,1,1,"0","1"
245,2,2015-06-30,11747,1264,1,1,"0","0"
246,2,2015-06-30,10897,1150,1,1,"0","0"
247,2,2015-06-30,11634,729,1,1,"0","0"
248,2,2015-06-30,13314,1380,1,1,"0","0"
249,2,2015-06-30,7331,624,1,1,"0","0"
250,2,2015-06-30,11753,739,1,1,"0","0"
251,2,2015-06-30,25223,2816,1,1,"0","1"
252,2,2015-06-30,15475,956,1,1,"0","1"
253,2,2015-06-30,8803,956,1,1,"0","1"
254,2,2015-06-30,3516,294,1,1,"0","0"
255,2,2015-06-30,8229,669,1,1,"0","1"
256,2,2015-06-30,12964,1310,1,1,"0","1"
257,2,2015-06-30,7747,776,1,1,"0","0"
258,2,2015-06-30,7561,573,1,1,"0","0"
259,2,2015-06-30,14709,2865,1,1,"0","0"
260,2,2015-06-30,7690,963,1,1,"0","0"
261,2,2015-06-30,20428,1199,1,1,"0","0"
262,2,2015-06-30,21554,3319,1,1,"0","0"
263,2,2015-06-30,6048,451,1,1,"0","0"
264,2,2015-06-30,11517,1209,1,1,"0","0"
265,2,2015-06-30,9589,751,1,1,"0","0"
266,2,2015-06-30,5460,626,1,1,"0","0"
267,2,2015-06-30,10145,1057,1,1,"0","0"
268,2,2015-06-30,8355,804,1,1,"0","0"
269,2,2015-06-30,13195,1435,1,1,"0","1"
270,2,2015-06-30,14179,1478,1,1,"0","0"
271,2,2015-06-30,14599,1295,1,1,"0","0"
272,2,2015-06-30,11479,910,1,1,"0","0"
273,2,2015-06-30,11049,863,1,1,"0","1"
274,2,2015-06-30,7723,1482,1,1,"0","0"
275,2,2015-06-30,10932,859,1,1,"0","0"
276,2,2015-06-30,5865,626,1,1,"0","0"
277,2,2015-06-30,8492,646,1,1,"0","0"
278,2,2015-06-30,10313,971,1,1,"0","0"
279,2,2015-06-30,18158,1035,1,1,"0","0"
280,2,2015-06-30,7779,544,1,1,"0","0"
281,2,2015-06-30,7998,593,1,1,"0","0"
282,2,2015-06-30,6943,873,1,1,"0","0"
283,2,2015-06-30,11894,925,1,1,"0","0"
284,2,2015-06-30,8241,552,1,1,"0","0"
285,2,2015-06-30,6619,514,1,1,"0","0"
286,2,2015-06-30,5629,455,1,1,"0","0"
287,2,2015-06-30,10725,887,1,1,"0","0"
288,2,2015-06-30,6730,448,1,1,"0","0"
289,2,2015-06-30,6339,512,1,1,"0","0"
290,2,2015-06-30,10963,865,1,1,"0","1"
291,2,2015-06-30,10585,1021,1,1,"0","0"
292,2,2015-06-30,23584,1322,1,1,"0","0"
293,2,2015-06-30,9163,970,1,1,"0","0"
294,2,2015-06-30,9516,1076,1,1,"0","0"
295,2,2015-06-30,8643,889,1,1,"0","0"
296,2,2015-06-30,9803,894,1,1,"0","0"
297,2,2015-06-30,9895,848,1,1,"0","0"
298,2,2015-06-30,11071,772,1,1,"0","0"
299,2,2015-06-30,9281,930,1,1,"0","0"
300,2,2015-06-30,12662,1310,1,1,"0","0"
301,2,2015-06-30,7097,680,1,1,"0","0"
302,2,2015-06-30,3954,287,1,1,"0","0"
303,2,2015-06-30,9750,899,1,1,"0","1"
304,2,2015-06-30,11878,1460,1,1,"0","0"
305,2,2015-06-30,7604,617,1,1,"0","0"
306,2,2015-06-30,6888,623,1,1,"0","0"
307,2,2015-06-30,4492,454,1,1,"0","0"
308,2,2015-06-30,15829,1292,1,1,"0","1"
309,2,2015-06-30,8735,631,1,1,"0","1"
310,2,2015-06-30,13045,930,1,1,"0","0"
311,2,2015-06-30,10368,999,1,1,"0","0"
312,2,2015-06-30,7297,591,1,1,"0","0"
313,2,2015-06-30,11796,937,1,1,"0","0"
314,2,2015-06-30,6974,677,1,1,"0","1"
315,2,2015-06-30,6077,539,1,1,"0","0"
316,2,2015-06-30,13779,1052,1,1,"0","1"
317,2,2015-06-30,7574,634,1,1,"0","0"
318,2,2015-06-30,9142,693,1,1,"0","0"
319,2,2015-06-30,10793,973,1,1,"0","0"
320,2,2015-06-30,22390,2698,1,1,"0","0"
321,2,2015-06-30,8057,641,1,1,"0","0"
322,2,2015-06-30,9391,865,1,1,"0","0"
323,2,2015-06-30,9426,646,1,1,"0","0"
324,2,2015-06-30,11360,1212,1,1,"0","0"
325,2,2015-06-30,8158,689,1,1,"0","1"
326,2,2015-06-30,7427,485,1,1,"0","0"
327,2,2015-06-30,11937,1169,1,1,"0","0"
328,2,2015-06-30,6423,614,1,1,"0","1"
329,2,2015-06-30,10269,731,1,1,"0","1"
330,2,2015-06-30,5537,481,1,1,"0","1"
331,2,2015-06-30,8951,971,1,1,"0","0"
332,2,2015-06-30,5626,632,1,1,"0","0"
333,2,2015-06-30,14912,1633,1,1,"0","0"
334,2,2015-06-30,6740,546,1,1,"0","1"
335,2,2015-06-30,28164,3526,1,1,"0","1"
336,2,2015-06-30,19882,2326,1,1,"0","0"
337,2,2015-06-30,5932,422,1,1,"0","0"
338,2,2015-06-30,11745,807,1,1,"0","0"
339,2,2015-06-30,7151,798,1,1,"0","0"
340,2,2015-06-30,9770,878,1,1,"0","0"
341,2,2015-06-30,8913,963,1,1,"0","1"
342,2,2015-06-30,15512,948,1,1,"0","0"
343,2,2015-06-30,13461,957,1,1,"0","1"
344,2,2015-06-30,18098,1804,1,1,"0","0"
345,2,2015-06-30,5528,553,1,1,"0","0"
346,2,2015-06-30,9984,770,1,1,"0","1"
347,2,2015-06-30,6036,433,1,1,"0","0"
348,2,2015-06-30,13232,893,1,1,"0","0"
349,2,2015-06-30,9767,915,1,1,"0","0"
350,2,2015-06-30,11648,723,1,1,"0","0"
351,2,2015-06-30,7183,543,1,1,"0","1"
352,2,2015-06-30,8110,654,1,1,"0","0"
353,2,2015-06-30,7747,1885,1,1,"0","0"
354,2,2015-06-30,10345,714,1,1,"0","1"
355,2,2015-06-30,13726,1404,1,1,"0","0"
356,2,2015-06-30,7215,458,1,1,"0","0"
357,2,2015-06-30,12398,1278,1,1,"0","0"
358,2,2015-06-30,14102,1259,1,1,"0","1"
359,2,2015-06-30,7961,620,1,1,"0","0"
360,2,2015-06-30,10344,913,1,1,"0","0"
361,2,2015-06-30,7355,635,1,1,"0","0"
362,2,2015-06-30,13554,1391,1,1,"0","0"
363,2,2015-06-30,11288,1261,1,1,"0","0"
364,2,2015-06-30,7041,792,1,1,"0","0"
365,2,2015-06-30,7652,669,1,1,"0","0"
366,2,2015-06-30,9335,780,1,1,"0","0"
367,2,2015-06-30,9158,721,1,1,"0","0"
368,2,2015-06-30,15351,928,1,1,"0","0"
369,2,2015-06-30,8172,598,1,1,"0","0"
370,2,2015-06-30,14142,829,1,1,"0","1"
371,2,2015-06-30,9621,643,1,1,"0","0"
372,2,2015-06-30,15550,981,1,1,"0","1"
373,2,2015-06-30,5120,329,1,1,"0","0"
374,2,2015-06-30,11148,1129,1,1,"0","0"
375,2,2015-06-30,17316,1283,1,1,"0","0"
376,2,2015-06-30,12858,1161,1,1,"0","0"
377,2,2015-06-30,14116,1380,1,1,"0","0"
378,2,2015-06-30,10069,1319,1,1,"0","1"
379,2,2015-06-30,6421,607,1,1,"0","0"
380,2,2015-06-30,20962,1648,1,1,"0","1"
381,2,2015-06-30,11973,1131,1,1,"0","0"
382,2,2015-06-30,11279,742,1,1,"0","0"
383,2,2015-06-30,21744,2374,1,1,"0","0"
384,2,2015-06-30,17063,1572,1,1,"0","0"
385,2,2015-06-30,9424,684,1,1,"0","0"
386,2,2015-06-30,12981,811,1,1,"0","1"
387,2,2015-06-30,13832,1404,1,1,"0","1"
388,2,2015-06-30,13493,1194,1,1,"0","1"
389,2,2015-06-30,15585,1532,1,1,"0","0"
390,2,2015-06-30,18071,1327,1,1,"0","0"
391,2,2015-06-30,8964,882,1,1,"0","1"
392,2,2015-06-30,10009,812,1,1,"0","1"
393,2,2015-06-30,7192,632,1,1,"0","1"
394,2,2015-06-30,11306,782,1,1,"0","0"
395,2,2015-06-30,6028,603,1,1,"0","1"
396,2,2015-06-30,16603,1476,1,1,"0","0"
397,2,2015-06-30,8796,908,1,1,"0","1"
398,2,2015-06-30,10183,799,1,1,"0","0"
399,2,2015-06-30,10417,780,1,1,"0","0"
400,2,2015-06-30,16609,1786,1,1,"0","0"
401,2,2015-06-30,13031,1011,1,1,"0","0"
402,2,2015-06-30,8857,710,1,1,"0","0"
403,2,2015-06-30,9300,814,1,1,"0","1"
404,2,2015-06-30,7113,707,1,1,"0","0"
405,2,2015-06-30,8135,648,1,1,"0","1"
406,2,2015-06-30,9282,630,1,1,"0","0"
407,2,2015-06-30,4677,335,1,1,"0","0"
408,2,2015-06-30,6039,483,1,1,"0","0"
409,2,2015-06-30,9693,744,1,1,"0","0"
410,2,2015-06-30,9561,942,1,1,"0","1"
411,2,2015-06-30,12980,804,1,1,"0","0"
412,2,2015-06-30,12374,697,1,1,"0","0"
413,2,2015-06-30,9811,1139,1,1,"0","0"
414,2,2015-06-30,9534,566,1,1,"0","0"
415,2,2015-06-30,7348,550,1,1,"0","0"
416,2,2015-06-30,14769,1570,1,1,"0","0"
417,2,2015-06-30,13932,1017,1,1,"0","1"
418,2,2015-06-30,7488,702,1,1,"0","1"
419,2,2015-06-30,8940,1139,1,1,"0","0"
420,2,2015-06-30,6612,497,1,1,"0","0"
421,2,2015-06-30,11510,1047,1,1,"0","0"
422,2,2015-06-30,5581,472,1,1,"0","0"
423,2,2015-06-30,13135,2141,1,1,"0","0"
424,2,2015-06-30,13991,1173,1,1,"0","1"
425,2,2015-06-30,5171,582,1,1,"0","1"
426,2,2015-06-30,7169,729,1,1,"0","1"
427,2,2015-06-30,15774,1184,1,1,"0","0"
428,2,2015-06-30,7051,539,1,1,"0","0"
429,2,2015-06-30,6943,442,1,1,"0","0"
430,2,2015-06-30,8890,657,1,1,"0","0"
431,2,2015-06-30,13244,1064,1,1,"0","1"
432,2,2015-06-30,14729,1951,1,1,"0","0"
433,2,2015-06-30,8984,876,1,1,"0","0"
434,2,2015-06-30,12581,787,1,1,"0","0"
435,2,2015-06-30,4320,433,1,1,"0","1"
436,2,2015-06-30,8042,767,1,1,"0","0"
437,2,2015-06-30,9777,782,1,1,"0","0"
438,2,2015-06-30,10639,848,1,1,"0","0"
439,2,2015-06-30,10699,1072,1,1,"0","0"
440,2,2015-06-30,7729,748,1,1,"0","0"
441,2,2015-06-30,9520,849,1,1,"0","1"
442,2,2015-06-30,5831,509,1,1,"0","0"
443,2,2015-06-30,6610,544,1,1,"0","0"
444,2,2015-06-30,12667,1280,1,1,"0","0"
445,2,2015-06-30,10319,1565,1,1,"0","1"
446,2,2015-06-30,6757,736,1,1,"0","1"
447,2,2015-06-30,6983,725,1,1,"0","0"
448,2,2015-06-30,11291,847,1,1,"0","1"
449,2,2015-06-30,18489,1944,1,1,"0","0"
450,2,2015-06-30,10311,1027,1,1,"0","0"
451,2,2015-06-30,9672,612,1,1,"0","0"
452,2,2015-06-30,7612,623,1,1,"0","0"
453,2,2015-06-30,13148,1352,1,1,"0","0"
454,2,2015-06-30,9221,936,1,1,"0","0"
455,2,2015-06-30,9041,530,1,1,"0","0"
456,2,2015-06-30,9071,1087,1,1,"0","1"
457,2,2015-06-30,7266,550,1,1,"0","0"
458,2,2015-06-30,9698,752,1,1,"0","0"
459,2,2015-06-30,15631,1570,1,1,"0","0"
460,2,2015-06-30,6211,484,1,1,"0","0"
461,2,2015-06-30,6826,536,1,1,"0","0"
462,2,2015-06-30,7558,813,1,1,"0","0"
463,2,2015-06-30,9199,1225,1,1,"0","1"
464,2,2015-06-30,12549,1388,1,1,"0","0"
465,2,2015-06-30,10764,714,1,1,"0","0"
466,2,2015-06-30,11304,898,1,1,"0","1"
467,2,2015-06-30,19586,1997,1,1,"0","1"
468,2,2015-06-30,7375,678,1,1,"0","0"
469,2,2015-06-30,18397,1834,1,1,"0","0"
470,2,2015-06-30,17241,1954,1,1,"0","1"
471,2,2015-06-30,8740,641,1,1,"0","0"
472,2,2015-06-30,7246,799,1,1,"0","0"
473,2,2015-06-30,4950,539,1,1,"0","1"
474,2,2015-06-30,10628,830,1,1,"0","0"
475,2,2015-06-30,8476,1113,1,1,"0","1"
476,2,2015-06-30,8699,775,1,1,"0","0"
477,2,2015-06-30,10828,558,1,1,"0","0"
478,2,2015-06-30,10330,898,1,1,"0","0"
479,2,2015-06-30,17292,1740,1,1,"0","0"
480,2,2015-06-30,7645,827,1,1,"0","0"
481,2,2015-06-30,7896,590,1,1,"0","0"
482,2,2015-06-30,9220,895,1,1,"0","0"
483,2,2015-06-30,9492,1118,1,1,"0","0"
484,2,2015-06-30,9403,754,1,1,"0","0"
485,2,2015-06-30,8053,531,1,1,"0","0"
486,2,2015-06-30,7236,707,1,1,"0","1"
487,2,2015-06-30,11700,791,1,1,"0","0"
488,2,2015-06-30,5122,454,1,1,"0","0"
489,2,2015-06-30,15859,1091,1,1,"0","0"
490,2,2015-06-30,10628,1164,1,1,"0","0"
491,2,2015-06-30,9110,575,1,1,"0","0"
492,2,2015-06-30,13123,1552,1,1,"0","0"
493,2,2015-06-30,15807,1172,1,1,"0","1"
494,2,2015-06-30,11122,1257,1,1,"0","0"
495,2,2015-06-30,8172,512,1,1,"0","0"
496,2,2015-06-30,12805,1034,1,1,"0","0"
497,2,2015-06-30,12313,1285,1,1,"0","0"
498,2,2015-06-30,8771,960,1,1,"0","0"
499,2,2015-06-30,6959,854,1,1,"0","0"
500,2,2015-06-30,8265,465,1,1,"0","0"
501,2,2015-06-30,6870,614,1,1,"0","0"
502,2,2015-06-30,18981,2067,1,1,"0","0"
503,2,2015-06-30,10787,635,1,1,"0","0"
504,2,2015-06-30,10646,1205,1,1,"0","0"
505,2,2015-06-30,6523,754,1,1,"0","0"
506,2,2015-06-30,9985,939,1,1,"0","1"
507,2,2015-06-30,14128,873,1,1,"0","1"
508,2,2015-06-30,13006,974,1,1,"0","1"
509,2,2015-06-30,11415,731,1,1,"0","0"
510,2,2015-06-30,12065,950,1,1,"0","1"
511,2,2015-06-30,7259,861,1,1,"0","0"
512,2,2015-06-30,7235,1581,1,1,"0","0"
513,2,2015-06-30,23386,2420,1,1,"0","0"
514,2,2015-06-30,11126,890,1,1,"0","0"
515,2,2015-06-30,10571,707,1,1,"0","1"
516,2,2015-06-30,9190,967,1,1,"0","1"
517,2,2015-06-30,9815,843,1,1,"0","0"
518,2,2015-06-30,11309,721,1,1,"0","0"
519,2,2015-06-30,8373,652,1,1,"0","0"
520,2,2015-06-30,5856,553,1,1,"0","0"
521,2,2015-06-30,6969,467,1,1,"0","0"
522,2,2015-06-30,14723,866,1,1,"0","0"
523,2,2015-06-30,16334,1729,1,1,"0","0"
524,2,2015-06-30,11293,1007,1,1,"0","0"
525,2,2015-06-30,11468,871,1,1,"0","0"
526,2,2015-06-30,16277,1895,1,1,"0","0"
527,2,2015-06-30,15251,1134,1,1,"0","1"
528,2,2015-06-30,20122,1355,1,1,"0","1"
529,2,2015-06-30,11325,878,1,1,"0","0"
530,2,2015-06-30,7618,1126,1,1,"0","0"
531,2,2015-06-30,6183,642,1,1,"0","0"
532,2,2015-06-30,13324,1454,1,1,"0","1"
533,2,2015-06-30,13832,1095,1,1,"0","0"
534,2,2015-06-30,14085,823,1,1,"0","0"
535,2,2015-06-30,11835,1103,1,1,"0","1"
536,2,2015-06-30,12883,1133,1,1,"0","1"
537,2,2015-06-30,11025,889,1,1,"0","0"
538,2,2015-06-30,5915,743,1,1,"0","0"
539,2,2015-06-30,15558,1318,1,1,"0","0"
540,2,2015-06-30,11036,638,1,1,"0","0"
541,2,2015-06-30,11532,1113,1,1,"0","1"
542,2,2015-06-30,9408,631,1,1,"0","0"
543,2,2015-06-30,5786,362,1,1,"0","0"
544,2,2015-06-30,25952,2636,1,1,"0","0"
545,2,2015-06-30,17969,1308,1,1,"0","1"
546,2,2015-06-30,18394,2004,1,1,"0","0"
547,2,2015-06-30,6421,447,1,1,"0","0"
548,2,2015-06-30,7036,476,1,1,"0","0"
549,2,2015-06-30,5759,619,1,1,"0","0"
550,2,2015-06-30,6620,430,1,1,"0","0"
551,2,2015-06-30,12480,1493,1,1,"0","0"
552,2,2015-06-30,16814,1075,1,1,"0","0"
553,2,2015-06-30,9161,677,1,1,"0","0"
554,2,2015-06-30,6538,791,1,1,"0","0"
555,2,2015-06-30,5920,462,1,1,"0","0"
556,2,2015-06-30,11239,1061,1,1,"0","0"
557,2,2015-06-30,6425,796,1,1,"0","1"
558,2,2015-06-30,4745,555,1,1,"0","0"
559,2,2015-06-30,10855,1129,1,1,"0","0"
560,2,2015-06-30,20351,2062,1,1,"0","0"
561,2,2015-06-30,9943,770,1,1,"0","1"
562,2,2015-06-30,20916,3310,1,1,"0","0"
563,2,2015-06-30,7772,747,1,1,"0","1"
564,2,2015-06-30,8467,614,1,1,"0","1"
565,2,2015-06-30,10006,936,1,1,"0","1"
566,2,2015-06-30,9915,775,1,1,"0","0"
567,2,2015-06-30,7790,871,1,1,"0","1"
568,2,2015-06-30,7723,510,1,1,"0","0"
569,2,2015-06-30,5746,728,1,1,"0","0"
570,2,2015-06-30,6631,837,1,1,"0","1"
571,2,2015-06-30,11964,680,1,1,"0","0"
572,2,2015-06-30,11978,786,1,1,"0","1"
573,2,2015-06-30,6834,472,1,1,"0","0"
574,2,2015-06-30,11616,744,1,1,"0","0"
575,2,2015-06-30,12174,853,1,1,"0","0"
576,2,2015-06-30,10659,1171,1,1,"0","0"
577,2,2015-06-30,7225,646,1,1,"0","0"
578,2,2015-06-30,12837,1084,1,1,"0","0"
579,2,2015-06-30,12801,1086,1,1,"0","1"
580,2,2015-06-30,13094,1821,1,1,"0","0"
581,2,2015-06-30,8351,736,1,1,"0","0"
582,2,2015-06-30,8638,976,1,1,"0","0"
583,2,2015-06-30,5704,499,1,1,"0","0"
584,2,2015-06-30,6243,491,1,1,"0","0"
585,2,2015-06-30,8545,1075,1,1,"0","0"
586,2,2015-06-30,20026,2609,1,1,"0","1"
587,2,2015-06-30,13942,827,1,1,"0","0"
588,2,2015-06-30,8028,762,1,1,"0","0"
589,2,2015-06-30,7013,616,1,1,"0","0"
590,2,2015-06-30,6520,432,1,1,"0","0"
591,2,2015-06-30,6186,547,1,1,"0","0"
592,2,2015-06-30,6326,678,1,1,"0","1"
593,2,2015-06-30,13016,1429,1,1,"0","0"
594,2,2015-06-30,5953,588,1,1,"0","0"
595,2,2015-06-30,20139,1900,1,1,"0","0"
596,2,2015-06-30,6032,893,1,1,"0","0"
597,2,2015-06-30,6536,818,1,1,"0","0"
598,2,2015-06-30,8101,850,1,1,"0","0"
599,2,2015-06-30,11912,968,1,1,"0","0"
600,2,2015-06-30,10605,726,1,1,"0","0"
601,2,2015-06-30,7426,499,1,1,"0","0"
602,2,2015-06-30,8983,769,1,1,"0","0"
603,2,2015-06-30,13538,1430,1,1,"0","0"
604,2,2015-06-30,8039,550,1,1,"0","0"
605,2,2015-06-30,12162,659,1,1,"0","0"
606,2,2015-06-30,8597,771,1,1,"0","0"
607,2,2015-06-30,7593,637,1,1,"0","0"
608,2,2015-06-30,20350,1601,1,1,"0","0"
609,2,2015-06-30,6356,632,1,1,"0","0"
610,2,2015-06-30,5586,576,1,1,"0","1"
611,2,2015-06-30,7192,528,1,1,"0","0"
612,2,2015-06-30,11297,582,1,1,"0","0"
613,2,2015-06-30,9166,1102,1,1,"0","0"
614,2,2015-06-30,10161,1200,1,1,"0","0"
615,2,2015-06-30,11547,1345,1,1,"0","0"
616,2,2015-06-30,12045,995,1,1,"0","1"
617,2,2015-06-30,10771,852,1,1,"0","0"
618,2,2015-06-30,9378,592,1,1,"0","0"
619,2,2015-06-30,5031,487,1,1,"0","0"
620,2,2015-06-30,10708,838,1,1,"0","0"
621,2,2015-06-30,8617,1009,1,1,"0","1"
622,2,2015-06-30,6162,512,1,1,"0","0"
623,2,2015-06-30,11767,1143,1,1,"0","1"
624,2,2015-06-30,9880,790,1,1,"0","1"
625,2,2015-06-30,9660,727,1,1,"0","1"
626,2,2015-06-30,12982,935,1,1,"0","0"
627,2,2015-06-30,9003,759,1,1,"0","0"
628,2,2015-06-30,12470,1179,1,1,"0","0"
629,2,2015-06-30,6897,544,1,1,"0","0"
630,2,2015-06-30,9429,963,1,1,"0","0"
631,2,2015-06-30,9188,850,1,1,"0","0"
632,2,2015-06-30,10104,1091,1,1,"0","0"
633,2,2015-06-30,9280,587,1,1,"0","0"
634,2,2015-06-30,9137,780,1,1,"0","0"
635,2,2015-06-30,10294,912,1,1,"0","0"
636,2,2015-06-30,15607,1280,1,1,"0","0"
637,2,2015-06-30,10961,778,1,1,"0","0"
638,2,2015-06-30,7775,549,1,1,"0","0"
639,2,2015-06-30,6276,554,1,1,"0","1"
640,2,2015-06-30,17128,1063,1,1,"0","1"
641,2,2015-06-30,8109,572,1,1,"0","1"
642,2,2015-06-30,4346,501,1,1,"0","1"
643,2,2015-06-30,13176,1386,1,1,"0","0"
644,2,2015-06-30,12858,1129,1,1,"0","0"
645,2,2015-06-30,16418,1590,1,1,"0","0"
646,2,2015-06-30,6087,752,1,1,"0","0"
647,2,2015-06-30,9546,898,1,1,"0","0"
648,2,2015-06-30,8592,673,1,1,"0","0"
649,2,2015-06-30,5408,461,1,1,"0","0"
650,2,2015-06-30,8556,730,1,1,"0","0"
651,2,2015-06-30,8890,984,1,1,"0","1"
652,2,2015-06-30,10212,861,1,1,"0","0"
653,2,2015-06-30,7315,540,1,1,"0","1"
654,2,2015-06-30,9911,836,1,1,"0","0"
655,2,2015-06-30,11256,795,1,1,"0","1"
656,2,2015-06-30,6301,546,1,1,"0","0"
657,2,2015-06-30,11727,1070,1,1,"0","1"
658,2,2015-06-30,8983,744,1,1,"0","1"
659,2,2015-06-30,7774,818,1,1,"0","0"
660,2,2015-06-30,8210,663,1,1,"0","0"
661,2,2015-06-30,10343,697,1,1,"0","0"
662,2,2015-06-30,13433,1006,1,1,"0","0"
663,2,2015-06-30,7642,850,1,1,"0","0"
664,2,2015-06-30,8221,823,1,1,"0","0"
665,2,2015-06-30,14048,1553,1,1,"0","0"
666,2,2015-06-30,10039,720,1,1,"0","0"
667,2,2015-06-30,11818,918,1,1,"0","0"
668,2,2015-06-30,12320,1306,1,1,"0","0"
669,2,2015-06-30,7061,473,1,1,"0","0"
670,2,2015-06-30,8577,824,1,1,"0","0"
671,2,2015-06-30,12241,915,1,1,"0","0"
672,2,2015-06-30,11473,1444,1,1,"0","0"
673,2,2015-06-30,10485,700,1,1,"0","0"
674,2,2015-06-30,10802,1116,1,1,"0","1"
675,2,2015-06-30,6450,538,1,1,"0","1"
676,2,2015-06-30,11176,2429,1,1,"0","0"
677,2,2015-06-30,10139,700,1,1,"0","0"
678,2,2015-06-30,14675,1293,1,1,"0","1"
679,2,2015-06-30,13074,1225,1,1,"0","0"
680,2,2015-06-30,6904,828,1,1,"0","0"
681,2,2015-06-30,5298,679,1,1,"0","0"
682,2,2015-06-30,16021,2073,1,1,"0","0"
683,2,2015-06-30,13188,1146,1,1,"0","0"
684,2,2015-06-30,13173,838,1,1,"0","0"
685,2,2015-06-30,9744,786,1,1,"0","1"
686,2,2015-06-30,8967,981,1,1,"0","0"
687,2,2015-06-30,11979,844,1,1,"0","1"
688,2,2015-06-30,7127,566,1,1,"0","0"
689,2,2015-06-30,7996,731,1,1,"0","0"
690,2,2015-06-30,7766,949,1,1,"0","1"
691,2,2015-06-30,12257,710,1,1,"0","1"
692,2,2015-06-30,10476,1019,1,1,"0","1"
693,2,2015-06-30,13947,815,1,1,"0","0"
694,2,2015-06-30,11844,888,1,1,"0","0"
695,2,2015-06-30,10797,791,1,1,"0","1"
696,2,2015-06-30,12163,1296,1,1,"0","0"
697,2,2015-06-30,20710,1399,1,1,"0","1"
698,2,2015-06-30,23390,2334,1,1,"0","0"
699,2,2015-06-30,12745,1169,1,1,"0","0"
700,2,2015-06-30,7401,724,1,1,"0","0"
701,2,2015-06-30,10616,830,1,1,"0","0"
702,2,2015-06-30,4694,321,1,1,"0","0"
703,2,2015-06-30,4669,433,1,1,"0","1"
704,2,2015-06-30,14942,1390,1,1,"0","0"
705,2,2015-06-30,12788,1198,1,1,"0","1"
706,2,2015-06-30,6313,509,1,1,"0","0"
707,2,2015-06-30,13999,1287,1,1,"0","1"
708,2,2015-06-30,8384,659,1,1,"0","0"
709,2,2015-06-30,15770,1760,1,1,"0","0"
710,2,2015-06-30,8451,527,1,1,"0","0"
711,2,2015-06-30,9580,586,1,1,"0","0"
712,2,2015-06-30,10103,769,1,1,"0","0"
713,2,2015-06-30,16681,1608,1,1,"0","1"
714,2,2015-06-30,8335,462,1,1,"0","0"
715,2,2015-06-30,10348,926,1,1,"0","0"
716,2,2015-06-30,7900,528,1,1,"0","0"
717,2,2015-06-30,11193,861,1,1,"0","1"
718,2,2015-06-30,9619,926,1,1,"0","0"
719,2,2015-06-30,4974,406,1,1,"0","0"
720,2,2015-06-30,10737,835,1,1,"0","0"
721,2,2015-06-30,8949,751,1,1,"0","0"
722,2,2015-06-30,10664,1566,1,1,"0","0"
723,2,2015-06-30,9892,684,1,1,"0","0"
724,2,2015-06-30,8814,796,1,1,"0","1"
725,2,2015-06-30,6627,630,1,1,"0","0"
726,2,2015-06-30,16957,1434,1,1,"0","0"
727,2,2015-06-30,6751,575,1,1,"0","0"
728,2,2015-06-30,7377,533,1,1,"0","0"
729,2,2015-06-30,15886,1329,1,1,"0","1"
730,2,2015-06-30,9991,1061,1,1,"0","0"
731,2,2015-06-30,15006,1171,1,1,"0","1"
732,2,2015-06-30,9520,998,1,1,"0","0"
733,2,2015-06-30,16963,3617,1,1,"0","1"
734,2,2015-06-30,8515,657,1,1,"0","1"
735,2,2015-06-30,8097,659,1,1,"0","0"
736,2,2015-06-30,8921,657,1,1,"0","0"
737,2,2015-06-30,12600,1393,1,1,"0","1"
738,2,2015-06-30,10948,715,1,1,"0","1"
739,2,2015-06-30,16034,1054,1,1,"0","0"
740,2,2015-06-30,9932,635,1,1,"0","0"
741,2,2015-06-30,13213,1282,1,1,"0","0"
742,2,2015-06-30,11505,996,1,1,"0","1"
743,2,2015-06-30,7047,615,1,1,"0","0"
744,2,2015-06-30,10915,1041,1,1,"0","0"
745,2,2015-06-30,13682,1060,1,1,"0","0"
746,2,2015-06-30,8082,598,1,1,"0","0"
747,2,2015-06-30,10850,770,1,1,"0","0"
748,2,2015-06-30,9862,654,1,1,"0","1"
749,2,2015-06-30,8413,807,1,1,"0","0"
750,2,2015-06-30,7050,453,1,1,"0","0"
751,2,2015-06-30,6176,697,1,1,"0","1"
752,2,2015-06-30,7808,528,1,1,"0","1"
753,2,2015-06-30,10671,825,1,1,"0","1"
754,2,2015-06-30,10896,1115,1,1,"0","0"
755,2,2015-06-30,14402,1046,1,1,"0","0"
756,2,2015-06-30,29007,3128,1,1,"0","1"
757,2,2015-06-30,9125,641,1,1,"0","0"
758,2,2015-06-30,6787,759,1,1,"0","0"
759,2,2015-06-30,10785,954,1,1,"0","1"
760,2,2015-06-30,8786,1389,1,1,"0","0"
761,2,2015-06-30,14834,1397,1,1,"0","0"
762,2,2015-06-30,5154,426,1,1,"0","0"
763,2,2015-06-30,7715,592,1,1,"0","0"
764,2,2015-06-30,5586,533,1,1,"0","0"
765,2,2015-06-30,12840,880,1,1,"0","0"
766,2,2015-06-30,8069,573,1,1,"0","0"
767,2,2015-06-30,8423,753,1,1,"0","0"
768,2,2015-06-30,20304,1742,1,1,"0","0"
769,2,2015-06-30,15979,3901,1,1,"0","1"
770,2,2015-06-30,6451,644,1,1,"0","1"
771,2,2015-06-30,9077,854,1,1,"0","0"
772,2,2015-06-30,5450,597,1,1,"0","0"
773,2,2015-06-30,6323,847,1,1,"0","0"
774,2,2015-06-30,7970,862,1,1,"0","0"
775,2,2015-06-30,11871,716,1,1,"0","0"
776,2,2015-06-30,7519,709,1,1,"0","1"
777,2,2015-06-30,5383,399,1,1,"0","0"
778,2,2015-06-30,9290,1014,1,1,"0","0"
779,2,2015-06-30,10500,930,1,1,"0","0"
780,2,2015-06-30,11402,1169,1,1,"0","0"
781,2,2015-06-30,7659,913,1,1,"0","0"
782,2,2015-06-30,9731,703,1,1,"0","0"
783,2,2015-06-30,9270,752,1,1,"0","0"
784,2,2015-06-30,12736,1032,1,1,"0","1"
785,2,2015-06-30,9633,670,1,1,"0","1"
786,2,2015-06-30,5709,747,1,1,"0","0"
787,2,2015-06-30,14378,1311,1,1,"0","0"
788,2,2015-06-30,23323,2050,1,1,"0","0"
789,2,2015-06-30,3790,530,1,1,"0","0"
790,2,2015-06-30,9278,702,1,1,"0","0"
791,2,2015-06-30,14302,1177,1,1,"0","1"
792,2,2015-06-30,10204,778,1,1,"0","1"
793,2,2015-06-30,7853,606,1,1,"0","1"
794,2,2015-06-30,4085,587,1,1,"0","0"
795,2,2015-06-30,7104,566,1,1,"0","1"
796,2,2015-06-30,10450,793,1,1,"0","1"
797,2,2015-06-30,7663,607,1,1,"0","0"
798,2,2015-06-30,11887,1146,1,1,"0","0"
799,2,2015-06-30,12316,964,1,1,"0","1"
800,2,2015-06-30,5763,468,1,1,"0","0"
801,2,2015-06-30,8421,632,1,1,"0","0"
802,2,2015-06-30,10151,592,1,1,"0","0"
803,2,2015-06-30,8395,541,1,1,"0","0"
804,2,2015-06-30,7116,489,1,1,"0","0"
805,2,2015-06-30,6380,513,1,1,"0","0"
806,2,2015-06-30,8929,564,1,1,"0","0"
807,2,2015-06-30,13296,1118,1,1,"0","0"
808,2,2015-06-30,10592,743,1,1,"0","0"
809,2,2015-06-30,14534,985,1,1,"0","1"
810,2,2015-06-30,7962,552,1,1,"0","0"
811,2,2015-06-30,5545,812,1,1,"0","0"
812,2,2015-06-30,8877,916,1,1,"0","0"
813,2,2015-06-30,7697,727,1,1,"0","0"
814,2,2015-06-30,10870,773,1,1,"0","0"
815,2,2015-06-30,9453,765,1,1,"0","0"
816,2,2015-06-30,7171,892,1,1,"0","1"
817,2,2015-06-30,27140,3555,1,1,"0","0"
818,2,2015-06-30,9642,844,1,1,"0","0"
819,2,2015-06-30,7913,613,1,1,"0","0"
820,2,2015-06-30,19391,1306,1,1,"0","0"
821,2,2015-06-30,12396,1277,1,1,"0","0"
822,2,2015-06-30,10500,672,1,1,"0","0"
823,2,2015-06-30,8852,737,1,1,"0","0"
824,2,2015-06-30,11471,1220,1,1,"0","0"
825,2,2015-06-30,7773,743,1,1,"0","0"
826,2,2015-06-30,12575,957,1,1,"0","1"
827,2,2015-06-30,17052,2142,1,1,"0","0"
828,2,2015-06-30,7388,689,1,1,"0","0"
829,2,2015-06-30,8287,910,1,1,"0","0"
830,2,2015-06-30,12066,811,1,1,"0","0"
831,2,2015-06-30,19646,1948,1,1,"0","1"
832,2,2015-06-30,9559,657,1,1,"0","0"
833,2,2015-06-30,7578,558,1,1,"0","0"
834,2,2015-06-30,9819,830,1,1,"0","0"
835,2,2015-06-30,8472,780,1,1,"0","1"
836,2,2015-06-30,9600,978,1,1,"0","0"
837,2,2015-06-30,6103,674,1,1,"0","0"
838,2,2015-06-30,11956,953,1,1,"0","0"
839,2,2015-06-30,5601,606,1,1,"0","0"
840,2,2015-06-30,8792,1195,1,1,"0","0"
841,2,2015-06-30,3476,438,1,1,"0","0"
842,2,2015-06-30,22197,1146,1,1,"0","0"
843,2,2015-06-30,13937,1261,1,1,"0","0"
844,2,2015-06-30,6818,563,1,1,"0","1"
845,2,2015-06-30,7296,442,1,1,"0","1"
846,2,2015-06-30,18288,1256,1,1,"0","1"
847,2,2015-06-30,10437,1107,1,1,"0","1"
848,2,2015-06-30,13091,1079,1,1,"0","0"
849,2,2015-06-30,11016,970,1,1,"0","0"
850,2,2015-06-30,10830,838,1,1,"0","1"
851,2,2015-06-30,5309,416,1,1,"0","0"
852,2,2015-06-30,7851,812,1,1,"0","0"
853,2,2015-06-30,12532,1201,1,1,"0","0"
854,2,2015-06-30,8995,724,1,1,"0","0"
855,2,2015-06-30,8519,734,1,1,"0","0"
856,2,2015-06-30,10927,1173,1,1,"0","0"
857,2,2015-06-30,9876,984,1,1,"0","0"
858,2,2015-06-30,6307,498,1,1,"0","0"
859,2,2015-06-30,9263,766,1,1,"0","0"
860,2,2015-06-30,9579,971,1,1,"0","0"
861,2,2015-06-30,5044,627,1,1,"0","0"
862,2,2015-06-30,12771,1452,1,1,"0","0"
863,2,2015-06-30,13028,1378,1,1,"0","0"
864,2,2015-06-30,6359,732,1,1,"0","0"
865,2,2015-06-30,8995,630,1,1,"0","1"
866,2,2015-06-30,8620,533,1,1,"0","0"
867,2,2015-06-30,5822,448,1,1,"0","0"
868,2,2015-06-30,14366,771,1,1,"0","0"
869,2,2015-06-30,11301,1260,1,1,"0","0"
870,2,2015-06-30,8321,1018,1,1,"0","0"
871,2,2015-06-30,7363,517,1,1,"0","0"
872,2,2015-06-30,9712,762,1,1,"0","1"
873,2,2015-06-30,4675,473,1,1,"0","0"
874,2,2015-06-30,6589,614,1,1,"0","0"
875,2,2015-06-30,7193,541,1,1,"0","0"
876,2,2015-06-30,15801,1517,1,1,"0","0"
877,2,2015-06-30,9527,1091,1,1,"0","0"
878,2,2015-06-30,13038,1022,1,1,"0","0"
879,2,2015-06-30,5075,382,1,1,"0","0"
880,2,2015-06-30,9597,898,1,1,"0","0"
881,2,2015-06-30,7721,856,1,1,"0","1"
882,2,2015-06-30,7875,844,1,1,"0","1"
883,2,2015-06-30,5771,571,1,1,"0","1"
884,2,2015-06-30,7465,639,1,1,"0","0"
885,2,2015-06-30,7958,869,1,1,"0","1"
886,2,2015-06-30,9588,806,1,1,"0","1"
887,2,2015-06-30,11006,762,1,1,"0","0"
888,2,2015-06-30,12352,947,1,1,"0","0"
889,2,2015-06-30,5480,492,1,1,"0","0"
890,2,2015-06-30,10076,618,1,1,"0","0"
891,2,2015-06-30,11179,1271,1,1,"0","1"
892,2,2015-06-30,11618,965,1,1,"0","0"
893,2,2015-06-30,8852,963,1,1,"0","0"
894,2,2015-06-30,13239,1221,1,1,"0","1"
895,2,2015-06-30,12534,973,1,1,"0","0"
896,2,2015-06-30,9379,1236,1,1,"0","0"
897,2,2015-06-30,3536,323,1,1,"0","0"
898,2,2015-06-30,11436,1046,1,1,"0","0"
899,2,2015-06-30,10062,864,1,1,"0","0"
900,2,2015-06-30,9949,767,1,1,"0","0"
901,2,2015-06-30,10711,790,1,1,"0","0"
902,2,2015-06-30,5010,584,1,1,"0","0"
903,2,2015-06-30,13125,808,1,1,"0","0"
904,2,2015-06-30,8765,621,1,1,"0","0"
905,2,2015-06-30,10556,1353,1,1,"0","1"
906,2,2015-06-30,14914,1510,1,1,"0","0"
907,2,2015-06-30,9403,1047,1,1,"0","1"
908,2,2015-06-30,9240,580,1,1,"0","0"
909,2,2015-06-30,10681,787,1,1,"0","0"
910,2,2015-06-30,10420,798,1,1,"0","0"
911,2,2015-06-30,13936,1126,1,1,"0","0"
912,2,2015-06-30,6613,746,1,1,"0","0"
913,2,2015-06-30,14220,1448,1,1,"0","0"
914,2,2015-06-30,14232,1413,1,1,"0","0"
915,2,2015-06-30,9589,590,1,1,"0","0"
916,2,2015-06-30,8336,862,1,1,"0","1"
917,2,2015-06-30,10100,957,1,1,"0","1"
918,2,2015-06-30,6884,622,1,1,"0","0"
919,2,2015-06-30,8141,844,1,1,"0","0"
920,2,2015-06-30,9013,732,1,1,"0","0"
921,2,2015-06-30,11814,1253,1,1,"0","0"
922,2,2015-06-30,9170,783,1,1,"0","1"
923,2,2015-06-30,6867,802,1,1,"0","0"
924,2,2015-06-30,8142,603,1,1,"0","1"
925,2,2015-06-30,10527,1358,1,1,"0","0"
926,2,2015-06-30,13078,761,1,1,"0","1"
927,2,2015-06-30,10394,1128,1,1,"0","1"
928,2,2015-06-30,11269,773,1,1,"0","1"
929,2,2015-06-30,8888,891,1,1,"0","0"
930,2,2015-06-30,11071,1490,1,1,"0","1"
931,2,2015-06-30,7372,761,1,1,"0","0"
932,2,2015-06-30,13053,1008,1,1,"0","0"
933,2,2015-06-30,10793,1102,1,1,"0","0"
934,2,2015-06-30,12048,914,1,1,"0","1"
935,2,2015-06-30,9206,805,1,1,"0","0"
936,2,2015-06-30,8109,927,1,1,"0","1"
937,2,2015-06-30,11335,720,1,1,"0","0"
938,2,2015-06-30,14066,1233,1,1,"0","0"
939,2,2015-06-30,7919,576,1,1,"0","1"
940,2,2015-06-30,10516,936,1,1,"0","0"
941,2,2015-06-30,8841,751,1,1,"0","0"
942,2,2015-06-30,11136,652,1,1,"0","0"
943,2,2015-06-30,8487,623,1,1,"0","1"
944,2,2015-06-30,9504,1266,1,1,"0","0"
945,2,2015-06-30,6205,641,1,1,"0","0"
946,2,2015-06-30,7369,704,1,1,"0","0"
947,2,2015-06-30,12003,1289,1,1,"0","0"
948,2,2015-06-30,9180,2320,1,1,"0","0"
949,2,2015-06-30,8551,625,1,1,"0","0"
950,2,2015-06-30,7710,657,1,1,"0","0"
951,2,2015-06-30,15301,1096,1,1,"0","1"
952,2,2015-06-30,7479,541,1,1,"0","0"
953,2,2015-06-30,7976,679,1,1,"0","0"
954,2,2015-06-30,12439,1204,1,1,"0","1"
955,2,2015-06-30,6545,508,1,1,"0","1"
956,2,2015-06-30,5455,591,1,1,"0","1"
957,2,2015-06-30,12761,1157,1,1,"0","0"
958,2,2015-06-30,4735,610,1,1,"0","0"
959,2,2015-06-30,11003,984,1,1,"0","0"
960,2,2015-06-30,9218,663,1,1,"0","0"
961,2,2015-06-30,9176,779,1,1,"0","1"
962,2,2015-06-30,10692,1230,1,1,"0","1"
963,2,2015-06-30,18973,1627,1,1,"0","0"
964,2,2015-06-30,11351,1459,1,1,"0","0"
965,2,2015-06-30,11686,1044,1,1,"0","0"
966,2,2015-06-30,6879,737,1,1,"0","1"
967,2,2015-06-30,14216,1117,1,1,"0","1"
968,2,2015-06-30,9829,1079,1,1,"0","0"
969,2,2015-06-30,6842,883,1,1,"0","0"
970,2,2015-06-30,5404,535,1,1,"0","0"
971,2,2015-06-30,11828,1198,1,1,"0","0"
972,2,2015-06-30,4889,506,1,1,"0","0"
973,2,2015-06-30,15192,1336,1,1,"0","1"
974,2,2015-06-30,18814,2030,1,1,"0","0"
975,2,2015-06-30,13107,982,1,1,"0","1"
976,2,2015-06-30,11076,884,1,1,"0","1"
977,2,2015-06-30,9747,753,1,1,"0","0"
978,2,2015-06-30,11815,1227,1,1,"0","0"
979,2,2015-06-30,12380,887,1,1,"0","0"
980,2,2015-06-30,8048,537,1,1,"0","1"
981,2,2015-06-30,9693,839,1,1,"0","0"
982,2,2015-06-30,11251,834,1,1,"0","0"
983,2,2015-06-30,14597,1558,1,1,"0","1"
984,2,2015-06-30,11819,990,1,1,"0","1"
985,2,2015-06-30,13308,952,1,1,"0","0"
986,2,2015-06-30,8215,871,1,1,"0","1"
987,2,2015-06-30,11915,1171,1,1,"0","0"
988,2,2015-06-30,5951,866,1,1,"0","0"
989,2,2015-06-30,9675,818,1,1,"0","0"
990,2,2015-06-30,8917,673,1,1,"0","0"
991,2,2015-06-30,7514,549,1,1,"0","1"
992,2,2015-06-30,7551,790,1,1,"0","1"
993,2,2015-06-30,12377,974,1,1,"0","0"
994,2,2015-06-30,9208,676,1,1,"0","1"
995,2,2015-06-30,11302,820,1,1,"0","0"
996,2,2015-06-30,14267,1131,1,1,"0","0"
997,2,2015-06-30,8155,497,1,1,"0","0"
998,2,2015-06-30,6002,634,1,1,"0","0"
999,2,2015-06-30,17046,1000,1,1,"0","0"
1000,2,2015-06-30,11052,819,1,1,"0","0"
1001,2,2015-06-30,10735,961,1,1,"0","0"
1002,2,2015-06-30,9830,925,1,1,"0","0"
1003,2,2015-06-30,13275,1062,1,1,"0","1"
1004,2,2015-06-30,7508,574,1,1,"0","0"
1005,2,2015-06-30,8722,1136,1,1,"0","1"
1006,2,2015-06-30,9491,1054,1,1,"0","0"
1007,2,2015-06-30,10509,962,1,1,"0","0"
1008,2,2015-06-30,8451,955,1,1,"0","0"
1009,2,2015-06-30,6809,555,1,1,"0","0"
1010,2,2015-06-30,12286,867,1,1,"0","0"
1011,2,2015-06-30,9597,948,1,1,"0","1"
1012,2,2015-06-30,7519,533,1,1,"0","0"
1013,2,2015-06-30,5483,492,1,1,"0","1"
1014,2,2015-06-30,21808,1888,1,1,"0","1"
1015,2,2015-06-30,7545,526,1,1,"0","0"
1016,2,2015-06-30,8273,615,1,1,"0","1"
1017,2,2015-06-30,8428,1020,1,1,"0","0"
1018,2,2015-06-30,15017,1507,1,1,"0","0"
1019,2,2015-06-30,16792,1062,1,1,"0","0"
1020,2,2015-06-30,12089,1172,1,1,"0","0"
1021,2,2015-06-30,12311,1318,1,1,"0","0"
1022,2,2015-06-30,10087,939,1,1,"0","1"
1023,2,2015-06-30,8897,746,1,1,"0","0"
1024,2,2015-06-30,8150,804,1,1,"0","0"
1025,2,2015-06-30,10166,1054,1,1,"0","0"
1026,2,2015-06-30,13677,1391,1,1,"0","1"
1027,2,2015-06-30,23624,2354,1,1,"0","0"
1028,2,2015-06-30,9561,804,1,1,"0","1"
1029,2,2015-06-30,8409,1094,1,1,"0","0"
1030,2,2015-06-30,6073,487,1,1,"0","0"
1031,2,2015-06-30,6905,492,1,1,"0","1"
1032,2,2015-06-30,16137,1390,1,1,"0","0"
1033,2,2015-06-30,21513,1662,1,1,"0","0"
1034,2,2015-06-30,9963,980,1,1,"0","0"
1035,2,2015-06-30,7409,752,1,1,"0","0"
1036,2,2015-06-30,6711,521,1,1,"0","1"
1037,2,2015-06-30,8410,958,1,1,"0","1"
1038,2,2015-06-30,7233,557,1,1,"0","0"
1039,2,2015-06-30,11486,1178,1,1,"0","1"
1040,2,2015-06-30,14192,1118,1,1,"0","1"
1041,2,2015-06-30,9198,791,1,1,"0","0"
1042,2,2015-06-30,7177,710,1,1,"0","1"
1043,2,2015-06-30,10645,1323,1,1,"0","0"
1044,2,2015-06-30,11082,1109,1,1,"0","0"
1045,2,2015-06-30,11769,1260,1,1,"0","0"
1046,2,2015-06-30,12454,839,1,1,"0","0"
1047,2,2015-06-30,8379,643,1,1,"0","1"
1048,2,2015-06-30,14640,855,1,1,"0","0"
1049,2,2015-06-30,6869,838,1,1,"0","0"
1050,2,2015-06-30,8069,491,1,1,"0","0"
1051,2,2015-06-30,14890,1450,1,1,"0","0"
1052,2,2015-06-30,9473,796,1,1,"0","1"
1053,2,2015-06-30,14627,1300,1,1,"0","0"
1054,2,2015-06-30,9307,759,1,1,"0","0"
1055,2,2015-06-30,11876,1228,1,1,"0","0"
1056,2,2015-06-30,7734,525,1,1,"0","0"
1057,2,2015-06-30,8144,650,1,1,"0","0"
1058,2,2015-06-30,10374,800,1,1,"0","1"
1059,2,2015-06-30,12277,1357,1,1,"0","0"
1060,2,2015-06-30,10537,955,1,1,"0","1"
1061,2,2015-06-30,9763,596,1,1,"0","0"
1062,2,2015-06-30,8584,704,1,1,"0","0"
1063,2,2015-06-30,5937,610,1,1,"0","0"
1064,2,2015-06-30,14412,1252,1,1,"0","1"
1065,2,2015-06-30,6098,581,1,1,"0","0"
1066,2,2015-06-30,12319,1064,1,1,"0","1"
1067,2,2015-06-30,7266,537,1,1,"0","0"
1068,2,2015-06-30,5806,374,1,1,"0","0"
1069,2,2015-06-30,11670,1122,1,1,"0","0"
1070,2,2015-06-30,10287,984,1,1,"0","0"
1071,2,2015-06-30,8746,925,1,1,"0","0"
1072,2,2015-06-30,9506,794,1,1,"0","1"
1073,2,2015-06-30,15339,1344,1,1,"0","1"
1074,2,2015-06-30,7630,603,1,1,"0","0"
1075,2,2015-06-30,13322,1197,1,1,"0","0"
1076,2,2015-06-30,7358,802,1,1,"0","1"
1077,2,2015-06-30,5745,549,1,1,"0","1"
1078,2,2015-06-30,12990,752,1,1,"0","0"
1079,2,2015-06-30,13821,929,1,1,"0","0"
1080,2,2015-06-30,14995,1039,1,1,"0","0"
1081,2,2015-06-30,9872,1341,1,1,"0","0"
1082,2,2015-06-30,9026,1141,1,1,"0","0"
1083,2,2015-06-30,6957,443,1,1,"0","0"
1084,2,2015-06-30,9703,1037,1,1,"0","0"
1085,2,2015-06-30,9696,841,1,1,"0","0"
1086,2,2015-06-30,9276,855,1,1,"0","0"
1087,2,2015-06-30,9551,736,1,1,"0","0"
1088,2,2015-06-30,8933,645,1,1,"0","1"
1089,2,2015-06-30,14775,1172,1,1,"0","1"
1090,2,2015-06-30,11985,1172,1,1,"0","0"
1091,2,2015-06-30,11661,842,1,1,"0","0"
1092,2,2015-06-30,16343,1340,1,1,"0","0"
1093,2,2015-06-30,10301,917,1,1,"0","0"
1094,2,2015-06-30,7183,459,1,1,"0","0"
1095,2,2015-06-30,7156,855,1,1,"0","0"
1096,2,2015-06-30,9440,812,1,1,"0","1"
1097,2,2015-06-30,12792,2919,1,1,"0","0"
1098,2,2015-06-30,7475,828,1,1,"0","0"
1099,2,2015-06-30,11693,1230,1,1,"0","0"
1100,2,2015-06-30,9406,857,1,1,"0","1"
1101,2,2015-06-30,13966,1150,1,1,"0","0"
1102,2,2015-06-30,9579,797,1,1,"0","0"
1103,2,2015-06-30,7804,534,1,1,"0","0"
1104,2,2015-06-30,8631,525,1,1,"0","0"
1105,2,2015-06-30,7783,700,1,1,"0","1"
1106,2,2015-06-30,8256,733,1,1,"0","0"
1107,2,2015-06-30,12891,968,1,1,"0","0"
1108,2,2015-06-30,10075,834,1,1,"0","0"
1109,2,2015-06-30,7895,609,1,1,"0","0"
1110,2,2015-06-30,6514,652,1,1,"0","0"
1111,2,2015-06-30,9261,615,1,1,"0","1"
1112,2,2015-06-30,11934,799,1,1,"0","1"
1113,2,2015-06-30,7635,721,1,1,"0","0"
1114,2,2015-06-30,29714,3858,1,1,"0","0"
1115,2,2015-06-30,8610,520,1,1,"0","0"
1,1,2015-06-29,5197,541,1,1,"0","0"
2,1,2015-06-29,7961,734,1,1,"0","0"
3,1,2015-06-29,10243,817,1,1,"0","1"
4,1,2015-06-29,11692,1361,1,1,"0","0"
5,1,2015-06-29,7623,668,1,1,"0","0"
6,1,2015-06-29,6995,712,1,1,"0","0"
7,1,2015-06-29,13689,1194,1,1,"0","0"
8,1,2015-06-29,10444,945,1,1,"0","0"
9,1,2015-06-29,13457,882,1,1,"0","1"
10,1,2015-06-29,8057,738,1,1,"0","0"
11,1,2015-06-29,11296,1318,1,1,"0","0"
12,1,2015-06-29,13738,1221,1,1,"0","0"
13,1,2015-06-29,6741,441,1,1,"0","0"
14,1,2015-06-29,8671,839,1,1,"0","1"
15,1,2015-06-29,11290,915,1,1,"0","0"
16,1,2015-06-29,12614,1091,1,1,"0","0"
17,1,2015-06-29,10474,1022,1,1,"0","0"
18,1,2015-06-29,11224,991,1,1,"0","0"
19,1,2015-06-29,11782,883,1,1,"0","1"
20,1,2015-06-29,12156,1136,1,1,"0","0"
21,1,2015-06-29,10608,696,1,1,"0","0"
22,1,2015-06-29,8339,672,1,1,"0","0"
23,1,2015-06-29,9522,637,1,1,"0","0"
24,1,2015-06-29,16618,1115,1,1,"0","1"
25,1,2015-06-29,14621,1781,1,1,"0","1"
26,1,2015-06-29,11005,712,1,1,"0","0"
27,1,2015-06-29,18736,1502,1,1,"0","1"
28,1,2015-06-29,8496,753,1,1,"0","0"
29,1,2015-06-29,14107,1027,1,1,"0","1"
30,1,2015-06-29,6701,753,1,1,"0","1"
31,1,2015-06-29,7416,644,1,1,"0","0"
32,1,2015-06-29,6176,635,1,1,"0","0"
33,1,2015-06-29,12165,944,1,1,"0","1"
34,1,2015-06-29,12108,1255,1,1,"0","0"
35,1,2015-06-29,21370,1119,1,1,"0","1"
36,1,2015-06-29,12727,1273,1,1,"0","0"
37,1,2015-06-29,9069,793,1,1,"0","0"
38,1,2015-06-29,11180,797,1,1,"0","1"
39,1,2015-06-29,8158,818,1,1,"0","1"
40,1,2015-06-29,4853,628,1,1,"0","1"
41,1,2015-06-29,8013,540,1,1,"0","0"
42,1,2015-06-29,18911,1512,1,1,"0","1"
43,1,2015-06-29,11757,841,1,1,"0","1"
44,1,2015-06-29,8698,839,1,1,"0","0"
45,1,2015-06-29,8569,546,1,1,"0","0"
46,1,2015-06-29,8621,784,1,1,"0","0"
47,1,2015-06-29,11392,1174,1,1,"0","0"
48,1,2015-06-29,5030,442,1,1,"0","0"
49,1,2015-06-29,10957,693,1,1,"0","0"
50,1,2015-06-29,7372,512,1,1,"0","0"
51,1,2015-06-29,10330,601,1,1,"0","0"
52,1,2015-06-29,9885,543,1,1,"0","0"
53,1,2015-06-29,7513,721,1,1,"0","0"
54,1,2015-06-29,10446,769,1,1,"0","0"
55,1,2015-06-29,8172,813,1,1,"0","0"
56,1,2015-06-29,11070,652,1,1,"0","0"
57,1,2015-06-29,13545,1144,1,1,"0","0"
58,1,2015-06-29,14457,858,1,1,"0","0"
59,1,2015-06-29,9924,831,1,1,"0","0"
60,1,2015-06-29,14510,1010,1,1,"0","0"
61,1,2015-06-29,9380,780,1,1,"0","0"
62,1,2015-06-29,10933,1012,1,1,"0","1"
63,1,2015-06-29,10984,761,1,1,"0","0"
64,1,2015-06-29,17537,1027,1,1,"0","1"
65,1,2015-06-29,8478,615,1,1,"0","0"
66,1,2015-06-29,8526,609,1,1,"0","0"
67,1,2015-06-29,12714,1037,1,1,"0","0"
68,1,2015-06-29,9327,1314,1,1,"0","0"
69,1,2015-06-29,12758,1408,1,1,"0","0"
70,1,2015-06-29,10331,839,1,1,"0","0"
71,1,2015-06-29,15224,1026,1,1,"0","1"
72,1,2015-06-29,9503,744,1,1,"0","0"
73,1,2015-06-29,7077,609,1,1,"0","0"
74,1,2015-06-29,10339,1169,1,1,"0","1"
75,1,2015-06-29,8981,780,1,1,"0","0"
76,1,2015-06-29,12719,1114,1,1,"0","0"
77,1,2015-06-29,12702,844,1,1,"0","0"
78,1,2015-06-29,5119,575,1,1,"0","0"
79,1,2015-06-29,9395,763,1,1,"0","0"
80,1,2015-06-29,11950,744,1,1,"0","0"
81,1,2015-06-29,10348,674,1,1,"0","0"
82,1,2015-06-29,15283,1140,1,1,"0","1"
83,1,2015-06-29,5080,411,1,1,"0","1"
84,1,2015-06-29,20668,1714,1,1,"0","1"
85,1,2015-06-29,8833,1009,1,1,"0","0"
86,1,2015-06-29,7957,796,1,1,"0","1"
87,1,2015-06-29,8956,1006,1,1,"0","0"
88,1,2015-06-29,10633,873,1,1,"0","0"
89,1,2015-06-29,9152,828,1,1,"0","0"
90,1,2015-06-29,12721,1297,1,1,"0","1"
91,1,2015-06-29,7572,602,1,1,"0","0"
92,1,2015-06-29,11023,792,1,1,"0","1"
93,1,2015-06-29,10212,816,1,1,"0","1"
94,1,2015-06-29,11278,809,1,1,"0","1"
95,1,2015-06-29,10539,1055,1,1,"0","0"
96,1,2015-06-29,9347,775,1,1,"0","0"
97,1,2015-06-29,10893,899,1,1,"0","0"
98,1,2015-06-29,9429,647,1,1,"0","1"
99,1,2015-06-29,7528,577,1,1,"0","0"
100,1,2015-06-29,11036,820,1,1,"0","0"
101,1,2015-06-29,11099,938,1,1,"0","0"
102,1,2015-06-29,12311,1386,1,1,"0","1"
103,1,2015-06-29,6318,502,1,1,"0","0"
104,1,2015-06-29,12375,1396,1,1,"0","0"
105,1,2015-06-29,8517,802,1,1,"0","0"
106,1,2015-06-29,11915,983,1,1,"0","0"
107,1,2015-06-29,10046,1107,1,1,"0","0"
108,1,2015-06-29,16675,1095,1,1,"0","0"
109,1,2015-06-29,8650,876,1,1,"0","0"
110,1,2015-06-29,6153,697,1,1,"0","0"
111,1,2015-06-29,10544,787,1,1,"0","0"
112,1,2015-06-29,9282,914,1,1,"0","0"
113,1,2015-06-29,7801,701,1,1,"0","0"
114,1,2015-06-29,7683,673,1,1,"0","0"
115,1,2015-06-29,9476,630,1,1,"0","0"
116,1,2015-06-29,9836,873,1,1,"0","0"
117,1,2015-06-29,5620,589,1,1,"0","1"
118,1,2015-06-29,13495,970,1,1,"0","0"
119,1,2015-06-29,9415,819,1,1,"0","0"
120,1,2015-06-29,12871,904,1,1,"0","0"
121,1,2015-06-29,7011,619,1,1,"0","0"
122,1,2015-06-29,10519,1106,1,1,"0","0"
123,1,2015-06-29,13280,1306,1,1,"0","0"
124,1,2015-06-29,5879,598,1,1,"0","1"
125,1,2015-06-29,17110,1994,1,1,"0","0"
126,1,2015-06-29,8240,649,1,1,"0","1"
127,1,2015-06-29,9441,927,1,1,"0","0"
128,1,2015-06-29,14550,915,1,1,"0","0"
129,1,2015-06-29,14183,1380,1,1,"0","0"
130,1,2015-06-29,7920,753,1,1,"0","0"
131,1,2015-06-29,7987,691,1,1,"0","1"
132,1,2015-06-29,11607,819,1,1,"0","0"
133,1,2015-06-29,9152,871,1,1,"0","0"
134,1,2015-06-29,6049,609,1,1,"0","0"
135,1,2015-06-29,10957,731,1,1,"0","0"
136,1,2015-06-29,8488,542,1,1,"0","0"
137,1,2015-06-29,12070,1209,1,1,"0","0"
138,1,2015-06-29,12679,1000,1,1,"0","0"
139,1,2015-06-29,11789,708,1,1,"0","0"
140,1,2015-06-29,12514,1314,1,1,"0","0"
141,1,2015-06-29,8734,757,1,1,"0","0"
142,1,2015-06-29,6280,652,1,1,"0","1"
143,1,2015-06-29,10736,794,1,1,"0","0"
144,1,2015-06-29,9325,812,1,1,"0","0"
145,1,2015-06-29,12121,1445,1,1,"0","0"
146,1,2015-06-29,13662,893,1,1,"0","1"
147,1,2015-06-29,12261,1015,1,1,"0","1"
148,1,2015-06-29,12839,1033,1,1,"0","0"
149,1,2015-06-29,9070,663,1,1,"0","0"
150,1,2015-06-29,13635,1060,1,1,"0","0"
151,1,2015-06-29,11469,856,1,1,"0","0"
152,1,2015-06-29,9518,818,1,1,"0","1"
153,1,2015-06-29,9786,687,1,1,"0","1"
154,1,2015-06-29,14282,989,1,1,"0","0"
155,1,2015-06-29,12958,934,1,1,"0","0"
156,1,2015-06-29,11312,894,1,1,"0","0"
157,1,2015-06-29,15711,1248,1,1,"0","1"
158,1,2015-06-29,9566,527,1,1,"0","0"
159,1,2015-06-29,12197,875,1,1,"0","0"
160,1,2015-06-29,7695,622,1,1,"0","0"
161,1,2015-06-29,9836,920,1,1,"0","1"
162,1,2015-06-29,14082,786,1,1,"0","0"
163,1,2015-06-29,8468,959,1,1,"0","0"
164,1,2015-06-29,12292,1004,1,1,"0","0"
165,1,2015-06-29,5385,519,1,1,"0","0"
166,1,2015-06-29,9464,1103,1,1,"0","1"
167,1,2015-06-29,14757,1378,1,1,"0","0"
168,1,2015-06-29,11766,988,1,1,"0","0"
169,1,2015-06-29,9727,681,1,1,"0","1"
170,1,2015-06-29,7556,647,1,1,"0","1"
171,1,2015-06-29,14236,1182,1,1,"0","1"
172,1,2015-06-29,8803,969,1,1,"0","0"
173,1,2015-06-29,12288,1257,1,1,"0","0"
174,1,2015-06-29,8601,549,1,1,"0","0"
175,1,2015-06-29,8409,853,1,1,"0","0"
176,1,2015-06-29,9121,806,1,1,"0","1"
177,1,2015-06-29,6309,655,1,1,"0","0"
178,1,2015-06-29,15655,1146,1,1,"0","0"
179,1,2015-06-29,12945,1328,1,1,"0","1"
180,1,2015-06-29,10403,1002,1,1,"0","0"
181,1,2015-06-29,11647,952,1,1,"0","0"
182,1,2015-06-29,7787,550,1,1,"0","0"
183,1,2015-06-29,13260,1158,1,1,"0","0"
184,1,2015-06-29,10004,727,1,1,"0","1"
185,1,2015-06-29,10294,668,1,1,"0","0"
186,1,2015-06-29,6049,491,1,1,"0","0"
187,1,2015-06-29,9348,934,1,1,"0","0"
188,1,2015-06-29,8639,586,1,1,"0","0"
189,1,2015-06-29,11874,962,1,1,"0","0"
190,1,2015-06-29,12172,891,1,1,"0","0"
191,1,2015-06-29,9627,875,1,1,"0","0"
192,1,2015-06-29,19222,1102,1,1,"0","0"
193,1,2015-06-29,9248,992,1,1,"0","0"
194,1,2015-06-29,6427,460,1,1,"0","0"
195,1,2015-06-29,16636,1609,1,1,"0","1"
196,1,2015-06-29,8325,884,1,1,"0","0"
197,1,2015-06-29,9394,949,1,1,"0","0"
198,1,2015-06-29,6349,526,1,1,"0","0"
199,1,2015-06-29,12528,785,1,1,"0","0"
200,1,2015-06-29,10467,1107,1,1,"0","1"
201,1,2015-06-29,7203,505,1,1,"0","1"
202,1,2015-06-29,8727,652,1,1,"0","0"
203,1,2015-06-29,8725,947,1,1,"0","0"
204,1,2015-06-29,7791,646,1,1,"0","0"
205,1,2015-06-29,9800,1079,1,1,"0","0"
206,1,2015-06-29,14894,1185,1,1,"0","1"
207,1,2015-06-29,17866,1630,1,1,"0","0"
208,1,2015-06-29,3955,449,1,1,"0","0"
209,1,2015-06-29,9846,876,1,1,"0","0"
210,1,2015-06-29,4280,370,1,1,"0","0"
211,1,2015-06-29,20761,2015,1,1,"0","0"
212,1,2015-06-29,6266,530,1,1,"0","0"
213,1,2015-06-29,14289,874,1,1,"0","1"
214,1,2015-06-29,14927,884,1,1,"0","1"
215,1,2015-06-29,9416,611,1,1,"0","0"
216,1,2015-06-29,10998,1070,1,1,"0","1"
217,1,2015-06-29,6671,790,1,1,"0","0"
218,1,2015-06-29,7131,833,1,1,"0","0"
219,1,2015-06-29,4344,501,1,1,"0","1"
220,1,2015-06-29,7962,786,1,1,"0","1"
221,1,2015-06-29,8734,707,1,1,"0","0"
222,1,2015-06-29,7397,728,1,1,"0","0"
223,1,2015-06-29,12787,1019,1,1,"0","0"
224,1,2015-06-29,13640,753,1,1,"0","0"
225,1,2015-06-29,7397,656,1,1,"0","0"
226,1,2015-06-29,10197,866,1,1,"0","0"
227,1,2015-06-29,9361,685,1,1,"0","1"
228,1,2015-06-29,11393,730,1,1,"0","1"
229,1,2015-06-29,13477,940,1,1,"0","0"
230,1,2015-06-29,11089,1172,1,1,"0","0"
231,1,2015-06-29,6858,465,1,1,"0","0"
232,1,2015-06-29,4747,373,1,1,"0","0"
233,1,2015-06-29,13943,1276,1,1,"0","0"
234,1,2015-06-29,19933,1348,1,1,"0","1"
235,1,2015-06-29,11270,699,1,1,"0","0"
236,1,2015-06-29,11111,1139,1,1,"0","0"
237,1,2015-06-29,6289,764,1,1,"0","0"
238,1,2015-06-29,11066,1311,1,1,"0","1"
239,1,2015-06-29,8540,643,1,1,"0","1"
240,1,2015-06-29,7161,578,1,1,"0","0"
241,1,2015-06-29,9189,824,1,1,"0","1"
242,1,2015-06-29,8036,582,1,1,"0","0"
243,1,2015-06-29,11252,1188,1,1,"0","0"
244,1,2015-06-29,12217,825,1,1,"0","1"
245,1,2015-06-29,13289,1338,1,1,"0","0"
246,1,2015-06-29,9077,1070,1,1,"0","0"
247,1,2015-06-29,11987,828,1,1,"0","0"
248,1,2015-06-29,11034,1245,1,1,"0","0"
249,1,2015-06-29,7786,659,1,1,"0","0"
250,1,2015-06-29,13695,895,1,1,"0","0"
251,1,2015-06-29,28664,3088,1,1,"0","1"
252,1,2015-06-29,18166,1121,1,1,"0","1"
253,1,2015-06-29,11504,987,1,1,"0","1"
254,1,2015-06-29,4327,314,1,1,"0","0"
255,1,2015-06-29,9472,744,1,1,"0","1"
256,1,2015-06-29,15114,1437,1,1,"0","1"
257,1,2015-06-29,7069,728,1,1,"0","0"
258,1,2015-06-29,9244,658,1,1,"0","0"
259,1,2015-06-29,14102,2850,1,1,"0","0"
260,1,2015-06-29,7944,997,1,1,"0","0"
261,1,2015-06-29,21048,1295,1,1,"0","0"
262,1,2015-06-29,20112,3219,1,1,"0","0"
263,1,2015-06-29,6226,451,1,1,"0","0"
264,1,2015-06-29,11000,1166,1,1,"0","0"
265,1,2015-06-29,9997,751,1,1,"0","0"
266,1,2015-06-29,4961,570,1,1,"0","0"
267,1,2015-06-29,10695,1071,1,1,"0","0"
268,1,2015-06-29,7211,760,1,1,"0","0"
269,1,2015-06-29,13370,1433,1,1,"0","1"
270,1,2015-06-29,14646,1557,1,1,"0","0"
271,1,2015-06-29,15616,1174,1,1,"0","0"
272,1,2015-06-29,11475,887,1,1,"0","0"
273,1,2015-06-29,12965,968,1,1,"0","1"
274,1,2015-06-29,7625,1406,1,1,"0","0"
275,1,2015-06-29,11644,880,1,1,"0","0"
276,1,2015-06-29,5066,614,1,1,"0","0"
277,1,2015-06-29,8820,620,1,1,"0","0"
278,1,2015-06-29,10747,1033,1,1,"0","0"
279,1,2015-06-29,20089,1147,1,1,"0","0"
280,1,2015-06-29,8154,601,1,1,"0","0"
281,1,2015-06-29,8403,608,1,1,"0","0"
282,1,2015-06-29,6751,833,1,1,"0","0"
283,1,2015-06-29,10021,877,1,1,"0","0"
284,1,2015-06-29,9336,602,1,1,"0","0"
285,1,2015-06-29,7360,600,1,1,"0","0"
286,1,2015-06-29,7111,492,1,1,"0","0"
287,1,2015-06-29,11206,1004,1,1,"0","0"
288,1,2015-06-29,8971,561,1,1,"0","0"
289,1,2015-06-29,7444,625,1,1,"0","0"
290,1,2015-06-29,12169,889,1,1,"0","1"
291,1,2015-06-29,14055,1213,1,1,"0","0"
292,1,2015-06-29,29161,1370,1,1,"0","0"
293,1,2015-06-29,9714,1003,1,1,"0","0"
294,1,2015-06-29,9578,1044,1,1,"0","0"
295,1,2015-06-29,9247,928,1,1,"0","0"
296,1,2015-06-29,10781,952,1,1,"0","0"
297,1,2015-06-29,11760,934,1,1,"0","0"
298,1,2015-06-29,12120,816,1,1,"0","0"
299,1,2015-06-29,10659,1077,1,1,"0","0"
300,1,2015-06-29,11299,1138,1,1,"0","0"
301,1,2015-06-29,7128,657,1,1,"0","0"
302,1,2015-06-29,4564,332,1,1,"0","0"
303,1,2015-06-29,9712,901,1,1,"0","1"
304,1,2015-06-29,9989,1358,1,1,"0","0"
305,1,2015-06-29,9866,753,1,1,"0","0"
306,1,2015-06-29,7317,651,1,1,"0","0"
307,1,2015-06-29,3921,373,1,1,"0","0"
308,1,2015-06-29,14526,1151,1,1,"0","1"
309,1,2015-06-29,11186,772,1,1,"0","1"
310,1,2015-06-29,14560,1016,1,1,"0","0"
311,1,2015-06-29,10237,1004,1,1,"0","0"
312,1,2015-06-29,9885,727,1,1,"0","0"
313,1,2015-06-29,10416,839,1,1,"0","0"
314,1,2015-06-29,8035,715,1,1,"0","1"
315,1,2015-06-29,6682,566,1,1,"0","0"
316,1,2015-06-29,18101,1214,1,1,"0","1"
317,1,2015-06-29,8302,672,1,1,"0","0"
318,1,2015-06-29,10898,800,1,1,"0","0"
319,1,2015-06-29,10170,945,1,1,"0","0"
320,1,2015-06-29,20912,2446,1,1,"0","0"
321,1,2015-06-29,7433,635,1,1,"0","0"
322,1,2015-06-29,10027,810,1,1,"0","0"
323,1,2015-06-29,10740,786,1,1,"0","0"
324,1,2015-06-29,10806,1041,1,1,"0","0"
325,1,2015-06-29,8924,716,1,1,"0","1"
326,1,2015-06-29,7231,513,1,1,"0","0"
327,1,2015-06-29,11141,1108,1,1,"0","0"
328,1,2015-06-29,6781,635,1,1,"0","1"
329,1,2015-06-29,11318,786,1,1,"0","1"
330,1,2015-06-29,5547,496,1,1,"0","1"
331,1,2015-06-29,8378,901,1,1,"0","0"
332,1,2015-06-29,5882,651,1,1,"0","0"
333,1,2015-06-29,13685,1510,1,1,"0","0"
334,1,2015-06-29,6674,593,1,1,"0","1"
335,1,2015-06-29,27177,3208,1,1,"0","1"
336,1,2015-06-29,21979,2501,1,1,"0","0"
337,1,2015-06-29,6535,432,1,1,"0","0"
338,1,2015-06-29,11929,842,1,1,"0","0"
339,1,2015-06-29,7896,839,1,1,"0","0"
340,1,2015-06-29,11597,967,1,1,"0","0"
341,1,2015-06-29,9222,971,1,1,"0","1"
342,1,2015-06-29,16845,1027,1,1,"0","0"
343,1,2015-06-29,13655,936,1,1,"0","1"
344,1,2015-06-29,17307,1735,1,1,"0","0"
345,1,2015-06-29,7270,661,1,1,"0","0"
346,1,2015-06-29,11343,815,1,1,"0","1"
347,1,2015-06-29,6727,447,1,1,"0","0"
348,1,2015-06-29,13093,868,1,1,"0","0"
349,1,2015-06-29,11019,984,1,1,"0","0"
350,1,2015-06-29,11255,701,1,1,"0","0"
351,1,2015-06-29,9647,647,1,1,"0","1"
352,1,2015-06-29,9415,770,1,1,"0","0"
353,1,2015-06-29,7645,1819,1,1,"0","0"
354,1,2015-06-29,12380,852,1,1,"0","1"
355,1,2015-06-29,13812,1387,1,1,"0","0"
356,1,2015-06-29,8218,525,1,1,"0","0"
357,1,2015-06-29,11712,1291,1,1,"0","0"
358,1,2015-06-29,16351,1372,1,1,"0","1"
359,1,2015-06-29,8855,697,1,1,"0","0"
360,1,2015-06-29,9784,930,1,1,"0","0"
361,1,2015-06-29,9397,753,1,1,"0","0"
362,1,2015-06-29,13955,1412,1,1,"0","0"
363,1,2015-06-29,9771,1150,1,1,"0","0"
364,1,2015-06-29,6883,751,1,1,"0","0"
365,1,2015-06-29,8148,706,1,1,"0","0"
366,1,2015-06-29,9447,760,1,1,"0","0"
367,1,2015-06-29,9824,772,1,1,"0","0"
368,1,2015-06-29,17036,1039,1,1,"0","0"
369,1,2015-06-29,9896,668,1,1,"0","0"
370,1,2015-06-29,12543,802,1,1,"0","1"
371,1,2015-06-29,10190,710,1,1,"0","0"
372,1,2015-06-29,16425,1017,1,1,"0","1"
373,1,2015-06-29,6555,372,1,1,"0","0"
374,1,2015-06-29,10392,1039,1,1,"0","0"
375,1,2015-06-29,16145,1074,1,1,"0","0"
376,1,2015-06-29,13562,1188,1,1,"0","0"
377,1,2015-06-29,11114,1183,1,1,"0","0"
378,1,2015-06-29,10392,1322,1,1,"0","1"
379,1,2015-06-29,6008,613,1,1,"0","0"
380,1,2015-06-29,21509,1638,1,1,"0","1"
381,1,2015-06-29,13338,1225,1,1,"0","0"
382,1,2015-06-29,11873,834,1,1,"0","0"
383,1,2015-06-29,21002,2373,1,1,"0","0"
384,1,2015-06-29,13507,1252,1,1,"0","0"
385,1,2015-06-29,10921,780,1,1,"0","0"
386,1,2015-06-29,12802,823,1,1,"0","1"
387,1,2015-06-29,15541,1469,1,1,"0","1"
388,1,2015-06-29,16543,1365,1,1,"0","1"
389,1,2015-06-29,15175,1595,1,1,"0","0"
390,1,2015-06-29,18398,1374,1,1,"0","0"
391,1,2015-06-29,9706,893,1,1,"0","1"
392,1,2015-06-29,13965,1011,1,1,"0","1"
393,1,2015-06-29,9314,708,1,1,"0","1"
394,1,2015-06-29,12751,819,1,1,"0","0"
395,1,2015-06-29,5173,611,1,1,"0","1"
396,1,2015-06-29,16187,1457,1,1,"0","0"
397,1,2015-06-29,9932,995,1,1,"0","1"
398,1,2015-06-29,9221,801,1,1,"0","0"
399,1,2015-06-29,10066,784,1,1,"0","0"
400,1,2015-06-29,15873,1603,1,1,"0","0"
401,1,2015-06-29,12812,968,1,1,"0","0"
402,1,2015-06-29,8164,723,1,1,"0","0"
403,1,2015-06-29,11483,892,1,1,"0","1"
404,1,2015-06-29,7729,777,1,1,"0","0"
405,1,2015-06-29,9227,715,1,1,"0","1"
406,1,2015-06-29,11318,673,1,1,"0","0"
407,1,2015-06-29,5238,393,1,1,"0","0"
408,1,2015-06-29,6701,536,1,1,"0","0"
409,1,2015-06-29,10527,812,1,1,"0","0"
410,1,2015-06-29,11577,1063,1,1,"0","1"
411,1,2015-06-29,14444,940,1,1,"0","0"
412,1,2015-06-29,13574,789,1,1,"0","0"
413,1,2015-06-29,10976,1157,1,1,"0","0"
414,1,2015-06-29,10495,646,1,1,"0","0"
415,1,2015-06-29,9039,616,1,1,"0","0"
416,1,2015-06-29,17421,1773,1,1,"0","0"
417,1,2015-06-29,12746,1013,1,1,"0","1"
418,1,2015-06-29,8901,720,1,1,"0","1"
419,1,2015-06-29,7573,990,1,1,"0","0"
420,1,2015-06-29,6642,517,1,1,"0","0"
421,1,2015-06-29,11820,1033,1,1,"0","0"
422,1,2015-06-29,5573,475,1,1,"0","0"
423,1,2015-06-29,13827,2114,1,1,"0","0"
424,1,2015-06-29,12184,1067,1,1,"0","1"
425,1,2015-06-29,5291,594,1,1,"0","1"
426,1,2015-06-29,7582,796,1,1,"0","1"
427,1,2015-06-29,14411,1111,1,1,"0","0"
428,1,2015-06-29,9721,684,1,1,"0","0"
429,1,2015-06-29,8506,587,1,1,"0","0"
430,1,2015-06-29,10843,770,1,1,"0","0"
431,1,2015-06-29,14238,1188,1,1,"0","1"
432,1,2015-06-29,15925,1956,1,1,"0","0"
433,1,2015-06-29,7641,789,1,1,"0","0"
434,1,2015-06-29,13734,884,1,1,"0","0"
435,1,2015-06-29,5208,473,1,1,"0","1"
436,1,2015-06-29,7380,743,1,1,"0","0"
437,1,2015-06-29,10176,810,1,1,"0","0"
438,1,2015-06-29,11797,906,1,1,"0","0"
439,1,2015-06-29,11492,1121,1,1,"0","0"
440,1,2015-06-29,7530,720,1,1,"0","0"
441,1,2015-06-29,9030,817,1,1,"0","1"
442,1,2015-06-29,6689,560,1,1,"0","0"
443,1,2015-06-29,7803,608,1,1,"0","0"
444,1,2015-06-29,13235,1278,1,1,"0","0"
445,1,2015-06-29,10903,1526,1,1,"0","1"
446,1,2015-06-29,7538,775,1,1,"0","1"
447,1,2015-06-29,7300,790,1,1,"0","0"
448,1,2015-06-29,13563,966,1,1,"0","1"
449,1,2015-06-29,18221,1881,1,1,"0","0"
450,1,2015-06-29,12094,1072,1,1,"0","0"
451,1,2015-06-29,10234,645,1,1,"0","0"
452,1,2015-06-29,8067,594,1,1,"0","0"
453,1,2015-06-29,14028,1381,1,1,"0","0"
454,1,2015-06-29,10033,936,1,1,"0","0"
455,1,2015-06-29,9156,531,1,1,"0","0"
456,1,2015-06-29,10193,1157,1,1,"0","1"
457,1,2015-06-29,8854,643,1,1,"0","0"
458,1,2015-06-29,9872,800,1,1,"0","0"
459,1,2015-06-29,13748,1434,1,1,"0","0"
460,1,2015-06-29,6770,516,1,1,"0","0"
461,1,2015-06-29,6608,516,1,1,"0","0"
462,1,2015-06-29,6656,723,1,1,"0","0"
463,1,2015-06-29,9660,1286,1,1,"0","1"
464,1,2015-06-29,12675,1327,1,1,"0","0"
465,1,2015-06-29,11656,787,1,1,"0","0"
466,1,2015-06-29,13094,1016,1,1,"0","1"
467,1,2015-06-29,20656,1993,1,1,"0","1"
468,1,2015-06-29,7581,705,1,1,"0","0"
469,1,2015-06-29,17134,1726,1,1,"0","0"
470,1,2015-06-29,18235,2029,1,1,"0","1"
471,1,2015-06-29,9808,688,1,1,"0","0"
472,1,2015-06-29,6850,805,1,1,"0","0"
473,1,2015-06-29,5207,586,1,1,"0","1"
474,1,2015-06-29,11133,860,1,1,"0","0"
475,1,2015-06-29,10278,1256,1,1,"0","1"
476,1,2015-06-29,8978,825,1,1,"0","0"
477,1,2015-06-29,10102,658,1,1,"0","0"
478,1,2015-06-29,10277,866,1,1,"0","0"
479,1,2015-06-29,15069,1521,1,1,"0","0"
480,1,2015-06-29,7760,831,1,1,"0","0"
481,1,2015-06-29,8454,627,1,1,"0","0"
482,1,2015-06-29,9823,892,1,1,"0","0"
483,1,2015-06-29,8950,922,1,1,"0","0"
484,1,2015-06-29,9476,780,1,1,"0","0"
485,1,2015-06-29,7187,539,1,1,"0","0"
486,1,2015-06-29,8621,781,1,1,"0","1"
487,1,2015-06-29,9400,721,1,1,"0","0"
488,1,2015-06-29,5437,490,1,1,"0","0"
489,1,2015-06-29,14713,983,1,1,"0","0"
490,1,2015-06-29,10371,1155,1,1,"0","0"
491,1,2015-06-29,10722,678,1,1,"0","0"
492,1,2015-06-29,11651,1436,1,1,"0","0"
493,1,2015-06-29,15213,1129,1,1,"0","1"
494,1,2015-06-29,11097,1224,1,1,"0","0"
495,1,2015-06-29,8935,611,1,1,"0","0"
496,1,2015-06-29,12369,1054,1,1,"0","0"
497,1,2015-06-29,12526,1266,1,1,"0","0"
498,1,2015-06-29,9097,1003,1,1,"0","0"
499,1,2015-06-29,7602,877,1,1,"0","0"
500,1,2015-06-29,8084,529,1,1,"0","0"
501,1,2015-06-29,6887,630,1,1,"0","0"
502,1,2015-06-29,15556,1768,1,1,"0","0"
503,1,2015-06-29,12065,662,1,1,"0","0"
504,1,2015-06-29,9585,1129,1,1,"0","0"
505,1,2015-06-29,7015,741,1,1,"0","0"
506,1,2015-06-29,12268,1063,1,1,"0","1"
507,1,2015-06-29,15498,914,1,1,"0","1"
508,1,2015-06-29,13455,967,1,1,"0","1"
509,1,2015-06-29,11284,715,1,1,"0","0"
510,1,2015-06-29,12362,1021,1,1,"0","1"
511,1,2015-06-29,7332,894,1,1,"0","0"
512,1,2015-06-29,6930,1668,1,1,"0","0"
513,1,2015-06-29,23582,2378,1,1,"0","0"
514,1,2015-06-29,10166,853,1,1,"0","0"
515,1,2015-06-29,12866,824,1,1,"0","1"
516,1,2015-06-29,11657,1065,1,1,"0","1"
517,1,2015-06-29,10357,938,1,1,"0","0"
518,1,2015-06-29,12471,731,1,1,"0","0"
519,1,2015-06-29,8894,710,1,1,"0","0"
520,1,2015-06-29,5489,512,1,1,"0","0"
521,1,2015-06-29,7603,552,1,1,"0","0"
522,1,2015-06-29,14489,874,1,1,"0","0"
523,1,2015-06-29,16796,1690,1,1,"0","0"
524,1,2015-06-29,12338,1100,1,1,"0","0"
525,1,2015-06-29,12602,920,1,1,"0","0"
526,1,2015-06-29,17449,1901,1,1,"0","0"
527,1,2015-06-29,15838,1212,1,1,"0","1"
528,1,2015-06-29,18660,1268,1,1,"0","1"
529,1,2015-06-29,12120,978,1,1,"0","0"
530,1,2015-06-29,7963,1118,1,1,"0","0"
531,1,2015-06-29,6720,722,1,1,"0","0"
532,1,2015-06-29,15830,1542,1,1,"0","1"
533,1,2015-06-29,16483,1231,1,1,"0","0"
534,1,2015-06-29,13886,809,1,1,"0","0"
535,1,2015-06-29,13050,1235,1,1,"0","1"
536,1,2015-06-29,13118,1051,1,1,"0","1"
537,1,2015-06-29,9999,893,1,1,"0","0"
538,1,2015-06-29,6584,769,1,1,"0","0"
539,1,2015-06-29,14722,1304,1,1,"0","0"
540,1,2015-06-29,11189,629,1,1,"0","0"
541,1,2015-06-29,11590,1096,1,1,"0","1"
542,1,2015-06-29,9867,665,1,1,"0","0"
543,1,2015-06-29,5855,373,1,1,"0","0"
544,1,2015-06-29,23349,2380,1,1,"0","0"
545,1,2015-06-29,18062,1336,1,1,"0","1"
546,1,2015-06-29,19668,2070,1,1,"0","0"
547,1,2015-06-29,7439,521,1,1,"0","0"
548,1,2015-06-29,8157,539,1,1,"0","0"
549,1,2015-06-29,6120,677,1,1,"0","0"
550,1,2015-06-29,6007,436,1,1,"0","0"
551,1,2015-06-29,8894,1231,1,1,"0","0"
552,1,2015-06-29,16226,1086,1,1,"0","0"
553,1,2015-06-29,10638,708,1,1,"0","0"
554,1,2015-06-29,8498,950,1,1,"0","0"
555,1,2015-06-29,6644,497,1,1,"0","0"
556,1,2015-06-29,10873,1101,1,1,"0","0"
557,1,2015-06-29,7089,818,1,1,"0","1"
558,1,2015-06-29,4228,514,1,1,"0","0"
559,1,2015-06-29,9657,1016,1,1,"0","0"
560,1,2015-06-29,20929,2015,1,1,"0","0"
561,1,2015-06-29,9704,774,1,1,"0","1"
562,1,2015-06-29,20546,3154,1,1,"0","0"
563,1,2015-06-29,6576,663,1,1,"0","1"
564,1,2015-06-29,9047,660,1,1,"0","1"
565,1,2015-06-29,10448,941,1,1,"0","1"
566,1,2015-06-29,8501,711,1,1,"0","0"
567,1,2015-06-29,7223,794,1,1,"0","1"
568,1,2015-06-29,6911,491,1,1,"0","0"
569,1,2015-06-29,5980,780,1,1,"0","0"
570,1,2015-06-29,6537,812,1,1,"0","1"
571,1,2015-06-29,12874,780,1,1,"0","0"
572,1,2015-06-29,12171,788,1,1,"0","1"
573,1,2015-06-29,7063,469,1,1,"0","0"
574,1,2015-06-29,15135,855,1,1,"0","0"
575,1,2015-06-29,12237,867,1,1,"0","0"
576,1,2015-06-29,10540,1211,1,1,"0","0"
577,1,2015-06-29,6639,667,1,1,"0","0"
578,1,2015-06-29,13345,1097,1,1,"0","0"
579,1,2015-06-29,11242,966,1,1,"0","1"
580,1,2015-06-29,11478,1660,1,1,"0","0"
581,1,2015-06-29,8883,759,1,1,"0","0"
582,1,2015-06-29,11082,1091,1,1,"0","0"
583,1,2015-06-29,6725,576,1,1,"0","0"
584,1,2015-06-29,6752,518,1,1,"0","0"
585,1,2015-06-29,7155,936,1,1,"0","0"
586,1,2015-06-29,21885,2801,1,1,"0","1"
587,1,2015-06-29,14861,909,1,1,"0","0"
588,1,2015-06-29,9379,825,1,1,"0","0"
589,1,2015-06-29,7484,655,1,1,"0","0"
590,1,2015-06-29,7433,468,1,1,"0","0"
591,1,2015-06-29,7216,549,1,1,"0","0"
592,1,2015-06-29,6316,670,1,1,"0","1"
593,1,2015-06-29,14017,1556,1,1,"0","0"
594,1,2015-06-29,6172,600,1,1,"0","0"
595,1,2015-06-29,18854,1903,1,1,"0","0"
596,1,2015-06-29,6748,903,1,1,"0","0"
597,1,2015-06-29,7137,889,1,1,"0","0"
598,1,2015-06-29,8249,871,1,1,"0","0"
599,1,2015-06-29,13163,1027,1,1,"0","0"
600,1,2015-06-29,11269,772,1,1,"0","0"
601,1,2015-06-29,8048,536,1,1,"0","0"
602,1,2015-06-29,8942,755,1,1,"0","0"
603,1,2015-06-29,12246,1242,1,1,"0","0"
604,1,2015-06-29,10066,612,1,1,"0","0"
605,1,2015-06-29,11600,610,1,1,"0","0"
606,1,2015-06-29,7710,696,1,1,"0","0"
607,1,2015-06-29,7303,662,1,1,"0","0"
608,1,2015-06-29,18183,1460,1,1,"0","0"
609,1,2015-06-29,7305,671,1,1,"0","0"
610,1,2015-06-29,7067,707,1,1,"0","1"
611,1,2015-06-29,8631,602,1,1,"0","0"
612,1,2015-06-29,11895,566,1,1,"0","0"
613,1,2015-06-29,9278,1090,1,1,"0","0"
614,1,2015-06-29,9220,1111,1,1,"0","0"
615,1,2015-06-29,14440,1501,1,1,"0","0"
616,1,2015-06-29,12494,1013,1,1,"0","1"
617,1,2015-06-29,10586,786,1,1,"0","0"
618,1,2015-06-29,11057,696,1,1,"0","0"
619,1,2015-06-29,7051,582,1,1,"0","0"
620,1,2015-06-29,12226,952,1,1,"0","0"
621,1,2015-06-29,8981,952,1,1,"0","1"
622,1,2015-06-29,6078,504,1,1,"0","0"
623,1,2015-06-29,12482,1181,1,1,"0","1"
624,1,2015-06-29,10071,864,1,1,"0","1"
625,1,2015-06-29,10122,777,1,1,"0","1"
626,1,2015-06-29,13544,1016,1,1,"0","0"
627,1,2015-06-29,9991,830,1,1,"0","0"
628,1,2015-06-29,8930,943,1,1,"0","0"
629,1,2015-06-29,7396,592,1,1,"0","0"
630,1,2015-06-29,9576,933,1,1,"0","0"
631,1,2015-06-29,8874,811,1,1,"0","0"
632,1,2015-06-29,10819,1137,1,1,"0","0"
633,1,2015-06-29,9280,623,1,1,"0","0"
634,1,2015-06-29,11789,962,1,1,"0","0"
635,1,2015-06-29,10171,802,1,1,"0","0"
636,1,2015-06-29,15965,1273,1,1,"0","0"
637,1,2015-06-29,11417,803,1,1,"0","0"
638,1,2015-06-29,7895,571,1,1,"0","0"
639,1,2015-06-29,6945,579,1,1,"0","1"
640,1,2015-06-29,17797,1083,1,1,"0","1"
641,1,2015-06-29,8013,601,1,1,"0","1"
642,1,2015-06-29,4109,431,1,1,"0","1"
643,1,2015-06-29,11748,1179,1,1,"0","0"
644,1,2015-06-29,11799,1110,1,1,"0","0"
645,1,2015-06-29,15967,1603,1,1,"0","0"
646,1,2015-06-29,6833,810,1,1,"0","0"
647,1,2015-06-29,9267,889,1,1,"0","0"
648,1,2015-06-29,8970,658,1,1,"0","0"
649,1,2015-06-29,5802,514,1,1,"0","0"
650,1,2015-06-29,8847,751,1,1,"0","0"
651,1,2015-06-29,10891,1150,1,1,"0","1"
652,1,2015-06-29,10786,914,1,1,"0","0"
653,1,2015-06-29,8771,609,1,1,"0","1"
654,1,2015-06-29,11775,996,1,1,"0","0"
655,1,2015-06-29,14254,966,1,1,"0","1"
656,1,2015-06-29,4833,441,1,1,"0","0"
657,1,2015-06-29,10353,935,1,1,"0","1"
658,1,2015-06-29,9207,733,1,1,"0","1"
659,1,2015-06-29,9124,927,1,1,"0","0"
660,1,2015-06-29,9529,768,1,1,"0","0"
661,1,2015-06-29,9047,677,1,1,"0","0"
662,1,2015-06-29,14258,1032,1,1,"0","0"
663,1,2015-06-29,8421,917,1,1,"0","0"
664,1,2015-06-29,8276,813,1,1,"0","0"
665,1,2015-06-29,13380,1618,1,1,"0","0"
666,1,2015-06-29,12106,841,1,1,"0","0"
667,1,2015-06-29,13054,970,1,1,"0","0"
668,1,2015-06-29,13823,1374,1,1,"0","0"
669,1,2015-06-29,6813,468,1,1,"0","0"
670,1,2015-06-29,10520,932,1,1,"0","0"
671,1,2015-06-29,10654,856,1,1,"0","0"
672,1,2015-06-29,11540,1497,1,1,"0","0"
673,1,2015-06-29,10448,748,1,1,"0","0"
674,1,2015-06-29,12168,1262,1,1,"0","1"
675,1,2015-06-29,7208,550,1,1,"0","1"
676,1,2015-06-29,10602,2204,1,1,"0","0"
677,1,2015-06-29,12334,717,1,1,"0","0"
678,1,2015-06-29,13890,1156,1,1,"0","1"
679,1,2015-06-29,14795,1330,1,1,"0","0"
680,1,2015-06-29,6260,808,1,1,"0","0"
681,1,2015-06-29,5241,635,1,1,"0","0"
682,1,2015-06-29,17042,2175,1,1,"0","0"
683,1,2015-06-29,12470,1035,1,1,"0","0"
684,1,2015-06-29,14446,916,1,1,"0","0"
685,1,2015-06-29,11747,864,1,1,"0","1"
686,1,2015-06-29,11614,1086,1,1,"0","0"
687,1,2015-06-29,13327,984,1,1,"0","1"
688,1,2015-06-29,5791,494,1,1,"0","0"
689,1,2015-06-29,8683,828,1,1,"0","0"
690,1,2015-06-29,8682,993,1,1,"0","1"
691,1,2015-06-29,13376,790,1,1,"0","1"
692,1,2015-06-29,11754,1121,1,1,"0","1"
693,1,2015-06-29,14687,818,1,1,"0","0"
694,1,2015-06-29,12510,995,1,1,"0","0"
695,1,2015-06-29,11897,802,1,1,"0","1"
696,1,2015-06-29,12519,1279,1,1,"0","0"
697,1,2015-06-29,18358,1300,1,1,"0","1"
698,1,2015-06-29,21469,2352,1,1,"0","0"
699,1,2015-06-29,12210,1080,1,1,"0","0"
700,1,2015-06-29,8397,785,1,1,"0","0"
701,1,2015-06-29,11297,842,1,1,"0","0"
702,1,2015-06-29,5144,377,1,1,"0","0"
703,1,2015-06-29,5060,438,1,1,"0","1"
704,1,2015-06-29,15626,1432,1,1,"0","0"
705,1,2015-06-29,14664,1330,1,1,"0","1"
706,1,2015-06-29,7382,582,1,1,"0","0"
707,1,2015-06-29,14243,1254,1,1,"0","1"
708,1,2015-06-29,9681,721,1,1,"0","0"
709,1,2015-06-29,15501,1797,1,1,"0","0"
710,1,2015-06-29,8599,530,1,1,"0","0"
711,1,2015-06-29,9594,569,1,1,"0","0"
712,1,2015-06-29,9247,716,1,1,"0","0"
713,1,2015-06-29,16439,1522,1,1,"0","1"
714,1,2015-06-29,8948,481,1,1,"0","0"
715,1,2015-06-29,10924,943,1,1,"0","0"
716,1,2015-06-29,8928,604,1,1,"0","0"
717,1,2015-06-29,10796,786,1,1,"0","1"
718,1,2015-06-29,9605,925,1,1,"0","0"
719,1,2015-06-29,7081,543,1,1,"0","0"
720,1,2015-06-29,10144,804,1,1,"0","0"
721,1,2015-06-29,9084,780,1,1,"0","0"
722,1,2015-06-29,10746,1507,1,1,"0","0"
723,1,2015-06-29,11727,716,1,1,"0","0"
724,1,2015-06-29,9361,807,1,1,"0","1"
725,1,2015-06-29,8247,652,1,1,"0","0"
726,1,2015-06-29,17934,1440,1,1,"0","0"
727,1,2015-06-29,6998,601,1,1,"0","0"
728,1,2015-06-29,7341,543,1,1,"0","0"
729,1,2015-06-29,18111,1405,1,1,"0","1"
730,1,2015-06-29,10191,983,1,1,"0","0"
731,1,2015-06-29,15575,1158,1,1,"0","1"
732,1,2015-06-29,11586,1161,1,1,"0","0"
733,1,2015-06-29,16749,3450,1,1,"0","1"
734,1,2015-06-29,9111,681,1,1,"0","1"
735,1,2015-06-29,9428,721,1,1,"0","0"
736,1,2015-06-29,7695,603,1,1,"0","0"
737,1,2015-06-29,10893,1204,1,1,"0","1"
738,1,2015-06-29,12725,862,1,1,"0","1"
739,1,2015-06-29,15895,1094,1,1,"0","0"
740,1,2015-06-29,10677,648,1,1,"0","0"
741,1,2015-06-29,12054,1167,1,1,"0","0"
742,1,2015-06-29,13232,1129,1,1,"0","1"
743,1,2015-06-29,6937,613,1,1,"0","0"
744,1,2015-06-29,11682,1040,1,1,"0","0"
745,1,2015-06-29,14881,1059,1,1,"0","0"
746,1,2015-06-29,9385,639,1,1,"0","0"
747,1,2015-06-29,12372,847,1,1,"0","0"
748,1,2015-06-29,9402,641,1,1,"0","1"
749,1,2015-06-29,8694,827,1,1,"0","0"
750,1,2015-06-29,6361,460,1,1,"0","0"
751,1,2015-06-29,7016,766,1,1,"0","1"
752,1,2015-06-29,9293,627,1,1,"0","1"
753,1,2015-06-29,13121,916,1,1,"0","1"
754,1,2015-06-29,10009,1011,1,1,"0","0"
755,1,2015-06-29,14457,1077,1,1,"0","0"
756,1,2015-06-29,27268,3002,1,1,"0","1"
757,1,2015-06-29,11113,775,1,1,"0","0"
758,1,2015-06-29,6366,744,1,1,"0","0"
759,1,2015-06-29,12149,997,1,1,"0","1"
760,1,2015-06-29,9478,1420,1,1,"0","0"
761,1,2015-06-29,13320,1303,1,1,"0","0"
762,1,2015-06-29,5302,493,1,1,"0","0"
763,1,2015-06-29,9050,690,1,1,"0","0"
764,1,2015-06-29,5941,550,1,1,"0","0"
765,1,2015-06-29,14071,951,1,1,"0","0"
766,1,2015-06-29,8822,655,1,1,"0","0"
767,1,2015-06-29,10480,793,1,1,"0","0"
768,1,2015-06-29,20939,1736,1,1,"0","0"
769,1,2015-06-29,14566,3865,1,1,"0","1"
770,1,2015-06-29,8530,759,1,1,"0","1"
771,1,2015-06-29,10735,907,1,1,"0","0"
772,1,2015-06-29,4564,539,1,1,"0","0"
773,1,2015-06-29,5944,856,1,1,"0","0"
774,1,2015-06-29,8761,949,1,1,"0","0"
775,1,2015-06-29,12729,731,1,1,"0","0"
776,1,2015-06-29,8438,728,1,1,"0","1"
777,1,2015-06-29,6774,432,1,1,"0","0"
778,1,2015-06-29,9348,1031,1,1,"0","0"
779,1,2015-06-29,10682,873,1,1,"0","0"
780,1,2015-06-29,9602,921,1,1,"0","0"
781,1,2015-06-29,7760,883,1,1,"0","0"
782,1,2015-06-29,5856,437,1,1,"0","0"
783,1,2015-06-29,9037,761,1,1,"0","0"
784,1,2015-06-29,12546,989,1,1,"0","1"
785,1,2015-06-29,12626,805,1,1,"0","1"
786,1,2015-06-29,5345,675,1,1,"0","0"
787,1,2015-06-29,13276,1344,1,1,"0","0"
788,1,2015-06-29,24629,2067,1,1,"0","0"
789,1,2015-06-29,3612,510,1,1,"0","0"
790,1,2015-06-29,11535,849,1,1,"0","0"
791,1,2015-06-29,13000,1118,1,1,"0","1"
792,1,2015-06-29,12178,852,1,1,"0","1"
793,1,2015-06-29,9623,687,1,1,"0","1"
794,1,2015-06-29,3689,563,1,1,"0","0"
795,1,2015-06-29,8042,626,1,1,"0","1"
796,1,2015-06-29,11740,864,1,1,"0","1"
797,1,2015-06-29,7977,613,1,1,"0","0"
798,1,2015-06-29,12789,1212,1,1,"0","0"
799,1,2015-06-29,12906,976,1,1,"0","1"
800,1,2015-06-29,6510,538,1,1,"0","0"
801,1,2015-06-29,8813,705,1,1,"0","0"
802,1,2015-06-29,9863,662,1,1,"0","0"
803,1,2015-06-29,9097,619,1,1,"0","0"
804,1,2015-06-29,6722,491,1,1,"0","0"
805,1,2015-06-29,8101,636,1,1,"0","0"
806,1,2015-06-29,10784,689,1,1,"0","0"
807,1,2015-06-29,13293,1183,1,1,"0","0"
808,1,2015-06-29,10420,694,1,1,"0","0"
809,1,2015-06-29,17080,1117,1,1,"0","1"
810,1,2015-06-29,7891,552,1,1,"0","0"
811,1,2015-06-29,5587,850,1,1,"0","0"
812,1,2015-06-29,10185,1069,1,1,"0","0"
813,1,2015-06-29,7745,774,1,1,"0","0"
814,1,2015-06-29,13186,899,1,1,"0","0"
815,1,2015-06-29,9266,752,1,1,"0","0"
816,1,2015-06-29,6499,823,1,1,"0","1"
817,1,2015-06-29,28456,3605,1,1,"0","0"
818,1,2015-06-29,10208,877,1,1,"0","0"
819,1,2015-06-29,7422,614,1,1,"0","0"
820,1,2015-06-29,17766,1287,1,1,"0","0"
821,1,2015-06-29,10655,1076,1,1,"0","0"
822,1,2015-06-29,11680,777,1,1,"0","0"
823,1,2015-06-29,8853,710,1,1,"0","0"
824,1,2015-06-29,10808,1166,1,1,"0","0"
825,1,2015-06-29,8381,750,1,1,"0","0"
826,1,2015-06-29,13847,982,1,1,"0","1"
827,1,2015-06-29,18107,2185,1,1,"0","0"
828,1,2015-06-29,7626,735,1,1,"0","0"
829,1,2015-06-29,8077,885,1,1,"0","0"
830,1,2015-06-29,11407,771,1,1,"0","0"
831,1,2015-06-29,19703,2024,1,1,"0","1"
832,1,2015-06-29,9444,691,1,1,"0","0"
833,1,2015-06-29,8666,634,1,1,"0","0"
834,1,2015-06-29,9412,874,1,1,"0","0"
835,1,2015-06-29,8826,812,1,1,"0","1"
836,1,2015-06-29,10646,979,1,1,"0","0"
837,1,2015-06-29,5746,651,1,1,"0","0"
838,1,2015-06-29,13512,1136,1,1,"0","0"
839,1,2015-06-29,6618,699,1,1,"0","0"
840,1,2015-06-29,10225,1166,1,1,"0","0"
841,1,2015-06-29,3851,495,1,1,"0","0"
842,1,2015-06-29,23157,1311,1,1,"0","0"
843,1,2015-06-29,13148,1297,1,1,"0","0"
844,1,2015-06-29,6945,594,1,1,"0","1"
845,1,2015-06-29,6702,405,1,1,"0","1"
846,1,2015-06-29,16587,1178,1,1,"0","1"
847,1,2015-06-29,9179,1070,1,1,"0","1"
848,1,2015-06-29,11549,1005,1,1,"0","0"
849,1,2015-06-29,10522,959,1,1,"0","0"
850,1,2015-06-29,11786,859,1,1,"0","1"
851,1,2015-06-29,7577,500,1,1,"0","0"
852,1,2015-06-29,7199,760,1,1,"0","0"
853,1,2015-06-29,14021,1228,1,1,"0","0"
854,1,2015-06-29,9697,793,1,1,"0","0"
855,1,2015-06-29,7702,740,1,1,"0","0"
856,1,2015-06-29,9835,1159,1,1,"0","0"
857,1,2015-06-29,11098,1086,1,1,"0","0"
858,1,2015-06-29,7181,563,1,1,"0","0"
859,1,2015-06-29,11109,887,1,1,"0","0"
860,1,2015-06-29,8545,859,1,1,"0","0"
861,1,2015-06-29,5394,641,1,1,"0","0"
862,1,2015-06-29,13854,1402,1,1,"0","0"
863,1,2015-06-29,12062,1209,1,1,"0","0"
864,1,2015-06-29,5948,708,1,1,"0","0"
865,1,2015-06-29,11763,796,1,1,"0","1"
866,1,2015-06-29,8687,549,1,1,"0","0"
867,1,2015-06-29,6537,526,1,1,"0","0"
868,1,2015-06-29,14893,831,1,1,"0","0"
869,1,2015-06-29,10907,1155,1,1,"0","0"
870,1,2015-06-29,9366,1000,1,1,"0","0"
871,1,2015-06-29,9534,584,1,1,"0","0"
872,1,2015-06-29,11709,887,1,1,"0","1"
873,1,2015-06-29,5264,537,1,1,"0","0"
874,1,2015-06-29,7182,687,1,1,"0","0"
875,1,2015-06-29,7021,545,1,1,"0","0"
876,1,2015-06-29,13871,1234,1,1,"0","0"
877,1,2015-06-29,8268,991,1,1,"0","0"
878,1,2015-06-29,13588,1023,1,1,"0","0"
879,1,2015-06-29,5463,411,1,1,"0","0"
880,1,2015-06-29,12026,1005,1,1,"0","0"
881,1,2015-06-29,7042,827,1,1,"0","1"
882,1,2015-06-29,8086,935,1,1,"0","1"
883,1,2015-06-29,6803,608,1,1,"0","1"
884,1,2015-06-29,9333,773,1,1,"0","0"
885,1,2015-06-29,7053,834,1,1,"0","1"
886,1,2015-06-29,11274,861,1,1,"0","1"
887,1,2015-06-29,11418,820,1,1,"0","0"
888,1,2015-06-29,11657,945,1,1,"0","0"
889,1,2015-06-29,5593,510,1,1,"0","0"
890,1,2015-06-29,10739,635,1,1,"0","0"
891,1,2015-06-29,10131,1200,1,1,"0","1"
892,1,2015-06-29,12545,1035,1,1,"0","0"
893,1,2015-06-29,9431,972,1,1,"0","0"
894,1,2015-06-29,13875,1354,1,1,"0","1"
895,1,2015-06-29,14235,1114,1,1,"0","0"
896,1,2015-06-29,9120,1209,1,1,"0","0"
897,1,2015-06-29,3301,319,1,1,"0","0"
898,1,2015-06-29,7975,806,1,1,"0","0"
899,1,2015-06-29,8932,818,1,1,"0","0"
900,1,2015-06-29,9921,725,1,1,"0","0"
901,1,2015-06-29,12827,903,1,1,"0","0"
902,1,2015-06-29,5599,637,1,1,"0","0"
903,1,2015-06-29,15023,926,1,1,"0","0"
904,1,2015-06-29,9011,668,1,1,"0","0"
905,1,2015-06-29,11040,1398,1,1,"0","1"
906,1,2015-06-29,14985,1566,1,1,"0","0"
907,1,2015-06-29,9540,1027,1,1,"0","1"
908,1,2015-06-29,7811,520,1,1,"0","0"
909,1,2015-06-29,6125,637,1,1,"0","0"
910,1,2015-06-29,9971,802,1,1,"0","0"
911,1,2015-06-29,14866,1150,1,1,"0","0"
912,1,2015-06-29,7020,808,1,1,"0","0"
913,1,2015-06-29,13920,1400,1,1,"0","0"
914,1,2015-06-29,12837,1285,1,1,"0","0"
915,1,2015-06-29,9341,569,1,1,"0","0"
916,1,2015-06-29,8479,893,1,1,"0","1"
917,1,2015-06-29,11374,991,1,1,"0","1"
918,1,2015-06-29,7245,635,1,1,"0","0"
919,1,2015-06-29,8251,834,1,1,"0","0"
920,1,2015-06-29,8290,712,1,1,"0","0"
921,1,2015-06-29,13181,1326,1,1,"0","0"
922,1,2015-06-29,10941,846,1,1,"0","1"
923,1,2015-06-29,6425,760,1,1,"0","0"
924,1,2015-06-29,7930,582,1,1,"0","1"
925,1,2015-06-29,8137,1381,1,1,"0","0"
926,1,2015-06-29,13497,769,1,1,"0","1"
927,1,2015-06-29,11606,1217,1,1,"0","1"
928,1,2015-06-29,13796,906,1,1,"0","1"
929,1,2015-06-29,8405,875,1,1,"0","0"
930,1,2015-06-29,10330,1367,1,1,"0","1"
931,1,2015-06-29,6257,653,1,1,"0","0"
932,1,2015-06-29,13182,976,1,1,"0","0"
933,1,2015-06-29,11211,1106,1,1,"0","0"
934,1,2015-06-29,12011,941,1,1,"0","1"
935,1,2015-06-29,8799,777,1,1,"0","0"
936,1,2015-06-29,9883,1025,1,1,"0","1"
937,1,2015-06-29,12907,819,1,1,"0","0"
938,1,2015-06-29,13867,1218,1,1,"0","0"
939,1,2015-06-29,9642,693,1,1,"0","1"
940,1,2015-06-29,9894,909,1,1,"0","0"
941,1,2015-06-29,9179,726,1,1,"0","0"
942,1,2015-06-29,11028,677,1,1,"0","0"
943,1,2015-06-29,9513,701,1,1,"0","1"
944,1,2015-06-29,9053,1215,1,1,"0","0"
945,1,2015-06-29,5960,612,1,1,"0","0"
946,1,2015-06-29,6613,662,1,1,"0","0"
947,1,2015-06-29,10751,1208,1,1,"0","0"
948,1,2015-06-29,8593,2168,1,1,"0","0"
949,1,2015-06-29,9124,672,1,1,"0","0"
950,1,2015-06-29,9655,782,1,1,"0","0"
951,1,2015-06-29,15619,1029,1,1,"0","1"
952,1,2015-06-29,7216,545,1,1,"0","0"
953,1,2015-06-29,7859,613,1,1,"0","0"
954,1,2015-06-29,11827,1166,1,1,"0","1"
955,1,2015-06-29,7654,607,1,1,"0","1"
956,1,2015-06-29,6030,641,1,1,"0","1"
957,1,2015-06-29,12975,1204,1,1,"0","0"
958,1,2015-06-29,5895,670,1,1,"0","0"
959,1,2015-06-29,10572,966,1,1,"0","0"
960,1,2015-06-29,9160,649,1,1,"0","0"
961,1,2015-06-29,8602,712,1,1,"0","1"
962,1,2015-06-29,11315,1161,1,1,"0","1"
963,1,2015-06-29,18850,1421,1,1,"0","0"
964,1,2015-06-29,13436,1653,1,1,"0","0"
965,1,2015-06-29,11773,1047,1,1,"0","0"
966,1,2015-06-29,6542,751,1,1,"0","1"
967,1,2015-06-29,14792,1129,1,1,"0","1"
968,1,2015-06-29,10164,1045,1,1,"0","0"
969,1,2015-06-29,6131,840,1,1,"0","0"
970,1,2015-06-29,4693,512,1,1,"0","0"
971,1,2015-06-29,13182,1232,1,1,"0","0"
972,1,2015-06-29,6052,534,1,1,"0","0"
973,1,2015-06-29,13242,1172,1,1,"0","1"
974,1,2015-06-29,17411,1938,1,1,"0","0"
975,1,2015-06-29,11978,900,1,1,"0","1"
976,1,2015-06-29,11848,977,1,1,"0","1"
977,1,2015-06-29,10036,793,1,1,"0","0"
978,1,2015-06-29,10559,1209,1,1,"0","0"
979,1,2015-06-29,11289,864,1,1,"0","0"
980,1,2015-06-29,10052,613,1,1,"0","1"
981,1,2015-06-29,10532,951,1,1,"0","0"
982,1,2015-06-29,13722,948,1,1,"0","0"
983,1,2015-06-29,14577,1478,1,1,"0","1"
984,1,2015-06-29,12145,990,1,1,"0","1"
985,1,2015-06-29,13128,957,1,1,"0","0"
986,1,2015-06-29,8254,828,1,1,"0","1"
987,1,2015-06-29,9037,1034,1,1,"0","0"
988,1,2015-06-29,7557,956,1,1,"0","0"
989,1,2015-06-29,8185,770,1,1,"0","0"
990,1,2015-06-29,9457,688,1,1,"0","0"
991,1,2015-06-29,7527,605,1,1,"0","1"
992,1,2015-06-29,7965,787,1,1,"0","1"
993,1,2015-06-29,12952,1009,1,1,"0","0"
994,1,2015-06-29,11144,760,1,1,"0","1"
995,1,2015-06-29,13270,981,1,1,"0","0"
996,1,2015-06-29,12885,1085,1,1,"0","0"
997,1,2015-06-29,8831,564,1,1,"0","0"
998,1,2015-06-29,6239,624,1,1,"0","0"
999,1,2015-06-29,17138,984,1,1,"0","0"
1000,1,2015-06-29,9675,804,1,1,"0","0"
1001,1,2015-06-29,10436,857,1,1,"0","0"
1002,1,2015-06-29,8514,850,1,1,"0","0"
1003,1,2015-06-29,15346,1163,1,1,"0","1"
1004,1,2015-06-29,8539,571,1,1,"0","0"
1005,1,2015-06-29,9250,1142,1,1,"0","1"
1006,1,2015-06-29,8891,966,1,1,"0","0"
1007,1,2015-06-29,10000,927,1,1,"0","0"
1008,1,2015-06-29,8213,854,1,1,"0","0"
1009,1,2015-06-29,7347,568,1,1,"0","0"
1010,1,2015-06-29,13328,921,1,1,"0","0"
1011,1,2015-06-29,10840,994,1,1,"0","1"
1012,1,2015-06-29,8540,610,1,1,"0","0"
1013,1,2015-06-29,6526,582,1,1,"0","1"
1014,1,2015-06-29,20821,1754,1,1,"0","1"
1015,1,2015-06-29,7748,570,1,1,"0","0"
1016,1,2015-06-29,9471,639,1,1,"0","1"
1017,1,2015-06-29,8634,1032,1,1,"0","0"
1018,1,2015-06-29,15919,1520,1,1,"0","0"
1019,1,2015-06-29,17608,1044,1,1,"0","0"
1020,1,2015-06-29,12133,1222,1,1,"0","0"
1021,1,2015-06-29,12331,1259,1,1,"0","0"
1022,1,2015-06-29,11657,996,1,1,"0","1"
1023,1,2015-06-29,9270,787,1,1,"0","0"
1024,1,2015-06-29,7842,839,1,1,"0","0"
1025,1,2015-06-29,10134,1014,1,1,"0","0"
1026,1,2015-06-29,15828,1470,1,1,"0","1"
1027,1,2015-06-29,26232,2325,1,1,"0","0"
1028,1,2015-06-29,10555,840,1,1,"0","1"
1029,1,2015-06-29,8224,1011,1,1,"0","0"
1030,1,2015-06-29,5834,461,1,1,"0","0"
1031,1,2015-06-29,7885,552,1,1,"0","1"
1032,1,2015-06-29,15332,1265,1,1,"0","0"
1033,1,2015-06-29,19680,1591,1,1,"0","0"
1034,1,2015-06-29,11375,972,1,1,"0","0"
1035,1,2015-06-29,8123,740,1,1,"0","0"
1036,1,2015-06-29,7588,537,1,1,"0","1"
1037,1,2015-06-29,9522,1048,1,1,"0","1"
1038,1,2015-06-29,7157,550,1,1,"0","0"
1039,1,2015-06-29,11889,1179,1,1,"0","1"
1040,1,2015-06-29,15284,1110,1,1,"0","1"
1041,1,2015-06-29,9035,799,1,1,"0","0"
1042,1,2015-06-29,6202,625,1,1,"0","1"
1043,1,2015-06-29,10748,1253,1,1,"0","0"
1044,1,2015-06-29,10413,1100,1,1,"0","0"
1045,1,2015-06-29,12557,1343,1,1,"0","0"
1046,1,2015-06-29,13440,888,1,1,"0","0"
1047,1,2015-06-29,8388,726,1,1,"0","1"
1048,1,2015-06-29,11638,733,1,1,"0","0"
1049,1,2015-06-29,6153,812,1,1,"0","0"
1050,1,2015-06-29,9905,612,1,1,"0","0"
1051,1,2015-06-29,13627,1386,1,1,"0","0"
1052,1,2015-06-29,10693,910,1,1,"0","1"
1053,1,2015-06-29,13526,1244,1,1,"0","0"
1054,1,2015-06-29,10041,820,1,1,"0","0"
1055,1,2015-06-29,10531,1104,1,1,"0","0"
1056,1,2015-06-29,8116,562,1,1,"0","0"
1057,1,2015-06-29,8387,676,1,1,"0","0"
1058,1,2015-06-29,11381,893,1,1,"0","1"
1059,1,2015-06-29,11553,1306,1,1,"0","0"
1060,1,2015-06-29,11688,1005,1,1,"0","1"
1061,1,2015-06-29,11105,748,1,1,"0","0"
1062,1,2015-06-29,9139,705,1,1,"0","0"
1063,1,2015-06-29,6858,670,1,1,"0","0"
1064,1,2015-06-29,13370,1248,1,1,"0","1"
1065,1,2015-06-29,6623,614,1,1,"0","0"
1066,1,2015-06-29,12426,1135,1,1,"0","1"
1067,1,2015-06-29,8469,617,1,1,"0","0"
1068,1,2015-06-29,7159,392,1,1,"0","0"
1069,1,2015-06-29,9873,962,1,1,"0","0"
1070,1,2015-06-29,10420,1018,1,1,"0","0"
1071,1,2015-06-29,7988,893,1,1,"0","0"
1072,1,2015-06-29,10957,877,1,1,"0","1"
1073,1,2015-06-29,16729,1415,1,1,"0","1"
1074,1,2015-06-29,8319,651,1,1,"0","0"
1075,1,2015-06-29,14523,1235,1,1,"0","0"
1076,1,2015-06-29,6228,739,1,1,"0","1"
1077,1,2015-06-29,6736,622,1,1,"0","1"
1078,1,2015-06-29,9944,771,1,1,"0","0"
1079,1,2015-06-29,14169,969,1,1,"0","0"
1080,1,2015-06-29,15960,1130,1,1,"0","0"
1081,1,2015-06-29,9415,1295,1,1,"0","0"
1082,1,2015-06-29,9688,1167,1,1,"0","0"
1083,1,2015-06-29,7663,468,1,1,"0","0"
1084,1,2015-06-29,9392,989,1,1,"0","0"
1085,1,2015-06-29,10034,890,1,1,"0","0"
1086,1,2015-06-29,10321,975,1,1,"0","0"
1087,1,2015-06-29,8884,759,1,1,"0","0"
1088,1,2015-06-29,9126,633,1,1,"0","1"
1089,1,2015-06-29,15555,1197,1,1,"0","1"
1090,1,2015-06-29,11826,1149,1,1,"0","0"
1091,1,2015-06-29,14974,1023,1,1,"0","0"
1092,1,2015-06-29,17030,1381,1,1,"0","0"
1093,1,2015-06-29,10812,985,1,1,"0","0"
1094,1,2015-06-29,6605,444,1,1,"0","0"
1095,1,2015-06-29,8551,855,1,1,"0","0"
1096,1,2015-06-29,9490,801,1,1,"0","1"
1097,1,2015-06-29,11477,2714,1,1,"0","0"
1098,1,2015-06-29,7996,899,1,1,"0","0"
1099,1,2015-06-29,11485,1275,1,1,"0","0"
1100,1,2015-06-29,9495,822,1,1,"0","1"
1101,1,2015-06-29,15702,1308,1,1,"0","0"
1102,1,2015-06-29,9420,857,1,1,"0","0"
1103,1,2015-06-29,8345,539,1,1,"0","0"
1104,1,2015-06-29,7858,505,1,1,"0","0"
1105,1,2015-06-29,8733,769,1,1,"0","1"
1106,1,2015-06-29,8233,749,1,1,"0","0"
1107,1,2015-06-29,12046,935,1,1,"0","0"
1108,1,2015-06-29,10085,811,1,1,"0","0"
1109,1,2015-06-29,9231,628,1,1,"0","0"
1110,1,2015-06-29,7395,727,1,1,"0","0"
1111,1,2015-06-29,9872,626,1,1,"0","1"
1112,1,2015-06-29,14272,953,1,1,"0","1"
1113,1,2015-06-29,8641,759,1,1,"0","0"
1114,1,2015-06-29,28719,3724,1,1,"0","0"
1115,1,2015-06-29,11006,619,1,1,"0","0"
1,7,2015-06-28,0,0,0,0,"0","0"
2,7,2015-06-28,0,0,0,0,"0","0"
3,7,2015-06-28,0,0,0,0,"0","0"
4,7,2015-06-28,0,0,0,0,"0","0"
5,7,2015-06-28,0,0,0,0,"0","0"
6,7,2015-06-28,0,0,0,0,"0","0"
7,7,2015-06-28,0,0,0,0,"0","0"
8,7,2015-06-28,0,0,0,0,"0","0"
9,7,2015-06-28,0,0,0,0,"0","0"
10,7,2015-06-28,0,0,0,0,"0","0"
11,7,2015-06-28,0,0,0,0,"0","0"
12,7,2015-06-28,0,0,0,0,"0","0"
13,7,2015-06-28,0,0,0,0,"0","0"
14,7,2015-06-28,0,0,0,0,"0","0"
15,7,2015-06-28,0,0,0,0,"0","0"
16,7,2015-06-28,0,0,0,0,"0","0"
17,7,2015-06-28,0,0,0,0,"0","0"
18,7,2015-06-28,0,0,0,0,"0","0"
19,7,2015-06-28,0,0,0,0,"0","0"
20,7,2015-06-28,0,0,0,0,"0","0"
21,7,2015-06-28,0,0,0,0,"0","0"
22,7,2015-06-28,0,0,0,0,"0","0"
23,7,2015-06-28,0,0,0,0,"0","0"
24,7,2015-06-28,0,0,0,0,"0","0"
25,7,2015-06-28,0,0,0,0,"0","0"
26,7,2015-06-28,0,0,0,0,"0","0"
27,7,2015-06-28,0,0,0,0,"0","0"
28,7,2015-06-28,0,0,0,0,"0","0"
29,7,2015-06-28,0,0,0,0,"0","0"
30,7,2015-06-28,0,0,0,0,"0","0"
31,7,2015-06-28,0,0,0,0,"0","0"
32,7,2015-06-28,0,0,0,0,"0","0"
33,7,2015-06-28,0,0,0,0,"0","0"
34,7,2015-06-28,0,0,0,0,"0","0"
35,7,2015-06-28,0,0,0,0,"0","0"
36,7,2015-06-28,0,0,0,0,"0","0"
37,7,2015-06-28,0,0,0,0,"0","0"
38,7,2015-06-28,0,0,0,0,"0","0"
39,7,2015-06-28,0,0,0,0,"0","0"
40,7,2015-06-28,0,0,0,0,"0","0"
41,7,2015-06-28,0,0,0,0,"0","0"
42,7,2015-06-28,0,0,0,0,"0","0"
43,7,2015-06-28,0,0,0,0,"0","0"
44,7,2015-06-28,0,0,0,0,"0","0"
45,7,2015-06-28,0,0,0,0,"0","0"
46,7,2015-06-28,0,0,0,0,"0","0"
47,7,2015-06-28,0,0,0,0,"0","0"
48,7,2015-06-28,0,0,0,0,"0","0"
49,7,2015-06-28,0,0,0,0,"0","0"
50,7,2015-06-28,0,0,0,0,"0","0"
51,7,2015-06-28,0,0,0,0,"0","0"
52,7,2015-06-28,0,0,0,0,"0","0"
53,7,2015-06-28,0,0,0,0,"0","0"
54,7,2015-06-28,0,0,0,0,"0","0"
55,7,2015-06-28,0,0,0,0,"0","0"
56,7,2015-06-28,0,0,0,0,"0","0"
57,7,2015-06-28,0,0,0,0,"0","0"
58,7,2015-06-28,0,0,0,0,"0","0"
59,7,2015-06-28,0,0,0,0,"0","0"
60,7,2015-06-28,0,0,0,0,"0","0"
61,7,2015-06-28,0,0,0,0,"0","0"
62,7,2015-06-28,0,0,0,0,"0","0"
63,7,2015-06-28,0,0,0,0,"0","0"
64,7,2015-06-28,0,0,0,0,"0","0"
65,7,2015-06-28,0,0,0,0,"0","0"
66,7,2015-06-28,0,0,0,0,"0","0"
67,7,2015-06-28,0,0,0,0,"0","0"
68,7,2015-06-28,0,0,0,0,"0","0"
69,7,2015-06-28,0,0,0,0,"0","0"
70,7,2015-06-28,0,0,0,0,"0","0"
71,7,2015-06-28,0,0,0,0,"0","0"
72,7,2015-06-28,0,0,0,0,"0","0"
73,7,2015-06-28,0,0,0,0,"0","0"
74,7,2015-06-28,0,0,0,0,"0","0"
75,7,2015-06-28,0,0,0,0,"0","0"
76,7,2015-06-28,0,0,0,0,"0","0"
77,7,2015-06-28,0,0,0,0,"0","0"
78,7,2015-06-28,0,0,0,0,"0","0"
79,7,2015-06-28,0,0,0,0,"0","0"
80,7,2015-06-28,0,0,0,0,"0","0"
81,7,2015-06-28,0,0,0,0,"0","0"
82,7,2015-06-28,0,0,0,0,"0","0"
83,7,2015-06-28,0,0,0,0,"0","0"
84,7,2015-06-28,0,0,0,0,"0","0"
85,7,2015-06-28,11055,1520,1,0,"0","0"
86,7,2015-06-28,0,0,0,0,"0","0"
87,7,2015-06-28,0,0,0,0,"0","0"
88,7,2015-06-28,0,0,0,0,"0","0"
89,7,2015-06-28,0,0,0,0,"0","0"
90,7,2015-06-28,0,0,0,0,"0","0"
91,7,2015-06-28,0,0,0,0,"0","0"
92,7,2015-06-28,0,0,0,0,"0","0"
93,7,2015-06-28,0,0,0,0,"0","0"
94,7,2015-06-28,0,0,0,0,"0","0"
95,7,2015-06-28,0,0,0,0,"0","0"
96,7,2015-06-28,0,0,0,0,"0","0"
97,7,2015-06-28,0,0,0,0,"0","0"
98,7,2015-06-28,0,0,0,0,"0","0"
99,7,2015-06-28,0,0,0,0,"0","0"
100,7,2015-06-28,0,0,0,0,"0","0"
101,7,2015-06-28,0,0,0,0,"0","0"
102,7,2015-06-28,0,0,0,0,"0","0"
103,7,2015-06-28,0,0,0,0,"0","0"
104,7,2015-06-28,0,0,0,0,"0","0"
105,7,2015-06-28,0,0,0,0,"0","0"
106,7,2015-06-28,0,0,0,0,"0","0"
107,7,2015-06-28,0,0,0,0,"0","0"
108,7,2015-06-28,0,0,0,0,"0","0"
109,7,2015-06-28,0,0,0,0,"0","0"
110,7,2015-06-28,0,0,0,0,"0","0"
111,7,2015-06-28,0,0,0,0,"0","0"
112,7,2015-06-28,0,0,0,0,"0","0"
113,7,2015-06-28,0,0,0,0,"0","0"
114,7,2015-06-28,0,0,0,0,"0","0"
115,7,2015-06-28,0,0,0,0,"0","0"
116,7,2015-06-28,0,0,0,0,"0","0"
117,7,2015-06-28,0,0,0,0,"0","0"
118,7,2015-06-28,0,0,0,0,"0","0"
119,7,2015-06-28,0,0,0,0,"0","0"
120,7,2015-06-28,0,0,0,0,"0","0"
121,7,2015-06-28,0,0,0,0,"0","0"
122,7,2015-06-28,3019,343,1,0,"0","0"
123,7,2015-06-28,0,0,0,0,"0","0"
124,7,2015-06-28,0,0,0,0,"0","0"
125,7,2015-06-28,0,0,0,0,"0","0"
126,7,2015-06-28,0,0,0,0,"0","0"
127,7,2015-06-28,0,0,0,0,"0","0"
128,7,2015-06-28,0,0,0,0,"0","0"
129,7,2015-06-28,0,0,0,0,"0","0"
130,7,2015-06-28,0,0,0,0,"0","0"
131,7,2015-06-28,0,0,0,0,"0","0"
132,7,2015-06-28,0,0,0,0,"0","0"
133,7,2015-06-28,0,0,0,0,"0","0"
134,7,2015-06-28,0,0,0,0,"0","0"
135,7,2015-06-28,0,0,0,0,"0","0"
136,7,2015-06-28,0,0,0,0,"0","0"
137,7,2015-06-28,0,0,0,0,"0","0"
138,7,2015-06-28,0,0,0,0,"0","0"
139,7,2015-06-28,0,0,0,0,"0","0"
140,7,2015-06-28,0,0,0,0,"0","0"
141,7,2015-06-28,0,0,0,0,"0","0"
142,7,2015-06-28,0,0,0,0,"0","0"
143,7,2015-06-28,0,0,0,0,"0","0"
144,7,2015-06-28,0,0,0,0,"0","0"
145,7,2015-06-28,0,0,0,0,"0","0"
146,7,2015-06-28,0,0,0,0,"0","0"
147,7,2015-06-28,0,0,0,0,"0","0"
148,7,2015-06-28,0,0,0,0,"0","0"
149,7,2015-06-28,0,0,0,0,"0","0"
150,7,2015-06-28,0,0,0,0,"0","0"
151,7,2015-06-28,0,0,0,0,"0","0"
152,7,2015-06-28,0,0,0,0,"0","0"
153,7,2015-06-28,0,0,0,0,"0","0"
154,7,2015-06-28,0,0,0,0,"0","0"
155,7,2015-06-28,0,0,0,0,"0","0"
156,7,2015-06-28,0,0,0,0,"0","0"
157,7,2015-06-28,0,0,0,0,"0","0"
158,7,2015-06-28,0,0,0,0,"0","0"
159,7,2015-06-28,0,0,0,0,"0","0"
160,7,2015-06-28,0,0,0,0,"0","0"
161,7,2015-06-28,0,0,0,0,"0","0"
162,7,2015-06-28,0,0,0,0,"0","0"
163,7,2015-06-28,0,0,0,0,"0","0"
164,7,2015-06-28,0,0,0,0,"0","0"
165,7,2015-06-28,0,0,0,0,"0","0"
166,7,2015-06-28,0,0,0,0,"0","0"
167,7,2015-06-28,0,0,0,0,"0","0"
168,7,2015-06-28,0,0,0,0,"0","0"
169,7,2015-06-28,0,0,0,0,"0","0"
170,7,2015-06-28,0,0,0,0,"0","0"
171,7,2015-06-28,0,0,0,0,"0","0"
172,7,2015-06-28,0,0,0,0,"0","0"
173,7,2015-06-28,0,0,0,0,"0","0"
174,7,2015-06-28,0,0,0,0,"0","0"
175,7,2015-06-28,0,0,0,0,"0","0"
176,7,2015-06-28,0,0,0,0,"0","0"
177,7,2015-06-28,0,0,0,0,"0","0"
178,7,2015-06-28,0,0,0,0,"0","0"
179,7,2015-06-28,0,0,0,0,"0","0"
180,7,2015-06-28,0,0,0,0,"0","0"
181,7,2015-06-28,0,0,0,0,"0","0"
182,7,2015-06-28,0,0,0,0,"0","0"
183,7,2015-06-28,0,0,0,0,"0","0"
184,7,2015-06-28,0,0,0,0,"0","0"
185,7,2015-06-28,0,0,0,0,"0","0"
186,7,2015-06-28,0,0,0,0,"0","0"
187,7,2015-06-28,0,0,0,0,"0","0"
188,7,2015-06-28,0,0,0,0,"0","0"
189,7,2015-06-28,0,0,0,0,"0","0"
190,7,2015-06-28,0,0,0,0,"0","0"
191,7,2015-06-28,0,0,0,0,"0","0"
192,7,2015-06-28,0,0,0,0,"0","0"
193,7,2015-06-28,0,0,0,0,"0","0"
194,7,2015-06-28,0,0,0,0,"0","0"
195,7,2015-06-28,0,0,0,0,"0","0"
196,7,2015-06-28,0,0,0,0,"0","0"
197,7,2015-06-28,0,0,0,0,"0","0"
198,7,2015-06-28,0,0,0,0,"0","0"
199,7,2015-06-28,0,0,0,0,"0","0"
200,7,2015-06-28,0,0,0,0,"0","0"
201,7,2015-06-28,0,0,0,0,"0","0"
202,7,2015-06-28,0,0,0,0,"0","0"
203,7,2015-06-28,0,0,0,0,"0","0"
204,7,2015-06-28,0,0,0,0,"0","0"
205,7,2015-06-28,0,0,0,0,"0","0"
206,7,2015-06-28,0,0,0,0,"0","0"
207,7,2015-06-28,0,0,0,0,"0","0"
208,7,2015-06-28,0,0,0,0,"0","0"
209,7,2015-06-28,2243,225,1,0,"0","0"
210,7,2015-06-28,0,0,0,0,"0","0"
211,7,2015-06-28,0,0,0,0,"0","0"
212,7,2015-06-28,0,0,0,0,"0","0"
213,7,2015-06-28,0,0,0,0,"0","0"
214,7,2015-06-28,0,0,0,0,"0","0"
215,7,2015-06-28,0,0,0,0,"0","0"
216,7,2015-06-28,0,0,0,0,"0","0"
217,7,2015-06-28,0,0,0,0,"0","0"
218,7,2015-06-28,0,0,0,0,"0","0"
219,7,2015-06-28,0,0,0,0,"0","0"
220,7,2015-06-28,0,0,0,0,"0","0"
221,7,2015-06-28,0,0,0,0,"0","0"
222,7,2015-06-28,0,0,0,0,"0","0"
223,7,2015-06-28,0,0,0,0,"0","0"
224,7,2015-06-28,0,0,0,0,"0","0"
225,7,2015-06-28,0,0,0,0,"0","0"
226,7,2015-06-28,0,0,0,0,"0","0"
227,7,2015-06-28,0,0,0,0,"0","0"
228,7,2015-06-28,0,0,0,0,"0","0"
229,7,2015-06-28,0,0,0,0,"0","0"
230,7,2015-06-28,0,0,0,0,"0","0"
231,7,2015-06-28,0,0,0,0,"0","0"
232,7,2015-06-28,0,0,0,0,"0","0"
233,7,2015-06-28,0,0,0,0,"0","0"
234,7,2015-06-28,0,0,0,0,"0","0"
235,7,2015-06-28,0,0,0,0,"0","0"
236,7,2015-06-28,0,0,0,0,"0","0"
237,7,2015-06-28,0,0,0,0,"0","0"
238,7,2015-06-28,0,0,0,0,"0","0"
239,7,2015-06-28,0,0,0,0,"0","0"
240,7,2015-06-28,0,0,0,0,"0","0"
241,7,2015-06-28,0,0,0,0,"0","0"
242,7,2015-06-28,0,0,0,0,"0","0"
243,7,2015-06-28,0,0,0,0,"0","0"
244,7,2015-06-28,0,0,0,0,"0","0"
245,7,2015-06-28,0,0,0,0,"0","0"
246,7,2015-06-28,0,0,0,0,"0","0"
247,7,2015-06-28,0,0,0,0,"0","0"
248,7,2015-06-28,0,0,0,0,"0","0"
249,7,2015-06-28,0,0,0,0,"0","0"
250,7,2015-06-28,0,0,0,0,"0","0"
251,7,2015-06-28,0,0,0,0,"0","0"
252,7,2015-06-28,0,0,0,0,"0","0"
253,7,2015-06-28,0,0,0,0,"0","0"
254,7,2015-06-28,0,0,0,0,"0","0"
255,7,2015-06-28,0,0,0,0,"0","0"
256,7,2015-06-28,0,0,0,0,"0","0"
257,7,2015-06-28,0,0,0,0,"0","0"
258,7,2015-06-28,0,0,0,0,"0","0"
259,7,2015-06-28,16923,3048,1,0,"0","0"
260,7,2015-06-28,0,0,0,0,"0","0"
261,7,2015-06-28,0,0,0,0,"0","0"
262,7,2015-06-28,28817,4450,1,0,"0","0"
263,7,2015-06-28,0,0,0,0,"0","0"
264,7,2015-06-28,0,0,0,0,"0","0"
265,7,2015-06-28,0,0,0,0,"0","0"
266,7,2015-06-28,0,0,0,0,"0","0"
267,7,2015-06-28,0,0,0,0,"0","0"
268,7,2015-06-28,0,0,0,0,"0","0"
269,7,2015-06-28,0,0,0,0,"0","0"
270,7,2015-06-28,0,0,0,0,"0","0"
271,7,2015-06-28,0,0,0,0,"0","0"
272,7,2015-06-28,0,0,0,0,"0","0"
273,7,2015-06-28,0,0,0,0,"0","0"
274,7,2015-06-28,7872,1579,1,0,"0","0"
275,7,2015-06-28,0,0,0,0,"0","0"
276,7,2015-06-28,0,0,0,0,"0","0"
277,7,2015-06-28,0,0,0,0,"0","0"
278,7,2015-06-28,0,0,0,0,"0","0"
279,7,2015-06-28,0,0,0,0,"0","0"
280,7,2015-06-28,0,0,0,0,"0","0"
281,7,2015-06-28,0,0,0,0,"0","0"
282,7,2015-06-28,0,0,0,0,"0","0"
283,7,2015-06-28,0,0,0,0,"0","0"
284,7,2015-06-28,0,0,0,0,"0","0"
285,7,2015-06-28,0,0,0,0,"0","0"
286,7,2015-06-28,0,0,0,0,"0","0"
287,7,2015-06-28,0,0,0,0,"0","0"
288,7,2015-06-28,0,0,0,0,"0","0"
289,7,2015-06-28,0,0,0,0,"0","0"
290,7,2015-06-28,0,0,0,0,"0","0"
291,7,2015-06-28,0,0,0,0,"0","0"
292,7,2015-06-28,0,0,0,0,"0","0"
293,7,2015-06-28,0,0,0,0,"0","0"
294,7,2015-06-28,0,0,0,0,"0","0"
295,7,2015-06-28,0,0,0,0,"0","0"
296,7,2015-06-28,0,0,0,0,"0","0"
297,7,2015-06-28,0,0,0,0,"0","0"
298,7,2015-06-28,0,0,0,0,"0","0"
299,7,2015-06-28,3213,364,1,0,"0","0"
300,7,2015-06-28,0,0,0,0,"0","0"
301,7,2015-06-28,0,0,0,0,"0","0"
302,7,2015-06-28,0,0,0,0,"0","0"
303,7,2015-06-28,0,0,0,0,"0","0"
304,7,2015-06-28,0,0,0,0,"0","0"
305,7,2015-06-28,0,0,0,0,"0","0"
306,7,2015-06-28,0,0,0,0,"0","0"
307,7,2015-06-28,0,0,0,0,"0","0"
308,7,2015-06-28,0,0,0,0,"0","0"
309,7,2015-06-28,0,0,0,0,"0","0"
310,7,2015-06-28,2621,256,1,0,"0","0"
311,7,2015-06-28,0,0,0,0,"0","0"
312,7,2015-06-28,0,0,0,0,"0","0"
313,7,2015-06-28,0,0,0,0,"0","0"
314,7,2015-06-28,0,0,0,0,"0","0"
315,7,2015-06-28,0,0,0,0,"0","0"
316,7,2015-06-28,0,0,0,0,"0","0"
317,7,2015-06-28,0,0,0,0,"0","0"
318,7,2015-06-28,0,0,0,0,"0","0"
319,7,2015-06-28,0,0,0,0,"0","0"
320,7,2015-06-28,0,0,0,0,"0","0"
321,7,2015-06-28,0,0,0,0,"0","0"
322,7,2015-06-28,0,0,0,0,"0","0"
323,7,2015-06-28,0,0,0,0,"0","0"
324,7,2015-06-28,0,0,0,0,"0","0"
325,7,2015-06-28,0,0,0,0,"0","0"
326,7,2015-06-28,0,0,0,0,"0","0"
327,7,2015-06-28,0,0,0,0,"0","0"
328,7,2015-06-28,0,0,0,0,"0","0"
329,7,2015-06-28,0,0,0,0,"0","0"
330,7,2015-06-28,0,0,0,0,"0","0"
331,7,2015-06-28,0,0,0,0,"0","0"
332,7,2015-06-28,0,0,0,0,"0","0"
333,7,2015-06-28,0,0,0,0,"0","0"
334,7,2015-06-28,0,0,0,0,"0","0"
335,7,2015-06-28,8930,1448,1,0,"0","0"
336,7,2015-06-28,0,0,0,0,"0","0"
337,7,2015-06-28,0,0,0,0,"0","0"
338,7,2015-06-28,0,0,0,0,"0","0"
339,7,2015-06-28,0,0,0,0,"0","0"
340,7,2015-06-28,0,0,0,0,"0","0"
341,7,2015-06-28,0,0,0,0,"0","0"
342,7,2015-06-28,0,0,0,0,"0","0"
343,7,2015-06-28,0,0,0,0,"0","0"
344,7,2015-06-28,0,0,0,0,"0","0"
345,7,2015-06-28,0,0,0,0,"0","0"
346,7,2015-06-28,0,0,0,0,"0","0"
347,7,2015-06-28,0,0,0,0,"0","0"
348,7,2015-06-28,0,0,0,0,"0","0"
349,7,2015-06-28,0,0,0,0,"0","0"
350,7,2015-06-28,0,0,0,0,"0","0"
351,7,2015-06-28,0,0,0,0,"0","0"
352,7,2015-06-28,0,0,0,0,"0","0"
353,7,2015-06-28,9574,2074,1,0,"0","0"
354,7,2015-06-28,0,0,0,0,"0","0"
355,7,2015-06-28,0,0,0,0,"0","0"
356,7,2015-06-28,0,0,0,0,"0","0"
357,7,2015-06-28,0,0,0,0,"0","0"
358,7,2015-06-28,0,0,0,0,"0","0"
359,7,2015-06-28,0,0,0,0,"0","0"
360,7,2015-06-28,0,0,0,0,"0","0"
361,7,2015-06-28,0,0,0,0,"0","0"
362,7,2015-06-28,0,0,0,0,"0","0"
363,7,2015-06-28,0,0,0,0,"0","0"
364,7,2015-06-28,0,0,0,0,"0","0"
365,7,2015-06-28,0,0,0,0,"0","0"
366,7,2015-06-28,0,0,0,0,"0","0"
367,7,2015-06-28,0,0,0,0,"0","0"
368,7,2015-06-28,0,0,0,0,"0","0"
369,7,2015-06-28,0,0,0,0,"0","0"
370,7,2015-06-28,0,0,0,0,"0","0"
371,7,2015-06-28,0,0,0,0,"0","0"
372,7,2015-06-28,0,0,0,0,"0","0"
373,7,2015-06-28,0,0,0,0,"0","0"
374,7,2015-06-28,0,0,0,0,"0","0"
375,7,2015-06-28,0,0,0,0,"0","0"
376,7,2015-06-28,0,0,0,0,"0","0"
377,7,2015-06-28,0,0,0,0,"0","0"
378,7,2015-06-28,0,0,0,0,"0","0"
379,7,2015-06-28,0,0,0,0,"0","0"
380,7,2015-06-28,0,0,0,0,"0","0"
381,7,2015-06-28,0,0,0,0,"0","0"
382,7,2015-06-28,0,0,0,0,"0","0"
383,7,2015-06-28,0,0,0,0,"0","0"
384,7,2015-06-28,0,0,0,0,"0","0"
385,7,2015-06-28,0,0,0,0,"0","0"
386,7,2015-06-28,0,0,0,0,"0","0"
387,7,2015-06-28,0,0,0,0,"0","0"
388,7,2015-06-28,0,0,0,0,"0","0"
389,7,2015-06-28,0,0,0,0,"0","0"
390,7,2015-06-28,0,0,0,0,"0","0"
391,7,2015-06-28,0,0,0,0,"0","0"
392,7,2015-06-28,0,0,0,0,"0","0"
393,7,2015-06-28,0,0,0,0,"0","0"
394,7,2015-06-28,0,0,0,0,"0","0"
395,7,2015-06-28,0,0,0,0,"0","0"
396,7,2015-06-28,0,0,0,0,"0","0"
397,7,2015-06-28,0,0,0,0,"0","0"
398,7,2015-06-28,0,0,0,0,"0","0"
399,7,2015-06-28,0,0,0,0,"0","0"
400,7,2015-06-28,0,0,0,0,"0","0"
401,7,2015-06-28,0,0,0,0,"0","0"
402,7,2015-06-28,0,0,0,0,"0","0"
403,7,2015-06-28,0,0,0,0,"0","0"
404,7,2015-06-28,0,0,0,0,"0","0"
405,7,2015-06-28,0,0,0,0,"0","0"
406,7,2015-06-28,0,0,0,0,"0","0"
407,7,2015-06-28,0,0,0,0,"0","0"
408,7,2015-06-28,0,0,0,0,"0","0"
409,7,2015-06-28,0,0,0,0,"0","0"
410,7,2015-06-28,0,0,0,0,"0","0"
411,7,2015-06-28,0,0,0,0,"0","0"
412,7,2015-06-28,0,0,0,0,"0","0"
413,7,2015-06-28,0,0,0,0,"0","0"
414,7,2015-06-28,0,0,0,0,"0","0"
415,7,2015-06-28,0,0,0,0,"0","0"
416,7,2015-06-28,0,0,0,0,"0","0"
417,7,2015-06-28,0,0,0,0,"0","0"
418,7,2015-06-28,0,0,0,0,"0","0"
419,7,2015-06-28,0,0,0,0,"0","0"
420,7,2015-06-28,0,0,0,0,"0","0"
421,7,2015-06-28,0,0,0,0,"0","0"
422,7,2015-06-28,0,0,0,0,"0","0"
423,7,2015-06-28,15458,2475,1,0,"0","0"
424,7,2015-06-28,0,0,0,0,"0","0"
425,7,2015-06-28,0,0,0,0,"0","0"
426,7,2015-06-28,0,0,0,0,"0","0"
427,7,2015-06-28,0,0,0,0,"0","0"
428,7,2015-06-28,0,0,0,0,"0","0"
429,7,2015-06-28,0,0,0,0,"0","0"
430,7,2015-06-28,0,0,0,0,"0","0"
431,7,2015-06-28,0,0,0,0,"0","0"
432,7,2015-06-28,0,0,0,0,"0","0"
433,7,2015-06-28,1244,218,1,0,"0","0"
434,7,2015-06-28,0,0,0,0,"0","0"
435,7,2015-06-28,0,0,0,0,"0","0"
436,7,2015-06-28,0,0,0,0,"0","0"
437,7,2015-06-28,0,0,0,0,"0","0"
438,7,2015-06-28,0,0,0,0,"0","0"
439,7,2015-06-28,0,0,0,0,"0","0"
440,7,2015-06-28,0,0,0,0,"0","0"
441,7,2015-06-28,0,0,0,0,"0","0"
442,7,2015-06-28,0,0,0,0,"0","0"
443,7,2015-06-28,0,0,0,0,"0","0"
444,7,2015-06-28,0,0,0,0,"0","0"
445,7,2015-06-28,0,0,0,0,"0","0"
446,7,2015-06-28,0,0,0,0,"0","0"
447,7,2015-06-28,0,0,0,0,"0","0"
448,7,2015-06-28,0,0,0,0,"0","0"
449,7,2015-06-28,0,0,0,0,"0","0"
450,7,2015-06-28,0,0,0,0,"0","0"
451,7,2015-06-28,0,0,0,0,"0","0"
452,7,2015-06-28,0,0,0,0,"0","0"
453,7,2015-06-28,4606,542,1,0,"0","0"
454,7,2015-06-28,0,0,0,0,"0","0"
455,7,2015-06-28,0,0,0,0,"0","0"
456,7,2015-06-28,0,0,0,0,"0","0"
457,7,2015-06-28,0,0,0,0,"0","0"
458,7,2015-06-28,0,0,0,0,"0","0"
459,7,2015-06-28,0,0,0,0,"0","0"
460,7,2015-06-28,0,0,0,0,"0","0"
461,7,2015-06-28,0,0,0,0,"0","0"
462,7,2015-06-28,0,0,0,0,"0","0"
463,7,2015-06-28,0,0,0,0,"0","0"
464,7,2015-06-28,0,0,0,0,"0","0"
465,7,2015-06-28,0,0,0,0,"0","0"
466,7,2015-06-28,0,0,0,0,"0","0"
467,7,2015-06-28,0,0,0,0,"0","0"
468,7,2015-06-28,0,0,0,0,"0","0"
469,7,2015-06-28,0,0,0,0,"0","0"
470,7,2015-06-28,0,0,0,0,"0","0"
471,7,2015-06-28,0,0,0,0,"0","0"
472,7,2015-06-28,0,0,0,0,"0","0"
473,7,2015-06-28,0,0,0,0,"0","0"
474,7,2015-06-28,0,0,0,0,"0","0"
475,7,2015-06-28,0,0,0,0,"0","0"
476,7,2015-06-28,0,0,0,0,"0","0"
477,7,2015-06-28,0,0,0,0,"0","0"
478,7,2015-06-28,0,0,0,0,"0","0"
479,7,2015-06-28,0,0,0,0,"0","0"
480,7,2015-06-28,0,0,0,0,"0","0"
481,7,2015-06-28,0,0,0,0,"0","0"
482,7,2015-06-28,0,0,0,0,"0","0"
483,7,2015-06-28,0,0,0,0,"0","0"
484,7,2015-06-28,0,0,0,0,"0","0"
485,7,2015-06-28,0,0,0,0,"0","0"
486,7,2015-06-28,0,0,0,0,"0","0"
487,7,2015-06-28,0,0,0,0,"0","0"
488,7,2015-06-28,0,0,0,0,"0","0"
489,7,2015-06-28,0,0,0,0,"0","0"
490,7,2015-06-28,0,0,0,0,"0","0"
491,7,2015-06-28,0,0,0,0,"0","0"
492,7,2015-06-28,0,0,0,0,"0","0"
493,7,2015-06-28,0,0,0,0,"0","0"
494,7,2015-06-28,8977,1259,1,0,"0","0"
495,7,2015-06-28,0,0,0,0,"0","0"
496,7,2015-06-28,0,0,0,0,"0","0"
497,7,2015-06-28,0,0,0,0,"0","0"
498,7,2015-06-28,0,0,0,0,"0","0"
499,7,2015-06-28,0,0,0,0,"0","0"
500,7,2015-06-28,0,0,0,0,"0","0"
501,7,2015-06-28,0,0,0,0,"0","0"
502,7,2015-06-28,0,0,0,0,"0","0"
503,7,2015-06-28,0,0,0,0,"0","0"
504,7,2015-06-28,0,0,0,0,"0","0"
505,7,2015-06-28,0,0,0,0,"0","0"
506,7,2015-06-28,0,0,0,0,"0","0"
507,7,2015-06-28,0,0,0,0,"0","0"
508,7,2015-06-28,0,0,0,0,"0","0"
509,7,2015-06-28,0,0,0,0,"0","0"
510,7,2015-06-28,0,0,0,0,"0","0"
511,7,2015-06-28,0,0,0,0,"0","0"
512,7,2015-06-28,7250,1434,1,0,"0","0"
513,7,2015-06-28,0,0,0,0,"0","0"
514,7,2015-06-28,0,0,0,0,"0","0"
515,7,2015-06-28,0,0,0,0,"0","0"
516,7,2015-06-28,0,0,0,0,"0","0"
517,7,2015-06-28,0,0,0,0,"0","0"
518,7,2015-06-28,0,0,0,0,"0","0"
519,7,2015-06-28,0,0,0,0,"0","0"
520,7,2015-06-28,0,0,0,0,"0","0"
521,7,2015-06-28,0,0,0,0,"0","0"
522,7,2015-06-28,0,0,0,0,"0","0"
523,7,2015-06-28,0,0,0,0,"0","0"
524,7,2015-06-28,2110,219,1,0,"0","0"
525,7,2015-06-28,0,0,0,0,"0","0"
526,7,2015-06-28,0,0,0,0,"0","0"
527,7,2015-06-28,0,0,0,0,"0","0"
528,7,2015-06-28,0,0,0,0,"0","0"
529,7,2015-06-28,0,0,0,0,"0","0"
530,7,2015-06-28,4511,825,1,0,"0","0"
531,7,2015-06-28,0,0,0,0,"0","0"
532,7,2015-06-28,0,0,0,0,"0","0"
533,7,2015-06-28,0,0,0,0,"0","0"
534,7,2015-06-28,0,0,0,0,"0","0"
535,7,2015-06-28,0,0,0,0,"0","0"
536,7,2015-06-28,0,0,0,0,"0","0"
537,7,2015-06-28,0,0,0,0,"0","0"
538,7,2015-06-28,0,0,0,0,"0","0"
539,7,2015-06-28,0,0,0,0,"0","0"
540,7,2015-06-28,0,0,0,0,"0","0"
541,7,2015-06-28,0,0,0,0,"0","0"
542,7,2015-06-28,0,0,0,0,"0","0"
543,7,2015-06-28,0,0,0,0,"0","0"
544,7,2015-06-28,0,0,0,0,"0","0"
545,7,2015-06-28,0,0,0,0,"0","0"
546,7,2015-06-28,0,0,0,0,"0","0"
547,7,2015-06-28,0,0,0,0,"0","0"
548,7,2015-06-28,0,0,0,0,"0","0"
549,7,2015-06-28,0,0,0,0,"0","0"
550,7,2015-06-28,0,0,0,0,"0","0"
551,7,2015-06-28,0,0,0,0,"0","0"
552,7,2015-06-28,0,0,0,0,"0","0"
553,7,2015-06-28,0,0,0,0,"0","0"
554,7,2015-06-28,0,0,0,0,"0","0"
555,7,2015-06-28,0,0,0,0,"0","0"
556,7,2015-06-28,0,0,0,0,"0","0"
557,7,2015-06-28,0,0,0,0,"0","0"
558,7,2015-06-28,0,0,0,0,"0","0"
559,7,2015-06-28,0,0,0,0,"0","0"
560,7,2015-06-28,0,0,0,0,"0","0"
561,7,2015-06-28,0,0,0,0,"0","0"
562,7,2015-06-28,19568,3331,1,0,"0","0"
563,7,2015-06-28,0,0,0,0,"0","0"
564,7,2015-06-28,0,0,0,0,"0","0"
565,7,2015-06-28,0,0,0,0,"0","0"
566,7,2015-06-28,0,0,0,0,"0","0"
567,7,2015-06-28,0,0,0,0,"0","0"
568,7,2015-06-28,0,0,0,0,"0","0"
569,7,2015-06-28,0,0,0,0,"0","0"
570,7,2015-06-28,0,0,0,0,"0","0"
571,7,2015-06-28,0,0,0,0,"0","0"
572,7,2015-06-28,0,0,0,0,"0","0"
573,7,2015-06-28,0,0,0,0,"0","0"
574,7,2015-06-28,0,0,0,0,"0","0"
575,7,2015-06-28,0,0,0,0,"0","0"
576,7,2015-06-28,0,0,0,0,"0","0"
577,7,2015-06-28,0,0,0,0,"0","0"
578,7,2015-06-28,5726,560,1,0,"0","0"
579,7,2015-06-28,0,0,0,0,"0","0"
580,7,2015-06-28,0,0,0,0,"0","0"
581,7,2015-06-28,0,0,0,0,"0","0"
582,7,2015-06-28,0,0,0,0,"0","0"
583,7,2015-06-28,0,0,0,0,"0","0"
584,7,2015-06-28,0,0,0,0,"0","0"
585,7,2015-06-28,0,0,0,0,"0","0"
586,7,2015-06-28,0,0,0,0,"0","0"
587,7,2015-06-28,0,0,0,0,"0","0"
588,7,2015-06-28,0,0,0,0,"0","0"
589,7,2015-06-28,0,0,0,0,"0","0"
590,7,2015-06-28,0,0,0,0,"0","0"
591,7,2015-06-28,0,0,0,0,"0","0"
592,7,2015-06-28,0,0,0,0,"0","0"
593,7,2015-06-28,0,0,0,0,"0","0"
594,7,2015-06-28,0,0,0,0,"0","0"
595,7,2015-06-28,0,0,0,0,"0","0"
596,7,2015-06-28,0,0,0,0,"0","0"
597,7,2015-06-28,0,0,0,0,"0","0"
598,7,2015-06-28,0,0,0,0,"0","0"
599,7,2015-06-28,0,0,0,0,"0","0"
600,7,2015-06-28,0,0,0,0,"0","0"
601,7,2015-06-28,0,0,0,0,"0","0"
602,7,2015-06-28,0,0,0,0,"0","0"
603,7,2015-06-28,0,0,0,0,"0","0"
604,7,2015-06-28,0,0,0,0,"0","0"
605,7,2015-06-28,0,0,0,0,"0","0"
606,7,2015-06-28,0,0,0,0,"0","0"
607,7,2015-06-28,0,0,0,0,"0","0"
608,7,2015-06-28,0,0,0,0,"0","0"
609,7,2015-06-28,0,0,0,0,"0","0"
610,7,2015-06-28,0,0,0,0,"0","0"
611,7,2015-06-28,0,0,0,0,"0","0"
612,7,2015-06-28,0,0,0,0,"0","0"
613,7,2015-06-28,0,0,0,0,"0","0"
614,7,2015-06-28,0,0,0,0,"0","0"
615,7,2015-06-28,0,0,0,0,"0","0"
616,7,2015-06-28,0,0,0,0,"0","0"
617,7,2015-06-28,0,0,0,0,"0","0"
618,7,2015-06-28,0,0,0,0,"0","0"
619,7,2015-06-28,0,0,0,0,"0","0"
620,7,2015-06-28,0,0,0,0,"0","0"
621,7,2015-06-28,0,0,0,0,"0","0"
622,7,2015-06-28,0,0,0,0,"0","0"
623,7,2015-06-28,0,0,0,0,"0","0"
624,7,2015-06-28,0,0,0,0,"0","0"
625,7,2015-06-28,0,0,0,0,"0","0"
626,7,2015-06-28,0,0,0,0,"0","0"
627,7,2015-06-28,0,0,0,0,"0","0"
628,7,2015-06-28,0,0,0,0,"0","0"
629,7,2015-06-28,0,0,0,0,"0","0"
630,7,2015-06-28,0,0,0,0,"0","0"
631,7,2015-06-28,0,0,0,0,"0","0"
632,7,2015-06-28,0,0,0,0,"0","0"
633,7,2015-06-28,0,0,0,0,"0","0"
634,7,2015-06-28,0,0,0,0,"0","0"
635,7,2015-06-28,0,0,0,0,"0","0"
636,7,2015-06-28,0,0,0,0,"0","0"
637,7,2015-06-28,0,0,0,0,"0","0"
638,7,2015-06-28,0,0,0,0,"0","0"
639,7,2015-06-28,0,0,0,0,"0","0"
640,7,2015-06-28,0,0,0,0,"0","0"
641,7,2015-06-28,0,0,0,0,"0","0"
642,7,2015-06-28,0,0,0,0,"0","0"
643,7,2015-06-28,0,0,0,0,"0","0"
644,7,2015-06-28,0,0,0,0,"0","0"
645,7,2015-06-28,0,0,0,0,"0","0"
646,7,2015-06-28,0,0,0,0,"0","0"
647,7,2015-06-28,0,0,0,0,"0","0"
648,7,2015-06-28,0,0,0,0,"0","0"
649,7,2015-06-28,0,0,0,0,"0","0"
650,7,2015-06-28,0,0,0,0,"0","0"
651,7,2015-06-28,0,0,0,0,"0","0"
652,7,2015-06-28,0,0,0,0,"0","0"
653,7,2015-06-28,0,0,0,0,"0","0"
654,7,2015-06-28,0,0,0,0,"0","0"
655,7,2015-06-28,0,0,0,0,"0","0"
656,7,2015-06-28,0,0,0,0,"0","0"
657,7,2015-06-28,0,0,0,0,"0","0"
658,7,2015-06-28,0,0,0,0,"0","0"
659,7,2015-06-28,0,0,0,0,"0","0"
660,7,2015-06-28,0,0,0,0,"0","0"
661,7,2015-06-28,0,0,0,0,"0","0"
662,7,2015-06-28,0,0,0,0,"0","0"
663,7,2015-06-28,0,0,0,0,"0","0"
664,7,2015-06-28,0,0,0,0,"0","0"
665,7,2015-06-28,0,0,0,0,"0","0"
666,7,2015-06-28,0,0,0,0,"0","0"
667,7,2015-06-28,0,0,0,0,"0","0"
668,7,2015-06-28,0,0,0,0,"0","0"
669,7,2015-06-28,0,0,0,0,"0","0"
670,7,2015-06-28,0,0,0,0,"0","0"
671,7,2015-06-28,0,0,0,0,"0","0"
672,7,2015-06-28,0,0,0,0,"0","0"
673,7,2015-06-28,0,0,0,0,"0","0"
674,7,2015-06-28,0,0,0,0,"0","0"
675,7,2015-06-28,0,0,0,0,"0","0"
676,7,2015-06-28,13784,2437,1,0,"0","0"
677,7,2015-06-28,0,0,0,0,"0","0"
678,7,2015-06-28,0,0,0,0,"0","0"
679,7,2015-06-28,0,0,0,0,"0","0"
680,7,2015-06-28,0,0,0,0,"0","0"
681,7,2015-06-28,0,0,0,0,"0","0"
682,7,2015-06-28,7731,1258,1,0,"0","0"
683,7,2015-06-28,0,0,0,0,"0","0"
684,7,2015-06-28,0,0,0,0,"0","0"
685,7,2015-06-28,0,0,0,0,"0","0"
686,7,2015-06-28,0,0,0,0,"0","0"
687,7,2015-06-28,0,0,0,0,"0","0"
688,7,2015-06-28,0,0,0,0,"0","0"
689,7,2015-06-28,0,0,0,0,"0","0"
690,7,2015-06-28,0,0,0,0,"0","0"
691,7,2015-06-28,0,0,0,0,"0","0"
692,7,2015-06-28,0,0,0,0,"0","0"
693,7,2015-06-28,0,0,0,0,"0","0"
694,7,2015-06-28,0,0,0,0,"0","0"
695,7,2015-06-28,0,0,0,0,"0","0"
696,7,2015-06-28,0,0,0,0,"0","0"
697,7,2015-06-28,0,0,0,0,"0","0"
698,7,2015-06-28,0,0,0,0,"0","0"
699,7,2015-06-28,0,0,0,0,"0","0"
700,7,2015-06-28,0,0,0,0,"0","0"
701,7,2015-06-28,0,0,0,0,"0","0"
702,7,2015-06-28,0,0,0,0,"0","0"
703,7,2015-06-28,0,0,0,0,"0","0"
704,7,2015-06-28,0,0,0,0,"0","0"
705,7,2015-06-28,0,0,0,0,"0","0"
706,7,2015-06-28,0,0,0,0,"0","0"
707,7,2015-06-28,0,0,0,0,"0","0"
708,7,2015-06-28,0,0,0,0,"0","0"
709,7,2015-06-28,0,0,0,0,"0","0"
710,7,2015-06-28,0,0,0,0,"0","0"
711,7,2015-06-28,0,0,0,0,"0","0"
712,7,2015-06-28,0,0,0,0,"0","0"
713,7,2015-06-28,0,0,0,0,"0","0"
714,7,2015-06-28,0,0,0,0,"0","0"
715,7,2015-06-28,0,0,0,0,"0","0"
716,7,2015-06-28,0,0,0,0,"0","0"
717,7,2015-06-28,0,0,0,0,"0","0"
718,7,2015-06-28,0,0,0,0,"0","0"
719,7,2015-06-28,0,0,0,0,"0","0"
720,7,2015-06-28,0,0,0,0,"0","0"
721,7,2015-06-28,0,0,0,0,"0","0"
722,7,2015-06-28,0,0,0,0,"0","0"
723,7,2015-06-28,0,0,0,0,"0","0"
724,7,2015-06-28,0,0,0,0,"0","0"
725,7,2015-06-28,0,0,0,0,"0","0"
726,7,2015-06-28,0,0,0,0,"0","0"
727,7,2015-06-28,0,0,0,0,"0","0"
728,7,2015-06-28,0,0,0,0,"0","0"
729,7,2015-06-28,0,0,0,0,"0","0"
730,7,2015-06-28,0,0,0,0,"0","0"
731,7,2015-06-28,0,0,0,0,"0","0"
732,7,2015-06-28,3501,365,1,0,"0","0"
733,7,2015-06-28,15648,3358,1,0,"0","0"
734,7,2015-06-28,0,0,0,0,"0","0"
735,7,2015-06-28,0,0,0,0,"0","0"
736,7,2015-06-28,0,0,0,0,"0","0"
737,7,2015-06-28,0,0,0,0,"0","0"
738,7,2015-06-28,0,0,0,0,"0","0"
739,7,2015-06-28,0,0,0,0,"0","0"
740,7,2015-06-28,0,0,0,0,"0","0"
741,7,2015-06-28,0,0,0,0,"0","0"
742,7,2015-06-28,0,0,0,0,"0","0"
743,7,2015-06-28,0,0,0,0,"0","0"
744,7,2015-06-28,0,0,0,0,"0","0"
745,7,2015-06-28,0,0,0,0,"0","0"
746,7,2015-06-28,0,0,0,0,"0","0"
747,7,2015-06-28,0,0,0,0,"0","0"
748,7,2015-06-28,0,0,0,0,"0","0"
749,7,2015-06-28,0,0,0,0,"0","0"
750,7,2015-06-28,0,0,0,0,"0","0"
751,7,2015-06-28,0,0,0,0,"0","0"
752,7,2015-06-28,0,0,0,0,"0","0"
753,7,2015-06-28,0,0,0,0,"0","0"
754,7,2015-06-28,0,0,0,0,"0","0"
755,7,2015-06-28,0,0,0,0,"0","0"
756,7,2015-06-28,0,0,0,0,"0","0"
757,7,2015-06-28,0,0,0,0,"0","0"
758,7,2015-06-28,0,0,0,0,"0","0"
759,7,2015-06-28,0,0,0,0,"0","0"
760,7,2015-06-28,0,0,0,0,"0","0"
761,7,2015-06-28,0,0,0,0,"0","0"
762,7,2015-06-28,0,0,0,0,"0","0"
763,7,2015-06-28,0,0,0,0,"0","0"
764,7,2015-06-28,0,0,0,0,"0","0"
765,7,2015-06-28,0,0,0,0,"0","0"
766,7,2015-06-28,0,0,0,0,"0","0"
767,7,2015-06-28,0,0,0,0,"0","0"
768,7,2015-06-28,0,0,0,0,"0","0"
769,7,2015-06-28,12117,2769,1,0,"0","0"
770,7,2015-06-28,0,0,0,0,"0","0"
771,7,2015-06-28,0,0,0,0,"0","0"
772,7,2015-06-28,0,0,0,0,"0","0"
773,7,2015-06-28,0,0,0,0,"0","0"
774,7,2015-06-28,0,0,0,0,"0","0"
775,7,2015-06-28,0,0,0,0,"0","0"
776,7,2015-06-28,0,0,0,0,"0","0"
777,7,2015-06-28,0,0,0,0,"0","0"
778,7,2015-06-28,0,0,0,0,"0","0"
779,7,2015-06-28,0,0,0,0,"0","0"
780,7,2015-06-28,0,0,0,0,"0","0"
781,7,2015-06-28,0,0,0,0,"0","0"
782,7,2015-06-28,0,0,0,0,"0","0"
783,7,2015-06-28,0,0,0,0,"0","0"
784,7,2015-06-28,0,0,0,0,"0","0"
785,7,2015-06-28,0,0,0,0,"0","0"
786,7,2015-06-28,0,0,0,0,"0","0"
787,7,2015-06-28,0,0,0,0,"0","0"
788,7,2015-06-28,0,0,0,0,"0","0"
789,7,2015-06-28,0,0,0,0,"0","0"
790,7,2015-06-28,0,0,0,0,"0","0"
791,7,2015-06-28,0,0,0,0,"0","0"
792,7,2015-06-28,0,0,0,0,"0","0"
793,7,2015-06-28,0,0,0,0,"0","0"
794,7,2015-06-28,0,0,0,0,"0","0"
795,7,2015-06-28,0,0,0,0,"0","0"
796,7,2015-06-28,0,0,0,0,"0","0"
797,7,2015-06-28,0,0,0,0,"0","0"
798,7,2015-06-28,0,0,0,0,"0","0"
799,7,2015-06-28,0,0,0,0,"0","0"
800,7,2015-06-28,0,0,0,0,"0","0"
801,7,2015-06-28,0,0,0,0,"0","0"
802,7,2015-06-28,0,0,0,0,"0","0"
803,7,2015-06-28,0,0,0,0,"0","0"
804,7,2015-06-28,0,0,0,0,"0","0"
805,7,2015-06-28,0,0,0,0,"0","0"
806,7,2015-06-28,0,0,0,0,"0","0"
807,7,2015-06-28,0,0,0,0,"0","0"
808,7,2015-06-28,0,0,0,0,"0","0"
809,7,2015-06-28,0,0,0,0,"0","0"
810,7,2015-06-28,0,0,0,0,"0","0"
811,7,2015-06-28,0,0,0,0,"0","0"
812,7,2015-06-28,0,0,0,0,"0","0"
813,7,2015-06-28,0,0,0,0,"0","0"
814,7,2015-06-28,0,0,0,0,"0","0"
815,7,2015-06-28,0,0,0,0,"0","0"
816,7,2015-06-28,0,0,0,0,"0","0"
817,7,2015-06-28,0,0,0,0,"0","0"
818,7,2015-06-28,0,0,0,0,"0","0"
819,7,2015-06-28,0,0,0,0,"0","0"
820,7,2015-06-28,0,0,0,0,"0","0"
821,7,2015-06-28,0,0,0,0,"0","0"
822,7,2015-06-28,0,0,0,0,"0","0"
823,7,2015-06-28,0,0,0,0,"0","0"
824,7,2015-06-28,0,0,0,0,"0","0"
825,7,2015-06-28,0,0,0,0,"0","0"
826,7,2015-06-28,0,0,0,0,"0","0"
827,7,2015-06-28,0,0,0,0,"0","0"
828,7,2015-06-28,0,0,0,0,"0","0"
829,7,2015-06-28,0,0,0,0,"0","0"
830,7,2015-06-28,0,0,0,0,"0","0"
831,7,2015-06-28,0,0,0,0,"0","0"
832,7,2015-06-28,0,0,0,0,"0","0"
833,7,2015-06-28,0,0,0,0,"0","0"
834,7,2015-06-28,0,0,0,0,"0","0"
835,7,2015-06-28,0,0,0,0,"0","0"
836,7,2015-06-28,0,0,0,0,"0","0"
837,7,2015-06-28,0,0,0,0,"0","0"
838,7,2015-06-28,0,0,0,0,"0","0"
839,7,2015-06-28,0,0,0,0,"0","0"
840,7,2015-06-28,0,0,0,0,"0","0"
841,7,2015-06-28,0,0,0,0,"0","0"
842,7,2015-06-28,0,0,0,0,"0","0"
843,7,2015-06-28,0,0,0,0,"0","0"
844,7,2015-06-28,0,0,0,0,"0","0"
845,7,2015-06-28,0,0,0,0,"0","0"
846,7,2015-06-28,0,0,0,0,"0","0"
847,7,2015-06-28,0,0,0,0,"0","0"
848,7,2015-06-28,0,0,0,0,"0","0"
849,7,2015-06-28,0,0,0,0,"0","0"
850,7,2015-06-28,0,0,0,0,"0","0"
851,7,2015-06-28,0,0,0,0,"0","0"
852,7,2015-06-28,0,0,0,0,"0","0"
853,7,2015-06-28,0,0,0,0,"0","0"
854,7,2015-06-28,0,0,0,0,"0","0"
855,7,2015-06-28,0,0,0,0,"0","0"
856,7,2015-06-28,0,0,0,0,"0","0"
857,7,2015-06-28,0,0,0,0,"0","0"
858,7,2015-06-28,0,0,0,0,"0","0"
859,7,2015-06-28,0,0,0,0,"0","0"
860,7,2015-06-28,0,0,0,0,"0","0"
861,7,2015-06-28,0,0,0,0,"0","0"
862,7,2015-06-28,0,0,0,0,"0","0"
863,7,2015-06-28,2136,260,1,0,"0","0"
864,7,2015-06-28,0,0,0,0,"0","0"
865,7,2015-06-28,0,0,0,0,"0","0"
866,7,2015-06-28,0,0,0,0,"0","0"
867,7,2015-06-28,1861,185,1,0,"0","0"
868,7,2015-06-28,0,0,0,0,"0","0"
869,7,2015-06-28,0,0,0,0,"0","0"
870,7,2015-06-28,0,0,0,0,"0","0"
871,7,2015-06-28,0,0,0,0,"0","0"
872,7,2015-06-28,0,0,0,0,"0","0"
873,7,2015-06-28,0,0,0,0,"0","0"
874,7,2015-06-28,0,0,0,0,"0","0"
875,7,2015-06-28,0,0,0,0,"0","0"
876,7,2015-06-28,0,0,0,0,"0","0"
877,7,2015-06-28,0,0,0,0,"0","0"
878,7,2015-06-28,0,0,0,0,"0","0"
879,7,2015-06-28,0,0,0,0,"0","0"
880,7,2015-06-28,0,0,0,0,"0","0"
881,7,2015-06-28,0,0,0,0,"0","0"
882,7,2015-06-28,0,0,0,0,"0","0"
883,7,2015-06-28,0,0,0,0,"0","0"
884,7,2015-06-28,0,0,0,0,"0","0"
885,7,2015-06-28,0,0,0,0,"0","0"
886,7,2015-06-28,0,0,0,0,"0","0"
887,7,2015-06-28,0,0,0,0,"0","0"
888,7,2015-06-28,0,0,0,0,"0","0"
889,7,2015-06-28,0,0,0,0,"0","0"
890,7,2015-06-28,0,0,0,0,"0","0"
891,7,2015-06-28,0,0,0,0,"0","0"
892,7,2015-06-28,0,0,0,0,"0","0"
893,7,2015-06-28,0,0,0,0,"0","0"
894,7,2015-06-28,0,0,0,0,"0","0"
895,7,2015-06-28,0,0,0,0,"0","0"
896,7,2015-06-28,0,0,0,0,"0","0"
897,7,2015-06-28,0,0,0,0,"0","0"
898,7,2015-06-28,0,0,0,0,"0","0"
899,7,2015-06-28,0,0,0,0,"0","0"
900,7,2015-06-28,0,0,0,0,"0","0"
901,7,2015-06-28,0,0,0,0,"0","0"
902,7,2015-06-28,0,0,0,0,"0","0"
903,7,2015-06-28,0,0,0,0,"0","0"
904,7,2015-06-28,0,0,0,0,"0","0"
905,7,2015-06-28,0,0,0,0,"0","0"
906,7,2015-06-28,0,0,0,0,"0","0"
907,7,2015-06-28,0,0,0,0,"0","0"
908,7,2015-06-28,0,0,0,0,"0","0"
909,7,2015-06-28,0,0,0,0,"0","0"
910,7,2015-06-28,0,0,0,0,"0","0"
911,7,2015-06-28,0,0,0,0,"0","0"
912,7,2015-06-28,0,0,0,0,"0","0"
913,7,2015-06-28,0,0,0,0,"0","0"
914,7,2015-06-28,0,0,0,0,"0","0"
915,7,2015-06-28,0,0,0,0,"0","0"
916,7,2015-06-28,0,0,0,0,"0","0"
917,7,2015-06-28,0,0,0,0,"0","0"
918,7,2015-06-28,0,0,0,0,"0","0"
919,7,2015-06-28,0,0,0,0,"0","0"
920,7,2015-06-28,0,0,0,0,"0","0"
921,7,2015-06-28,0,0,0,0,"0","0"
922,7,2015-06-28,0,0,0,0,"0","0"
923,7,2015-06-28,0,0,0,0,"0","0"
924,7,2015-06-28,0,0,0,0,"0","0"
925,7,2015-06-28,0,0,0,0,"0","0"
926,7,2015-06-28,0,0,0,0,"0","0"
927,7,2015-06-28,0,0,0,0,"0","0"
928,7,2015-06-28,0,0,0,0,"0","0"
929,7,2015-06-28,0,0,0,0,"0","0"
930,7,2015-06-28,0,0,0,0,"0","0"
931,7,2015-06-28,2419,341,1,0,"0","0"
932,7,2015-06-28,0,0,0,0,"0","0"
933,7,2015-06-28,0,0,0,0,"0","0"
934,7,2015-06-28,0,0,0,0,"0","0"
935,7,2015-06-28,0,0,0,0,"0","0"
936,7,2015-06-28,0,0,0,0,"0","0"
937,7,2015-06-28,0,0,0,0,"0","0"
938,7,2015-06-28,0,0,0,0,"0","0"
939,7,2015-06-28,0,0,0,0,"0","0"
940,7,2015-06-28,0,0,0,0,"0","0"
941,7,2015-06-28,0,0,0,0,"0","0"
942,7,2015-06-28,0,0,0,0,"0","0"
943,7,2015-06-28,0,0,0,0,"0","0"
944,7,2015-06-28,0,0,0,0,"0","0"
945,7,2015-06-28,0,0,0,0,"0","0"
946,7,2015-06-28,0,0,0,0,"0","0"
947,7,2015-06-28,0,0,0,0,"0","0"
948,7,2015-06-28,11581,2285,1,0,"0","0"
949,7,2015-06-28,0,0,0,0,"0","0"
950,7,2015-06-28,0,0,0,0,"0","0"
951,7,2015-06-28,0,0,0,0,"0","0"
952,7,2015-06-28,0,0,0,0,"0","0"
953,7,2015-06-28,0,0,0,0,"0","0"
954,7,2015-06-28,0,0,0,0,"0","0"
955,7,2015-06-28,0,0,0,0,"0","0"
956,7,2015-06-28,0,0,0,0,"0","0"
957,7,2015-06-28,0,0,0,0,"0","0"
958,7,2015-06-28,0,0,0,0,"0","0"
959,7,2015-06-28,0,0,0,0,"0","0"
960,7,2015-06-28,0,0,0,0,"0","0"
961,7,2015-06-28,0,0,0,0,"0","0"
962,7,2015-06-28,0,0,0,0,"0","0"
963,7,2015-06-28,0,0,0,0,"0","0"
964,7,2015-06-28,0,0,0,0,"0","0"
965,7,2015-06-28,0,0,0,0,"0","0"
966,7,2015-06-28,0,0,0,0,"0","0"
967,7,2015-06-28,0,0,0,0,"0","0"
968,7,2015-06-28,0,0,0,0,"0","0"
969,7,2015-06-28,0,0,0,0,"0","0"
970,7,2015-06-28,0,0,0,0,"0","0"
971,7,2015-06-28,0,0,0,0,"0","0"
972,7,2015-06-28,0,0,0,0,"0","0"
973,7,2015-06-28,0,0,0,0,"0","0"
974,7,2015-06-28,0,0,0,0,"0","0"
975,7,2015-06-28,0,0,0,0,"0","0"
976,7,2015-06-28,0,0,0,0,"0","0"
977,7,2015-06-28,0,0,0,0,"0","0"
978,7,2015-06-28,0,0,0,0,"0","0"
979,7,2015-06-28,0,0,0,0,"0","0"
980,7,2015-06-28,0,0,0,0,"0","0"
981,7,2015-06-28,0,0,0,0,"0","0"
982,7,2015-06-28,0,0,0,0,"0","0"
983,7,2015-06-28,0,0,0,0,"0","0"
984,7,2015-06-28,0,0,0,0,"0","0"
985,7,2015-06-28,0,0,0,0,"0","0"
986,7,2015-06-28,0,0,0,0,"0","0"
987,7,2015-06-28,0,0,0,0,"0","0"
988,7,2015-06-28,0,0,0,0,"0","0"
989,7,2015-06-28,0,0,0,0,"0","0"
990,7,2015-06-28,0,0,0,0,"0","0"
991,7,2015-06-28,0,0,0,0,"0","0"
992,7,2015-06-28,0,0,0,0,"0","0"
993,7,2015-06-28,0,0,0,0,"0","0"
994,7,2015-06-28,0,0,0,0,"0","0"
995,7,2015-06-28,0,0,0,0,"0","0"
996,7,2015-06-28,0,0,0,0,"0","0"
997,7,2015-06-28,0,0,0,0,"0","0"
998,7,2015-06-28,0,0,0,0,"0","0"
999,7,2015-06-28,0,0,0,0,"0","0"
1000,7,2015-06-28,0,0,0,0,"0","0"
1001,7,2015-06-28,0,0,0,0,"0","0"
1002,7,2015-06-28,0,0,0,0,"0","0"
1003,7,2015-06-28,0,0,0,0,"0","0"
1004,7,2015-06-28,0,0,0,0,"0","0"
1005,7,2015-06-28,0,0,0,0,"0","0"
1006,7,2015-06-28,0,0,0,0,"0","0"
1007,7,2015-06-28,0,0,0,0,"0","0"
1008,7,2015-06-28,0,0,0,0,"0","0"
1009,7,2015-06-28,0,0,0,0,"0","0"
1010,7,2015-06-28,0,0,0,0,"0","0"
1011,7,2015-06-28,0,0,0,0,"0","0"
1012,7,2015-06-28,0,0,0,0,"0","0"
1013,7,2015-06-28,0,0,0,0,"0","0"
1014,7,2015-06-28,0,0,0,0,"0","0"
1015,7,2015-06-28,0,0,0,0,"0","0"
1016,7,2015-06-28,0,0,0,0,"0","0"
1017,7,2015-06-28,0,0,0,0,"0","0"
1018,7,2015-06-28,0,0,0,0,"0","0"
1019,7,2015-06-28,0,0,0,0,"0","0"
1020,7,2015-06-28,0,0,0,0,"0","0"
1021,7,2015-06-28,0,0,0,0,"0","0"
1022,7,2015-06-28,0,0,0,0,"0","0"
1023,7,2015-06-28,0,0,0,0,"0","0"
1024,7,2015-06-28,0,0,0,0,"0","0"
1025,7,2015-06-28,0,0,0,0,"0","0"
1026,7,2015-06-28,0,0,0,0,"0","0"
1027,7,2015-06-28,0,0,0,0,"0","0"
1028,7,2015-06-28,0,0,0,0,"0","0"
1029,7,2015-06-28,0,0,0,0,"0","0"
1030,7,2015-06-28,0,0,0,0,"0","0"
1031,7,2015-06-28,0,0,0,0,"0","0"
1032,7,2015-06-28,0,0,0,0,"0","0"
1033,7,2015-06-28,0,0,0,0,"0","0"
1034,7,2015-06-28,0,0,0,0,"0","0"
1035,7,2015-06-28,0,0,0,0,"0","0"
1036,7,2015-06-28,0,0,0,0,"0","0"
1037,7,2015-06-28,0,0,0,0,"0","0"
1038,7,2015-06-28,0,0,0,0,"0","0"
1039,7,2015-06-28,0,0,0,0,"0","0"
1040,7,2015-06-28,0,0,0,0,"0","0"
1041,7,2015-06-28,0,0,0,0,"0","0"
1042,7,2015-06-28,0,0,0,0,"0","0"
1043,7,2015-06-28,0,0,0,0,"0","0"
1044,7,2015-06-28,0,0,0,0,"0","0"
1045,7,2015-06-28,4844,716,1,0,"0","0"
1046,7,2015-06-28,0,0,0,0,"0","0"
1047,7,2015-06-28,0,0,0,0,"0","0"
1048,7,2015-06-28,0,0,0,0,"0","0"
1049,7,2015-06-28,0,0,0,0,"0","0"
1050,7,2015-06-28,0,0,0,0,"0","0"
1051,7,2015-06-28,0,0,0,0,"0","0"
1052,7,2015-06-28,0,0,0,0,"0","0"
1053,7,2015-06-28,0,0,0,0,"0","0"
1054,7,2015-06-28,0,0,0,0,"0","0"
1055,7,2015-06-28,0,0,0,0,"0","0"
1056,7,2015-06-28,0,0,0,0,"0","0"
1057,7,2015-06-28,0,0,0,0,"0","0"
1058,7,2015-06-28,0,0,0,0,"0","0"
1059,7,2015-06-28,0,0,0,0,"0","0"
1060,7,2015-06-28,0,0,0,0,"0","0"
1061,7,2015-06-28,0,0,0,0,"0","0"
1062,7,2015-06-28,0,0,0,0,"0","0"
1063,7,2015-06-28,0,0,0,0,"0","0"
1064,7,2015-06-28,0,0,0,0,"0","0"
1065,7,2015-06-28,0,0,0,0,"0","0"
1066,7,2015-06-28,0,0,0,0,"0","0"
1067,7,2015-06-28,0,0,0,0,"0","0"
1068,7,2015-06-28,0,0,0,0,"0","0"
1069,7,2015-06-28,0,0,0,0,"0","0"
1070,7,2015-06-28,0,0,0,0,"0","0"
1071,7,2015-06-28,0,0,0,0,"0","0"
1072,7,2015-06-28,0,0,0,0,"0","0"
1073,7,2015-06-28,0,0,0,0,"0","0"
1074,7,2015-06-28,0,0,0,0,"0","0"
1075,7,2015-06-28,0,0,0,0,"0","0"
1076,7,2015-06-28,0,0,0,0,"0","0"
1077,7,2015-06-28,0,0,0,0,"0","0"
1078,7,2015-06-28,0,0,0,0,"0","0"
1079,7,2015-06-28,0,0,0,0,"0","0"
1080,7,2015-06-28,0,0,0,0,"0","0"
1081,7,2015-06-28,5690,885,1,0,"0","0"
1082,7,2015-06-28,0,0,0,0,"0","0"
1083,7,2015-06-28,0,0,0,0,"0","0"
1084,7,2015-06-28,0,0,0,0,"0","0"
1085,7,2015-06-28,0,0,0,0,"0","0"
1086,7,2015-06-28,0,0,0,0,"0","0"
1087,7,2015-06-28,0,0,0,0,"0","0"
1088,7,2015-06-28,0,0,0,0,"0","0"
1089,7,2015-06-28,0,0,0,0,"0","0"
1090,7,2015-06-28,0,0,0,0,"0","0"
1091,7,2015-06-28,0,0,0,0,"0","0"
1092,7,2015-06-28,0,0,0,0,"0","0"
1093,7,2015-06-28,0,0,0,0,"0","0"
1094,7,2015-06-28,0,0,0,0,"0","0"
1095,7,2015-06-28,0,0,0,0,"0","0"
1096,7,2015-06-28,0,0,0,0,"0","0"
1097,7,2015-06-28,13460,2727,1,0,"0","0"
1098,7,2015-06-28,0,0,0,0,"0","0"
1099,7,2015-06-28,4180,666,1,0,"0","0"
1100,7,2015-06-28,0,0,0,0,"0","0"
1101,7,2015-06-28,0,0,0,0,"0","0"
1102,7,2015-06-28,0,0,0,0,"0","0"
1103,7,2015-06-28,0,0,0,0,"0","0"
1104,7,2015-06-28,0,0,0,0,"0","0"
1105,7,2015-06-28,0,0,0,0,"0","0"
1106,7,2015-06-28,0,0,0,0,"0","0"
1107,7,2015-06-28,0,0,0,0,"0","0"
1108,7,2015-06-28,0,0,0,0,"0","0"
1109,7,2015-06-28,0,0,0,0,"0","0"
1110,7,2015-06-28,0,0,0,0,"0","0"
1111,7,2015-06-28,0,0,0,0,"0","0"
1112,7,2015-06-28,0,0,0,0,"0","0"
1113,7,2015-06-28,0,0,0,0,"0","0"
1114,7,2015-06-28,0,0,0,0,"0","0"
1115,7,2015-06-28,0,0,0,0,"0","0"
1,6,2015-06-27,4019,463,1,0,"0","0"
2,6,2015-06-27,2404,303,1,0,"0","0"
3,6,2015-06-27,5156,641,1,0,"0","0"
4,6,2015-06-27,8989,1268,1,0,"0","0"
5,6,2015-06-27,1876,203,1,0,"0","0"
6,6,2015-06-27,3078,333,1,0,"0","0"
7,6,2015-06-27,6519,693,1,0,"0","0"
8,6,2015-06-27,3611,397,1,0,"0","0"
9,6,2015-06-27,7069,605,1,0,"0","0"
10,6,2015-06-27,4595,497,1,0,"0","0"
11,6,2015-06-27,6001,774,1,0,"0","0"
12,6,2015-06-27,6546,799,1,0,"0","0"
13,6,2015-06-27,4801,345,1,0,"0","0"
14,6,2015-06-27,3498,409,1,0,"0","0"
15,6,2015-06-27,6275,669,1,0,"0","0"
16,6,2015-06-27,4545,518,1,0,"0","0"
17,6,2015-06-27,2466,321,1,0,"0","0"
18,6,2015-06-27,4598,473,1,0,"0","0"
19,6,2015-06-27,4732,416,1,0,"0","0"
20,6,2015-06-27,6576,544,1,0,"0","0"
21,6,2015-06-27,5766,546,1,0,"0","0"
22,6,2015-06-27,3159,342,1,0,"0","0"
23,6,2015-06-27,4190,403,1,0,"0","0"
24,6,2015-06-27,7989,705,1,0,"0","0"
25,6,2015-06-27,9082,1228,1,0,"0","0"
26,6,2015-06-27,6926,561,1,0,"0","0"
27,6,2015-06-27,7452,844,1,0,"0","0"
28,6,2015-06-27,2307,235,1,0,"0","0"
29,6,2015-06-27,7876,668,1,0,"0","0"
30,6,2015-06-27,3822,601,1,0,"0","0"
31,6,2015-06-27,5656,552,1,0,"0","0"
32,6,2015-06-27,2034,278,1,0,"0","0"
33,6,2015-06-27,9329,891,1,0,"0","0"
34,6,2015-06-27,7280,903,1,0,"0","0"
35,6,2015-06-27,9169,717,1,0,"0","0"
36,6,2015-06-27,10581,1086,1,0,"0","0"
37,6,2015-06-27,7619,828,1,0,"0","0"
38,6,2015-06-27,6595,617,1,0,"0","0"
39,6,2015-06-27,2477,361,1,0,"0","0"
40,6,2015-06-27,4689,597,1,0,"0","0"
41,6,2015-06-27,6335,463,1,0,"0","0"
42,6,2015-06-27,8626,923,1,0,"0","0"
43,6,2015-06-27,4756,422,1,0,"0","0"
44,6,2015-06-27,3513,424,1,0,"0","0"
45,6,2015-06-27,6057,471,1,0,"0","0"
46,6,2015-06-27,5743,691,1,0,"0","0"
47,6,2015-06-27,5939,696,1,0,"0","0"
48,6,2015-06-27,2666,275,1,0,"0","0"
49,6,2015-06-27,7569,548,1,0,"0","0"
50,6,2015-06-27,4870,394,1,0,"0","0"
51,6,2015-06-27,7101,560,1,0,"0","0"
52,6,2015-06-27,6700,475,1,0,"0","0"
53,6,2015-06-27,3142,359,1,0,"0","0"
54,6,2015-06-27,8992,787,1,0,"0","0"
55,6,2015-06-27,2586,326,1,0,"0","0"
56,6,2015-06-27,9427,612,1,0,"0","0"
57,6,2015-06-27,5787,592,1,0,"0","0"
58,6,2015-06-27,6430,533,1,0,"0","0"
59,6,2015-06-27,2641,255,1,0,"0","0"
60,6,2015-06-27,5513,454,1,0,"0","0"
61,6,2015-06-27,4062,519,1,0,"0","0"
62,6,2015-06-27,4396,470,1,0,"0","0"
63,6,2015-06-27,7381,698,1,0,"0","0"
64,6,2015-06-27,11652,926,1,0,"0","0"
65,6,2015-06-27,2777,206,1,0,"0","0"
66,6,2015-06-27,6462,549,1,0,"0","0"
67,6,2015-06-27,5096,529,1,0,"0","0"
68,6,2015-06-27,7543,1140,1,0,"0","0"
69,6,2015-06-27,7520,969,1,0,"0","0"
70,6,2015-06-27,5448,535,1,0,"0","0"
71,6,2015-06-27,6428,569,1,0,"0","0"
72,6,2015-06-27,2338,249,1,0,"0","0"
73,6,2015-06-27,2828,259,1,0,"0","0"
74,6,2015-06-27,5245,690,1,0,"0","0"
75,6,2015-06-27,6485,672,1,0,"0","0"
76,6,2015-06-27,7570,825,1,0,"0","0"
77,6,2015-06-27,7263,628,1,0,"0","0"
78,6,2015-06-27,2211,304,1,0,"0","0"
79,6,2015-06-27,3612,429,1,0,"0","0"
80,6,2015-06-27,8212,655,1,0,"0","0"
81,6,2015-06-27,9178,685,1,0,"0","0"
82,6,2015-06-27,5719,509,1,0,"0","0"
83,6,2015-06-27,3815,310,1,0,"0","0"
84,6,2015-06-27,11932,1227,1,0,"0","0"
85,6,2015-06-27,5339,756,1,0,"0","0"
86,6,2015-06-27,4067,469,1,0,"0","0"
87,6,2015-06-27,3961,497,1,0,"0","0"
88,6,2015-06-27,2191,217,1,0,"0","0"
89,6,2015-06-27,5006,452,1,0,"0","0"
90,6,2015-06-27,7455,937,1,0,"0","0"
91,6,2015-06-27,3538,390,1,0,"0","0"
92,6,2015-06-27,6134,538,1,0,"0","0"
93,6,2015-06-27,3173,298,1,0,"0","0"
94,6,2015-06-27,5896,544,1,0,"0","0"
95,6,2015-06-27,4492,447,1,0,"0","0"
96,6,2015-06-27,2289,330,1,0,"0","0"
97,6,2015-06-27,4420,443,1,0,"0","0"
98,6,2015-06-27,5774,491,1,0,"0","0"
99,6,2015-06-27,6670,537,1,0,"0","0"
100,6,2015-06-27,8852,719,1,0,"0","0"
101,6,2015-06-27,5976,684,1,0,"0","0"
102,6,2015-06-27,5535,847,1,0,"0","0"
103,6,2015-06-27,4114,360,1,0,"0","0"
104,6,2015-06-27,11588,1571,1,0,"0","0"
105,6,2015-06-27,2974,329,1,0,"0","0"
106,6,2015-06-27,5959,544,1,0,"0","0"
107,6,2015-06-27,7804,979,1,0,"0","0"
108,6,2015-06-27,12538,960,1,0,"0","0"
109,6,2015-06-27,4760,580,1,0,"0","0"
110,6,2015-06-27,3219,393,1,0,"0","0"
111,6,2015-06-27,6338,586,1,0,"0","0"
112,6,2015-06-27,5394,630,1,0,"0","0"
113,6,2015-06-27,6115,648,1,0,"0","0"
114,6,2015-06-27,4718,535,1,0,"0","0"
115,6,2015-06-27,9852,689,1,0,"0","0"
116,6,2015-06-27,6141,571,1,0,"0","0"
117,6,2015-06-27,2627,303,1,0,"0","0"
118,6,2015-06-27,7396,682,1,0,"0","0"
119,6,2015-06-27,4960,524,1,0,"0","0"
120,6,2015-06-27,6186,517,1,0,"0","0"
121,6,2015-06-27,1971,218,1,0,"0","0"
122,6,2015-06-27,6690,868,1,0,"0","0"
123,6,2015-06-27,3328,483,1,0,"0","0"
124,6,2015-06-27,2479,289,1,0,"0","0"
125,6,2015-06-27,8204,1179,1,0,"0","0"
126,6,2015-06-27,5017,461,1,0,"0","0"
127,6,2015-06-27,5343,705,1,0,"0","0"
128,6,2015-06-27,9019,664,1,0,"0","0"
129,6,2015-06-27,7086,920,1,0,"0","0"
130,6,2015-06-27,4808,469,1,0,"0","0"
131,6,2015-06-27,5458,561,1,0,"0","0"
132,6,2015-06-27,7358,689,1,0,"0","0"
133,6,2015-06-27,2723,333,1,0,"0","0"
134,6,2015-06-27,3307,317,1,0,"0","0"
135,6,2015-06-27,6415,596,1,0,"0","0"
136,6,2015-06-27,4436,368,1,0,"0","0"
137,6,2015-06-27,7074,748,1,0,"0","0"
138,6,2015-06-27,3723,324,1,0,"0","0"
139,6,2015-06-27,4816,323,1,0,"0","0"
140,6,2015-06-27,6395,779,1,0,"0","0"
141,6,2015-06-27,3980,480,1,0,"0","0"
142,6,2015-06-27,2678,349,1,0,"0","0"
143,6,2015-06-27,4917,477,1,0,"0","0"
144,6,2015-06-27,6212,581,1,0,"0","0"
145,6,2015-06-27,6723,1016,1,0,"0","0"
146,6,2015-06-27,7761,684,1,0,"0","0"
147,6,2015-06-27,8525,902,1,0,"0","0"
148,6,2015-06-27,7286,668,1,0,"0","0"
149,6,2015-06-27,4285,383,1,0,"0","0"
150,6,2015-06-27,7609,749,1,0,"0","0"
151,6,2015-06-27,5356,560,1,0,"0","0"
152,6,2015-06-27,3330,399,1,0,"0","0"
153,6,2015-06-27,3881,386,1,0,"0","0"
154,6,2015-06-27,7986,693,1,0,"0","0"
155,6,2015-06-27,7267,721,1,0,"0","0"
156,6,2015-06-27,2681,281,1,0,"0","0"
157,6,2015-06-27,7344,723,1,0,"0","0"
158,6,2015-06-27,8706,555,1,0,"0","0"
159,6,2015-06-27,6011,603,1,0,"0","0"
160,6,2015-06-27,4519,478,1,0,"0","0"
161,6,2015-06-27,8171,830,1,0,"0","0"
162,6,2015-06-27,8155,616,1,0,"0","0"
163,6,2015-06-27,5275,623,1,0,"0","0"
164,6,2015-06-27,4092,416,1,0,"0","0"
165,6,2015-06-27,3071,284,1,0,"0","0"
166,6,2015-06-27,5345,730,1,0,"0","0"
167,6,2015-06-27,5485,600,1,0,"0","0"
168,6,2015-06-27,4106,406,1,0,"0","0"
169,6,2015-06-27,5310,532,1,0,"0","0"
170,6,2015-06-27,3140,366,1,0,"0","0"
171,6,2015-06-27,6324,620,1,0,"0","0"
172,6,2015-06-27,7187,771,1,0,"0","0"
173,6,2015-06-27,6091,745,1,0,"0","0"
174,6,2015-06-27,6601,540,1,0,"0","0"
175,6,2015-06-27,6217,758,1,0,"0","0"
176,6,2015-06-27,3131,350,1,0,"0","0"
177,6,2015-06-27,1511,196,1,0,"0","0"
178,6,2015-06-27,7365,681,1,0,"0","0"
179,6,2015-06-27,5858,831,1,0,"0","0"
180,6,2015-06-27,6502,812,1,0,"0","0"
181,6,2015-06-27,2812,335,1,0,"0","0"
182,6,2015-06-27,6193,442,1,0,"0","0"
183,6,2015-06-27,6512,659,1,0,"0","0"
184,6,2015-06-27,5238,459,1,0,"0","0"
185,6,2015-06-27,5314,436,1,0,"0","0"
186,6,2015-06-27,3796,373,1,0,"0","0"
187,6,2015-06-27,4471,528,1,0,"0","0"
188,6,2015-06-27,4882,438,1,0,"0","0"
189,6,2015-06-27,6955,696,1,0,"0","0"
190,6,2015-06-27,7262,603,1,0,"0","0"
191,6,2015-06-27,8309,743,1,0,"0","0"
192,6,2015-06-27,15074,1039,1,0,"0","0"
193,6,2015-06-27,4131,633,1,0,"0","0"
194,6,2015-06-27,4945,422,1,0,"0","0"
195,6,2015-06-27,12253,1262,1,0,"0","0"
196,6,2015-06-27,3750,544,1,0,"0","0"
197,6,2015-06-27,5373,676,1,0,"0","0"
198,6,2015-06-27,726,82,1,0,"0","0"
199,6,2015-06-27,6971,605,1,0,"0","0"
200,6,2015-06-27,6661,839,1,0,"0","0"
201,6,2015-06-27,4988,453,1,0,"0","0"
202,6,2015-06-27,6768,555,1,0,"0","0"
203,6,2015-06-27,5948,759,1,0,"0","0"
204,6,2015-06-27,4651,415,1,0,"0","0"
205,6,2015-06-27,5051,688,1,0,"0","0"
206,6,2015-06-27,6014,589,1,0,"0","0"
207,6,2015-06-27,8026,952,1,0,"0","0"
208,6,2015-06-27,3245,421,1,0,"0","0"
209,6,2015-06-27,4901,513,1,0,"0","0"
210,6,2015-06-27,2376,281,1,0,"0","0"
211,6,2015-06-27,9107,1021,1,0,"0","0"
212,6,2015-06-27,2881,279,1,0,"0","0"
213,6,2015-06-27,8181,612,1,0,"0","0"
214,6,2015-06-27,10928,818,1,0,"0","0"
215,6,2015-06-27,6495,480,1,0,"0","0"
216,6,2015-06-27,5730,737,1,0,"0","0"
217,6,2015-06-27,4468,587,1,0,"0","0"
218,6,2015-06-27,2096,287,1,0,"0","0"
219,6,2015-06-27,1781,230,1,0,"0","0"
220,6,2015-06-27,3855,421,1,0,"0","0"
221,6,2015-06-27,5795,567,1,0,"0","0"
222,6,2015-06-27,3200,391,1,0,"0","0"
223,6,2015-06-27,5579,556,1,0,"0","0"
224,6,2015-06-27,7244,501,1,0,"0","0"
225,6,2015-06-27,3939,402,1,0,"0","0"
226,6,2015-06-27,5259,485,1,0,"0","0"
227,6,2015-06-27,4687,403,1,0,"0","0"
228,6,2015-06-27,8722,654,1,0,"0","0"
229,6,2015-06-27,7050,640,1,0,"0","0"
230,6,2015-06-27,6803,879,1,0,"0","0"
231,6,2015-06-27,4813,418,1,0,"0","0"
232,6,2015-06-27,2924,280,1,0,"0","0"
233,6,2015-06-27,8798,877,1,0,"0","0"
234,6,2015-06-27,10163,951,1,0,"0","0"
235,6,2015-06-27,3565,313,1,0,"0","0"
236,6,2015-06-27,5032,548,1,0,"0","0"
237,6,2015-06-27,3761,417,1,0,"0","0"
238,6,2015-06-27,5369,783,1,0,"0","0"
239,6,2015-06-27,5832,542,1,0,"0","0"
240,6,2015-06-27,4837,432,1,0,"0","0"
241,6,2015-06-27,6393,657,1,0,"0","0"
242,6,2015-06-27,3102,279,1,0,"0","0"
243,6,2015-06-27,4788,660,1,0,"0","0"
244,6,2015-06-27,4718,500,1,0,"0","0"
245,6,2015-06-27,8459,887,1,0,"0","0"
246,6,2015-06-27,6134,799,1,0,"0","0"
247,6,2015-06-27,6591,556,1,0,"0","0"
248,6,2015-06-27,6500,931,1,0,"0","0"
249,6,2015-06-27,4473,443,1,0,"0","0"
250,6,2015-06-27,8108,625,1,0,"0","0"
251,6,2015-06-27,21829,2890,1,0,"0","0"
252,6,2015-06-27,9616,757,1,0,"0","0"
253,6,2015-06-27,3918,488,1,0,"0","0"
254,6,2015-06-27,3330,286,1,0,"0","0"
255,6,2015-06-27,7090,710,1,0,"0","0"
256,6,2015-06-27,8671,1049,1,0,"0","0"
257,6,2015-06-27,2407,284,1,0,"0","0"
258,6,2015-06-27,4773,401,1,0,"0","0"
259,6,2015-06-27,9061,1963,1,0,"0","0"
260,6,2015-06-27,5546,760,1,0,"0","0"
261,6,2015-06-27,8296,691,1,0,"0","0"
262,6,2015-06-27,17864,3084,1,0,"0","0"
263,6,2015-06-27,5348,453,1,0,"0","0"
264,6,2015-06-27,4894,686,1,0,"0","0"
265,6,2015-06-27,2151,234,1,0,"0","0"
266,6,2015-06-27,3947,550,1,0,"0","0"
267,6,2015-06-27,9735,1167,1,0,"0","0"
268,6,2015-06-27,3339,445,1,0,"0","0"
269,6,2015-06-27,7069,887,1,0,"0","0"
270,6,2015-06-27,9129,1119,1,0,"0","0"
271,6,2015-06-27,2465,235,1,0,"0","0"
272,6,2015-06-27,3130,320,1,0,"0","0"
273,6,2015-06-27,5906,598,1,0,"0","0"
274,6,2015-06-27,4589,964,1,0,"0","0"
275,6,2015-06-27,7039,709,1,0,"0","0"
276,6,2015-06-27,1985,222,1,0,"0","0"
277,6,2015-06-27,4819,432,1,0,"0","0"
278,6,2015-06-27,4457,505,1,0,"0","0"
279,6,2015-06-27,11547,841,1,0,"0","0"
280,6,2015-06-27,5711,489,1,0,"0","0"
281,6,2015-06-27,6392,609,1,0,"0","0"
282,6,2015-06-27,3161,453,1,0,"0","0"
283,6,2015-06-27,8093,745,1,0,"0","0"
284,6,2015-06-27,5956,482,1,0,"0","0"
285,6,2015-06-27,6481,554,1,0,"0","0"
286,6,2015-06-27,1365,142,1,0,"0","0"
287,6,2015-06-27,10112,880,1,0,"0","0"
288,6,2015-06-27,5980,433,1,0,"0","0"
289,6,2015-06-27,6428,573,1,0,"0","0"
290,6,2015-06-27,4378,424,1,0,"0","0"
291,6,2015-06-27,4461,458,1,0,"0","0"
292,6,2015-06-27,3278,393,1,0,"0","0"
293,6,2015-06-27,4607,584,1,0,"0","0"
294,6,2015-06-27,3026,402,1,0,"0","0"
295,6,2015-06-27,5953,703,1,0,"0","0"
296,6,2015-06-27,4472,435,1,0,"0","0"
297,6,2015-06-27,4581,458,1,0,"0","0"
298,6,2015-06-27,8571,707,1,0,"0","0"
299,6,2015-06-27,8600,932,1,0,"0","0"
300,6,2015-06-27,7349,874,1,0,"0","0"
301,6,2015-06-27,3844,424,1,0,"0","0"
302,6,2015-06-27,4163,362,1,0,"0","0"
303,6,2015-06-27,3921,437,1,0,"0","0"
304,6,2015-06-27,5052,769,1,0,"0","0"
305,6,2015-06-27,6842,659,1,0,"0","0"
306,6,2015-06-27,2723,289,1,0,"0","0"
307,6,2015-06-27,811,104,1,0,"0","0"
308,6,2015-06-27,8504,853,1,0,"0","0"
309,6,2015-06-27,6079,529,1,0,"0","0"
310,6,2015-06-27,7634,622,1,0,"0","0"
311,6,2015-06-27,6207,599,1,0,"0","0"
312,6,2015-06-27,4821,458,1,0,"0","0"
313,6,2015-06-27,4409,454,1,0,"0","0"
314,6,2015-06-27,3574,342,1,0,"0","0"
315,6,2015-06-27,2820,281,1,0,"0","0"
316,6,2015-06-27,9432,866,1,0,"0","0"
317,6,2015-06-27,6762,689,1,0,"0","0"
318,6,2015-06-27,5194,453,1,0,"0","0"
319,6,2015-06-27,5761,586,1,0,"0","0"
320,6,2015-06-27,12320,1744,1,0,"0","0"
321,6,2015-06-27,6720,622,1,0,"0","0"
322,6,2015-06-27,1751,196,1,0,"0","0"
323,6,2015-06-27,6955,599,1,0,"0","0"
324,6,2015-06-27,2113,282,1,0,"0","0"
325,6,2015-06-27,4242,443,1,0,"0","0"
326,6,2015-06-27,6231,501,1,0,"0","0"
327,6,2015-06-27,6124,712,1,0,"0","0"
328,6,2015-06-27,2882,303,1,0,"0","0"
329,6,2015-06-27,4207,389,1,0,"0","0"
330,6,2015-06-27,4840,456,1,0,"0","0"
331,6,2015-06-27,3523,455,1,0,"0","0"
332,6,2015-06-27,1500,194,1,0,"0","0"
333,6,2015-06-27,7783,1013,1,0,"0","0"
334,6,2015-06-27,4711,486,1,0,"0","0"
335,6,2015-06-27,9479,1563,1,0,"0","0"
336,6,2015-06-27,10427,1559,1,0,"0","0"
337,6,2015-06-27,5900,445,1,0,"0","0"
338,6,2015-06-27,5223,437,1,0,"0","0"
339,6,2015-06-27,4164,597,1,0,"0","0"
340,6,2015-06-27,5241,558,1,0,"0","0"
341,6,2015-06-27,5185,693,1,0,"0","0"
342,6,2015-06-27,11721,854,1,0,"0","0"
343,6,2015-06-27,6231,598,1,0,"0","0"
344,6,2015-06-27,8094,1054,1,0,"0","0"
345,6,2015-06-27,3457,351,1,0,"0","0"
346,6,2015-06-27,6712,545,1,0,"0","0"
347,6,2015-06-27,5329,442,1,0,"0","0"
348,6,2015-06-27,8097,632,1,0,"0","0"
349,6,2015-06-27,8586,818,1,0,"0","0"
350,6,2015-06-27,8090,591,1,0,"0","0"
351,6,2015-06-27,6239,502,1,0,"0","0"
352,6,2015-06-27,7085,618,1,0,"0","0"
353,6,2015-06-27,5440,1416,1,0,"0","0"
354,6,2015-06-27,9357,764,1,0,"0","0"
355,6,2015-06-27,6153,760,1,0,"0","0"
356,6,2015-06-27,6599,507,1,0,"0","0"
357,6,2015-06-27,6156,845,1,0,"0","0"
358,6,2015-06-27,9162,1016,1,0,"0","0"
359,6,2015-06-27,7147,662,1,0,"0","0"
360,6,2015-06-27,4603,507,1,0,"0","0"
361,6,2015-06-27,5787,593,1,0,"0","0"
362,6,2015-06-27,9039,1042,1,0,"0","0"
363,6,2015-06-27,6169,878,1,0,"0","0"
364,6,2015-06-27,3949,495,1,0,"0","0"
365,6,2015-06-27,5688,566,1,0,"0","0"
366,6,2015-06-27,2644,337,1,0,"0","0"
367,6,2015-06-27,4631,497,1,0,"0","0"
368,6,2015-06-27,8240,642,1,0,"0","0"
369,6,2015-06-27,6431,559,1,0,"0","0"
370,6,2015-06-27,8279,703,1,0,"0","0"
371,6,2015-06-27,5765,479,1,0,"0","0"
372,6,2015-06-27,8809,764,1,0,"0","0"
373,6,2015-06-27,4372,299,1,0,"0","0"
374,6,2015-06-27,4530,469,1,0,"0","0"
375,6,2015-06-27,4518,360,1,0,"0","0"
376,6,2015-06-27,6074,684,1,0,"0","0"
377,6,2015-06-27,6070,738,1,0,"0","0"
378,6,2015-06-27,6573,959,1,0,"0","0"
379,6,2015-06-27,3188,391,1,0,"0","0"
380,6,2015-06-27,15058,1245,1,0,"0","0"
381,6,2015-06-27,5083,486,1,0,"0","0"
382,6,2015-06-27,5858,501,1,0,"0","0"
383,6,2015-06-27,15789,1947,1,0,"0","0"
384,6,2015-06-27,5693,565,1,0,"0","0"
385,6,2015-06-27,8035,668,1,0,"0","0"
386,6,2015-06-27,6942,533,1,0,"0","0"
387,6,2015-06-27,6985,889,1,0,"0","0"
388,6,2015-06-27,8833,862,1,0,"0","0"
389,6,2015-06-27,7387,956,1,0,"0","0"
390,6,2015-06-27,10098,927,1,0,"0","0"
391,6,2015-06-27,2659,334,1,0,"0","0"
392,6,2015-06-27,4626,462,1,0,"0","0"
393,6,2015-06-27,6583,596,1,0,"0","0"
394,6,2015-06-27,8741,713,1,0,"0","0"
395,6,2015-06-27,3282,394,1,0,"0","0"
396,6,2015-06-27,5489,511,1,0,"0","0"
397,6,2015-06-27,4538,556,1,0,"0","0"
398,6,2015-06-27,5050,601,1,0,"0","0"
399,6,2015-06-27,5464,546,1,0,"0","0"
400,6,2015-06-27,5285,792,1,0,"0","0"
401,6,2015-06-27,3363,278,1,0,"0","0"
402,6,2015-06-27,6003,638,1,0,"0","0"
403,6,2015-06-27,6058,524,1,0,"0","0"
404,6,2015-06-27,2754,302,1,0,"0","0"
405,6,2015-06-27,3283,353,1,0,"0","0"
406,6,2015-06-27,7021,545,1,0,"0","0"
407,6,2015-06-27,4618,358,1,0,"0","0"
408,6,2015-06-27,4587,442,1,0,"0","0"
409,6,2015-06-27,5888,554,1,0,"0","0"
410,6,2015-06-27,5063,706,1,0,"0","0"
411,6,2015-06-27,9219,700,1,0,"0","0"
412,6,2015-06-27,12469,885,1,0,"0","0"
413,6,2015-06-27,4765,625,1,0,"0","0"
414,6,2015-06-27,7804,584,1,0,"0","0"
415,6,2015-06-27,5715,503,1,0,"0","0"
416,6,2015-06-27,10342,1287,1,0,"0","0"
417,6,2015-06-27,4686,505,1,0,"0","0"
418,6,2015-06-27,3008,317,1,0,"0","0"
419,6,2015-06-27,3658,600,1,0,"0","0"
420,6,2015-06-27,5454,402,1,0,"0","0"
421,6,2015-06-27,10990,1099,1,0,"0","0"
422,6,2015-06-27,3961,440,1,0,"0","0"
423,6,2015-06-27,9368,1705,1,0,"0","0"
424,6,2015-06-27,8263,890,1,0,"0","0"
425,6,2015-06-27,2484,322,1,0,"0","0"
426,6,2015-06-27,4540,507,1,0,"0","0"
427,6,2015-06-27,6737,650,1,0,"0","0"
428,6,2015-06-27,7242,606,1,0,"0","0"
429,6,2015-06-27,5289,467,1,0,"0","0"
430,6,2015-06-27,9186,758,1,0,"0","0"
431,6,2015-06-27,9678,934,1,0,"0","0"
432,6,2015-06-27,7359,1010,1,0,"0","0"
433,6,2015-06-27,3808,473,1,0,"0","0"
434,6,2015-06-27,12034,854,1,0,"0","0"
435,6,2015-06-27,2064,244,1,0,"0","0"
436,6,2015-06-27,4128,461,1,0,"0","0"
437,6,2015-06-27,9327,951,1,0,"0","0"
438,6,2015-06-27,4193,421,1,0,"0","0"
439,6,2015-06-27,5272,687,1,0,"0","0"
440,6,2015-06-27,2948,361,1,0,"0","0"
441,6,2015-06-27,6843,782,1,0,"0","0"
442,6,2015-06-27,4428,518,1,0,"0","0"
443,6,2015-06-27,4204,389,1,0,"0","0"
444,6,2015-06-27,14820,1753,1,0,"0","0"
445,6,2015-06-27,10420,1777,1,0,"0","0"
446,6,2015-06-27,2646,288,1,0,"0","0"
447,6,2015-06-27,5114,587,1,0,"0","0"
448,6,2015-06-27,6519,496,1,0,"0","0"
449,6,2015-06-27,7575,1022,1,0,"0","0"
450,6,2015-06-27,9538,1274,1,0,"0","0"
451,6,2015-06-27,5357,400,1,0,"0","0"
452,6,2015-06-27,2609,261,1,0,"0","0"
453,6,2015-06-27,8030,965,1,0,"0","0"
454,6,2015-06-27,2069,233,1,0,"0","0"
455,6,2015-06-27,10033,591,1,0,"0","0"
456,6,2015-06-27,5343,694,1,0,"0","0"
457,6,2015-06-27,5078,469,1,0,"0","0"
458,6,2015-06-27,9824,895,1,0,"0","0"
459,6,2015-06-27,5419,646,1,0,"0","0"
460,6,2015-06-27,1766,158,1,0,"0","0"
461,6,2015-06-27,4928,494,1,0,"0","0"
462,6,2015-06-27,2326,287,1,0,"0","0"
463,6,2015-06-27,3946,593,1,0,"0","0"
464,6,2015-06-27,11524,1370,1,0,"0","0"
465,6,2015-06-27,7682,623,1,0,"0","0"
466,6,2015-06-27,4669,413,1,0,"0","0"
467,6,2015-06-27,13118,1509,1,0,"0","0"
468,6,2015-06-27,7851,842,1,0,"0","0"
469,6,2015-06-27,11921,1495,1,0,"0","0"
470,6,2015-06-27,12837,1713,1,0,"0","0"
471,6,2015-06-27,6369,579,1,0,"0","0"
472,6,2015-06-27,4163,543,1,0,"0","0"
473,6,2015-06-27,2177,281,1,0,"0","0"
474,6,2015-06-27,4717,448,1,0,"0","0"
475,6,2015-06-27,6832,1008,1,0,"0","0"
476,6,2015-06-27,2846,383,1,0,"0","0"
477,6,2015-06-27,6216,452,1,0,"0","0"
478,6,2015-06-27,4802,480,1,0,"0","0"
479,6,2015-06-27,7514,898,1,0,"0","0"
480,6,2015-06-27,2454,308,1,0,"0","0"
481,6,2015-06-27,4811,490,1,0,"0","0"
482,6,2015-06-27,8496,954,1,0,"0","0"
483,6,2015-06-27,1513,221,1,0,"0","0"
484,6,2015-06-27,10032,893,1,0,"0","0"
485,6,2015-06-27,6451,529,1,0,"0","0"
486,6,2015-06-27,3167,357,1,0,"0","0"
487,6,2015-06-27,7092,726,1,0,"0","0"
488,6,2015-06-27,3403,358,1,0,"0","0"
489,6,2015-06-27,3116,263,1,0,"0","0"
490,6,2015-06-27,9371,1243,1,0,"0","0"
491,6,2015-06-27,6358,522,1,0,"0","0"
492,6,2015-06-27,6785,1012,1,0,"0","0"
493,6,2015-06-27,8717,840,1,0,"0","0"
494,6,2015-06-27,5077,765,1,0,"0","0"
495,6,2015-06-27,4897,371,1,0,"0","0"
496,6,2015-06-27,7052,758,1,0,"0","0"
497,6,2015-06-27,6376,743,1,0,"0","0"
498,6,2015-06-27,8028,915,1,0,"0","0"
499,6,2015-06-27,4855,654,1,0,"0","0"
500,6,2015-06-27,6890,528,1,0,"0","0"
501,6,2015-06-27,4082,421,1,0,"0","0"
502,6,2015-06-27,8495,1235,1,0,"0","0"
503,6,2015-06-27,7394,507,1,0,"0","0"
504,6,2015-06-27,6240,862,1,0,"0","0"
505,6,2015-06-27,3250,425,1,0,"0","0"
506,6,2015-06-27,4805,571,1,0,"0","0"
507,6,2015-06-27,8820,677,1,0,"0","0"
508,6,2015-06-27,6477,606,1,0,"0","0"
509,6,2015-06-27,3895,319,1,0,"0","0"
510,6,2015-06-27,4881,496,1,0,"0","0"
511,6,2015-06-27,5526,759,1,0,"0","0"
512,6,2015-06-27,4941,1148,1,0,"0","0"
513,6,2015-06-27,16507,1935,1,0,"0","0"
514,6,2015-06-27,4763,529,1,0,"0","0"
515,6,2015-06-27,10896,850,1,0,"0","0"
516,6,2015-06-27,4959,630,1,0,"0","0"
517,6,2015-06-27,3514,381,1,0,"0","0"
518,6,2015-06-27,6385,570,1,0,"0","0"
519,6,2015-06-27,5017,540,1,0,"0","0"
520,6,2015-06-27,2679,290,1,0,"0","0"
521,6,2015-06-27,4910,384,1,0,"0","0"
522,6,2015-06-27,9474,702,1,0,"0","0"
523,6,2015-06-27,15135,1591,1,0,"0","0"
524,6,2015-06-27,6609,735,1,0,"0","0"
525,6,2015-06-27,9530,762,1,0,"0","0"
526,6,2015-06-27,4041,673,1,0,"0","0"
527,6,2015-06-27,11379,1080,1,0,"0","0"
528,6,2015-06-27,8436,837,1,0,"0","0"
529,6,2015-06-27,7057,721,1,0,"0","0"
530,6,2015-06-27,4941,829,1,0,"0","0"
531,6,2015-06-27,3954,512,1,0,"0","0"
532,6,2015-06-27,10916,1209,1,0,"0","0"
533,6,2015-06-27,8003,708,1,0,"0","0"
534,6,2015-06-27,7595,614,1,0,"0","0"
535,6,2015-06-27,6063,651,1,0,"0","0"
536,6,2015-06-27,4964,535,1,0,"0","0"
537,6,2015-06-27,4831,485,1,0,"0","0"
538,6,2015-06-27,2148,373,1,0,"0","0"
539,6,2015-06-27,13147,1189,1,0,"0","0"
540,6,2015-06-27,6281,415,1,0,"0","0"
541,6,2015-06-27,5656,689,1,0,"0","0"
542,6,2015-06-27,5063,418,1,0,"0","0"
543,6,2015-06-27,1590,142,1,0,"0","0"
544,6,2015-06-27,9417,1253,1,0,"0","0"
545,6,2015-06-27,8031,736,1,0,"0","0"
546,6,2015-06-27,10249,1318,1,0,"0","0"
547,6,2015-06-27,6000,475,1,0,"0","0"
548,6,2015-06-27,4160,342,1,0,"0","0"
549,6,2015-06-27,3543,442,1,0,"0","0"
550,6,2015-06-27,5188,432,1,0,"0","0"
551,6,2015-06-27,4624,753,1,0,"0","0"
552,6,2015-06-27,3893,383,1,0,"0","0"
553,6,2015-06-27,11127,958,1,0,"0","0"
554,6,2015-06-27,3877,507,1,0,"0","0"
555,6,2015-06-27,4664,406,1,0,"0","0"
556,6,2015-06-27,5244,599,1,0,"0","0"
557,6,2015-06-27,3947,603,1,0,"0","0"
558,6,2015-06-27,3192,402,1,0,"0","0"
559,6,2015-06-27,2245,287,1,0,"0","0"
560,6,2015-06-27,15292,1831,1,0,"0","0"
561,6,2015-06-27,4898,456,1,0,"0","0"
562,6,2015-06-27,12273,2419,1,0,"0","0"
563,6,2015-06-27,4471,598,1,0,"0","0"
564,6,2015-06-27,6170,548,1,0,"0","0"
565,6,2015-06-27,5154,639,1,0,"0","0"
566,6,2015-06-27,4282,426,1,0,"0","0"
567,6,2015-06-27,2856,399,1,0,"0","0"
568,6,2015-06-27,6205,539,1,0,"0","0"
569,6,2015-06-27,3235,440,1,0,"0","0"
570,6,2015-06-27,2875,426,1,0,"0","0"
571,6,2015-06-27,10911,770,1,0,"0","0"
572,6,2015-06-27,6140,531,1,0,"0","0"
573,6,2015-06-27,2758,211,1,0,"0","0"
574,6,2015-06-27,8857,649,1,0,"0","0"
575,6,2015-06-27,2355,220,1,0,"0","0"
576,6,2015-06-27,5739,839,1,0,"0","0"
577,6,2015-06-27,4085,467,1,0,"0","0"
578,6,2015-06-27,8798,893,1,0,"0","0"
579,6,2015-06-27,7571,833,1,0,"0","0"
580,6,2015-06-27,8094,1804,1,0,"0","0"
581,6,2015-06-27,1842,223,1,0,"0","0"
582,6,2015-06-27,4872,587,1,0,"0","0"
583,6,2015-06-27,2454,257,1,0,"0","0"
584,6,2015-06-27,4572,411,1,0,"0","0"
585,6,2015-06-27,3704,544,1,0,"0","0"
586,6,2015-06-27,16086,2681,1,0,"0","0"
587,6,2015-06-27,12890,801,1,0,"0","0"
588,6,2015-06-27,5094,523,1,0,"0","0"
589,6,2015-06-27,2891,312,1,0,"0","0"
590,6,2015-06-27,5991,473,1,0,"0","0"
591,6,2015-06-27,3700,333,1,0,"0","0"
592,6,2015-06-27,2587,328,1,0,"0","0"
593,6,2015-06-27,7590,955,1,0,"0","0"
594,6,2015-06-27,2798,288,1,0,"0","0"
595,6,2015-06-27,12794,1472,1,0,"0","0"
596,6,2015-06-27,4192,706,1,0,"0","0"
597,6,2015-06-27,4250,679,1,0,"0","0"
598,6,2015-06-27,6096,652,1,0,"0","0"
599,6,2015-06-27,12054,1044,1,0,"0","0"
600,6,2015-06-27,6846,633,1,0,"0","0"
601,6,2015-06-27,4585,400,1,0,"0","0"
602,6,2015-06-27,4590,442,1,0,"0","0"
603,6,2015-06-27,5989,787,1,0,"0","0"
604,6,2015-06-27,6004,464,1,0,"0","0"
605,6,2015-06-27,6078,485,1,0,"0","0"
606,6,2015-06-27,4522,471,1,0,"0","0"
607,6,2015-06-27,1084,136,1,0,"0","0"
608,6,2015-06-27,4962,474,1,0,"0","0"
609,6,2015-06-27,2739,292,1,0,"0","0"
610,6,2015-06-27,3311,391,1,0,"0","0"
611,6,2015-06-27,6102,517,1,0,"0","0"
612,6,2015-06-27,6971,448,1,0,"0","0"
613,6,2015-06-27,6110,928,1,0,"0","0"
614,6,2015-06-27,5457,750,1,0,"0","0"
615,6,2015-06-27,8202,1086,1,0,"0","0"
616,6,2015-06-27,5584,543,1,0,"0","0"
617,6,2015-06-27,3141,271,1,0,"0","0"
618,6,2015-06-27,6968,530,1,0,"0","0"
619,6,2015-06-27,1861,208,1,0,"0","0"
620,6,2015-06-27,10253,844,1,0,"0","0"
621,6,2015-06-27,5487,747,1,0,"0","0"
622,6,2015-06-27,2751,280,1,0,"0","0"
623,6,2015-06-27,4587,539,1,0,"0","0"
624,6,2015-06-27,4494,427,1,0,"0","0"
625,6,2015-06-27,4887,487,1,0,"0","0"
626,6,2015-06-27,7259,663,1,0,"0","0"
627,6,2015-06-27,6949,704,1,0,"0","0"
628,6,2015-06-27,3826,480,1,0,"0","0"
629,6,2015-06-27,6629,592,1,0,"0","0"
630,6,2015-06-27,2330,278,1,0,"0","0"
631,6,2015-06-27,4295,507,1,0,"0","0"
632,6,2015-06-27,8558,991,1,0,"0","0"
633,6,2015-06-27,9239,673,1,0,"0","0"
634,6,2015-06-27,3578,349,1,0,"0","0"
635,6,2015-06-27,2396,220,1,0,"0","0"
636,6,2015-06-27,5823,673,1,0,"0","0"
637,6,2015-06-27,7884,616,1,0,"0","0"
638,6,2015-06-27,6410,555,1,0,"0","0"
639,6,2015-06-27,2229,260,1,0,"0","0"
640,6,2015-06-27,11931,930,1,0,"0","0"
641,6,2015-06-27,3852,360,1,0,"0","0"
642,6,2015-06-27,3131,420,1,0,"0","0"
643,6,2015-06-27,5572,719,1,0,"0","0"
644,6,2015-06-27,10558,1046,1,0,"0","0"
645,6,2015-06-27,9146,1140,1,0,"0","0"
646,6,2015-06-27,4735,676,1,0,"0","0"
647,6,2015-06-27,4448,539,1,0,"0","0"
648,6,2015-06-27,5537,509,1,0,"0","0"
649,6,2015-06-27,1749,172,1,0,"0","0"
650,6,2015-06-27,7086,670,1,0,"0","0"
651,6,2015-06-27,7899,930,1,0,"0","0"
652,6,2015-06-27,4665,551,1,0,"0","0"
653,6,2015-06-27,4869,368,1,0,"0","0"
654,6,2015-06-27,2581,260,1,0,"0","0"
655,6,2015-06-27,8280,722,1,0,"0","0"
656,6,2015-06-27,2894,334,1,0,"0","0"
657,6,2015-06-27,3832,496,1,0,"0","0"
658,6,2015-06-27,3445,378,1,0,"0","0"
659,6,2015-06-27,3438,405,1,0,"0","0"
660,6,2015-06-27,2690,257,1,0,"0","0"
661,6,2015-06-27,6884,568,1,0,"0","0"
662,6,2015-06-27,7731,684,1,0,"0","0"
663,6,2015-06-27,7704,787,1,0,"0","0"
664,6,2015-06-27,3515,447,1,0,"0","0"
665,6,2015-06-27,4921,786,1,0,"0","0"
666,6,2015-06-27,8470,769,1,0,"0","0"
667,6,2015-06-27,7178,727,1,0,"0","0"
668,6,2015-06-27,7047,937,1,0,"0","0"
669,6,2015-06-27,5114,448,1,0,"0","0"
670,6,2015-06-27,5103,594,1,0,"0","0"
671,6,2015-06-27,5695,508,1,0,"0","0"
672,6,2015-06-27,8487,1361,1,0,"0","0"
673,6,2015-06-27,7020,508,1,0,"0","0"
674,6,2015-06-27,4873,582,1,0,"0","0"
675,6,2015-06-27,2117,220,1,0,"0","0"
676,6,2015-06-27,7182,1441,1,0,"0","0"
677,6,2015-06-27,6116,510,1,0,"0","0"
678,6,2015-06-27,6028,693,1,0,"0","0"
679,6,2015-06-27,7797,813,1,0,"0","0"
680,6,2015-06-27,4550,697,1,0,"0","0"
681,6,2015-06-27,2225,334,1,0,"0","0"
682,6,2015-06-27,8008,1413,1,0,"0","0"
683,6,2015-06-27,5499,542,1,0,"0","0"
684,6,2015-06-27,10276,839,1,0,"0","0"
685,6,2015-06-27,2522,248,1,0,"0","0"
686,6,2015-06-27,2939,308,1,0,"0","0"
687,6,2015-06-27,10177,762,1,0,"0","0"
688,6,2015-06-27,1325,153,1,0,"0","0"
689,6,2015-06-27,5730,592,1,0,"0","0"
690,6,2015-06-27,4863,653,1,0,"0","0"
691,6,2015-06-27,9574,682,1,0,"0","0"
692,6,2015-06-27,3940,446,1,0,"0","0"
693,6,2015-06-27,4873,396,1,0,"0","0"
694,6,2015-06-27,9904,880,1,0,"0","0"
695,6,2015-06-27,3052,274,1,0,"0","0"
696,6,2015-06-27,6665,806,1,0,"0","0"
697,6,2015-06-27,10980,1039,1,0,"0","0"
698,6,2015-06-27,15836,1946,1,0,"0","0"
699,6,2015-06-27,6484,766,1,0,"0","0"
700,6,2015-06-27,2185,282,1,0,"0","0"
701,6,2015-06-27,5682,638,1,0,"0","0"
702,6,2015-06-27,3660,292,1,0,"0","0"
703,6,2015-06-27,2480,245,1,0,"0","0"
704,6,2015-06-27,8497,817,1,0,"0","0"
705,6,2015-06-27,5489,613,1,0,"0","0"
706,6,2015-06-27,6320,570,1,0,"0","0"
707,6,2015-06-27,4879,515,1,0,"0","0"
708,6,2015-06-27,5464,507,1,0,"0","0"
709,6,2015-06-27,5101,709,1,0,"0","0"
710,6,2015-06-27,6044,413,1,0,"0","0"
711,6,2015-06-27,5091,404,1,0,"0","0"
712,6,2015-06-27,4652,435,1,0,"0","0"
713,6,2015-06-27,9140,1126,1,0,"0","0"
714,6,2015-06-27,5295,398,1,0,"0","0"
715,6,2015-06-27,2648,264,1,0,"0","0"
716,6,2015-06-27,6671,522,1,0,"0","0"
717,6,2015-06-27,4201,403,1,0,"0","0"
718,6,2015-06-27,5311,601,1,0,"0","0"
719,6,2015-06-27,6415,549,1,0,"0","0"
720,6,2015-06-27,6267,635,1,0,"0","0"
721,6,2015-06-27,7814,720,1,0,"0","0"
722,6,2015-06-27,6648,1217,1,0,"0","0"
723,6,2015-06-27,8404,663,1,0,"0","0"
724,6,2015-06-27,6333,588,1,0,"0","0"
725,6,2015-06-27,5246,537,1,0,"0","0"
726,6,2015-06-27,6529,571,1,0,"0","0"
727,6,2015-06-27,2506,263,1,0,"0","0"
728,6,2015-06-27,5573,467,1,0,"0","0"
729,6,2015-06-27,9657,909,1,0,"0","0"
730,6,2015-06-27,7811,821,1,0,"0","0"
731,6,2015-06-27,6316,714,1,0,"0","0"
732,6,2015-06-27,6398,715,1,0,"0","0"
733,6,2015-06-27,12905,3129,1,0,"0","0"
734,6,2015-06-27,3009,274,1,0,"0","0"
735,6,2015-06-27,3493,367,1,0,"0","0"
736,6,2015-06-27,4774,451,1,0,"0","0"
737,6,2015-06-27,4800,657,1,0,"0","0"
738,6,2015-06-27,9831,726,1,0,"0","0"
739,6,2015-06-27,10838,876,1,0,"0","0"
740,6,2015-06-27,8396,611,1,0,"0","0"
741,6,2015-06-27,7274,920,1,0,"0","0"
742,6,2015-06-27,7783,868,1,0,"0","0"
743,6,2015-06-27,1981,237,1,0,"0","0"
744,6,2015-06-27,8493,898,1,0,"0","0"
745,6,2015-06-27,3184,291,1,0,"0","0"
746,6,2015-06-27,6458,581,1,0,"0","0"
747,6,2015-06-27,6159,573,1,0,"0","0"
748,6,2015-06-27,5654,496,1,0,"0","0"
749,6,2015-06-27,2120,240,1,0,"0","0"
750,6,2015-06-27,4786,418,1,0,"0","0"
751,6,2015-06-27,3915,533,1,0,"0","0"
752,6,2015-06-27,3443,294,1,0,"0","0"
753,6,2015-06-27,6911,630,1,0,"0","0"
754,6,2015-06-27,4919,580,1,0,"0","0"
755,6,2015-06-27,8925,754,1,0,"0","0"
756,6,2015-06-27,19401,2875,1,0,"0","0"
757,6,2015-06-27,5118,441,1,0,"0","0"
758,6,2015-06-27,3057,370,1,0,"0","0"
759,6,2015-06-27,4542,548,1,0,"0","0"
760,6,2015-06-27,7861,1330,1,0,"0","0"
761,6,2015-06-27,6273,710,1,0,"0","0"
762,6,2015-06-27,3896,460,1,0,"0","0"
763,6,2015-06-27,5864,550,1,0,"0","0"
764,6,2015-06-27,1874,200,1,0,"0","0"
765,6,2015-06-27,6354,467,1,0,"0","0"
766,6,2015-06-27,6625,597,1,0,"0","0"
767,6,2015-06-27,2791,293,1,0,"0","0"
768,6,2015-06-27,10604,1102,1,0,"0","0"
769,6,2015-06-27,11246,3171,1,0,"0","0"
770,6,2015-06-27,2858,334,1,0,"0","0"
771,6,2015-06-27,5764,547,1,0,"0","0"
772,6,2015-06-27,3294,480,1,0,"0","0"
773,6,2015-06-27,3785,503,1,0,"0","0"
774,6,2015-06-27,3800,497,1,0,"0","0"
775,6,2015-06-27,6794,545,1,0,"0","0"
776,6,2015-06-27,4445,430,1,0,"0","0"
777,6,2015-06-27,4358,378,1,0,"0","0"
778,6,2015-06-27,4969,710,1,0,"0","0"
779,6,2015-06-27,2689,269,1,0,"0","0"
780,6,2015-06-27,2699,308,1,0,"0","0"
781,6,2015-06-27,2592,373,1,0,"0","0"
782,6,2015-06-27,2240,547,1,0,"0","0"
783,6,2015-06-27,5657,559,1,0,"0","0"
784,6,2015-06-27,5205,557,1,0,"0","0"
785,6,2015-06-27,7410,651,1,0,"0","0"
786,6,2015-06-27,1121,165,1,0,"0","0"
787,6,2015-06-27,7274,819,1,0,"0","0"
788,6,2015-06-27,16351,1392,1,0,"0","0"
789,6,2015-06-27,2905,362,1,0,"0","0"
790,6,2015-06-27,8165,730,1,0,"0","0"
791,6,2015-06-27,7926,721,1,0,"0","0"
792,6,2015-06-27,4630,472,1,0,"0","0"
793,6,2015-06-27,4074,420,1,0,"0","0"
794,6,2015-06-27,2525,375,1,0,"0","0"
795,6,2015-06-27,4499,473,1,0,"0","0"
796,6,2015-06-27,4952,434,1,0,"0","0"
797,6,2015-06-27,5251,477,1,0,"0","0"
798,6,2015-06-27,2653,292,1,0,"0","0"
799,6,2015-06-27,11002,840,1,0,"0","0"
800,6,2015-06-27,3953,398,1,0,"0","0"
801,6,2015-06-27,3543,357,1,0,"0","0"
802,6,2015-06-27,5931,479,1,0,"0","0"
803,6,2015-06-27,4561,389,1,0,"0","0"
804,6,2015-06-27,5851,505,1,0,"0","0"
805,6,2015-06-27,4358,413,1,0,"0","0"
806,6,2015-06-27,6137,454,1,0,"0","0"
807,6,2015-06-27,11415,1046,1,0,"0","0"
808,6,2015-06-27,4471,369,1,0,"0","0"
809,6,2015-06-27,7401,638,1,0,"0","0"
810,6,2015-06-27,5526,453,1,0,"0","0"
811,6,2015-06-27,3452,607,1,0,"0","0"
812,6,2015-06-27,2723,351,1,0,"0","0"
813,6,2015-06-27,4196,485,1,0,"0","0"
814,6,2015-06-27,5656,500,1,0,"0","0"
815,6,2015-06-27,6770,624,1,0,"0","0"
816,6,2015-06-27,3665,560,1,0,"0","0"
817,6,2015-06-27,13108,2041,1,0,"0","0"
818,6,2015-06-27,5058,529,1,0,"0","0"
819,6,2015-06-27,4519,394,1,0,"0","0"
820,6,2015-06-27,12343,1045,1,0,"0","0"
821,6,2015-06-27,4748,559,1,0,"0","0"
822,6,2015-06-27,6919,578,1,0,"0","0"
823,6,2015-06-27,4863,434,1,0,"0","0"
824,6,2015-06-27,5713,672,1,0,"0","0"
825,6,2015-06-27,5460,583,1,0,"0","0"
826,6,2015-06-27,7024,542,1,0,"0","0"
827,6,2015-06-27,15078,2294,1,0,"0","0"
828,6,2015-06-27,2636,303,1,0,"0","0"
829,6,2015-06-27,5134,737,1,0,"0","0"
830,6,2015-06-27,3631,276,1,0,"0","0"
831,6,2015-06-27,9794,1190,1,0,"0","0"
832,6,2015-06-27,7000,584,1,0,"0","0"
833,6,2015-06-27,4424,441,1,0,"0","0"
834,6,2015-06-27,4014,391,1,0,"0","0"
835,6,2015-06-27,4563,521,1,0,"0","0"
836,6,2015-06-27,2688,294,1,0,"0","0"
837,6,2015-06-27,1920,248,1,0,"0","0"
838,6,2015-06-27,6778,702,1,0,"0","0"
839,6,2015-06-27,2015,283,1,0,"0","0"
840,6,2015-06-27,3146,530,1,0,"0","0"
841,6,2015-06-27,1058,173,1,0,"0","0"
842,6,2015-06-27,19495,1146,1,0,"0","0"
843,6,2015-06-27,8933,1070,1,0,"0","0"
844,6,2015-06-27,2038,236,1,0,"0","0"
845,6,2015-06-27,5584,372,1,0,"0","0"
846,6,2015-06-27,5863,527,1,0,"0","0"
847,6,2015-06-27,6713,968,1,0,"0","0"
848,6,2015-06-27,5534,614,1,0,"0","0"
849,6,2015-06-27,8726,873,1,0,"0","0"
850,6,2015-06-27,6293,631,1,0,"0","0"
851,6,2015-06-27,5948,523,1,0,"0","0"
852,6,2015-06-27,2385,315,1,0,"0","0"
853,6,2015-06-27,6658,767,1,0,"0","0"
854,6,2015-06-27,6514,722,1,0,"0","0"
855,6,2015-06-27,3473,365,1,0,"0","0"
856,6,2015-06-27,5844,756,1,0,"0","0"
857,6,2015-06-27,9462,1117,1,0,"0","0"
858,6,2015-06-27,4423,354,1,0,"0","0"
859,6,2015-06-27,8595,811,1,0,"0","0"
860,6,2015-06-27,5902,762,1,0,"0","0"
861,6,2015-06-27,3112,448,1,0,"0","0"
862,6,2015-06-27,5932,737,1,0,"0","0"
863,6,2015-06-27,6302,705,1,0,"0","0"
864,6,2015-06-27,2709,367,1,0,"0","0"
865,6,2015-06-27,9535,764,1,0,"0","0"
866,6,2015-06-27,6164,479,1,0,"0","0"
867,6,2015-06-27,4443,434,1,0,"0","0"
868,6,2015-06-27,10565,654,1,0,"0","0"
869,6,2015-06-27,3500,558,1,0,"0","0"
870,6,2015-06-27,5381,634,1,0,"0","0"
871,6,2015-06-27,8724,668,1,0,"0","0"
872,6,2015-06-27,6671,587,1,0,"0","0"
873,6,2015-06-27,2126,250,1,0,"0","0"
874,6,2015-06-27,4639,509,1,0,"0","0"
875,6,2015-06-27,3631,346,1,0,"0","0"
876,6,2015-06-27,2789,314,1,0,"0","0"
877,6,2015-06-27,5111,694,1,0,"0","0"
878,6,2015-06-27,6156,601,1,0,"0","0"
879,6,2015-06-27,3396,312,1,0,"0","0"
880,6,2015-06-27,5910,618,1,0,"0","0"
881,6,2015-06-27,2401,391,1,0,"0","0"
882,6,2015-06-27,6301,748,1,0,"0","0"
883,6,2015-06-27,3362,305,1,0,"0","0"
884,6,2015-06-27,5287,529,1,0,"0","0"
885,6,2015-06-27,5661,694,1,0,"0","0"
886,6,2015-06-27,5090,448,1,0,"0","0"
887,6,2015-06-27,5616,457,1,0,"0","0"
888,6,2015-06-27,9122,819,1,0,"0","0"
889,6,2015-06-27,2563,293,1,0,"0","0"
890,6,2015-06-27,5441,428,1,0,"0","0"
891,6,2015-06-27,7152,1007,1,0,"0","0"
892,6,2015-06-27,3498,331,1,0,"0","0"
893,6,2015-06-27,5715,730,1,0,"0","0"
894,6,2015-06-27,5709,759,1,0,"0","0"
895,6,2015-06-27,9426,829,1,0,"0","0"
896,6,2015-06-27,6388,1033,1,0,"0","0"
897,6,2015-06-27,3632,394,1,0,"0","0"
898,6,2015-06-27,3556,724,1,0,"0","0"
899,6,2015-06-27,2103,216,1,0,"0","0"
900,6,2015-06-27,6002,516,1,0,"0","0"
901,6,2015-06-27,5434,438,1,0,"0","0"
902,6,2015-06-27,4098,559,1,0,"0","0"
903,6,2015-06-27,12243,849,1,0,"0","0"
904,6,2015-06-27,5683,517,1,0,"0","0"
905,6,2015-06-27,5948,890,1,0,"0","0"
906,6,2015-06-27,8385,1001,1,0,"0","0"
907,6,2015-06-27,7086,898,1,0,"0","0"
908,6,2015-06-27,1961,218,1,0,"0","0"
909,6,2015-06-27,6990,589,1,0,"0","0"
910,6,2015-06-27,4361,464,1,0,"0","0"
911,6,2015-06-27,7929,709,1,0,"0","0"
912,6,2015-06-27,6347,800,1,0,"0","0"
913,6,2015-06-27,7770,989,1,0,"0","0"
914,6,2015-06-27,5734,702,1,0,"0","0"
915,6,2015-06-27,8855,647,1,0,"0","0"
916,6,2015-06-27,5550,668,1,0,"0","0"
917,6,2015-06-27,4579,462,1,0,"0","0"
918,6,2015-06-27,2488,281,1,0,"0","0"
919,6,2015-06-27,3367,388,1,0,"0","0"
920,6,2015-06-27,6297,576,1,0,"0","0"
921,6,2015-06-27,4406,425,1,0,"0","0"
922,6,2015-06-27,8577,774,1,0,"0","0"
923,6,2015-06-27,5236,584,1,0,"0","0"
924,6,2015-06-27,3088,281,1,0,"0","0"
925,6,2015-06-27,9172,1429,1,0,"0","0"
926,6,2015-06-27,7083,566,1,0,"0","0"
927,6,2015-06-27,4207,603,1,0,"0","0"
928,6,2015-06-27,7271,638,1,0,"0","0"
929,6,2015-06-27,4034,512,1,0,"0","0"
930,6,2015-06-27,9975,1673,1,0,"0","0"
931,6,2015-06-27,3386,524,1,0,"0","0"
932,6,2015-06-27,4195,460,1,0,"0","0"
933,6,2015-06-27,3412,422,1,0,"0","0"
934,6,2015-06-27,5398,498,1,0,"0","0"
935,6,2015-06-27,3387,383,1,0,"0","0"
936,6,2015-06-27,6185,791,1,0,"0","0"
937,6,2015-06-27,7963,608,1,0,"0","0"
938,6,2015-06-27,7802,796,1,0,"0","0"
939,6,2015-06-27,6926,630,1,0,"0","0"
940,6,2015-06-27,5452,553,1,0,"0","0"
941,6,2015-06-27,4535,482,1,0,"0","0"
942,6,2015-06-27,6559,529,1,0,"0","0"
943,6,2015-06-27,7168,613,1,0,"0","0"
944,6,2015-06-27,7042,1098,1,0,"0","0"
945,6,2015-06-27,2993,316,1,0,"0","0"
946,6,2015-06-27,2742,331,1,0,"0","0"
947,6,2015-06-27,8312,1205,1,0,"0","0"
948,6,2015-06-27,6201,1524,1,0,"0","0"
949,6,2015-06-27,2933,350,1,0,"0","0"
950,6,2015-06-27,3504,370,1,0,"0","0"
951,6,2015-06-27,8327,696,1,0,"0","0"
952,6,2015-06-27,6306,569,1,0,"0","0"
953,6,2015-06-27,2217,234,1,0,"0","0"
954,6,2015-06-27,6532,888,1,0,"0","0"
955,6,2015-06-27,4704,469,1,0,"0","0"
956,6,2015-06-27,1812,248,1,0,"0","0"
957,6,2015-06-27,4936,512,1,0,"0","0"
958,6,2015-06-27,2729,369,1,0,"0","0"
959,6,2015-06-27,4097,428,1,0,"0","0"
960,6,2015-06-27,6286,527,1,0,"0","0"
961,6,2015-06-27,5529,586,1,0,"0","0"
962,6,2015-06-27,5309,677,1,0,"0","0"
963,6,2015-06-27,3707,373,1,0,"0","0"
964,6,2015-06-27,8715,1389,1,0,"0","0"
965,6,2015-06-27,5092,586,1,0,"0","0"
966,6,2015-06-27,3646,425,1,0,"0","0"
967,6,2015-06-27,5604,532,1,0,"0","0"
968,6,2015-06-27,5724,680,1,0,"0","0"
969,6,2015-06-27,2896,529,1,0,"0","0"
970,6,2015-06-27,991,121,1,0,"0","0"
971,6,2015-06-27,8298,988,1,0,"0","0"
972,6,2015-06-27,1125,145,1,0,"0","0"
973,6,2015-06-27,5650,651,1,0,"0","0"
974,6,2015-06-27,10101,1315,1,0,"0","0"
975,6,2015-06-27,5867,525,1,0,"0","0"
976,6,2015-06-27,4538,470,1,0,"0","0"
977,6,2015-06-27,3167,351,1,0,"0","0"
978,6,2015-06-27,4504,685,1,0,"0","0"
979,6,2015-06-27,5737,557,1,0,"0","0"
980,6,2015-06-27,4883,369,1,0,"0","0"
981,6,2015-06-27,5992,621,1,0,"0","0"
982,6,2015-06-27,6870,571,1,0,"0","0"
983,6,2015-06-27,7793,1043,1,0,"0","0"
984,6,2015-06-27,6420,788,1,0,"0","0"
985,6,2015-06-27,8770,806,1,0,"0","0"
986,6,2015-06-27,4244,548,1,0,"0","0"
987,6,2015-06-27,3520,469,1,0,"0","0"
988,6,2015-06-27,5314,1086,1,0,"0","0"
989,6,2015-06-27,4028,392,1,0,"0","0"
990,6,2015-06-27,5146,485,1,0,"0","0"
991,6,2015-06-27,7509,651,1,0,"0","0"
992,6,2015-06-27,3495,432,1,0,"0","0"
993,6,2015-06-27,5186,511,1,0,"0","0"
994,6,2015-06-27,2470,253,1,0,"0","0"
995,6,2015-06-27,8224,673,1,0,"0","0"
996,6,2015-06-27,4816,498,1,0,"0","0"
997,6,2015-06-27,4772,386,1,0,"0","0"
998,6,2015-06-27,3995,478,1,0,"0","0"
999,6,2015-06-27,5378,384,1,0,"0","0"
1000,6,2015-06-27,7040,625,1,0,"0","0"
1001,6,2015-06-27,3410,397,1,0,"0","0"
1002,6,2015-06-27,6466,744,1,0,"0","0"
1003,6,2015-06-27,4900,514,1,0,"0","0"
1004,6,2015-06-27,5277,440,1,0,"0","0"
1005,6,2015-06-27,5223,752,1,0,"0","0"
1006,6,2015-06-27,5829,828,1,0,"0","0"
1007,6,2015-06-27,6534,862,1,0,"0","0"
1008,6,2015-06-27,4838,635,1,0,"0","0"
1009,6,2015-06-27,4293,350,1,0,"0","0"
1010,6,2015-06-27,9654,856,1,0,"0","0"
1011,6,2015-06-27,7717,835,1,0,"0","0"
1012,6,2015-06-27,6345,522,1,0,"0","0"
1013,6,2015-06-27,2291,217,1,0,"0","0"
1014,6,2015-06-27,4891,516,1,0,"0","0"
1015,6,2015-06-27,4723,379,1,0,"0","0"
1016,6,2015-06-27,4416,399,1,0,"0","0"
1017,6,2015-06-27,4475,641,1,0,"0","0"
1018,6,2015-06-27,11829,1321,1,0,"0","0"
1019,6,2015-06-27,8844,710,1,0,"0","0"
1020,6,2015-06-27,9779,1112,1,0,"0","0"
1021,6,2015-06-27,9105,1088,1,0,"0","0"
1022,6,2015-06-27,6370,701,1,0,"0","0"
1023,6,2015-06-27,5703,557,1,0,"0","0"
1024,6,2015-06-27,6170,754,1,0,"0","0"
1025,6,2015-06-27,5923,708,1,0,"0","0"
1026,6,2015-06-27,8083,962,1,0,"0","0"
1027,6,2015-06-27,9643,1352,1,0,"0","0"
1028,6,2015-06-27,3179,340,1,0,"0","0"
1029,6,2015-06-27,1830,231,1,0,"0","0"
1030,6,2015-06-27,1904,156,1,0,"0","0"
1031,6,2015-06-27,3855,333,1,0,"0","0"
1032,6,2015-06-27,4853,432,1,0,"0","0"
1033,6,2015-06-27,10101,903,1,0,"0","0"
1034,6,2015-06-27,2360,257,1,0,"0","0"
1035,6,2015-06-27,1819,204,1,0,"0","0"
1036,6,2015-06-27,4736,480,1,0,"0","0"
1037,6,2015-06-27,5802,745,1,0,"0","0"
1038,6,2015-06-27,6067,556,1,0,"0","0"
1039,6,2015-06-27,9225,1087,1,0,"0","0"
1040,6,2015-06-27,6402,643,1,0,"0","0"
1041,6,2015-06-27,6283,598,1,0,"0","0"
1042,6,2015-06-27,2686,378,1,0,"0","0"
1043,6,2015-06-27,7976,1204,1,0,"0","0"
1044,6,2015-06-27,6086,820,1,0,"0","0"
1045,6,2015-06-27,6534,802,1,0,"0","0"
1046,6,2015-06-27,7000,566,1,0,"0","0"
1047,6,2015-06-27,3457,367,1,0,"0","0"
1048,6,2015-06-27,6714,535,1,0,"0","0"
1049,6,2015-06-27,2449,414,1,0,"0","0"
1050,6,2015-06-27,6746,475,1,0,"0","0"
1051,6,2015-06-27,5374,695,1,0,"0","0"
1052,6,2015-06-27,5902,544,1,0,"0","0"
1053,6,2015-06-27,6066,753,1,0,"0","0"
1054,6,2015-06-27,3863,374,1,0,"0","0"
1055,6,2015-06-27,6880,821,1,0,"0","0"
1056,6,2015-06-27,5083,477,1,0,"0","0"
1057,6,2015-06-27,6116,673,1,0,"0","0"
1058,6,2015-06-27,5536,466,1,0,"0","0"
1059,6,2015-06-27,8220,1075,1,0,"0","0"
1060,6,2015-06-27,5670,664,1,0,"0","0"
1061,6,2015-06-27,8669,635,1,0,"0","0"
1062,6,2015-06-27,4739,475,1,0,"0","0"
1063,6,2015-06-27,3554,448,1,0,"0","0"
1064,6,2015-06-27,8774,876,1,0,"0","0"
1065,6,2015-06-27,2796,297,1,0,"0","0"
1066,6,2015-06-27,10529,1001,1,0,"0","0"
1067,6,2015-06-27,5285,443,1,0,"0","0"
1068,6,2015-06-27,5213,345,1,0,"0","0"
1069,6,2015-06-27,3375,406,1,0,"0","0"
1070,6,2015-06-27,6134,761,1,0,"0","0"
1071,6,2015-06-27,4459,510,1,0,"0","0"
1072,6,2015-06-27,4112,404,1,0,"0","0"
1073,6,2015-06-27,6945,817,1,0,"0","0"
1074,6,2015-06-27,4767,491,1,0,"0","0"
1075,6,2015-06-27,12527,1135,1,0,"0","0"
1076,6,2015-06-27,2974,435,1,0,"0","0"
1077,6,2015-06-27,3097,369,1,0,"0","0"
1078,6,2015-06-27,4033,372,1,0,"0","0"
1079,6,2015-06-27,6182,505,1,0,"0","0"
1080,6,2015-06-27,10449,850,1,0,"0","0"
1081,6,2015-06-27,2572,484,1,0,"0","0"
1082,6,2015-06-27,4562,658,1,0,"0","0"
1083,6,2015-06-27,5407,382,1,0,"0","0"
1084,6,2015-06-27,5512,719,1,0,"0","0"
1085,6,2015-06-27,5018,517,1,0,"0","0"
1086,6,2015-06-27,3079,392,1,0,"0","0"
1087,6,2015-06-27,6478,652,1,0,"0","0"
1088,6,2015-06-27,3553,342,1,0,"0","0"
1089,6,2015-06-27,10715,1016,1,0,"0","0"
1090,6,2015-06-27,3148,470,1,0,"0","0"
1091,6,2015-06-27,6936,577,1,0,"0","0"
1092,6,2015-06-27,13625,1191,1,0,"0","0"
1093,6,2015-06-27,6905,698,1,0,"0","0"
1094,6,2015-06-27,6253,473,1,0,"0","0"
1095,6,2015-06-27,2945,440,1,0,"0","0"
1096,6,2015-06-27,4561,561,1,0,"0","0"
1097,6,2015-06-27,7861,1904,1,0,"0","0"
1098,6,2015-06-27,2438,307,1,0,"0","0"
1099,6,2015-06-27,6687,979,1,0,"0","0"
1100,6,2015-06-27,2884,384,1,0,"0","0"
1101,6,2015-06-27,7970,857,1,0,"0","0"
1102,6,2015-06-27,7108,672,1,0,"0","0"
1103,6,2015-06-27,5996,446,1,0,"0","0"
1104,6,2015-06-27,6131,501,1,0,"0","0"
1105,6,2015-06-27,5057,538,1,0,"0","0"
1106,6,2015-06-27,2251,281,1,0,"0","0"
1107,6,2015-06-27,5242,596,1,0,"0","0"
1108,6,2015-06-27,2550,232,1,0,"0","0"
1109,6,2015-06-27,3900,298,1,0,"0","0"
1110,6,2015-06-27,2865,346,1,0,"0","0"
1111,6,2015-06-27,3042,244,1,0,"0","0"
1112,6,2015-06-27,8533,679,1,0,"0","0"
1113,6,2015-06-27,6346,618,1,0,"0","0"
1114,6,2015-06-27,21791,3643,1,0,"0","0"
1115,6,2015-06-27,6676,494,1,0,"0","0"
1,5,2015-06-26,3317,420,1,0,"0","0"
2,5,2015-06-26,3953,476,1,0,"0","0"
3,5,2015-06-26,6222,698,1,0,"0","0"
4,5,2015-06-26,7684,1076,1,0,"0","0"
5,5,2015-06-26,3799,460,1,0,"0","0"
6,5,2015-06-26,4215,521,1,0,"0","0"
7,5,2015-06-26,7352,895,1,0,"0","0"
8,5,2015-06-26,5016,639,1,0,"0","0"
9,5,2015-06-26,6549,600,1,0,"0","0"
10,5,2015-06-26,4771,552,1,0,"0","0"
11,5,2015-06-26,6102,951,1,0,"0","0"
12,5,2015-06-26,6275,786,1,0,"0","0"
13,5,2015-06-26,3702,289,1,0,"0","0"
14,5,2015-06-26,5232,609,1,0,"0","0"
15,5,2015-06-26,6376,655,1,0,"0","0"
16,5,2015-06-26,6921,812,1,0,"0","0"
17,5,2015-06-26,4728,680,1,0,"0","0"
18,5,2015-06-26,6182,705,1,0,"0","0"
19,5,2015-06-26,6505,647,1,0,"0","0"
20,5,2015-06-26,7005,796,1,0,"0","0"
21,5,2015-06-26,5327,440,1,0,"0","0"
22,5,2015-06-26,4886,555,1,0,"0","0"
23,5,2015-06-26,4546,426,1,0,"0","0"
24,5,2015-06-26,8414,775,1,0,"0","0"
25,5,2015-06-26,9430,1350,1,0,"0","0"
26,5,2015-06-26,5426,469,1,0,"0","0"
27,5,2015-06-26,7830,923,1,0,"0","0"
28,5,2015-06-26,4677,512,1,0,"0","0"
29,5,2015-06-26,6857,605,1,0,"0","0"
30,5,2015-06-26,3190,481,1,0,"0","0"
31,5,2015-06-26,4487,507,1,0,"0","0"
32,5,2015-06-26,3629,451,1,0,"0","0"
33,5,2015-06-26,7409,759,1,0,"0","0"
34,5,2015-06-26,6481,828,1,0,"0","0"
35,5,2015-06-26,10492,757,1,0,"0","0"
36,5,2015-06-26,7900,947,1,0,"0","0"
37,5,2015-06-26,5322,619,1,0,"0","0"
38,5,2015-06-26,5070,469,1,0,"0","0"
39,5,2015-06-26,3676,487,1,0,"0","0"
40,5,2015-06-26,3741,485,1,0,"0","0"
41,5,2015-06-26,5559,411,1,0,"0","0"
42,5,2015-06-26,9037,984,1,0,"0","0"
43,5,2015-06-26,5899,601,1,0,"0","0"
44,5,2015-06-26,4595,534,1,0,"0","0"
45,5,2015-06-26,4449,361,1,0,"0","0"
46,5,2015-06-26,4618,578,1,0,"0","0"
47,5,2015-06-26,6242,793,1,0,"0","0"
48,5,2015-06-26,3113,362,1,0,"0","0"
49,5,2015-06-26,7700,539,1,0,"0","0"
50,5,2015-06-26,3858,325,1,0,"0","0"
51,5,2015-06-26,6642,483,1,0,"0","0"
52,5,2015-06-26,5165,376,1,0,"0","0"
53,5,2015-06-26,4761,553,1,0,"0","0"
54,5,2015-06-26,6881,612,1,0,"0","0"
55,5,2015-06-26,4583,574,1,0,"0","0"
56,5,2015-06-26,6937,504,1,0,"0","0"
57,5,2015-06-26,6964,726,1,0,"0","0"
58,5,2015-06-26,5872,472,1,0,"0","0"
59,5,2015-06-26,4709,514,1,0,"0","0"
60,5,2015-06-26,6760,625,1,0,"0","0"
61,5,2015-06-26,4129,510,1,0,"0","0"
62,5,2015-06-26,6514,736,1,0,"0","0"
63,5,2015-06-26,5867,571,1,0,"0","0"
64,5,2015-06-26,9649,755,1,0,"0","0"
65,5,2015-06-26,4946,473,1,0,"0","0"
66,5,2015-06-26,5642,512,1,0,"0","0"
67,5,2015-06-26,6222,679,1,0,"0","0"
68,5,2015-06-26,5980,970,1,0,"0","0"
69,5,2015-06-26,8437,1129,1,0,"0","0"
70,5,2015-06-26,5032,576,1,0,"0","0"
71,5,2015-06-26,6973,659,1,0,"0","0"
72,5,2015-06-26,3685,447,1,0,"0","0"
73,5,2015-06-26,3912,452,1,0,"0","0"
74,5,2015-06-26,4821,714,1,0,"0","0"
75,5,2015-06-26,5466,601,1,0,"0","0"
76,5,2015-06-26,7327,833,1,0,"0","0"
77,5,2015-06-26,6583,603,1,0,"0","0"
78,5,2015-06-26,3132,444,1,0,"0","0"
79,5,2015-06-26,4043,512,1,0,"0","0"
80,5,2015-06-26,7223,553,1,0,"0","0"
81,5,2015-06-26,7289,555,1,0,"0","0"
82,5,2015-06-26,8076,841,1,0,"0","0"
83,5,2015-06-26,4092,355,1,0,"0","0"
84,5,2015-06-26,11261,1218,1,0,"0","0"
85,5,2015-06-26,5524,867,1,0,"0","0"
86,5,2015-06-26,3853,500,1,0,"0","0"
87,5,2015-06-26,4555,629,1,0,"0","0"
88,5,2015-06-26,5339,587,1,0,"0","0"
89,5,2015-06-26,6268,644,1,0,"0","0"
90,5,2015-06-26,7332,919,1,0,"0","0"
91,5,2015-06-26,3381,383,1,0,"0","0"
92,5,2015-06-26,5240,481,1,0,"0","0"
93,5,2015-06-26,5796,680,1,0,"0","0"
94,5,2015-06-26,6488,607,1,0,"0","0"
95,5,2015-06-26,5833,705,1,0,"0","0"
96,5,2015-06-26,3642,488,1,0,"0","0"
97,5,2015-06-26,5855,634,1,0,"0","0"
98,5,2015-06-26,4884,458,1,0,"0","0"
99,5,2015-06-26,4857,416,1,0,"0","0"
100,5,2015-06-26,6703,586,1,0,"0","0"
101,5,2015-06-26,6572,680,1,0,"0","0"
102,5,2015-06-26,4921,765,1,0,"0","0"
103,5,2015-06-26,4103,419,1,0,"0","0"
104,5,2015-06-26,8333,1193,1,0,"0","0"
105,5,2015-06-26,4788,565,1,0,"0","0"
106,5,2015-06-26,8414,851,1,0,"0","0"
107,5,2015-06-26,6584,922,1,0,"0","0"
108,5,2015-06-26,10600,767,1,0,"0","0"
109,5,2015-06-26,5166,656,1,0,"0","0"
110,5,2015-06-26,3410,504,1,0,"0","0"
111,5,2015-06-26,6030,548,1,0,"0","0"
112,5,2015-06-26,4662,646,1,0,"0","0"
113,5,2015-06-26,5398,531,1,0,"0","0"
114,5,2015-06-26,4819,533,1,0,"0","0"
115,5,2015-06-26,7083,534,1,0,"0","0"
116,5,2015-06-26,5980,655,1,0,"0","0"
117,5,2015-06-26,4122,547,1,0,"0","0"
118,5,2015-06-26,6355,584,1,0,"0","0"
119,5,2015-06-26,5339,593,1,0,"0","0"
120,5,2015-06-26,6326,606,1,0,"0","0"
121,5,2015-06-26,4172,517,1,0,"0","0"
122,5,2015-06-26,6033,737,1,0,"0","0"
123,5,2015-06-26,7234,921,1,0,"0","0"
124,5,2015-06-26,4785,649,1,0,"0","0"
125,5,2015-06-26,9800,1360,1,0,"0","0"
126,5,2015-06-26,4274,422,1,0,"0","0"
127,5,2015-06-26,4685,582,1,0,"0","0"
128,5,2015-06-26,5916,558,1,0,"0","0"
129,5,2015-06-26,7036,1000,1,0,"0","0"
130,5,2015-06-26,4973,525,1,0,"0","0"
131,5,2015-06-26,4547,500,1,0,"0","0"
132,5,2015-06-26,6419,567,1,0,"0","0"
133,5,2015-06-26,4817,592,1,0,"0","0"
134,5,2015-06-26,4312,469,1,0,"0","0"
135,5,2015-06-26,5124,503,1,0,"0","0"
136,5,2015-06-26,4133,347,1,0,"0","0"
137,5,2015-06-26,8328,1030,1,0,"0","0"
138,5,2015-06-26,6606,610,1,0,"0","0"
139,5,2015-06-26,6546,518,1,0,"0","0"
140,5,2015-06-26,6262,818,1,0,"0","0"
141,5,2015-06-26,4043,530,1,0,"0","0"
142,5,2015-06-26,5164,603,1,0,"0","0"
143,5,2015-06-26,4595,444,1,0,"0","0"
144,5,2015-06-26,6439,654,1,0,"0","0"
145,5,2015-06-26,6022,965,1,0,"0","0"
146,5,2015-06-26,7023,703,1,0,"0","0"
147,5,2015-06-26,6883,753,1,0,"0","0"
148,5,2015-06-26,8213,782,1,0,"0","0"
149,5,2015-06-26,4220,428,1,0,"0","0"
150,5,2015-06-26,7459,774,1,0,"0","0"
151,5,2015-06-26,6157,644,1,0,"0","0"
152,5,2015-06-26,4849,582,1,0,"0","0"
153,5,2015-06-26,5229,559,1,0,"0","0"
154,5,2015-06-26,6805,624,1,0,"0","0"
155,5,2015-06-26,6385,631,1,0,"0","0"
156,5,2015-06-26,5493,577,1,0,"0","0"
157,5,2015-06-26,8604,857,1,0,"0","0"
158,5,2015-06-26,6839,465,1,0,"0","0"
159,5,2015-06-26,6608,625,1,0,"0","0"
160,5,2015-06-26,4374,469,1,0,"0","0"
161,5,2015-06-26,6760,818,1,0,"0","0"
162,5,2015-06-26,6463,507,1,0,"0","0"
163,5,2015-06-26,6228,791,1,0,"0","0"
164,5,2015-06-26,5462,581,1,0,"0","0"
165,5,2015-06-26,3105,361,1,0,"0","0"
166,5,2015-06-26,4473,702,1,0,"0","0"
167,5,2015-06-26,7397,920,1,0,"0","0"
168,5,2015-06-26,5991,684,1,0,"0","0"
169,5,2015-06-26,5330,545,1,0,"0","0"
170,5,2015-06-26,3758,456,1,0,"0","0"
171,5,2015-06-26,7117,779,1,0,"0","0"
172,5,2015-06-26,5752,759,1,0,"0","0"
173,5,2015-06-26,6197,848,1,0,"0","0"
174,5,2015-06-26,5576,472,1,0,"0","0"
175,5,2015-06-26,4845,586,1,0,"0","0"
176,5,2015-06-26,4591,562,1,0,"0","0"
177,5,2015-06-26,3072,432,1,0,"0","0"
178,5,2015-06-26,8730,812,1,0,"0","0"
179,5,2015-06-26,5957,797,1,0,"0","0"
180,5,2015-06-26,5676,710,1,0,"0","0"
181,5,2015-06-26,4777,544,1,0,"0","0"
182,5,2015-06-26,4563,383,1,0,"0","0"
183,5,2015-06-26,14463,1364,1,0,"0","0"
184,5,2015-06-26,5979,540,1,0,"0","0"
185,5,2015-06-26,5596,437,1,0,"0","0"
186,5,2015-06-26,2834,322,1,0,"0","0"
187,5,2015-06-26,5200,748,1,0,"0","0"
188,5,2015-06-26,3942,349,1,0,"0","0"
189,5,2015-06-26,5952,668,1,0,"0","0"
190,5,2015-06-26,7412,663,1,0,"0","0"
191,5,2015-06-26,5991,655,1,0,"0","0"
192,5,2015-06-26,10976,786,1,0,"0","0"
193,5,2015-06-26,4134,600,1,0,"0","0"
194,5,2015-06-26,4382,389,1,0,"0","0"
195,5,2015-06-26,9321,1091,1,0,"0","0"
196,5,2015-06-26,4411,592,1,0,"0","0"
197,5,2015-06-26,5626,746,1,0,"0","0"
198,5,2015-06-26,2110,298,1,0,"0","0"
199,5,2015-06-26,6289,548,1,0,"0","0"
200,5,2015-06-26,7355,906,1,0,"0","0"
201,5,2015-06-26,4577,429,1,0,"0","0"
202,5,2015-06-26,5708,512,1,0,"0","0"
203,5,2015-06-26,5108,689,1,0,"0","0"
204,5,2015-06-26,5744,539,1,0,"0","0"
205,5,2015-06-26,4553,711,1,0,"0","0"
206,5,2015-06-26,7144,839,1,0,"0","0"
207,5,2015-06-26,8810,1102,1,0,"0","0"
208,5,2015-06-26,2519,392,1,0,"0","0"
209,5,2015-06-26,5189,578,1,0,"0","0"
210,5,2015-06-26,2429,270,1,0,"0","0"
211,5,2015-06-26,11505,1342,1,0,"0","0"
212,5,2015-06-26,3607,374,1,0,"0","0"
213,5,2015-06-26,8409,651,1,0,"0","0"
214,5,2015-06-26,9670,684,1,0,"0","0"
215,5,2015-06-26,4154,366,1,0,"0","0"
216,5,2015-06-26,6323,704,1,0,"0","0"
217,5,2015-06-26,3935,585,1,0,"0","0"
218,5,2015-06-26,4248,613,1,0,"0","0"
219,5,2015-06-26,3204,410,1,0,"0","0"
220,5,2015-06-26,4280,563,1,0,"0","0"
221,5,2015-06-26,4927,498,1,0,"0","0"
222,5,2015-06-26,4125,512,1,0,"0","0"
223,5,2015-06-26,6474,710,1,0,"0","0"
224,5,2015-06-26,6383,442,1,0,"0","0"
225,5,2015-06-26,4366,459,1,0,"0","0"
226,5,2015-06-26,6063,619,1,0,"0","0"
227,5,2015-06-26,6220,582,1,0,"0","0"
228,5,2015-06-26,7419,547,1,0,"0","0"
229,5,2015-06-26,7117,653,1,0,"0","0"
230,5,2015-06-26,6817,877,1,0,"0","0"
231,5,2015-06-26,3792,362,1,0,"0","0"
232,5,2015-06-26,3543,346,1,0,"0","0"
233,5,2015-06-26,7927,966,1,0,"0","0"
234,5,2015-06-26,9297,894,1,0,"0","0"
235,5,2015-06-26,4124,424,1,0,"0","0"
236,5,2015-06-26,6711,819,1,0,"0","0"
237,5,2015-06-26,4243,568,1,0,"0","0"
238,5,2015-06-26,6375,974,1,0,"0","0"
239,5,2015-06-26,4455,439,1,0,"0","0"
240,5,2015-06-26,4358,448,1,0,"0","0"
241,5,2015-06-26,5933,643,1,0,"0","0"
242,5,2015-06-26,3127,316,1,0,"0","0"
243,5,2015-06-26,4882,737,1,0,"0","0"
244,5,2015-06-26,4303,468,1,0,"0","0"
245,5,2015-06-26,8129,989,1,0,"0","0"
246,5,2015-06-26,6521,911,1,0,"0","0"
247,5,2015-06-26,6797,553,1,0,"0","0"
248,5,2015-06-26,6926,968,1,0,"0","0"
249,5,2015-06-26,4325,471,1,0,"0","0"
250,5,2015-06-26,6674,556,1,0,"0","0"
251,5,2015-06-26,18561,2245,1,0,"0","0"
252,5,2015-06-26,8464,704,1,0,"0","0"
253,5,2015-06-26,4179,562,1,0,"0","0"
254,5,2015-06-26,2423,212,1,0,"0","0"
255,5,2015-06-26,5652,585,1,0,"0","0"
256,5,2015-06-26,7516,1013,1,0,"0","0"
257,5,2015-06-26,4345,512,1,0,"0","0"
258,5,2015-06-26,5266,498,1,0,"0","0"
259,5,2015-06-26,11271,2702,1,0,"0","0"
260,5,2015-06-26,5681,795,1,0,"0","0"
261,5,2015-06-26,9295,808,1,0,"0","0"
262,5,2015-06-26,17936,3275,1,0,"0","0"
263,5,2015-06-26,3787,362,1,0,"0","0"
264,5,2015-06-26,4666,640,1,0,"0","0"
265,5,2015-06-26,4573,491,1,0,"0","0"
266,5,2015-06-26,3285,549,1,0,"0","0"
267,5,2015-06-26,6604,757,1,0,"0","0"
268,5,2015-06-26,3922,539,1,0,"0","0"
269,5,2015-06-26,6780,986,1,0,"0","0"
270,5,2015-06-26,8057,1113,1,0,"0","0"
271,5,2015-06-26,6533,720,1,0,"0","0"
272,5,2015-06-26,4885,561,1,0,"0","0"
273,5,2015-06-26,6016,626,1,0,"0","0"
274,5,2015-06-26,5664,1380,1,0,"0","0"
275,5,2015-06-26,6125,639,1,0,"0","0"
276,5,2015-06-26,3259,450,1,0,"0","0"
277,5,2015-06-26,5225,491,1,0,"0","0"
278,5,2015-06-26,5856,693,1,0,"0","0"
279,5,2015-06-26,9189,641,1,0,"0","0"
280,5,2015-06-26,5577,519,1,0,"0","0"
281,5,2015-06-26,5391,523,1,0,"0","0"
282,5,2015-06-26,3545,614,1,0,"0","0"
283,5,2015-06-26,6795,652,1,0,"0","0"
284,5,2015-06-26,4447,405,1,0,"0","0"
285,5,2015-06-26,4364,432,1,0,"0","0"
286,5,2015-06-26,2971,331,1,0,"0","0"
287,5,2015-06-26,7162,738,1,0,"0","0"
288,5,2015-06-26,4285,357,1,0,"0","0"
289,5,2015-06-26,4443,456,1,0,"0","0"
290,5,2015-06-26,6500,641,1,0,"0","0"
291,5,2015-06-26,6240,689,1,0,"0","0"
292,5,2015-06-26,5172,707,1,0,"0","0"
293,5,2015-06-26,4544,620,1,0,"0","0"
294,5,2015-06-26,5327,732,1,0,"0","0"
295,5,2015-06-26,4221,594,1,0,"0","0"
296,5,2015-06-26,5719,695,1,0,"0","0"
297,5,2015-06-26,6187,651,1,0,"0","0"
298,5,2015-06-26,7361,657,1,0,"0","0"
299,5,2015-06-26,6719,759,1,0,"0","0"
300,5,2015-06-26,7076,858,1,0,"0","0"
301,5,2015-06-26,5108,598,1,0,"0","0"
302,5,2015-06-26,3195,277,1,0,"0","0"
303,5,2015-06-26,4746,554,1,0,"0","0"
304,5,2015-06-26,5627,924,1,0,"0","0"
305,5,2015-06-26,5070,491,1,0,"0","0"
306,5,2015-06-26,4483,491,1,0,"0","0"
307,5,2015-06-26,2249,276,1,0,"0","0"
308,5,2015-06-26,7759,865,1,0,"0","0"
309,5,2015-06-26,5171,486,1,0,"0","0"
310,5,2015-06-26,7225,643,1,0,"0","0"
311,5,2015-06-26,5319,720,1,0,"0","0"
312,5,2015-06-26,4060,455,1,0,"0","0"
313,5,2015-06-26,6095,639,1,0,"0","0"
314,5,2015-06-26,4759,527,1,0,"0","0"
315,5,2015-06-26,3964,465,1,0,"0","0"
316,5,2015-06-26,9118,875,1,0,"0","0"
317,5,2015-06-26,4869,572,1,0,"0","0"
318,5,2015-06-26,6560,665,1,0,"0","0"
319,5,2015-06-26,6530,784,1,0,"0","0"
320,5,2015-06-26,12106,1751,1,0,"0","0"
321,5,2015-06-26,4998,574,1,0,"0","0"
322,5,2015-06-26,4076,459,1,0,"0","0"
323,5,2015-06-26,6792,601,1,0,"0","0"
324,5,2015-06-26,4102,570,1,0,"0","0"
325,5,2015-06-26,5538,605,1,0,"0","0"
326,5,2015-06-26,4766,399,1,0,"0","0"
327,5,2015-06-26,6389,768,1,0,"0","0"
328,5,2015-06-26,4268,491,1,0,"0","0"
329,5,2015-06-26,6956,665,1,0,"0","0"
330,5,2015-06-26,3255,364,1,0,"0","0"
331,5,2015-06-26,4764,664,1,0,"0","0"
332,5,2015-06-26,3162,425,1,0,"0","0"
333,5,2015-06-26,8186,1134,1,0,"0","0"
334,5,2015-06-26,5076,542,1,0,"0","0"
335,5,2015-06-26,11710,2312,1,0,"0","0"
336,5,2015-06-26,10546,1617,1,0,"0","0"
337,5,2015-06-26,5138,393,1,0,"0","0"
338,5,2015-06-26,5544,533,1,0,"0","0"
339,5,2015-06-26,4012,592,1,0,"0","0"
340,5,2015-06-26,5446,674,1,0,"0","0"
341,5,2015-06-26,4700,701,1,0,"0","0"
342,5,2015-06-26,10029,765,1,0,"0","0"
343,5,2015-06-26,6828,686,1,0,"0","0"
344,5,2015-06-26,7707,1027,1,0,"0","0"
345,5,2015-06-26,3919,464,1,0,"0","0"
346,5,2015-06-26,7026,655,1,0,"0","0"
347,5,2015-06-26,4717,399,1,0,"0","0"
348,5,2015-06-26,8190,722,1,0,"0","0"
349,5,2015-06-26,7170,745,1,0,"0","0"
350,5,2015-06-26,5768,486,1,0,"0","0"
351,5,2015-06-26,4940,447,1,0,"0","0"
352,5,2015-06-26,6786,638,1,0,"0","0"
353,5,2015-06-26,6487,1898,1,0,"0","0"
354,5,2015-06-26,7304,636,1,0,"0","0"
355,5,2015-06-26,7800,997,1,0,"0","0"
356,5,2015-06-26,5289,444,1,0,"0","0"
357,5,2015-06-26,5946,868,1,0,"0","0"
358,5,2015-06-26,8317,957,1,0,"0","0"
359,5,2015-06-26,5698,571,1,0,"0","0"
360,5,2015-06-26,6301,720,1,0,"0","0"
361,5,2015-06-26,5532,586,1,0,"0","0"
362,5,2015-06-26,6846,925,1,0,"0","0"
363,5,2015-06-26,5316,802,1,0,"0","0"
364,5,2015-06-26,4100,574,1,0,"0","0"
365,5,2015-06-26,3911,421,1,0,"0","0"
366,5,2015-06-26,5560,575,1,0,"0","0"
367,5,2015-06-26,4103,499,1,0,"0","0"
368,5,2015-06-26,7292,606,1,0,"0","0"
369,5,2015-06-26,6051,529,1,0,"0","0"
370,5,2015-06-26,7122,596,1,0,"0","0"
371,5,2015-06-26,5175,442,1,0,"0","0"
372,5,2015-06-26,8122,720,1,0,"0","0"
373,5,2015-06-26,3847,290,1,0,"0","0"
374,5,2015-06-26,5951,766,1,0,"0","0"
375,5,2015-06-26,7280,705,1,0,"0","0"
376,5,2015-06-26,5790,716,1,0,"0","0"
377,5,2015-06-26,7132,923,1,0,"0","0"
378,5,2015-06-26,5846,974,1,0,"0","0"
379,5,2015-06-26,3244,402,1,0,"0","0"
380,5,2015-06-26,11995,1191,1,0,"0","0"
381,5,2015-06-26,7905,903,1,0,"0","0"
382,5,2015-06-26,6470,608,1,0,"0","0"
383,5,2015-06-26,13806,1825,1,0,"0","0"
384,5,2015-06-26,7540,872,1,0,"0","0"
385,5,2015-06-26,4798,517,1,0,"0","0"
386,5,2015-06-26,5984,503,1,0,"0","0"
387,5,2015-06-26,7298,980,1,0,"0","0"
388,5,2015-06-26,8799,965,1,0,"0","0"
389,5,2015-06-26,9731,1199,1,0,"0","0"
390,5,2015-06-26,9423,896,1,0,"0","0"
391,5,2015-06-26,5303,695,1,0,"0","0"
392,5,2015-06-26,6982,699,1,0,"0","0"
393,5,2015-06-26,5710,552,1,0,"0","0"
394,5,2015-06-26,7360,623,1,0,"0","0"
395,5,2015-06-26,4067,517,1,0,"0","0"
396,5,2015-06-26,8812,922,1,0,"0","0"
397,5,2015-06-26,5027,720,1,0,"0","0"
398,5,2015-06-26,4311,499,1,0,"0","0"
399,5,2015-06-26,4793,504,1,0,"0","0"
400,5,2015-06-26,6854,999,1,0,"0","0"
401,5,2015-06-26,5953,609,1,0,"0","0"
402,5,2015-06-26,4649,512,1,0,"0","0"
403,5,2015-06-26,7493,763,1,0,"0","0"
404,5,2015-06-26,4083,512,1,0,"0","0"
405,5,2015-06-26,3436,406,1,0,"0","0"
406,5,2015-06-26,5837,458,1,0,"0","0"
407,5,2015-06-26,3773,326,1,0,"0","0"
408,5,2015-06-26,4208,426,1,0,"0","0"
409,5,2015-06-26,4873,501,1,0,"0","0"
410,5,2015-06-26,5191,678,1,0,"0","0"
411,5,2015-06-26,7676,628,1,0,"0","0"
412,5,2015-06-26,8083,560,1,0,"0","0"
413,5,2015-06-26,6230,811,1,0,"0","0"
414,5,2015-06-26,5455,437,1,0,"0","0"
415,5,2015-06-26,5197,477,1,0,"0","0"
416,5,2015-06-26,9600,1236,1,0,"0","0"
417,5,2015-06-26,6260,668,1,0,"0","0"
418,5,2015-06-26,5738,662,1,0,"0","0"
419,5,2015-06-26,3961,705,1,0,"0","0"
420,5,2015-06-26,4065,373,1,0,"0","0"
421,5,2015-06-26,8420,806,1,0,"0","0"
422,5,2015-06-26,3841,421,1,0,"0","0"
423,5,2015-06-26,12132,2410,1,0,"0","0"
424,5,2015-06-26,6935,802,1,0,"0","0"
425,5,2015-06-26,3121,421,1,0,"0","0"
426,5,2015-06-26,4258,550,1,0,"0","0"
427,5,2015-06-26,5517,638,1,0,"0","0"
428,5,2015-06-26,5671,471,1,0,"0","0"
429,5,2015-06-26,4976,422,1,0,"0","0"
430,5,2015-06-26,7701,677,1,0,"0","0"
431,5,2015-06-26,8696,908,1,0,"0","0"
432,5,2015-06-26,10697,1600,1,0,"0","0"
433,5,2015-06-26,5310,648,1,0,"0","0"
434,5,2015-06-26,9672,721,1,0,"0","0"
435,5,2015-06-26,2843,344,1,0,"0","0"
436,5,2015-06-26,4850,529,1,0,"0","0"
437,5,2015-06-26,4830,520,1,0,"0","0"
438,5,2015-06-26,4609,469,1,0,"0","0"
439,5,2015-06-26,5960,719,1,0,"0","0"
440,5,2015-06-26,5290,600,1,0,"0","0"
441,5,2015-06-26,5882,683,1,0,"0","0"
442,5,2015-06-26,3302,388,1,0,"0","0"
443,5,2015-06-26,4830,479,1,0,"0","0"
444,5,2015-06-26,9907,1114,1,0,"0","0"
445,5,2015-06-26,8231,1410,1,0,"0","0"
446,5,2015-06-26,4496,551,1,0,"0","0"
447,5,2015-06-26,4770,555,1,0,"0","0"
448,5,2015-06-26,8612,763,1,0,"0","0"
449,5,2015-06-26,8540,1249,1,0,"0","0"
450,5,2015-06-26,6199,803,1,0,"0","0"
451,5,2015-06-26,4896,435,1,0,"0","0"
452,5,2015-06-26,3779,385,1,0,"0","0"
453,5,2015-06-26,7013,812,1,0,"0","0"
454,5,2015-06-26,4611,635,1,0,"0","0"
455,5,2015-06-26,6227,412,1,0,"0","0"
456,5,2015-06-26,4842,782,1,0,"0","0"
457,5,2015-06-26,5214,471,1,0,"0","0"
458,5,2015-06-26,5310,526,1,0,"0","0"
459,5,2015-06-26,7222,930,1,0,"0","0"
460,5,2015-06-26,3135,338,1,0,"0","0"
461,5,2015-06-26,3135,366,1,0,"0","0"
462,5,2015-06-26,4015,523,1,0,"0","0"
463,5,2015-06-26,5035,812,1,0,"0","0"
464,5,2015-06-26,7964,995,1,0,"0","0"
465,5,2015-06-26,6715,524,1,0,"0","0"
466,5,2015-06-26,7098,769,1,0,"0","0"
467,5,2015-06-26,11921,1425,1,0,"0","0"
468,5,2015-06-26,4917,570,1,0,"0","0"
469,5,2015-06-26,8871,1204,1,0,"0","0"
470,5,2015-06-26,10234,1449,1,0,"0","0"
471,5,2015-06-26,5496,500,1,0,"0","0"
472,5,2015-06-26,4201,606,1,0,"0","0"
473,5,2015-06-26,3074,427,1,0,"0","0"
474,5,2015-06-26,6122,636,1,0,"0","0"
475,5,2015-06-26,5031,793,1,0,"0","0"
476,5,2015-06-26,5212,653,1,0,"0","0"
477,5,2015-06-26,5670,438,1,0,"0","0"
478,5,2015-06-26,5167,582,1,0,"0","0"
479,5,2015-06-26,10022,1256,1,0,"0","0"
480,5,2015-06-26,3607,516,1,0,"0","0"
481,5,2015-06-26,4391,437,1,0,"0","0"
482,5,2015-06-26,6342,717,1,0,"0","0"
483,5,2015-06-26,3545,515,1,0,"0","0"
484,5,2015-06-26,7255,741,1,0,"0","0"
485,5,2015-06-26,4828,413,1,0,"0","0"
486,5,2015-06-26,3876,481,1,0,"0","0"
487,5,2015-06-26,6447,661,1,0,"0","0"
488,5,2015-06-26,3160,348,1,0,"0","0"
489,5,2015-06-26,5749,546,1,0,"0","0"
490,5,2015-06-26,7290,919,1,0,"0","0"
491,5,2015-06-26,5947,485,1,0,"0","0"
492,5,2015-06-26,6269,1027,1,0,"0","0"
493,5,2015-06-26,7879,801,1,0,"0","0"
494,5,2015-06-26,6720,984,1,0,"0","0"
495,5,2015-06-26,4141,355,1,0,"0","0"
496,5,2015-06-26,6667,751,1,0,"0","0"
497,5,2015-06-26,7769,1018,1,0,"0","0"
498,5,2015-06-26,6381,775,1,0,"0","0"
499,5,2015-06-26,4788,644,1,0,"0","0"
500,5,2015-06-26,5831,445,1,0,"0","0"
501,5,2015-06-26,4288,469,1,0,"0","0"
502,5,2015-06-26,7728,1234,1,0,"0","0"
503,5,2015-06-26,5960,420,1,0,"0","0"
504,5,2015-06-26,5609,805,1,0,"0","0"
505,5,2015-06-26,3728,513,1,0,"0","0"
506,5,2015-06-26,5705,689,1,0,"0","0"
507,5,2015-06-26,7621,632,1,0,"0","0"
508,5,2015-06-26,6313,689,1,0,"0","0"
509,5,2015-06-26,4850,453,1,0,"0","0"
510,5,2015-06-26,7069,721,1,0,"0","0"
511,5,2015-06-26,4901,725,1,0,"0","0"
512,5,2015-06-26,6421,1682,1,0,"0","0"
513,5,2015-06-26,14107,1713,1,0,"0","0"
514,5,2015-06-26,4715,555,1,0,"0","0"
515,5,2015-06-26,9288,798,1,0,"0","0"
516,5,2015-06-26,4695,633,1,0,"0","0"
517,5,2015-06-26,4890,565,1,0,"0","0"
518,5,2015-06-26,5010,446,1,0,"0","0"
519,5,2015-06-26,4415,475,1,0,"0","0"
520,5,2015-06-26,3199,391,1,0,"0","0"
521,5,2015-06-26,4674,405,1,0,"0","0"
522,5,2015-06-26,8086,651,1,0,"0","0"
523,5,2015-06-26,11094,1330,1,0,"0","0"
524,5,2015-06-26,6982,797,1,0,"0","0"
525,5,2015-06-26,7890,735,1,0,"0","0"
526,5,2015-06-26,7393,1162,1,0,"0","0"
527,5,2015-06-26,10126,948,1,0,"0","0"
528,5,2015-06-26,9445,896,1,0,"0","0"
529,5,2015-06-26,7791,780,1,0,"0","0"
530,5,2015-06-26,4368,765,1,0,"0","0"
531,5,2015-06-26,4481,570,1,0,"0","0"
532,5,2015-06-26,9794,1116,1,0,"0","0"
533,5,2015-06-26,8950,991,1,0,"0","0"
534,5,2015-06-26,7795,531,1,0,"0","0"
535,5,2015-06-26,7990,914,1,0,"0","0"
536,5,2015-06-26,7974,887,1,0,"0","0"
537,5,2015-06-26,4839,612,1,0,"0","0"
538,5,2015-06-26,3444,550,1,0,"0","0"
539,5,2015-06-26,10537,1072,1,0,"0","0"
540,5,2015-06-26,5556,382,1,0,"0","0"
541,5,2015-06-26,5136,651,1,0,"0","0"
542,5,2015-06-26,5781,489,1,0,"0","0"
543,5,2015-06-26,1727,170,1,0,"0","0"
544,5,2015-06-26,10904,1505,1,0,"0","0"
545,5,2015-06-26,8100,842,1,0,"0","0"
546,5,2015-06-26,12580,1535,1,0,"0","0"
547,5,2015-06-26,5395,456,1,0,"0","0"
548,5,2015-06-26,4029,346,1,0,"0","0"
549,5,2015-06-26,4644,615,1,0,"0","0"
550,5,2015-06-26,4722,390,1,0,"0","0"
551,5,2015-06-26,5057,834,1,0,"0","0"
552,5,2015-06-26,5429,555,1,0,"0","0"
553,5,2015-06-26,5969,546,1,0,"0","0"
554,5,2015-06-26,4953,605,1,0,"0","0"
555,5,2015-06-26,3852,386,1,0,"0","0"
556,5,2015-06-26,5417,687,1,0,"0","0"
557,5,2015-06-26,3512,532,1,0,"0","0"
558,5,2015-06-26,2367,395,1,0,"0","0"
559,5,2015-06-26,4729,630,1,0,"0","0"
560,5,2015-06-26,10891,1354,1,0,"0","0"
561,5,2015-06-26,5587,600,1,0,"0","0"
562,5,2015-06-26,16902,3161,1,0,"0","0"
563,5,2015-06-26,3756,506,1,0,"0","0"
564,5,2015-06-26,5503,524,1,0,"0","0"
565,5,2015-06-26,5479,696,1,0,"0","0"
566,5,2015-06-26,5040,581,1,0,"0","0"
567,5,2015-06-26,3946,527,1,0,"0","0"
568,5,2015-06-26,4713,383,1,0,"0","0"
569,5,2015-06-26,4039,608,1,0,"0","0"
570,5,2015-06-26,3392,576,1,0,"0","0"
571,5,2015-06-26,7296,560,1,0,"0","0"
572,5,2015-06-26,6743,562,1,0,"0","0"
573,5,2015-06-26,3534,318,1,0,"0","0"
574,5,2015-06-26,7532,565,1,0,"0","0"
575,5,2015-06-26,4089,424,1,0,"0","0"
576,5,2015-06-26,4926,782,1,0,"0","0"
577,5,2015-06-26,4113,485,1,0,"0","0"
578,5,2015-06-26,8304,840,1,0,"0","0"
579,5,2015-06-26,5701,725,1,0,"0","0"
580,5,2015-06-26,9382,1975,1,0,"0","0"
581,5,2015-06-26,3985,460,1,0,"0","0"
582,5,2015-06-26,5594,783,1,0,"0","0"
583,5,2015-06-26,4173,448,1,0,"0","0"
584,5,2015-06-26,4175,395,1,0,"0","0"
585,5,2015-06-26,4292,695,1,0,"0","0"
586,5,2015-06-26,12942,2058,1,0,"0","0"
587,5,2015-06-26,8605,595,1,0,"0","0"
588,5,2015-06-26,5980,706,1,0,"0","0"
589,5,2015-06-26,3894,439,1,0,"0","0"
590,5,2015-06-26,4776,402,1,0,"0","0"
591,5,2015-06-26,4833,507,1,0,"0","0"
592,5,2015-06-26,3705,496,1,0,"0","0"
593,5,2015-06-26,7658,1073,1,0,"0","0"
594,5,2015-06-26,3919,457,1,0,"0","0"
595,5,2015-06-26,10435,1280,1,0,"0","0"
596,5,2015-06-26,3973,668,1,0,"0","0"
597,5,2015-06-26,4212,678,1,0,"0","0"
598,5,2015-06-26,4905,595,1,0,"0","0"
599,5,2015-06-26,9178,747,1,0,"0","0"
600,5,2015-06-26,6348,556,1,0,"0","0"
601,5,2015-06-26,4277,349,1,0,"0","0"
602,5,2015-06-26,5080,531,1,0,"0","0"
603,5,2015-06-26,5918,878,1,0,"0","0"
604,5,2015-06-26,5689,490,1,0,"0","0"
605,5,2015-06-26,6232,456,1,0,"0","0"
606,5,2015-06-26,4779,520,1,0,"0","0"
607,5,2015-06-26,3534,427,1,0,"0","0"
608,5,2015-06-26,7813,845,1,0,"0","0"
609,5,2015-06-26,4460,518,1,0,"0","0"
610,5,2015-06-26,4007,527,1,0,"0","0"
611,5,2015-06-26,5297,426,1,0,"0","0"
612,5,2015-06-26,5426,343,1,0,"0","0"
613,5,2015-06-26,4818,772,1,0,"0","0"
614,5,2015-06-26,6228,906,1,0,"0","0"
615,5,2015-06-26,7162,982,1,0,"0","0"
616,5,2015-06-26,7782,803,1,0,"0","0"
617,5,2015-06-26,5695,550,1,0,"0","0"
618,5,2015-06-26,5841,465,1,0,"0","0"
619,5,2015-06-26,3882,416,1,0,"0","0"
620,5,2015-06-26,7086,677,1,0,"0","0"
621,5,2015-06-26,5085,745,1,0,"0","0"
622,5,2015-06-26,4035,422,1,0,"0","0"
623,5,2015-06-26,7458,883,1,0,"0","0"
624,5,2015-06-26,7359,679,1,0,"0","0"
625,5,2015-06-26,5820,587,1,0,"0","0"
626,5,2015-06-26,7071,706,1,0,"0","0"
627,5,2015-06-26,4684,490,1,0,"0","0"
628,5,2015-06-26,5535,707,1,0,"0","0"
629,5,2015-06-26,5694,469,1,0,"0","0"
630,5,2015-06-26,5468,708,1,0,"0","0"
631,5,2015-06-26,4126,534,1,0,"0","0"
632,5,2015-06-26,6261,840,1,0,"0","0"
633,5,2015-06-26,6687,542,1,0,"0","0"
634,5,2015-06-26,5668,588,1,0,"0","0"
635,5,2015-06-26,4701,535,1,0,"0","0"
636,5,2015-06-26,4705,657,1,0,"0","0"
637,5,2015-06-26,7947,648,1,0,"0","0"
638,5,2015-06-26,5631,500,1,0,"0","0"
639,5,2015-06-26,4306,469,1,0,"0","0"
640,5,2015-06-26,9700,751,1,0,"0","0"
641,5,2015-06-26,4295,423,1,0,"0","0"
642,5,2015-06-26,3107,389,1,0,"0","0"
643,5,2015-06-26,6325,914,1,0,"0","0"
644,5,2015-06-26,7842,915,1,0,"0","0"
645,5,2015-06-26,7177,963,1,0,"0","0"
646,5,2015-06-26,4636,684,1,0,"0","0"
647,5,2015-06-26,5511,678,1,0,"0","0"
648,5,2015-06-26,5539,505,1,0,"0","0"
649,5,2015-06-26,4132,371,1,0,"0","0"
650,5,2015-06-26,5234,594,1,0,"0","0"
651,5,2015-06-26,6628,836,1,0,"0","0"
652,5,2015-06-26,5844,646,1,0,"0","0"
653,5,2015-06-26,5158,469,1,0,"0","0"
654,5,2015-06-26,5054,570,1,0,"0","0"
655,5,2015-06-26,6830,600,1,0,"0","0"
656,5,2015-06-26,2952,327,1,0,"0","0"
657,5,2015-06-26,4078,555,1,0,"0","0"
658,5,2015-06-26,4232,507,1,0,"0","0"
659,5,2015-06-26,4424,591,1,0,"0","0"
660,5,2015-06-26,4483,537,1,0,"0","0"
661,5,2015-06-26,5216,479,1,0,"0","0"
662,5,2015-06-26,6233,614,1,0,"0","0"
663,5,2015-06-26,4863,739,1,0,"0","0"
664,5,2015-06-26,4126,555,1,0,"0","0"
665,5,2015-06-26,7305,1187,1,0,"0","0"
666,5,2015-06-26,4843,504,1,0,"0","0"
667,5,2015-06-26,6805,678,1,0,"0","0"
668,5,2015-06-26,7071,925,1,0,"0","0"
669,5,2015-06-26,4178,383,1,0,"0","0"
670,5,2015-06-26,5281,655,1,0,"0","0"
671,5,2015-06-26,5789,630,1,0,"0","0"
672,5,2015-06-26,7436,1055,1,0,"0","0"
673,5,2015-06-26,5853,518,1,0,"0","0"
674,5,2015-06-26,7301,1027,1,0,"0","0"
675,5,2015-06-26,3107,308,1,0,"0","0"
676,5,2015-06-26,9169,2176,1,0,"0","0"
677,5,2015-06-26,4857,452,1,0,"0","0"
678,5,2015-06-26,5430,724,1,0,"0","0"
679,5,2015-06-26,8198,958,1,0,"0","0"
680,5,2015-06-26,3601,573,1,0,"0","0"
681,5,2015-06-26,3170,476,1,0,"0","0"
682,5,2015-06-26,10299,1712,1,0,"0","0"
683,5,2015-06-26,6835,749,1,0,"0","0"
684,5,2015-06-26,6109,568,1,0,"0","0"
685,5,2015-06-26,5350,555,1,0,"0","0"
686,5,2015-06-26,5099,691,1,0,"0","0"
687,5,2015-06-26,7510,695,1,0,"0","0"
688,5,2015-06-26,3262,346,1,0,"0","0"
689,5,2015-06-26,5670,634,1,0,"0","0"
690,5,2015-06-26,4527,681,1,0,"0","0"
691,5,2015-06-26,7506,592,1,0,"0","0"
692,5,2015-06-26,5042,635,1,0,"0","0"
693,5,2015-06-26,4176,357,1,0,"0","0"
694,5,2015-06-26,6687,666,1,0,"0","0"
695,5,2015-06-26,5016,442,1,0,"0","0"
696,5,2015-06-26,8647,1016,1,0,"0","0"
697,5,2015-06-26,9799,936,1,0,"0","0"
698,5,2015-06-26,13267,1663,1,0,"0","0"
699,5,2015-06-26,5991,793,1,0,"0","0"
700,5,2015-06-26,3999,527,1,0,"0","0"
701,5,2015-06-26,4525,515,1,0,"0","0"
702,5,2015-06-26,3890,350,1,0,"0","0"
703,5,2015-06-26,2745,331,1,0,"0","0"
704,5,2015-06-26,9669,1047,1,0,"0","0"
705,5,2015-06-26,7060,855,1,0,"0","0"
706,5,2015-06-26,4944,477,1,0,"0","0"
707,5,2015-06-26,8299,1014,1,0,"0","0"
708,5,2015-06-26,5266,539,1,0,"0","0"
709,5,2015-06-26,8520,1268,1,0,"0","0"
710,5,2015-06-26,4046,331,1,0,"0","0"
711,5,2015-06-26,4912,421,1,0,"0","0"
712,5,2015-06-26,5743,553,1,0,"0","0"
713,5,2015-06-26,7801,962,1,0,"0","0"
714,5,2015-06-26,5140,358,1,0,"0","0"
715,5,2015-06-26,5307,630,1,0,"0","0"
716,5,2015-06-26,5303,429,1,0,"0","0"
717,5,2015-06-26,3820,483,1,0,"0","0"
718,5,2015-06-26,6777,797,1,0,"0","0"
719,5,2015-06-26,3526,350,1,0,"0","0"
720,5,2015-06-26,6122,618,1,0,"0","0"
721,5,2015-06-26,7132,693,1,0,"0","0"
722,5,2015-06-26,6492,1178,1,0,"0","0"
723,5,2015-06-26,6460,515,1,0,"0","0"
724,5,2015-06-26,6267,690,1,0,"0","0"
725,5,2015-06-26,5199,595,1,0,"0","0"
726,5,2015-06-26,8474,906,1,0,"0","0"
727,5,2015-06-26,4816,476,1,0,"0","0"
728,5,2015-06-26,4723,412,1,0,"0","0"
729,5,2015-06-26,10403,1121,1,0,"0","0"
730,5,2015-06-26,5783,707,1,0,"0","0"
731,5,2015-06-26,7660,919,1,0,"0","0"
732,5,2015-06-26,5851,716,1,0,"0","0"
733,5,2015-06-26,14794,3651,1,0,"0","0"
734,5,2015-06-26,4632,480,1,0,"0","0"
735,5,2015-06-26,4347,477,1,0,"0","0"
736,5,2015-06-26,4384,409,1,0,"0","0"
737,5,2015-06-26,5222,779,1,0,"0","0"
738,5,2015-06-26,8775,717,1,0,"0","0"
739,5,2015-06-26,8706,746,1,0,"0","0"
740,5,2015-06-26,7062,500,1,0,"0","0"
741,5,2015-06-26,6810,867,1,0,"0","0"
742,5,2015-06-26,6958,752,1,0,"0","0"
743,5,2015-06-26,3491,366,1,0,"0","0"
744,5,2015-06-26,6700,784,1,0,"0","0"
745,5,2015-06-26,6018,583,1,0,"0","0"
746,5,2015-06-26,4973,491,1,0,"0","0"
747,5,2015-06-26,7262,625,1,0,"0","0"
748,5,2015-06-26,5918,491,1,0,"0","0"
749,5,2015-06-26,4311,556,1,0,"0","0"
750,5,2015-06-26,4106,381,1,0,"0","0"
751,5,2015-06-26,3167,479,1,0,"0","0"
752,5,2015-06-26,4303,389,1,0,"0","0"
753,5,2015-06-26,6869,592,1,0,"0","0"
754,5,2015-06-26,5563,682,1,0,"0","0"
755,5,2015-06-26,10130,861,1,0,"0","0"
756,5,2015-06-26,15119,2243,1,0,"0","0"
757,5,2015-06-26,5928,509,1,0,"0","0"
758,5,2015-06-26,4302,592,1,0,"0","0"
759,5,2015-06-26,6123,690,1,0,"0","0"
760,5,2015-06-26,7085,1199,1,0,"0","0"
761,5,2015-06-26,7361,877,1,0,"0","0"
762,5,2015-06-26,3449,359,1,0,"0","0"
763,5,2015-06-26,5614,579,1,0,"0","0"
764,5,2015-06-26,3346,412,1,0,"0","0"
765,5,2015-06-26,7226,629,1,0,"0","0"
766,5,2015-06-26,6006,528,1,0,"0","0"
767,5,2015-06-26,6008,630,1,0,"0","0"
768,5,2015-06-26,11026,1210,1,0,"0","0"
769,5,2015-06-26,13728,3725,1,0,"0","0"
770,5,2015-06-26,4060,468,1,0,"0","0"
771,5,2015-06-26,6254,648,1,0,"0","0"
772,5,2015-06-26,3120,442,1,0,"0","0"
773,5,2015-06-26,4915,728,1,0,"0","0"
774,5,2015-06-26,4775,661,1,0,"0","0"
775,5,2015-06-26,6811,548,1,0,"0","0"
776,5,2015-06-26,4305,505,1,0,"0","0"
777,5,2015-06-26,3967,348,1,0,"0","0"
778,5,2015-06-26,5445,759,1,0,"0","0"
779,5,2015-06-26,6113,689,1,0,"0","0"
780,5,2015-06-26,4885,651,1,0,"0","0"
781,5,2015-06-26,3873,546,1,0,"0","0"
782,5,2015-06-26,1422,271,1,0,"0","0"
783,5,2015-06-26,7355,710,1,0,"0","0"
784,5,2015-06-26,6056,746,1,0,"0","0"
785,5,2015-06-26,5952,551,1,0,"0","0"
786,5,2015-06-26,2494,410,1,0,"0","0"
787,5,2015-06-26,8576,1060,1,0,"0","0"
788,5,2015-06-26,15484,1514,1,0,"0","0"
789,5,2015-06-26,3602,483,1,0,"0","0"
790,5,2015-06-26,6183,597,1,0,"0","0"
791,5,2015-06-26,7402,787,1,0,"0","0"
792,5,2015-06-26,5982,604,1,0,"0","0"
793,5,2015-06-26,3079,339,1,0,"0","0"
794,5,2015-06-26,2830,471,1,0,"0","0"
795,5,2015-06-26,3313,318,1,0,"0","0"
796,5,2015-06-26,6578,664,1,0,"0","0"
797,5,2015-06-26,4582,466,1,0,"0","0"
798,5,2015-06-26,6035,773,1,0,"0","0"
799,5,2015-06-26,8459,793,1,0,"0","0"
800,5,2015-06-26,3729,376,1,0,"0","0"
801,5,2015-06-26,4117,445,1,0,"0","0"
802,5,2015-06-26,5526,464,1,0,"0","0"
803,5,2015-06-26,4353,373,1,0,"0","0"
804,5,2015-06-26,4090,381,1,0,"0","0"
805,5,2015-06-26,4298,447,1,0,"0","0"
806,5,2015-06-26,5267,389,1,0,"0","0"
807,5,2015-06-26,8767,901,1,0,"0","0"
808,5,2015-06-26,5850,585,1,0,"0","0"
809,5,2015-06-26,7725,705,1,0,"0","0"
810,5,2015-06-26,5081,456,1,0,"0","0"
811,5,2015-06-26,3747,621,1,0,"0","0"
812,5,2015-06-26,5128,645,1,0,"0","0"
813,5,2015-06-26,4842,583,1,0,"0","0"
814,5,2015-06-26,6640,614,1,0,"0","0"
815,5,2015-06-26,5268,517,1,0,"0","0"
816,5,2015-06-26,4418,669,1,0,"0","0"
817,5,2015-06-26,19273,2843,1,0,"0","0"
818,5,2015-06-26,4859,544,1,0,"0","0"
819,5,2015-06-26,5200,494,1,0,"0","0"
820,5,2015-06-26,10325,909,1,0,"0","0"
821,5,2015-06-26,5620,725,1,0,"0","0"
822,5,2015-06-26,5674,494,1,0,"0","0"
823,5,2015-06-26,5645,566,1,0,"0","0"
824,5,2015-06-26,6139,844,1,0,"0","0"
825,5,2015-06-26,3578,491,1,0,"0","0"
826,5,2015-06-26,9230,787,1,0,"0","0"
827,5,2015-06-26,12591,1736,1,0,"0","0"
828,5,2015-06-26,4333,523,1,0,"0","0"
829,5,2015-06-26,4170,631,1,0,"0","0"
830,5,2015-06-26,5301,470,1,0,"0","0"
831,5,2015-06-26,10183,1313,1,0,"0","0"
832,5,2015-06-26,5165,512,1,0,"0","0"
833,5,2015-06-26,4347,412,1,0,"0","0"
834,5,2015-06-26,4718,573,1,0,"0","0"
835,5,2015-06-26,4574,589,1,0,"0","0"
836,5,2015-06-26,4764,630,1,0,"0","0"
837,5,2015-06-26,4361,619,1,0,"0","0"
838,5,2015-06-26,7307,758,1,0,"0","0"
839,5,2015-06-26,3145,452,1,0,"0","0"
840,5,2015-06-26,5266,860,1,0,"0","0"
841,5,2015-06-26,2485,383,1,0,"0","0"
842,5,2015-06-26,17762,1109,1,0,"0","0"
843,5,2015-06-26,6333,822,1,0,"0","0"
844,5,2015-06-26,3430,416,1,0,"0","0"
845,5,2015-06-26,5032,383,1,0,"0","0"
846,5,2015-06-26,8112,835,1,0,"0","0"
847,5,2015-06-26,5477,812,1,0,"0","0"
848,5,2015-06-26,4913,667,1,0,"0","0"
849,5,2015-06-26,6836,819,1,0,"0","0"
850,5,2015-06-26,5637,539,1,0,"0","0"
851,5,2015-06-26,4131,381,1,0,"0","0"
852,5,2015-06-26,3827,557,1,0,"0","0"
853,5,2015-06-26,7834,955,1,0,"0","0"
854,5,2015-06-26,4809,504,1,0,"0","0"
855,5,2015-06-26,5350,594,1,0,"0","0"
856,5,2015-06-26,6385,888,1,0,"0","0"
857,5,2015-06-26,6879,828,1,0,"0","0"
858,5,2015-06-26,4796,421,1,0,"0","0"
859,5,2015-06-26,6096,645,1,0,"0","0"
860,5,2015-06-26,5544,759,1,0,"0","0"
861,5,2015-06-26,3179,473,1,0,"0","0"
862,5,2015-06-26,7681,996,1,0,"0","0"
863,5,2015-06-26,8308,1038,1,0,"0","0"
864,5,2015-06-26,4250,623,1,0,"0","0"
865,5,2015-06-26,7880,617,1,0,"0","0"
866,5,2015-06-26,5929,437,1,0,"0","0"
867,5,2015-06-26,4568,437,1,0,"0","0"
868,5,2015-06-26,8053,539,1,0,"0","0"
869,5,2015-06-26,3846,614,1,0,"0","0"
870,5,2015-06-26,5732,814,1,0,"0","0"
871,5,2015-06-26,6110,468,1,0,"0","0"
872,5,2015-06-26,7533,802,1,0,"0","0"
873,5,2015-06-26,3586,448,1,0,"0","0"
874,5,2015-06-26,4107,467,1,0,"0","0"
875,5,2015-06-26,4322,416,1,0,"0","0"
876,5,2015-06-26,6656,785,1,0,"0","0"
877,5,2015-06-26,4889,733,1,0,"0","0"
878,5,2015-06-26,6608,689,1,0,"0","0"
879,5,2015-06-26,3108,318,1,0,"0","0"
880,5,2015-06-26,6994,792,1,0,"0","0"
881,5,2015-06-26,3462,532,1,0,"0","0"
882,5,2015-06-26,5699,764,1,0,"0","0"
883,5,2015-06-26,5180,556,1,0,"0","0"
884,5,2015-06-26,5224,534,1,0,"0","0"
885,5,2015-06-26,5450,695,1,0,"0","0"
886,5,2015-06-26,6702,619,1,0,"0","0"
887,5,2015-06-26,5069,469,1,0,"0","0"
888,5,2015-06-26,8199,760,1,0,"0","0"
889,5,2015-06-26,4194,469,1,0,"0","0"
890,5,2015-06-26,4705,416,1,0,"0","0"
891,5,2015-06-26,6087,887,1,0,"0","0"
892,5,2015-06-26,6558,789,1,0,"0","0"
893,5,2015-06-26,5545,727,1,0,"0","0"
894,5,2015-06-26,7370,1041,1,0,"0","0"
895,5,2015-06-26,9082,817,1,0,"0","0"
896,5,2015-06-26,5847,986,1,0,"0","0"
897,5,2015-06-26,2600,308,1,0,"0","0"
898,5,2015-06-26,3562,552,1,0,"0","0"
899,5,2015-06-26,4189,479,1,0,"0","0"
900,5,2015-06-26,5924,567,1,0,"0","0"
901,5,2015-06-26,5604,565,1,0,"0","0"
902,5,2015-06-26,3628,504,1,0,"0","0"
903,5,2015-06-26,9457,701,1,0,"0","0"
904,5,2015-06-26,4649,438,1,0,"0","0"
905,5,2015-06-26,6354,979,1,0,"0","0"
906,5,2015-06-26,10228,1091,1,0,"0","0"
907,5,2015-06-26,6202,806,1,0,"0","0"
908,5,2015-06-26,3167,309,1,0,"0","0"
909,5,2015-06-26,9447,791,1,0,"0","0"
910,5,2015-06-26,5349,576,1,0,"0","0"
911,5,2015-06-26,9279,861,1,0,"0","0"
912,5,2015-06-26,5109,646,1,0,"0","0"
913,5,2015-06-26,6664,1001,1,0,"0","0"
914,5,2015-06-26,7750,955,1,0,"0","0"
915,5,2015-06-26,6868,522,1,0,"0","0"
916,5,2015-06-26,4746,609,1,0,"0","0"
917,5,2015-06-26,6739,831,1,0,"0","0"
918,5,2015-06-26,4706,527,1,0,"0","0"
919,5,2015-06-26,4282,566,1,0,"0","0"
920,5,2015-06-26,6078,615,1,0,"0","0"
921,5,2015-06-26,7857,941,1,0,"0","0"
922,5,2015-06-26,7669,721,1,0,"0","0"
923,5,2015-06-26,4646,607,1,0,"0","0"
924,5,2015-06-26,3927,409,1,0,"0","0"
925,5,2015-06-26,6909,1199,1,0,"0","0"
926,5,2015-06-26,6888,519,1,0,"0","0"
927,5,2015-06-26,5244,716,1,0,"0","0"
928,5,2015-06-26,6852,588,1,0,"0","0"
929,5,2015-06-26,4828,576,1,0,"0","0"
930,5,2015-06-26,5397,940,1,0,"0","0"
931,5,2015-06-26,3772,524,1,0,"0","0"
932,5,2015-06-26,7257,792,1,0,"0","0"
933,5,2015-06-26,5882,745,1,0,"0","0"
934,5,2015-06-26,6026,701,1,0,"0","0"
935,5,2015-06-26,5202,567,1,0,"0","0"
936,5,2015-06-26,5767,733,1,0,"0","0"
937,5,2015-06-26,6576,509,1,0,"0","0"
938,5,2015-06-26,7803,877,1,0,"0","0"
939,5,2015-06-26,5602,516,1,0,"0","0"
940,5,2015-06-26,6141,661,1,0,"0","0"
941,5,2015-06-26,4430,478,1,0,"0","0"
942,5,2015-06-26,5619,468,1,0,"0","0"
943,5,2015-06-26,6099,570,1,0,"0","0"
944,5,2015-06-26,5537,923,1,0,"0","0"
945,5,2015-06-26,3751,479,1,0,"0","0"
946,5,2015-06-26,3872,496,1,0,"0","0"
947,5,2015-06-26,6227,935,1,0,"0","0"
948,5,2015-06-26,8119,2158,1,0,"0","0"
949,5,2015-06-26,4498,433,1,0,"0","0"
950,5,2015-06-26,5111,556,1,0,"0","0"
951,5,2015-06-26,7352,677,1,0,"0","0"
952,5,2015-06-26,5723,465,1,0,"0","0"
953,5,2015-06-26,4088,455,1,0,"0","0"
954,5,2015-06-26,5276,706,1,0,"0","0"
955,5,2015-06-26,4584,479,1,0,"0","0"
956,5,2015-06-26,2723,383,1,0,"0","0"
957,5,2015-06-26,6679,753,1,0,"0","0"
958,5,2015-06-26,3369,480,1,0,"0","0"
959,5,2015-06-26,5798,663,1,0,"0","0"
960,5,2015-06-26,5330,475,1,0,"0","0"
961,5,2015-06-26,5903,683,1,0,"0","0"
962,5,2015-06-26,5448,798,1,0,"0","0"
963,5,2015-06-26,8611,823,1,0,"0","0"
964,5,2015-06-26,7220,1166,1,0,"0","0"
965,5,2015-06-26,5674,657,1,0,"0","0"
966,5,2015-06-26,4755,587,1,0,"0","0"
967,5,2015-06-26,7556,790,1,0,"0","0"
968,5,2015-06-26,6437,794,1,0,"0","0"
969,5,2015-06-26,2927,582,1,0,"0","0"
970,5,2015-06-26,2214,339,1,0,"0","0"
971,5,2015-06-26,5881,765,1,0,"0","0"
972,5,2015-06-26,3011,362,1,0,"0","0"
973,5,2015-06-26,5242,741,1,0,"0","0"
974,5,2015-06-26,10486,1407,1,0,"0","0"
975,5,2015-06-26,7329,720,1,0,"0","0"
976,5,2015-06-26,5956,626,1,0,"0","0"
977,5,2015-06-26,3711,403,1,0,"0","0"
978,5,2015-06-26,6259,878,1,0,"0","0"
979,5,2015-06-26,6323,616,1,0,"0","0"
980,5,2015-06-26,5821,450,1,0,"0","0"
981,5,2015-06-26,6691,684,1,0,"0","0"
982,5,2015-06-26,6529,577,1,0,"0","0"
983,5,2015-06-26,5705,843,1,0,"0","0"
984,5,2015-06-26,4723,646,1,0,"0","0"
985,5,2015-06-26,6476,672,1,0,"0","0"
986,5,2015-06-26,4001,596,1,0,"0","0"
987,5,2015-06-26,5787,779,1,0,"0","0"
988,5,2015-06-26,5434,1041,1,0,"0","0"
989,5,2015-06-26,4526,532,1,0,"0","0"
990,5,2015-06-26,6468,597,1,0,"0","0"
991,5,2015-06-26,5420,501,1,0,"0","0"
992,5,2015-06-26,5004,630,1,0,"0","0"
993,5,2015-06-26,7153,668,1,0,"0","0"
994,5,2015-06-26,4454,458,1,0,"0","0"
995,5,2015-06-26,8618,770,1,0,"0","0"
996,5,2015-06-26,5897,645,1,0,"0","0"
997,5,2015-06-26,4090,333,1,0,"0","0"
998,5,2015-06-26,3961,496,1,0,"0","0"
999,5,2015-06-26,7814,589,1,0,"0","0"
1000,5,2015-06-26,6474,589,1,0,"0","0"
1001,5,2015-06-26,4189,533,1,0,"0","0"
1002,5,2015-06-26,5722,666,1,0,"0","0"
1003,5,2015-06-26,6472,752,1,0,"0","0"
1004,5,2015-06-26,4457,438,1,0,"0","0"
1005,5,2015-06-26,5780,878,1,0,"0","0"
1006,5,2015-06-26,5217,717,1,0,"0","0"
1007,5,2015-06-26,5668,687,1,0,"0","0"
1008,5,2015-06-26,4041,563,1,0,"0","0"
1009,5,2015-06-26,4095,402,1,0,"0","0"
1010,5,2015-06-26,7911,751,1,0,"0","0"
1011,5,2015-06-26,5363,678,1,0,"0","0"
1012,5,2015-06-26,5668,469,1,0,"0","0"
1013,5,2015-06-26,3391,392,1,0,"0","0"
1014,5,2015-06-26,9210,1118,1,0,"0","0"
1015,5,2015-06-26,4635,440,1,0,"0","0"
1016,5,2015-06-26,4648,419,1,0,"0","0"
1017,5,2015-06-26,5145,737,1,0,"0","0"
1018,5,2015-06-26,8605,1089,1,0,"0","0"
1019,5,2015-06-26,7113,632,1,0,"0","0"
1020,5,2015-06-26,7124,840,1,0,"0","0"
1021,5,2015-06-26,7823,960,1,0,"0","0"
1022,5,2015-06-26,6544,684,1,0,"0","0"
1023,5,2015-06-26,3984,450,1,0,"0","0"
1024,5,2015-06-26,4627,629,1,0,"0","0"
1025,5,2015-06-26,5838,753,1,0,"0","0"
1026,5,2015-06-26,8435,1162,1,0,"0","0"
1027,5,2015-06-26,11217,1381,1,0,"0","0"
1028,5,2015-06-26,4167,518,1,0,"0","0"
1029,5,2015-06-26,4324,700,1,0,"0","0"
1030,5,2015-06-26,2359,241,1,0,"0","0"
1031,5,2015-06-26,3849,321,1,0,"0","0"
1032,5,2015-06-26,8244,893,1,0,"0","0"
1033,5,2015-06-26,11405,1169,1,0,"0","0"
1034,5,2015-06-26,5236,644,1,0,"0","0"
1035,5,2015-06-26,4201,509,1,0,"0","0"
1036,5,2015-06-26,4744,456,1,0,"0","0"
1037,5,2015-06-26,5359,706,1,0,"0","0"
1038,5,2015-06-26,5211,501,1,0,"0","0"
1039,5,2015-06-26,6420,831,1,0,"0","0"
1040,5,2015-06-26,8282,839,1,0,"0","0"
1041,5,2015-06-26,5823,601,1,0,"0","0"
1042,5,2015-06-26,3410,469,1,0,"0","0"
1043,5,2015-06-26,6731,974,1,0,"0","0"
1044,5,2015-06-26,4588,660,1,0,"0","0"
1045,5,2015-06-26,6545,866,1,0,"0","0"
1046,5,2015-06-26,7084,640,1,0,"0","0"
1047,5,2015-06-26,4916,544,1,0,"0","0"
1048,5,2015-06-26,6396,505,1,0,"0","0"
1049,5,2015-06-26,3243,584,1,0,"0","0"
1050,5,2015-06-26,6158,415,1,0,"0","0"
1051,5,2015-06-26,6029,850,1,0,"0","0"
1052,5,2015-06-26,6091,660,1,0,"0","0"
1053,5,2015-06-26,7161,880,1,0,"0","0"
1054,5,2015-06-26,5370,542,1,0,"0","0"
1055,5,2015-06-26,5763,780,1,0,"0","0"
1056,5,2015-06-26,4415,442,1,0,"0","0"
1057,5,2015-06-26,5021,540,1,0,"0","0"
1058,5,2015-06-26,6890,705,1,0,"0","0"
1059,5,2015-06-26,7535,1057,1,0,"0","0"
1060,5,2015-06-26,6806,775,1,0,"0","0"
1061,5,2015-06-26,6628,547,1,0,"0","0"
1062,5,2015-06-26,4947,473,1,0,"0","0"
1063,5,2015-06-26,3569,478,1,0,"0","0"
1064,5,2015-06-26,8329,969,1,0,"0","0"
1065,5,2015-06-26,3417,447,1,0,"0","0"
1066,5,2015-06-26,10741,1099,1,0,"0","0"
1067,5,2015-06-26,5511,492,1,0,"0","0"
1068,5,2015-06-26,4105,292,1,0,"0","0"
1069,5,2015-06-26,4573,614,1,0,"0","0"
1070,5,2015-06-26,5052,632,1,0,"0","0"
1071,5,2015-06-26,5304,638,1,0,"0","0"
1072,5,2015-06-26,6159,614,1,0,"0","0"
1073,5,2015-06-26,8086,1005,1,0,"0","0"
1074,5,2015-06-26,4044,464,1,0,"0","0"
1075,5,2015-06-26,10581,986,1,0,"0","0"
1076,5,2015-06-26,3484,487,1,0,"0","0"
1077,5,2015-06-26,3901,491,1,0,"0","0"
1078,5,2015-06-26,4665,452,1,0,"0","0"
1079,5,2015-06-26,6730,591,1,0,"0","0"
1080,5,2015-06-26,9604,825,1,0,"0","0"
1081,5,2015-06-26,5657,971,1,0,"0","0"
1082,5,2015-06-26,4884,745,1,0,"0","0"
1083,5,2015-06-26,4767,360,1,0,"0","0"
1084,5,2015-06-26,5319,654,1,0,"0","0"
1085,5,2015-06-26,6829,697,1,0,"0","0"
1086,5,2015-06-26,4003,530,1,0,"0","0"
1087,5,2015-06-26,5522,576,1,0,"0","0"
1088,5,2015-06-26,5460,532,1,0,"0","0"
1089,5,2015-06-26,9576,940,1,0,"0","0"
1090,5,2015-06-26,5509,710,1,0,"0","0"
1091,5,2015-06-26,7114,668,1,0,"0","0"
1092,5,2015-06-26,10314,984,1,0,"0","0"
1093,5,2015-06-26,7320,772,1,0,"0","0"
1094,5,2015-06-26,3753,318,1,0,"0","0"
1095,5,2015-06-26,4045,585,1,0,"0","0"
1096,5,2015-06-26,5190,603,1,0,"0","0"
1097,5,2015-06-26,9710,2638,1,0,"0","0"
1098,5,2015-06-26,4502,649,1,0,"0","0"
1099,5,2015-06-26,6671,880,1,0,"0","0"
1100,5,2015-06-26,4578,600,1,0,"0","0"
1101,5,2015-06-26,8342,884,1,0,"0","0"
1102,5,2015-06-26,6058,613,1,0,"0","0"
1103,5,2015-06-26,4875,374,1,0,"0","0"
1104,5,2015-06-26,4880,382,1,0,"0","0"
1105,5,2015-06-26,4155,470,1,0,"0","0"
1106,5,2015-06-26,4389,529,1,0,"0","0"
1107,5,2015-06-26,4818,556,1,0,"0","0"
1108,5,2015-06-26,5876,570,1,0,"0","0"
1109,5,2015-06-26,4006,412,1,0,"0","0"
1110,5,2015-06-26,3626,471,1,0,"0","0"
1111,5,2015-06-26,4116,357,1,0,"0","0"
1112,5,2015-06-26,7451,619,1,0,"0","0"
1113,5,2015-06-26,5796,659,1,0,"0","0"
1114,5,2015-06-26,18614,3236,1,0,"0","0"
1115,5,2015-06-26,5549,380,1,0,"0","0"
1,4,2015-06-25,3533,433,1,0,"0","0"
2,4,2015-06-25,4022,508,1,0,"0","0"
3,4,2015-06-25,5763,693,1,0,"0","0"
4,4,2015-06-25,7111,1046,1,0,"0","0"
5,4,2015-06-25,3325,472,1,0,"0","0"
6,4,2015-06-25,3861,497,1,0,"0","0"
7,4,2015-06-25,6875,819,1,0,"0","0"
8,4,2015-06-25,5956,771,1,0,"0","0"
9,4,2015-06-25,6674,620,1,0,"0","0"
10,4,2015-06-25,5018,537,1,0,"0","0"
11,4,2015-06-25,6012,946,1,0,"0","0"
12,4,2015-06-25,6205,780,1,0,"0","0"
13,4,2015-06-25,5830,274,1,0,"0","0"
14,4,2015-06-25,5089,587,1,0,"0","0"
15,4,2015-06-25,4979,564,1,0,"0","0"
16,4,2015-06-25,6843,786,1,0,"0","0"
17,4,2015-06-25,4403,673,1,0,"0","0"
18,4,2015-06-25,6160,684,1,0,"0","0"
19,4,2015-06-25,5268,585,1,0,"0","0"
20,4,2015-06-25,8360,1000,1,0,"0","0"
21,4,2015-06-25,3441,357,1,0,"0","0"
22,4,2015-06-25,3956,475,1,0,"0","0"
23,4,2015-06-25,3562,357,1,0,"0","0"
24,4,2015-06-25,8461,764,1,0,"0","0"
25,4,2015-06-25,9116,1357,1,0,"0","0"
26,4,2015-06-25,4897,461,1,0,"0","0"
27,4,2015-06-25,7288,935,1,0,"0","0"
28,4,2015-06-25,3543,482,1,0,"0","0"
29,4,2015-06-25,6179,604,1,0,"0","0"
30,4,2015-06-25,3400,550,1,0,"0","0"
31,4,2015-06-25,4370,459,1,0,"0","0"
32,4,2015-06-25,3284,438,1,0,"0","0"
33,4,2015-06-25,6533,688,1,0,"0","0"
34,4,2015-06-25,7229,901,1,0,"0","0"
35,4,2015-06-25,9504,745,1,0,"0","0"
36,4,2015-06-25,8452,973,1,0,"0","0"
37,4,2015-06-25,4315,534,1,0,"0","0"
38,4,2015-06-25,4663,413,1,0,"0","0"
39,4,2015-06-25,4186,563,1,0,"0","0"
40,4,2015-06-25,3583,539,1,0,"0","0"
41,4,2015-06-25,4505,377,1,0,"0","0"
42,4,2015-06-25,8922,1032,1,0,"0","0"
43,4,2015-06-25,5643,571,1,0,"0","0"
44,4,2015-06-25,4389,560,1,0,"0","0"
45,4,2015-06-25,4057,340,1,0,"0","0"
46,4,2015-06-25,4319,515,1,0,"0","0"
47,4,2015-06-25,6165,854,1,0,"0","0"
48,4,2015-06-25,2890,326,1,0,"0","0"
49,4,2015-06-25,5917,459,1,0,"0","0"
50,4,2015-06-25,3064,310,1,0,"0","0"
51,4,2015-06-25,5685,455,1,0,"0","0"
52,4,2015-06-25,4610,346,1,0,"0","0"
53,4,2015-06-25,4627,533,1,0,"0","0"
54,4,2015-06-25,4981,490,1,0,"0","0"
55,4,2015-06-25,4648,574,1,0,"0","0"
56,4,2015-06-25,6278,480,1,0,"0","0"
57,4,2015-06-25,7513,759,1,0,"0","0"
58,4,2015-06-25,5354,466,1,0,"0","0"
59,4,2015-06-25,4108,475,1,0,"0","0"
60,4,2015-06-25,6760,673,1,0,"0","0"
61,4,2015-06-25,4070,494,1,0,"0","0"
62,4,2015-06-25,6494,766,1,0,"0","0"
63,4,2015-06-25,5114,501,1,0,"0","0"
64,4,2015-06-25,8734,728,1,0,"0","0"
65,4,2015-06-25,4518,445,1,0,"0","0"
66,4,2015-06-25,5134,462,1,0,"0","0"
67,4,2015-06-25,6482,732,1,0,"0","0"
68,4,2015-06-25,6243,1003,1,0,"0","0"
69,4,2015-06-25,6603,929,1,0,"0","0"
70,4,2015-06-25,5492,587,1,0,"0","0"
71,4,2015-06-25,6970,646,1,0,"0","0"
72,4,2015-06-25,3735,422,1,0,"0","0"
73,4,2015-06-25,4065,471,1,0,"0","0"
74,4,2015-06-25,5463,776,1,0,"0","0"
75,4,2015-06-25,4648,548,1,0,"0","0"
76,4,2015-06-25,6954,786,1,0,"0","0"
77,4,2015-06-25,6513,577,1,0,"0","0"
78,4,2015-06-25,2820,397,1,0,"0","0"
79,4,2015-06-25,4143,487,1,0,"0","0"
80,4,2015-06-25,5806,497,1,0,"0","0"
81,4,2015-06-25,5973,469,1,0,"0","0"
82,4,2015-06-25,7910,868,1,0,"0","0"
83,4,2015-06-25,3173,327,1,0,"0","0"
84,4,2015-06-25,11086,1204,1,0,"0","0"
85,4,2015-06-25,5968,844,1,0,"0","0"
86,4,2015-06-25,3835,499,1,0,"0","0"
87,4,2015-06-25,4878,686,1,0,"0","0"
88,4,2015-06-25,5293,594,1,0,"0","0"
89,4,2015-06-25,5445,595,1,0,"0","0"
90,4,2015-06-25,7308,942,1,0,"0","0"
91,4,2015-06-25,3235,371,1,0,"0","0"
92,4,2015-06-25,4197,416,1,0,"0","0"
93,4,2015-06-25,5250,573,1,0,"0","0"
94,4,2015-06-25,6216,583,1,0,"0","0"
95,4,2015-06-25,5031,630,1,0,"0","0"
96,4,2015-06-25,4500,524,1,0,"0","0"
97,4,2015-06-25,5920,644,1,0,"0","0"
98,4,2015-06-25,4164,403,1,0,"0","0"
99,4,2015-06-25,3922,381,1,0,"0","0"
100,4,2015-06-25,6686,589,1,0,"0","0"
101,4,2015-06-25,4997,583,1,0,"0","0"
102,4,2015-06-25,4655,765,1,0,"0","0"
103,4,2015-06-25,4092,382,1,0,"0","0"
104,4,2015-06-25,8196,1161,1,0,"0","0"
105,4,2015-06-25,4533,615,1,0,"0","0"
106,4,2015-06-25,7318,768,1,0,"0","0"
107,4,2015-06-25,5885,827,1,0,"0","0"
108,4,2015-06-25,9502,796,1,0,"0","0"
109,4,2015-06-25,5177,642,1,0,"0","0"
110,4,2015-06-25,4002,563,1,0,"0","0"
111,4,2015-06-25,5230,485,1,0,"0","0"
112,4,2015-06-25,4982,654,1,0,"0","0"
113,4,2015-06-25,4317,486,1,0,"0","0"
114,4,2015-06-25,3717,432,1,0,"0","0"
115,4,2015-06-25,5378,406,1,0,"0","0"
116,4,2015-06-25,6358,680,1,0,"0","0"
117,4,2015-06-25,3449,453,1,0,"0","0"
118,4,2015-06-25,5656,555,1,0,"0","0"
119,4,2015-06-25,4779,605,1,0,"0","0"
120,4,2015-06-25,4706,499,1,0,"0","0"
121,4,2015-06-25,3789,440,1,0,"0","0"
122,4,2015-06-25,5570,720,1,0,"0","0"
123,4,2015-06-25,6623,885,1,0,"0","0"
124,4,2015-06-25,3817,476,1,0,"0","0"
125,4,2015-06-25,9529,1382,1,0,"0","0"
126,4,2015-06-25,3992,415,1,0,"0","0"
127,4,2015-06-25,3518,463,1,0,"0","0"
128,4,2015-06-25,5957,532,1,0,"0","0"
129,4,2015-06-25,7010,957,1,0,"0","0"
130,4,2015-06-25,4546,498,1,0,"0","0"
131,4,2015-06-25,4913,531,1,0,"0","0"
132,4,2015-06-25,5829,590,1,0,"0","0"
133,4,2015-06-25,4741,609,1,0,"0","0"
134,4,2015-06-25,3894,460,1,0,"0","0"
135,4,2015-06-25,4505,444,1,0,"0","0"
136,4,2015-06-25,4040,325,1,0,"0","0"
137,4,2015-06-25,7472,912,1,0,"0","0"
138,4,2015-06-25,7352,811,1,0,"0","0"
139,4,2015-06-25,5626,476,1,0,"0","0"
140,4,2015-06-25,6052,865,1,0,"0","0"
141,4,2015-06-25,4222,533,1,0,"0","0"
142,4,2015-06-25,3862,500,1,0,"0","0"
143,4,2015-06-25,3726,410,1,0,"0","0"
144,4,2015-06-25,6736,668,1,0,"0","0"
145,4,2015-06-25,5872,968,1,0,"0","0"
146,4,2015-06-25,6366,620,1,0,"0","0"
147,4,2015-06-25,5860,700,1,0,"0","0"
148,4,2015-06-25,6778,737,1,0,"0","0"
149,4,2015-06-25,4607,420,1,0,"0","0"
150,4,2015-06-25,6922,714,1,0,"0","0"
151,4,2015-06-25,5745,590,1,0,"0","0"
152,4,2015-06-25,4440,528,1,0,"0","0"
153,4,2015-06-25,4415,513,1,0,"0","0"
154,4,2015-06-25,7260,680,1,0,"0","0"
155,4,2015-06-25,4827,491,1,0,"0","0"
156,4,2015-06-25,6779,785,1,0,"0","0"
157,4,2015-06-25,8512,930,1,0,"0","0"
158,4,2015-06-25,5799,401,1,0,"0","0"
159,4,2015-06-25,6131,582,1,0,"0","0"
160,4,2015-06-25,4717,527,1,0,"0","0"
161,4,2015-06-25,6433,760,1,0,"0","0"
162,4,2015-06-25,5235,452,1,0,"0","0"
163,4,2015-06-25,6251,812,1,0,"0","0"
164,4,2015-06-25,6113,599,1,0,"0","0"
165,4,2015-06-25,3256,364,1,0,"0","0"
166,4,2015-06-25,4920,791,1,0,"0","0"
167,4,2015-06-25,7878,945,1,0,"0","0"
168,4,2015-06-25,6165,683,1,0,"0","0"
169,4,2015-06-25,4596,511,1,0,"0","0"
170,4,2015-06-25,3464,403,1,0,"0","0"
171,4,2015-06-25,6388,742,1,0,"0","0"
172,4,2015-06-25,5622,741,1,0,"0","0"
173,4,2015-06-25,5873,789,1,0,"0","0"
174,4,2015-06-25,5512,455,1,0,"0","0"
175,4,2015-06-25,4576,595,1,0,"0","0"
176,4,2015-06-25,4392,543,1,0,"0","0"
177,4,2015-06-25,3142,453,1,0,"0","0"
178,4,2015-06-25,7730,732,1,0,"0","0"
179,4,2015-06-25,5862,825,1,0,"0","0"
180,4,2015-06-25,5166,673,1,0,"0","0"
181,4,2015-06-25,4838,576,1,0,"0","0"
182,4,2015-06-25,3939,336,1,0,"0","0"
183,4,2015-06-25,0,0,0,0,"0","0"
184,4,2015-06-25,5706,537,1,0,"0","0"
185,4,2015-06-25,5097,437,1,0,"0","0"
186,4,2015-06-25,3075,335,1,0,"0","0"
187,4,2015-06-25,4732,637,1,0,"0","0"
188,4,2015-06-25,3282,339,1,0,"0","0"
189,4,2015-06-25,6347,665,1,0,"0","0"
190,4,2015-06-25,5748,579,1,0,"0","0"
191,4,2015-06-25,5115,619,1,0,"0","0"
192,4,2015-06-25,10471,734,1,0,"0","0"
193,4,2015-06-25,3553,617,1,0,"0","0"
194,4,2015-06-25,3894,351,1,0,"0","0"
195,4,2015-06-25,8416,1096,1,0,"0","0"
196,4,2015-06-25,4294,574,1,0,"0","0"
197,4,2015-06-25,4993,650,1,0,"0","0"
198,4,2015-06-25,1965,260,1,0,"0","0"
199,4,2015-06-25,5999,517,1,0,"0","0"
200,4,2015-06-25,7067,911,1,0,"0","0"
201,4,2015-06-25,4839,409,1,0,"0","0"
202,4,2015-06-25,5109,504,1,0,"0","0"
203,4,2015-06-25,5270,721,1,0,"0","0"
204,4,2015-06-25,5061,470,1,0,"0","0"
205,4,2015-06-25,4819,727,1,0,"0","0"
206,4,2015-06-25,7758,920,1,0,"0","0"
207,4,2015-06-25,8509,1108,1,0,"0","0"
208,4,2015-06-25,2045,341,1,0,"0","0"
209,4,2015-06-25,5050,557,1,0,"0","0"
210,4,2015-06-25,1840,226,1,0,"0","0"
211,4,2015-06-25,11071,1393,1,0,"0","0"
212,4,2015-06-25,3301,391,1,0,"0","0"
213,4,2015-06-25,6668,544,1,0,"0","0"
214,4,2015-06-25,7289,584,1,0,"0","0"
215,4,2015-06-25,4554,403,1,0,"0","0"
216,4,2015-06-25,5619,716,1,0,"0","0"
217,4,2015-06-25,3719,542,1,0,"0","0"
218,4,2015-06-25,4305,644,1,0,"0","0"
219,4,2015-06-25,2459,359,1,0,"0","0"
220,4,2015-06-25,3632,516,1,0,"0","0"
221,4,2015-06-25,5069,493,1,0,"0","0"
222,4,2015-06-25,3904,500,1,0,"0","0"
223,4,2015-06-25,5549,618,1,0,"0","0"
224,4,2015-06-25,6061,447,1,0,"0","0"
225,4,2015-06-25,4149,523,1,0,"0","0"
226,4,2015-06-25,4973,569,1,0,"0","0"
227,4,2015-06-25,5127,522,1,0,"0","0"
228,4,2015-06-25,6358,512,1,0,"0","0"
229,4,2015-06-25,7073,641,1,0,"0","0"
230,4,2015-06-25,6252,831,1,0,"0","0"
231,4,2015-06-25,3579,320,1,0,"0","0"
232,4,2015-06-25,2727,269,1,0,"0","0"
233,4,2015-06-25,7738,927,1,0,"0","0"
234,4,2015-06-25,7327,802,1,0,"0","0"
235,4,2015-06-25,3976,373,1,0,"0","0"
236,4,2015-06-25,5942,762,1,0,"0","0"
237,4,2015-06-25,3873,523,1,0,"0","0"
238,4,2015-06-25,6424,975,1,0,"0","0"
239,4,2015-06-25,4002,406,1,0,"0","0"
240,4,2015-06-25,4121,403,1,0,"0","0"
241,4,2015-06-25,5683,637,1,0,"0","0"
242,4,2015-06-25,2653,285,1,0,"0","0"
243,4,2015-06-25,5290,768,1,0,"0","0"
244,4,2015-06-25,3515,402,1,0,"0","0"
245,4,2015-06-25,7522,1001,1,0,"0","0"
246,4,2015-06-25,5524,774,1,0,"0","0"
247,4,2015-06-25,4921,445,1,0,"0","0"
248,4,2015-06-25,6497,909,1,0,"0","0"
249,4,2015-06-25,4051,469,1,0,"0","0"
250,4,2015-06-25,5982,522,1,0,"0","0"
251,4,2015-06-25,16802,2301,1,0,"0","0"
252,4,2015-06-25,8017,626,1,0,"0","0"
253,4,2015-06-25,4259,578,1,0,"0","0"
254,4,2015-06-25,2050,194,1,0,"0","0"
255,4,2015-06-25,5078,544,1,0,"0","0"
256,4,2015-06-25,6979,991,1,0,"0","0"
257,4,2015-06-25,4949,598,1,0,"0","0"
258,4,2015-06-25,5304,523,1,0,"0","0"
259,4,2015-06-25,12151,2618,1,0,"0","0"
260,4,2015-06-25,5199,810,1,0,"0","0"
261,4,2015-06-25,9032,784,1,0,"0","0"
262,4,2015-06-25,15896,2874,1,0,"0","0"
263,4,2015-06-25,3423,330,1,0,"0","0"
264,4,2015-06-25,4735,705,1,0,"0","0"
265,4,2015-06-25,4893,508,1,0,"0","0"
266,4,2015-06-25,3817,532,1,0,"0","0"
267,4,2015-06-25,6971,911,1,0,"0","0"
268,4,2015-06-25,3198,456,1,0,"0","0"
269,4,2015-06-25,6558,1000,1,0,"0","0"
270,4,2015-06-25,7957,1166,1,0,"0","0"
271,4,2015-06-25,5743,689,1,0,"0","0"
272,4,2015-06-25,4898,576,1,0,"0","0"
273,4,2015-06-25,6607,657,1,0,"0","0"
274,4,2015-06-25,4625,1144,1,0,"0","0"
275,4,2015-06-25,4749,578,1,0,"0","0"
276,4,2015-06-25,3429,461,1,0,"0","0"
277,4,2015-06-25,4875,428,1,0,"0","0"
278,4,2015-06-25,5694,666,1,0,"0","0"
279,4,2015-06-25,6443,547,1,0,"0","0"
280,4,2015-06-25,5145,480,1,0,"0","0"
281,4,2015-06-25,5020,474,1,0,"0","0"
282,4,2015-06-25,3751,580,1,0,"0","0"
283,4,2015-06-25,9253,717,1,0,"0","0"
284,4,2015-06-25,4117,367,1,0,"0","0"
285,4,2015-06-25,3816,399,1,0,"0","0"
286,4,2015-06-25,3040,339,1,0,"0","0"
287,4,2015-06-25,6381,643,1,0,"0","0"
288,4,2015-06-25,4066,335,1,0,"0","0"
289,4,2015-06-25,4459,432,1,0,"0","0"
290,4,2015-06-25,5854,587,1,0,"0","0"
291,4,2015-06-25,6407,673,1,0,"0","0"
292,4,2015-06-25,5247,700,1,0,"0","0"
293,4,2015-06-25,5404,695,1,0,"0","0"
294,4,2015-06-25,5680,753,1,0,"0","0"
295,4,2015-06-25,4865,732,1,0,"0","0"
296,4,2015-06-25,5334,700,1,0,"0","0"
297,4,2015-06-25,5621,617,1,0,"0","0"
298,4,2015-06-25,6420,540,1,0,"0","0"
299,4,2015-06-25,5017,619,1,0,"0","0"
300,4,2015-06-25,5896,801,1,0,"0","0"
301,4,2015-06-25,4657,555,1,0,"0","0"
302,4,2015-06-25,2472,226,1,0,"0","0"
303,4,2015-06-25,5245,617,1,0,"0","0"
304,4,2015-06-25,5402,911,1,0,"0","0"
305,4,2015-06-25,3968,414,1,0,"0","0"
306,4,2015-06-25,4418,479,1,0,"0","0"
307,4,2015-06-25,2495,325,1,0,"0","0"
308,4,2015-06-25,7155,814,1,0,"0","0"
309,4,2015-06-25,4771,482,1,0,"0","0"
310,4,2015-06-25,7058,630,1,0,"0","0"
311,4,2015-06-25,5211,732,1,0,"0","0"
312,4,2015-06-25,4014,458,1,0,"0","0"
313,4,2015-06-25,4903,562,1,0,"0","0"
314,4,2015-06-25,4251,533,1,0,"0","0"
315,4,2015-06-25,3735,442,1,0,"0","0"
316,4,2015-06-25,8606,837,1,0,"0","0"
317,4,2015-06-25,4174,477,1,0,"0","0"
318,4,2015-06-25,6246,571,1,0,"0","0"
319,4,2015-06-25,6541,703,1,0,"0","0"
320,4,2015-06-25,12698,1871,1,0,"0","0"
321,4,2015-06-25,4505,476,1,0,"0","0"
322,4,2015-06-25,4906,575,1,0,"0","0"
323,4,2015-06-25,6393,582,1,0,"0","0"
324,4,2015-06-25,4421,572,1,0,"0","0"
325,4,2015-06-25,6551,769,1,0,"0","0"
326,4,2015-06-25,4277,378,1,0,"0","0"
327,4,2015-06-25,6125,784,1,0,"0","0"
328,4,2015-06-25,3967,524,1,0,"0","0"
329,4,2015-06-25,6142,637,1,0,"0","0"
330,4,2015-06-25,2740,350,1,0,"0","0"
331,4,2015-06-25,4944,683,1,0,"0","0"
332,4,2015-06-25,3049,462,1,0,"0","0"
333,4,2015-06-25,8015,1156,1,0,"0","0"
334,4,2015-06-25,4310,466,1,0,"0","0"
335,4,2015-06-25,12914,2424,1,0,"0","0"
336,4,2015-06-25,10374,1611,1,0,"0","0"
337,4,2015-06-25,4539,332,1,0,"0","0"
338,4,2015-06-25,5626,509,1,0,"0","0"
339,4,2015-06-25,4939,681,1,0,"0","0"
340,4,2015-06-25,5249,653,1,0,"0","0"
341,4,2015-06-25,5060,671,1,0,"0","0"
342,4,2015-06-25,8583,690,1,0,"0","0"
343,4,2015-06-25,6860,658,1,0,"0","0"
344,4,2015-06-25,7568,1118,1,0,"0","0"
345,4,2015-06-25,3581,490,1,0,"0","0"
346,4,2015-06-25,6854,627,1,0,"0","0"
347,4,2015-06-25,3631,330,1,0,"0","0"
348,4,2015-06-25,7884,702,1,0,"0","0"
349,4,2015-06-25,7309,739,1,0,"0","0"
350,4,2015-06-25,5559,437,1,0,"0","0"
351,4,2015-06-25,4921,444,1,0,"0","0"
352,4,2015-06-25,5631,574,1,0,"0","0"
353,4,2015-06-25,6194,1667,1,0,"0","0"
354,4,2015-06-25,6673,568,1,0,"0","0"
355,4,2015-06-25,7103,947,1,0,"0","0"
356,4,2015-06-25,4799,383,1,0,"0","0"
357,4,2015-06-25,6438,895,1,0,"0","0"
358,4,2015-06-25,7737,904,1,0,"0","0"
359,4,2015-06-25,4943,509,1,0,"0","0"
360,4,2015-06-25,4973,580,1,0,"0","0"
361,4,2015-06-25,3934,488,1,0,"0","0"
362,4,2015-06-25,7838,990,1,0,"0","0"
363,4,2015-06-25,5948,836,1,0,"0","0"
364,4,2015-06-25,4278,635,1,0,"0","0"
365,4,2015-06-25,3969,437,1,0,"0","0"
366,4,2015-06-25,5337,550,1,0,"0","0"
367,4,2015-06-25,3794,403,1,0,"0","0"
368,4,2015-06-25,6589,543,1,0,"0","0"
369,4,2015-06-25,4701,451,1,0,"0","0"
370,4,2015-06-25,6974,560,1,0,"0","0"
371,4,2015-06-25,4578,410,1,0,"0","0"
372,4,2015-06-25,7181,655,1,0,"0","0"
373,4,2015-06-25,3743,285,1,0,"0","0"
374,4,2015-06-25,6116,822,1,0,"0","0"
375,4,2015-06-25,6713,646,1,0,"0","0"
376,4,2015-06-25,5994,740,1,0,"0","0"
377,4,2015-06-25,6322,904,1,0,"0","0"
378,4,2015-06-25,6247,989,1,0,"0","0"
379,4,2015-06-25,3384,424,1,0,"0","0"
380,4,2015-06-25,12060,1130,1,0,"0","0"
381,4,2015-06-25,8147,905,1,0,"0","0"
382,4,2015-06-25,6751,583,1,0,"0","0"
383,4,2015-06-25,13835,1883,1,0,"0","0"
384,4,2015-06-25,8718,1043,1,0,"0","0"
385,4,2015-06-25,4588,471,1,0,"0","0"
386,4,2015-06-25,5479,489,1,0,"0","0"
387,4,2015-06-25,7008,958,1,0,"0","0"
388,4,2015-06-25,8846,1033,1,0,"0","0"
389,4,2015-06-25,9357,1177,1,0,"0","0"
390,4,2015-06-25,8467,853,1,0,"0","0"
391,4,2015-06-25,4476,598,1,0,"0","0"
392,4,2015-06-25,6684,701,1,0,"0","0"
393,4,2015-06-25,4676,461,1,0,"0","0"
394,4,2015-06-25,6445,559,1,0,"0","0"
395,4,2015-06-25,3477,482,1,0,"0","0"
396,4,2015-06-25,8575,1053,1,0,"0","0"
397,4,2015-06-25,5060,705,1,0,"0","0"
398,4,2015-06-25,3907,466,1,0,"0","0"
399,4,2015-06-25,4304,497,1,0,"0","0"
400,4,2015-06-25,6884,1043,1,0,"0","0"
401,4,2015-06-25,6407,639,1,0,"0","0"
402,4,2015-06-25,4025,442,1,0,"0","0"
403,4,2015-06-25,6748,683,1,0,"0","0"
404,4,2015-06-25,4077,537,1,0,"0","0"
405,4,2015-06-25,3334,385,1,0,"0","0"
406,4,2015-06-25,5232,414,1,0,"0","0"
407,4,2015-06-25,2960,284,1,0,"0","0"
408,4,2015-06-25,3260,329,1,0,"0","0"
409,4,2015-06-25,4894,509,1,0,"0","0"
410,4,2015-06-25,4666,616,1,0,"0","0"
411,4,2015-06-25,7067,536,1,0,"0","0"
412,4,2015-06-25,6979,510,1,0,"0","0"
413,4,2015-06-25,6009,808,1,0,"0","0"
414,4,2015-06-25,5070,405,1,0,"0","0"
415,4,2015-06-25,4583,403,1,0,"0","0"
416,4,2015-06-25,8675,1265,1,0,"0","0"
417,4,2015-06-25,6130,721,1,0,"0","0"
418,4,2015-06-25,4496,494,1,0,"0","0"
419,4,2015-06-25,4016,703,1,0,"0","0"
420,4,2015-06-25,4182,400,1,0,"0","0"
421,4,2015-06-25,7058,732,1,0,"0","0"
422,4,2015-06-25,3586,412,1,0,"0","0"
423,4,2015-06-25,10769,1942,1,0,"0","0"
424,4,2015-06-25,5357,694,1,0,"0","0"
425,4,2015-06-25,2860,457,1,0,"0","0"
426,4,2015-06-25,4436,573,1,0,"0","0"
427,4,2015-06-25,6033,620,1,0,"0","0"
428,4,2015-06-25,5670,467,1,0,"0","0"
429,4,2015-06-25,4014,353,1,0,"0","0"
430,4,2015-06-25,6104,586,1,0,"0","0"
431,4,2015-06-25,8194,903,1,0,"0","0"
432,4,2015-06-25,10827,1648,1,0,"0","0"
433,4,2015-06-25,5408,663,1,0,"0","0"
434,4,2015-06-25,8218,627,1,0,"0","0"
435,4,2015-06-25,2892,347,1,0,"0","0"
436,4,2015-06-25,4534,504,1,0,"0","0"
437,4,2015-06-25,4806,502,1,0,"0","0"
438,4,2015-06-25,4049,435,1,0,"0","0"
439,4,2015-06-25,5411,720,1,0,"0","0"
440,4,2015-06-25,4123,516,1,0,"0","0"
441,4,2015-06-25,5693,632,1,0,"0","0"
442,4,2015-06-25,2734,335,1,0,"0","0"
443,4,2015-06-25,3768,407,1,0,"0","0"
444,4,2015-06-25,7257,924,1,0,"0","0"
445,4,2015-06-25,7190,1227,1,0,"0","0"
446,4,2015-06-25,3630,528,1,0,"0","0"
447,4,2015-06-25,4415,545,1,0,"0","0"
448,4,2015-06-25,8227,699,1,0,"0","0"
449,4,2015-06-25,9171,1335,1,0,"0","0"
450,4,2015-06-25,8094,1014,1,0,"0","0"
451,4,2015-06-25,4848,399,1,0,"0","0"
452,4,2015-06-25,3246,353,1,0,"0","0"
453,4,2015-06-25,6636,854,1,0,"0","0"
454,4,2015-06-25,4403,576,1,0,"0","0"
455,4,2015-06-25,5850,400,1,0,"0","0"
456,4,2015-06-25,4786,820,1,0,"0","0"
457,4,2015-06-25,4292,423,1,0,"0","0"
458,4,2015-06-25,5239,501,1,0,"0","0"
459,4,2015-06-25,7659,1076,1,0,"0","0"
460,4,2015-06-25,3450,361,1,0,"0","0"
461,4,2015-06-25,3513,378,1,0,"0","0"
462,4,2015-06-25,4010,544,1,0,"0","0"
463,4,2015-06-25,5807,957,1,0,"0","0"
464,4,2015-06-25,7892,1039,1,0,"0","0"
465,4,2015-06-25,5620,469,1,0,"0","0"
466,4,2015-06-25,6792,710,1,0,"0","0"
467,4,2015-06-25,10918,1433,1,0,"0","0"
468,4,2015-06-25,3968,500,1,0,"0","0"
469,4,2015-06-25,7367,1061,1,0,"0","0"
470,4,2015-06-25,10385,1504,1,0,"0","0"
471,4,2015-06-25,5403,478,1,0,"0","0"
472,4,2015-06-25,4185,574,1,0,"0","0"
473,4,2015-06-25,2751,453,1,0,"0","0"
474,4,2015-06-25,5486,562,1,0,"0","0"
475,4,2015-06-25,4996,780,1,0,"0","0"
476,4,2015-06-25,5185,621,1,0,"0","0"
477,4,2015-06-25,5426,401,1,0,"0","0"
478,4,2015-06-25,5404,596,1,0,"0","0"
479,4,2015-06-25,9549,1198,1,0,"0","0"
480,4,2015-06-25,3841,547,1,0,"0","0"
481,4,2015-06-25,4131,408,1,0,"0","0"
482,4,2015-06-25,5148,624,1,0,"0","0"
483,4,2015-06-25,4846,683,1,0,"0","0"
484,4,2015-06-25,5921,641,1,0,"0","0"
485,4,2015-06-25,4446,401,1,0,"0","0"
486,4,2015-06-25,3394,475,1,0,"0","0"
487,4,2015-06-25,5296,579,1,0,"0","0"
488,4,2015-06-25,3116,319,1,0,"0","0"
489,4,2015-06-25,6380,636,1,0,"0","0"
490,4,2015-06-25,6904,927,1,0,"0","0"
491,4,2015-06-25,4756,420,1,0,"0","0"
492,4,2015-06-25,6886,1045,1,0,"0","0"
493,4,2015-06-25,6876,716,1,0,"0","0"
494,4,2015-06-25,6107,920,1,0,"0","0"
495,4,2015-06-25,4044,373,1,0,"0","0"
496,4,2015-06-25,5256,635,1,0,"0","0"
497,4,2015-06-25,7263,901,1,0,"0","0"
498,4,2015-06-25,5692,727,1,0,"0","0"
499,4,2015-06-25,4110,629,1,0,"0","0"
500,4,2015-06-25,4927,366,1,0,"0","0"
501,4,2015-06-25,3631,451,1,0,"0","0"
502,4,2015-06-25,7740,1259,1,0,"0","0"
503,4,2015-06-25,5083,399,1,0,"0","0"
504,4,2015-06-25,5291,810,1,0,"0","0"
505,4,2015-06-25,3992,522,1,0,"0","0"
506,4,2015-06-25,5437,685,1,0,"0","0"
507,4,2015-06-25,6761,606,1,0,"0","0"
508,4,2015-06-25,5825,627,1,0,"0","0"
509,4,2015-06-25,4555,412,1,0,"0","0"
510,4,2015-06-25,7014,796,1,0,"0","0"
511,4,2015-06-25,4425,670,1,0,"0","0"
512,4,2015-06-25,4988,1348,1,0,"0","0"
513,4,2015-06-25,13775,1743,1,0,"0","0"
514,4,2015-06-25,5116,523,1,0,"0","0"
515,4,2015-06-25,7637,673,1,0,"0","0"
516,4,2015-06-25,5355,707,1,0,"0","0"
517,4,2015-06-25,4821,570,1,0,"0","0"
518,4,2015-06-25,4053,385,1,0,"0","0"
519,4,2015-06-25,3508,413,1,0,"0","0"
520,4,2015-06-25,3159,386,1,0,"0","0"
521,4,2015-06-25,4075,344,1,0,"0","0"
522,4,2015-06-25,7738,615,1,0,"0","0"
523,4,2015-06-25,11257,1370,1,0,"0","0"
524,4,2015-06-25,6917,791,1,0,"0","0"
525,4,2015-06-25,7137,654,1,0,"0","0"
526,4,2015-06-25,8727,1334,1,0,"0","0"
527,4,2015-06-25,8480,816,1,0,"0","0"
528,4,2015-06-25,8792,791,1,0,"0","0"
529,4,2015-06-25,6251,651,1,0,"0","0"
530,4,2015-06-25,3769,694,1,0,"0","0"
531,4,2015-06-25,4512,580,1,0,"0","0"
532,4,2015-06-25,9337,1118,1,0,"0","0"
533,4,2015-06-25,9050,905,1,0,"0","0"
534,4,2015-06-25,5956,450,1,0,"0","0"
535,4,2015-06-25,8274,965,1,0,"0","0"
536,4,2015-06-25,6322,732,1,0,"0","0"
537,4,2015-06-25,5037,584,1,0,"0","0"
538,4,2015-06-25,3581,586,1,0,"0","0"
539,4,2015-06-25,8843,920,1,0,"0","0"
540,4,2015-06-25,5085,394,1,0,"0","0"
541,4,2015-06-25,4896,684,1,0,"0","0"
542,4,2015-06-25,5085,453,1,0,"0","0"
543,4,2015-06-25,2118,223,1,0,"0","0"
544,4,2015-06-25,10786,1511,1,0,"0","0"
545,4,2015-06-25,8325,930,1,0,"0","0"
546,4,2015-06-25,12490,1590,1,0,"0","0"
547,4,2015-06-25,4422,398,1,0,"0","0"
548,4,2015-06-25,4184,340,1,0,"0","0"
549,4,2015-06-25,4418,539,1,0,"0","0"
550,4,2015-06-25,4073,338,1,0,"0","0"
551,4,2015-06-25,5050,819,1,0,"0","0"
552,4,2015-06-25,5783,578,1,0,"0","0"
553,4,2015-06-25,5920,484,1,0,"0","0"
554,4,2015-06-25,5267,635,1,0,"0","0"
555,4,2015-06-25,3476,335,1,0,"0","0"
556,4,2015-06-25,5891,744,1,0,"0","0"
557,4,2015-06-25,3217,539,1,0,"0","0"
558,4,2015-06-25,3393,405,1,0,"0","0"
559,4,2015-06-25,4744,633,1,0,"0","0"
560,4,2015-06-25,10057,1282,1,0,"0","0"
561,4,2015-06-25,5699,581,1,0,"0","0"
562,4,2015-06-25,14777,2702,1,0,"0","0"
563,4,2015-06-25,3806,535,1,0,"0","0"
564,4,2015-06-25,5014,442,1,0,"0","0"
565,4,2015-06-25,5292,657,1,0,"0","0"
566,4,2015-06-25,4944,521,1,0,"0","0"
567,4,2015-06-25,3308,501,1,0,"0","0"
568,4,2015-06-25,3833,361,1,0,"0","0"
569,4,2015-06-25,4148,604,1,0,"0","0"
570,4,2015-06-25,3291,560,1,0,"0","0"
571,4,2015-06-25,6199,507,1,0,"0","0"
572,4,2015-06-25,5551,501,1,0,"0","0"
573,4,2015-06-25,3222,278,1,0,"0","0"
574,4,2015-06-25,6605,510,1,0,"0","0"
575,4,2015-06-25,3995,427,1,0,"0","0"
576,4,2015-06-25,4538,737,1,0,"0","0"
577,4,2015-06-25,3327,444,1,0,"0","0"
578,4,2015-06-25,7182,746,1,0,"0","0"
579,4,2015-06-25,5010,653,1,0,"0","0"
580,4,2015-06-25,8337,1815,1,0,"0","0"
581,4,2015-06-25,3567,448,1,0,"0","0"
582,4,2015-06-25,5841,780,1,0,"0","0"
583,4,2015-06-25,3427,393,1,0,"0","0"
584,4,2015-06-25,3478,336,1,0,"0","0"
585,4,2015-06-25,3524,609,1,0,"0","0"
586,4,2015-06-25,12019,2131,1,0,"0","0"
587,4,2015-06-25,7073,538,1,0,"0","0"
588,4,2015-06-25,5748,640,1,0,"0","0"
589,4,2015-06-25,3400,432,1,0,"0","0"
590,4,2015-06-25,3881,324,1,0,"0","0"
591,4,2015-06-25,4265,437,1,0,"0","0"
592,4,2015-06-25,5045,630,1,0,"0","0"
593,4,2015-06-25,8779,1269,1,0,"0","0"
594,4,2015-06-25,3607,465,1,0,"0","0"
595,4,2015-06-25,9464,1280,1,0,"0","0"
596,4,2015-06-25,4195,648,1,0,"0","0"
597,4,2015-06-25,3780,596,1,0,"0","0"
598,4,2015-06-25,4585,636,1,0,"0","0"
599,4,2015-06-25,7709,705,1,0,"0","0"
600,4,2015-06-25,5288,495,1,0,"0","0"
601,4,2015-06-25,3550,297,1,0,"0","0"
602,4,2015-06-25,5339,561,1,0,"0","0"
603,4,2015-06-25,5798,970,1,0,"0","0"
604,4,2015-06-25,5194,409,1,0,"0","0"
605,4,2015-06-25,5674,429,1,0,"0","0"
606,4,2015-06-25,4549,509,1,0,"0","0"
607,4,2015-06-25,3222,387,1,0,"0","0"
608,4,2015-06-25,8124,921,1,0,"0","0"
609,4,2015-06-25,4167,483,1,0,"0","0"
610,4,2015-06-25,3319,450,1,0,"0","0"
611,4,2015-06-25,5258,450,1,0,"0","0"
612,4,2015-06-25,5063,345,1,0,"0","0"
613,4,2015-06-25,5014,779,1,0,"0","0"
614,4,2015-06-25,5711,844,1,0,"0","0"
615,4,2015-06-25,7285,1005,1,0,"0","0"
616,4,2015-06-25,6728,748,1,0,"0","0"
617,4,2015-06-25,5180,487,1,0,"0","0"
618,4,2015-06-25,5348,433,1,0,"0","0"
619,4,2015-06-25,3543,359,1,0,"0","0"
620,4,2015-06-25,7264,682,1,0,"0","0"
621,4,2015-06-25,4781,704,1,0,"0","0"
622,4,2015-06-25,3609,384,1,0,"0","0"
623,4,2015-06-25,6631,802,1,0,"0","0"
624,4,2015-06-25,6316,643,1,0,"0","0"
625,4,2015-06-25,6266,653,1,0,"0","0"
626,4,2015-06-25,7109,701,1,0,"0","0"
627,4,2015-06-25,4507,479,1,0,"0","0"
628,4,2015-06-25,4950,669,1,0,"0","0"
629,4,2015-06-25,5850,498,1,0,"0","0"
630,4,2015-06-25,5556,746,1,0,"0","0"
631,4,2015-06-25,4528,604,1,0,"0","0"
632,4,2015-06-25,5681,782,1,0,"0","0"
633,4,2015-06-25,5756,489,1,0,"0","0"
634,4,2015-06-25,4934,555,1,0,"0","0"
635,4,2015-06-25,4264,507,1,0,"0","0"
636,4,2015-06-25,4588,606,1,0,"0","0"
637,4,2015-06-25,7497,666,1,0,"0","0"
638,4,2015-06-25,4877,426,1,0,"0","0"
639,4,2015-06-25,4005,424,1,0,"0","0"
640,4,2015-06-25,8570,724,1,0,"0","0"
641,4,2015-06-25,4385,458,1,0,"0","0"
642,4,2015-06-25,2458,355,1,0,"0","0"
643,4,2015-06-25,5767,833,1,0,"0","0"
644,4,2015-06-25,6149,751,1,0,"0","0"
645,4,2015-06-25,7582,975,1,0,"0","0"
646,4,2015-06-25,4328,630,1,0,"0","0"
647,4,2015-06-25,4016,561,1,0,"0","0"
648,4,2015-06-25,4639,458,1,0,"0","0"
649,4,2015-06-25,2956,351,1,0,"0","0"
650,4,2015-06-25,5092,543,1,0,"0","0"
651,4,2015-06-25,6417,816,1,0,"0","0"
652,4,2015-06-25,5425,606,1,0,"0","0"
653,4,2015-06-25,4412,401,1,0,"0","0"
654,4,2015-06-25,5200,576,1,0,"0","0"
655,4,2015-06-25,5952,589,1,0,"0","0"
656,4,2015-06-25,2754,333,1,0,"0","0"
657,4,2015-06-25,4151,565,1,0,"0","0"
658,4,2015-06-25,4466,501,1,0,"0","0"
659,4,2015-06-25,4176,600,1,0,"0","0"
660,4,2015-06-25,3972,448,1,0,"0","0"
661,4,2015-06-25,5352,465,1,0,"0","0"
662,4,2015-06-25,5444,576,1,0,"0","0"
663,4,2015-06-25,4635,689,1,0,"0","0"
664,4,2015-06-25,3721,520,1,0,"0","0"
665,4,2015-06-25,6571,1161,1,0,"0","0"
666,4,2015-06-25,4292,468,1,0,"0","0"
667,4,2015-06-25,6249,671,1,0,"0","0"
668,4,2015-06-25,6962,980,1,0,"0","0"
669,4,2015-06-25,4296,360,1,0,"0","0"
670,4,2015-06-25,5739,646,1,0,"0","0"
671,4,2015-06-25,5496,597,1,0,"0","0"
672,4,2015-06-25,6838,986,1,0,"0","0"
673,4,2015-06-25,5377,507,1,0,"0","0"
674,4,2015-06-25,6965,850,1,0,"0","0"
675,4,2015-06-25,4308,531,1,0,"0","0"
676,4,2015-06-25,7917,1902,1,0,"0","0"
677,4,2015-06-25,4965,458,1,0,"0","0"
678,4,2015-06-25,7099,731,1,0,"0","0"
679,4,2015-06-25,8340,968,1,0,"0","0"
680,4,2015-06-25,3729,636,1,0,"0","0"
681,4,2015-06-25,2671,437,1,0,"0","0"
682,4,2015-06-25,10241,1780,1,0,"0","0"
683,4,2015-06-25,7281,795,1,0,"0","0"
684,4,2015-06-25,6065,497,1,0,"0","0"
685,4,2015-06-25,5537,573,1,0,"0","0"
686,4,2015-06-25,5311,694,1,0,"0","0"
687,4,2015-06-25,7638,658,1,0,"0","0"
688,4,2015-06-25,3507,360,1,0,"0","0"
689,4,2015-06-25,4980,584,1,0,"0","0"
690,4,2015-06-25,4548,694,1,0,"0","0"
691,4,2015-06-25,6915,510,1,0,"0","0"
692,4,2015-06-25,5785,738,1,0,"0","0"
693,4,2015-06-25,4395,374,1,0,"0","0"
694,4,2015-06-25,6659,651,1,0,"0","0"
695,4,2015-06-25,5086,501,1,0,"0","0"
696,4,2015-06-25,6707,934,1,0,"0","0"
697,4,2015-06-25,8224,849,1,0,"0","0"
698,4,2015-06-25,14419,1808,1,0,"0","0"
699,4,2015-06-25,5794,740,1,0,"0","0"
700,4,2015-06-25,3945,510,1,0,"0","0"
701,4,2015-06-25,4961,547,1,0,"0","0"
702,4,2015-06-25,3261,290,1,0,"0","0"
703,4,2015-06-25,2779,301,1,0,"0","0"
704,4,2015-06-25,8858,1024,1,0,"0","0"
705,4,2015-06-25,7537,944,1,0,"0","0"
706,4,2015-06-25,4060,414,1,0,"0","0"
707,4,2015-06-25,7271,855,1,0,"0","0"
708,4,2015-06-25,4704,471,1,0,"0","0"
709,4,2015-06-25,8512,1318,1,0,"0","0"
710,4,2015-06-25,3210,298,1,0,"0","0"
711,4,2015-06-25,4926,450,1,0,"0","0"
712,4,2015-06-25,5667,538,1,0,"0","0"
713,4,2015-06-25,7351,956,1,0,"0","0"
714,4,2015-06-25,3586,283,1,0,"0","0"
715,4,2015-06-25,5287,579,1,0,"0","0"
716,4,2015-06-25,4684,380,1,0,"0","0"
717,4,2015-06-25,3645,405,1,0,"0","0"
718,4,2015-06-25,6281,725,1,0,"0","0"
719,4,2015-06-25,3685,322,1,0,"0","0"
720,4,2015-06-25,4984,555,1,0,"0","0"
721,4,2015-06-25,5827,622,1,0,"0","0"
722,4,2015-06-25,6266,1192,1,0,"0","0"
723,4,2015-06-25,6087,529,1,0,"0","0"
724,4,2015-06-25,5821,635,1,0,"0","0"
725,4,2015-06-25,5148,566,1,0,"0","0"
726,4,2015-06-25,8804,945,1,0,"0","0"
727,4,2015-06-25,3899,437,1,0,"0","0"
728,4,2015-06-25,3903,373,1,0,"0","0"
729,4,2015-06-25,7896,937,1,0,"0","0"
730,4,2015-06-25,5594,715,1,0,"0","0"
731,4,2015-06-25,7291,813,1,0,"0","0"
732,4,2015-06-25,6046,747,1,0,"0","0"
733,4,2015-06-25,13964,3476,1,0,"0","0"
734,4,2015-06-25,5099,491,1,0,"0","0"
735,4,2015-06-25,4042,442,1,0,"0","0"
736,4,2015-06-25,3939,430,1,0,"0","0"
737,4,2015-06-25,5627,817,1,0,"0","0"
738,4,2015-06-25,7319,630,1,0,"0","0"
739,4,2015-06-25,7476,647,1,0,"0","0"
740,4,2015-06-25,5321,417,1,0,"0","0"
741,4,2015-06-25,5880,842,1,0,"0","0"
742,4,2015-06-25,6140,694,1,0,"0","0"
743,4,2015-06-25,2953,355,1,0,"0","0"
744,4,2015-06-25,5970,733,1,0,"0","0"
745,4,2015-06-25,5443,567,1,0,"0","0"
746,4,2015-06-25,4732,430,1,0,"0","0"
747,4,2015-06-25,6174,571,1,0,"0","0"
748,4,2015-06-25,4233,409,1,0,"0","0"
749,4,2015-06-25,3833,512,1,0,"0","0"
750,4,2015-06-25,4053,318,1,0,"0","0"
751,4,2015-06-25,3759,544,1,0,"0","0"
752,4,2015-06-25,4031,374,1,0,"0","0"
753,4,2015-06-25,6051,612,1,0,"0","0"
754,4,2015-06-25,6084,759,1,0,"0","0"
755,4,2015-06-25,8664,778,1,0,"0","0"
756,4,2015-06-25,14245,2113,1,0,"0","0"
757,4,2015-06-25,4900,504,1,0,"0","0"
758,4,2015-06-25,3907,566,1,0,"0","0"
759,4,2015-06-25,5512,636,1,0,"0","0"
760,4,2015-06-25,7080,1102,1,0,"0","0"
761,4,2015-06-25,7303,868,1,0,"0","0"
762,4,2015-06-25,2893,336,1,0,"0","0"
763,4,2015-06-25,4403,474,1,0,"0","0"
764,4,2015-06-25,3335,415,1,0,"0","0"
765,4,2015-06-25,6651,641,1,0,"0","0"
766,4,2015-06-25,4794,438,1,0,"0","0"
767,4,2015-06-25,4022,491,1,0,"0","0"
768,4,2015-06-25,9964,1153,1,0,"0","0"
769,4,2015-06-25,11453,3591,1,0,"0","0"
770,4,2015-06-25,3739,511,1,0,"0","0"
771,4,2015-06-25,5750,633,1,0,"0","0"
772,4,2015-06-25,2987,453,1,0,"0","0"
773,4,2015-06-25,4912,701,1,0,"0","0"
774,4,2015-06-25,4575,634,1,0,"0","0"
775,4,2015-06-25,6833,515,1,0,"0","0"
776,4,2015-06-25,4213,469,1,0,"0","0"
777,4,2015-06-25,3756,325,1,0,"0","0"
778,4,2015-06-25,4859,699,1,0,"0","0"
779,4,2015-06-25,5853,625,1,0,"0","0"
780,4,2015-06-25,6616,850,1,0,"0","0"
781,4,2015-06-25,4100,592,1,0,"0","0"
782,4,2015-06-25,2866,317,1,0,"0","0"
783,4,2015-06-25,6110,599,1,0,"0","0"
784,4,2015-06-25,5208,644,1,0,"0","0"
785,4,2015-06-25,4951,470,1,0,"0","0"
786,4,2015-06-25,3025,529,1,0,"0","0"
787,4,2015-06-25,7134,909,1,0,"0","0"
788,4,2015-06-25,15320,1574,1,0,"0","0"
789,4,2015-06-25,3446,491,1,0,"0","0"
790,4,2015-06-25,6021,535,1,0,"0","0"
791,4,2015-06-25,7590,849,1,0,"0","0"
792,4,2015-06-25,5417,580,1,0,"0","0"
793,4,2015-06-25,3863,402,1,0,"0","0"
794,4,2015-06-25,3278,521,1,0,"0","0"
795,4,2015-06-25,2828,305,1,0,"0","0"
796,4,2015-06-25,6907,702,1,0,"0","0"
797,4,2015-06-25,4153,412,1,0,"0","0"
798,4,2015-06-25,6044,787,1,0,"0","0"
799,4,2015-06-25,8060,753,1,0,"0","0"
800,4,2015-06-25,3259,315,1,0,"0","0"
801,4,2015-06-25,4010,430,1,0,"0","0"
802,4,2015-06-25,5611,416,1,0,"0","0"
803,4,2015-06-25,3932,364,1,0,"0","0"
804,4,2015-06-25,4011,349,1,0,"0","0"
805,4,2015-06-25,3283,399,1,0,"0","0"
806,4,2015-06-25,4504,405,1,0,"0","0"
807,4,2015-06-25,7244,782,1,0,"0","0"
808,4,2015-06-25,7031,575,1,0,"0","0"
809,4,2015-06-25,7244,667,1,0,"0","0"
810,4,2015-06-25,4942,410,1,0,"0","0"
811,4,2015-06-25,3037,550,1,0,"0","0"
812,4,2015-06-25,5210,711,1,0,"0","0"
813,4,2015-06-25,5021,607,1,0,"0","0"
814,4,2015-06-25,7207,626,1,0,"0","0"
815,4,2015-06-25,4561,502,1,0,"0","0"
816,4,2015-06-25,4486,651,1,0,"0","0"
817,4,2015-06-25,19451,2887,1,0,"0","0"
818,4,2015-06-25,4746,606,1,0,"0","0"
819,4,2015-06-25,4408,455,1,0,"0","0"
820,4,2015-06-25,9952,912,1,0,"0","0"
821,4,2015-06-25,5903,787,1,0,"0","0"
822,4,2015-06-25,4678,426,1,0,"0","0"
823,4,2015-06-25,5056,592,1,0,"0","0"
824,4,2015-06-25,6029,861,1,0,"0","0"
825,4,2015-06-25,3673,459,1,0,"0","0"
826,4,2015-06-25,8133,778,1,0,"0","0"
827,4,2015-06-25,12568,1735,1,0,"0","0"
828,4,2015-06-25,4386,511,1,0,"0","0"
829,4,2015-06-25,4094,621,1,0,"0","0"
830,4,2015-06-25,5072,473,1,0,"0","0"
831,4,2015-06-25,10385,1413,1,0,"0","0"
832,4,2015-06-25,5340,467,1,0,"0","0"
833,4,2015-06-25,4252,435,1,0,"0","0"
834,4,2015-06-25,4958,600,1,0,"0","0"
835,4,2015-06-25,4243,538,1,0,"0","0"
836,4,2015-06-25,5316,691,1,0,"0","0"
837,4,2015-06-25,3500,512,1,0,"0","0"
838,4,2015-06-25,6527,729,1,0,"0","0"
839,4,2015-06-25,2934,431,1,0,"0","0"
840,4,2015-06-25,5330,922,1,0,"0","0"
841,4,2015-06-25,1960,325,1,0,"0","0"
842,4,2015-06-25,14100,876,1,0,"0","0"
843,4,2015-06-25,6535,818,1,0,"0","0"
844,4,2015-06-25,2767,351,1,0,"0","0"
845,4,2015-06-25,4094,314,1,0,"0","0"
846,4,2015-06-25,7488,723,1,0,"0","0"
847,4,2015-06-25,5501,794,1,0,"0","0"
848,4,2015-06-25,5203,684,1,0,"0","0"
849,4,2015-06-25,5730,688,1,0,"0","0"
850,4,2015-06-25,4588,508,1,0,"0","0"
851,4,2015-06-25,4004,361,1,0,"0","0"
852,4,2015-06-25,3853,555,1,0,"0","0"
853,4,2015-06-25,8027,961,1,0,"0","0"
854,4,2015-06-25,4495,447,1,0,"0","0"
855,4,2015-06-25,4623,547,1,0,"0","0"
856,4,2015-06-25,5867,808,1,0,"0","0"
857,4,2015-06-25,5528,688,1,0,"0","0"
858,4,2015-06-25,4319,421,1,0,"0","0"
859,4,2015-06-25,6278,647,1,0,"0","0"
860,4,2015-06-25,4237,566,1,0,"0","0"
861,4,2015-06-25,2811,486,1,0,"0","0"
862,4,2015-06-25,6321,963,1,0,"0","0"
863,4,2015-06-25,6924,887,1,0,"0","0"
864,4,2015-06-25,3763,603,1,0,"0","0"
865,4,2015-06-25,7332,576,1,0,"0","0"
866,4,2015-06-25,4636,367,1,0,"0","0"
867,4,2015-06-25,4063,383,1,0,"0","0"
868,4,2015-06-25,7110,504,1,0,"0","0"
869,4,2015-06-25,4508,731,1,0,"0","0"
870,4,2015-06-25,5807,815,1,0,"0","0"
871,4,2015-06-25,4774,397,1,0,"0","0"
872,4,2015-06-25,6799,808,1,0,"0","0"
873,4,2015-06-25,3152,410,1,0,"0","0"
874,4,2015-06-25,3670,450,1,0,"0","0"
875,4,2015-06-25,3408,341,1,0,"0","0"
876,4,2015-06-25,8220,1080,1,0,"0","0"
877,4,2015-06-25,5457,820,1,0,"0","0"
878,4,2015-06-25,6326,675,1,0,"0","0"
879,4,2015-06-25,3043,267,1,0,"0","0"
880,4,2015-06-25,6649,732,1,0,"0","0"
881,4,2015-06-25,3478,512,1,0,"0","0"
882,4,2015-06-25,4819,649,1,0,"0","0"
883,4,2015-06-25,4196,469,1,0,"0","0"
884,4,2015-06-25,4918,485,1,0,"0","0"
885,4,2015-06-25,4996,693,1,0,"0","0"
886,4,2015-06-25,5828,619,1,0,"0","0"
887,4,2015-06-25,5607,473,1,0,"0","0"
888,4,2015-06-25,7215,652,1,0,"0","0"
889,4,2015-06-25,3503,421,1,0,"0","0"
890,4,2015-06-25,5138,405,1,0,"0","0"
891,4,2015-06-25,6311,869,1,0,"0","0"
892,4,2015-06-25,5556,660,1,0,"0","0"
893,4,2015-06-25,5788,727,1,0,"0","0"
894,4,2015-06-25,6081,813,1,0,"0","0"
895,4,2015-06-25,7887,784,1,0,"0","0"
896,4,2015-06-25,5674,934,1,0,"0","0"
897,4,2015-06-25,2400,249,1,0,"0","0"
898,4,2015-06-25,4845,678,1,0,"0","0"
899,4,2015-06-25,3917,454,1,0,"0","0"
900,4,2015-06-25,5167,526,1,0,"0","0"
901,4,2015-06-25,5732,547,1,0,"0","0"
902,4,2015-06-25,3263,459,1,0,"0","0"
903,4,2015-06-25,8752,653,1,0,"0","0"
904,4,2015-06-25,4648,422,1,0,"0","0"
905,4,2015-06-25,5965,969,1,0,"0","0"
906,4,2015-06-25,8147,1010,1,0,"0","0"
907,4,2015-06-25,6237,860,1,0,"0","0"
908,4,2015-06-25,3028,300,1,0,"0","0"
909,4,2015-06-25,12241,962,1,0,"0","0"
910,4,2015-06-25,4380,475,1,0,"0","0"
911,4,2015-06-25,7306,776,1,0,"0","0"
912,4,2015-06-25,4016,578,1,0,"0","0"
913,4,2015-06-25,6315,873,1,0,"0","0"
914,4,2015-06-25,7574,982,1,0,"0","0"
915,4,2015-06-25,4675,403,1,0,"0","0"
916,4,2015-06-25,4483,615,1,0,"0","0"
917,4,2015-06-25,5869,678,1,0,"0","0"
918,4,2015-06-25,3948,464,1,0,"0","0"
919,4,2015-06-25,4428,601,1,0,"0","0"
920,4,2015-06-25,5044,553,1,0,"0","0"
921,4,2015-06-25,7705,944,1,0,"0","0"
922,4,2015-06-25,6387,582,1,0,"0","0"
923,4,2015-06-25,4597,617,1,0,"0","0"
924,4,2015-06-25,3851,415,1,0,"0","0"
925,4,2015-06-25,4389,1010,1,0,"0","0"
926,4,2015-06-25,6300,452,1,0,"0","0"
927,4,2015-06-25,5687,826,1,0,"0","0"
928,4,2015-06-25,5142,489,1,0,"0","0"
929,4,2015-06-25,5019,677,1,0,"0","0"
930,4,2015-06-25,5656,995,1,0,"0","0"
931,4,2015-06-25,4172,556,1,0,"0","0"
932,4,2015-06-25,6379,689,1,0,"0","0"
933,4,2015-06-25,6382,801,1,0,"0","0"
934,4,2015-06-25,5527,599,1,0,"0","0"
935,4,2015-06-25,5285,618,1,0,"0","0"
936,4,2015-06-25,5273,737,1,0,"0","0"
937,4,2015-06-25,4687,418,1,0,"0","0"
938,4,2015-06-25,7139,776,1,0,"0","0"
939,4,2015-06-25,3995,434,1,0,"0","0"
940,4,2015-06-25,6035,637,1,0,"0","0"
941,4,2015-06-25,5058,523,1,0,"0","0"
942,4,2015-06-25,4848,406,1,0,"0","0"
943,4,2015-06-25,5857,528,1,0,"0","0"
944,4,2015-06-25,5049,906,1,0,"0","0"
945,4,2015-06-25,3487,470,1,0,"0","0"
946,4,2015-06-25,3652,493,1,0,"0","0"
947,4,2015-06-25,5192,868,1,0,"0","0"
948,4,2015-06-25,7334,1900,1,0,"0","0"
949,4,2015-06-25,3880,383,1,0,"0","0"
950,4,2015-06-25,4383,483,1,0,"0","0"
951,4,2015-06-25,6466,649,1,0,"0","0"
952,4,2015-06-25,4315,404,1,0,"0","0"
953,4,2015-06-25,4380,515,1,0,"0","0"
954,4,2015-06-25,5121,686,1,0,"0","0"
955,4,2015-06-25,4175,422,1,0,"0","0"
956,4,2015-06-25,2805,386,1,0,"0","0"
957,4,2015-06-25,6670,780,1,0,"0","0"
958,4,2015-06-25,3273,469,1,0,"0","0"
959,4,2015-06-25,5984,668,1,0,"0","0"
960,4,2015-06-25,4968,440,1,0,"0","0"
961,4,2015-06-25,4990,578,1,0,"0","0"
962,4,2015-06-25,5167,742,1,0,"0","0"
963,4,2015-06-25,9074,980,1,0,"0","0"
964,4,2015-06-25,6906,1139,1,0,"0","0"
965,4,2015-06-25,5452,632,1,0,"0","0"
966,4,2015-06-25,4114,533,1,0,"0","0"
967,4,2015-06-25,8271,918,1,0,"0","0"
968,4,2015-06-25,6023,732,1,0,"0","0"
969,4,2015-06-25,3393,638,1,0,"0","0"
970,4,2015-06-25,2887,421,1,0,"0","0"
971,4,2015-06-25,6416,817,1,0,"0","0"
972,4,2015-06-25,2630,335,1,0,"0","0"
973,4,2015-06-25,5747,786,1,0,"0","0"
974,4,2015-06-25,10561,1476,1,0,"0","0"
975,4,2015-06-25,6928,751,1,0,"0","0"
976,4,2015-06-25,5566,576,1,0,"0","0"
977,4,2015-06-25,3674,416,1,0,"0","0"
978,4,2015-06-25,5554,754,1,0,"0","0"
979,4,2015-06-25,5238,559,1,0,"0","0"
980,4,2015-06-25,4625,412,1,0,"0","0"
981,4,2015-06-25,5645,598,1,0,"0","0"
982,4,2015-06-25,6060,579,1,0,"0","0"
983,4,2015-06-25,6040,914,1,0,"0","0"
984,4,2015-06-25,5090,629,1,0,"0","0"
985,4,2015-06-25,6191,644,1,0,"0","0"
986,4,2015-06-25,3547,536,1,0,"0","0"
987,4,2015-06-25,4945,719,1,0,"0","0"
988,4,2015-06-25,4475,908,1,0,"0","0"
989,4,2015-06-25,4606,527,1,0,"0","0"
990,4,2015-06-25,4764,485,1,0,"0","0"
991,4,2015-06-25,4255,430,1,0,"0","0"
992,4,2015-06-25,4590,616,1,0,"0","0"
993,4,2015-06-25,6232,642,1,0,"0","0"
994,4,2015-06-25,4301,442,1,0,"0","0"
995,4,2015-06-25,7455,672,1,0,"0","0"
996,4,2015-06-25,5770,615,1,0,"0","0"
997,4,2015-06-25,3351,299,1,0,"0","0"
998,4,2015-06-25,3832,485,1,0,"0","0"
999,4,2015-06-25,6963,532,1,0,"0","0"
1000,4,2015-06-25,6395,583,1,0,"0","0"
1001,4,2015-06-25,4600,552,1,0,"0","0"
1002,4,2015-06-25,4704,609,1,0,"0","0"
1003,4,2015-06-25,6365,643,1,0,"0","0"
1004,4,2015-06-25,3811,377,1,0,"0","0"
1005,4,2015-06-25,5646,862,1,0,"0","0"
1006,4,2015-06-25,4733,693,1,0,"0","0"
1007,4,2015-06-25,5186,643,1,0,"0","0"
1008,4,2015-06-25,4214,583,1,0,"0","0"
1009,4,2015-06-25,4185,423,1,0,"0","0"
1010,4,2015-06-25,7405,662,1,0,"0","0"
1011,4,2015-06-25,6113,727,1,0,"0","0"
1012,4,2015-06-25,4420,383,1,0,"0","0"
1013,4,2015-06-25,3414,394,1,0,"0","0"
1014,4,2015-06-25,8588,995,1,0,"0","0"
1015,4,2015-06-25,4443,405,1,0,"0","0"
1016,4,2015-06-25,3976,430,1,0,"0","0"
1017,4,2015-06-25,5140,823,1,0,"0","0"
1018,4,2015-06-25,8502,1015,1,0,"0","0"
1019,4,2015-06-25,6745,580,1,0,"0","0"
1020,4,2015-06-25,6113,761,1,0,"0","0"
1021,4,2015-06-25,8022,982,1,0,"0","0"
1022,4,2015-06-25,4826,658,1,0,"0","0"
1023,4,2015-06-25,4048,412,1,0,"0","0"
1024,4,2015-06-25,4181,582,1,0,"0","0"
1025,4,2015-06-25,6117,775,1,0,"0","0"
1026,4,2015-06-25,7427,937,1,0,"0","0"
1027,4,2015-06-25,10400,1404,1,0,"0","0"
1028,4,2015-06-25,3713,442,1,0,"0","0"
1029,4,2015-06-25,5154,809,1,0,"0","0"
1030,4,2015-06-25,2950,330,1,0,"0","0"
1031,4,2015-06-25,3112,324,1,0,"0","0"
1032,4,2015-06-25,7242,769,1,0,"0","0"
1033,4,2015-06-25,12013,1205,1,0,"0","0"
1034,4,2015-06-25,5619,675,1,0,"0","0"
1035,4,2015-06-25,4745,550,1,0,"0","0"
1036,4,2015-06-25,4344,406,1,0,"0","0"
1037,4,2015-06-25,5753,789,1,0,"0","0"
1038,4,2015-06-25,4475,433,1,0,"0","0"
1039,4,2015-06-25,5910,823,1,0,"0","0"
1040,4,2015-06-25,7225,823,1,0,"0","0"
1041,4,2015-06-25,4772,557,1,0,"0","0"
1042,4,2015-06-25,3133,484,1,0,"0","0"
1043,4,2015-06-25,5371,802,1,0,"0","0"
1044,4,2015-06-25,4325,655,1,0,"0","0"
1045,4,2015-06-25,6744,951,1,0,"0","0"
1046,4,2015-06-25,6797,605,1,0,"0","0"
1047,4,2015-06-25,3536,457,1,0,"0","0"
1048,4,2015-06-25,4864,444,1,0,"0","0"
1049,4,2015-06-25,3259,570,1,0,"0","0"
1050,4,2015-06-25,4763,377,1,0,"0","0"
1051,4,2015-06-25,6076,853,1,0,"0","0"
1052,4,2015-06-25,6681,679,1,0,"0","0"
1053,4,2015-06-25,6876,839,1,0,"0","0"
1054,4,2015-06-25,3930,479,1,0,"0","0"
1055,4,2015-06-25,5570,805,1,0,"0","0"
1056,4,2015-06-25,3357,340,1,0,"0","0"
1057,4,2015-06-25,4835,528,1,0,"0","0"
1058,4,2015-06-25,6171,664,1,0,"0","0"
1059,4,2015-06-25,6545,927,1,0,"0","0"
1060,4,2015-06-25,6044,713,1,0,"0","0"
1061,4,2015-06-25,5857,491,1,0,"0","0"
1062,4,2015-06-25,4228,432,1,0,"0","0"
1063,4,2015-06-25,2920,402,1,0,"0","0"
1064,4,2015-06-25,8072,955,1,0,"0","0"
1065,4,2015-06-25,3860,448,1,0,"0","0"
1066,4,2015-06-25,10088,989,1,0,"0","0"
1067,4,2015-06-25,4710,428,1,0,"0","0"
1068,4,2015-06-25,3429,262,1,0,"0","0"
1069,4,2015-06-25,5303,652,1,0,"0","0"
1070,4,2015-06-25,4787,656,1,0,"0","0"
1071,4,2015-06-25,5298,668,1,0,"0","0"
1072,4,2015-06-25,6310,609,1,0,"0","0"
1073,4,2015-06-25,8223,1019,1,0,"0","0"
1074,4,2015-06-25,3283,370,1,0,"0","0"
1075,4,2015-06-25,10480,1006,1,0,"0","0"
1076,4,2015-06-25,3469,553,1,0,"0","0"
1077,4,2015-06-25,3781,458,1,0,"0","0"
1078,4,2015-06-25,4377,383,1,0,"0","0"
1079,4,2015-06-25,6423,576,1,0,"0","0"
1080,4,2015-06-25,8368,721,1,0,"0","0"
1081,4,2015-06-25,5688,925,1,0,"0","0"
1082,4,2015-06-25,5640,844,1,0,"0","0"
1083,4,2015-06-25,3864,307,1,0,"0","0"
1084,4,2015-06-25,4818,661,1,0,"0","0"
1085,4,2015-06-25,5637,594,1,0,"0","0"
1086,4,2015-06-25,4342,577,1,0,"0","0"
1087,4,2015-06-25,5660,578,1,0,"0","0"
1088,4,2015-06-25,5129,534,1,0,"0","0"
1089,4,2015-06-25,8045,823,1,0,"0","0"
1090,4,2015-06-25,5266,668,1,0,"0","0"
1091,4,2015-06-25,5824,570,1,0,"0","0"
1092,4,2015-06-25,10101,992,1,0,"0","0"
1093,4,2015-06-25,6359,711,1,0,"0","0"
1094,4,2015-06-25,3547,312,1,0,"0","0"
1095,4,2015-06-25,3790,609,1,0,"0","0"
1096,4,2015-06-25,4966,580,1,0,"0","0"
1097,4,2015-06-25,9733,2564,1,0,"0","0"
1098,4,2015-06-25,4392,557,1,0,"0","0"
1099,4,2015-06-25,7009,974,1,0,"0","0"
1100,4,2015-06-25,4188,537,1,0,"0","0"
1101,4,2015-06-25,7315,851,1,0,"0","0"
1102,4,2015-06-25,5796,567,1,0,"0","0"
1103,4,2015-06-25,3830,335,1,0,"0","0"
1104,4,2015-06-25,4590,383,1,0,"0","0"
1105,4,2015-06-25,3816,445,1,0,"0","0"
1106,4,2015-06-25,4331,517,1,0,"0","0"
1107,4,2015-06-25,4165,526,1,0,"0","0"
1108,4,2015-06-25,4349,523,1,0,"0","0"
1109,4,2015-06-25,4413,398,1,0,"0","0"
1110,4,2015-06-25,3875,507,1,0,"0","0"
1111,4,2015-06-25,4017,368,1,0,"0","0"
1112,4,2015-06-25,7462,620,1,0,"0","0"
1113,4,2015-06-25,5966,711,1,0,"0","0"
1114,4,2015-06-25,18782,3075,1,0,"0","0"
1115,4,2015-06-25,5015,334,1,0,"0","0"
1,3,2015-06-24,3346,414,1,0,"0","0"
2,3,2015-06-24,4805,654,1,0,"0","0"
3,3,2015-06-24,5448,633,1,0,"0","0"
4,3,2015-06-24,8048,1094,1,0,"0","0"
5,3,2015-06-24,4134,561,1,0,"0","0"
6,3,2015-06-24,3970,478,1,0,"0","0"
7,3,2015-06-24,6913,788,1,0,"0","0"
8,3,2015-06-24,5005,625,1,0,"0","0"
9,3,2015-06-24,6888,620,1,0,"0","0"
10,3,2015-06-24,4896,550,1,0,"0","0"
11,3,2015-06-24,5702,919,1,0,"0","0"
12,3,2015-06-24,5403,763,1,0,"0","0"
13,3,2015-06-24,3056,239,1,0,"0","0"
14,3,2015-06-24,5344,619,1,0,"0","0"
15,3,2015-06-24,5339,560,1,0,"0","0"
16,3,2015-06-24,6919,840,1,0,"0","0"
17,3,2015-06-24,4524,689,1,0,"0","0"
18,3,2015-06-24,6034,677,1,0,"0","0"
19,3,2015-06-24,6725,648,1,0,"0","0"
20,3,2015-06-24,8160,886,1,0,"0","0"
21,3,2015-06-24,3448,352,1,0,"0","0"
22,3,2015-06-24,4063,487,1,0,"0","0"
23,3,2015-06-24,4296,391,1,0,"0","0"
24,3,2015-06-24,9471,837,1,0,"0","0"
25,3,2015-06-24,9138,1353,1,0,"0","0"
26,3,2015-06-24,4750,416,1,0,"0","0"
27,3,2015-06-24,8103,912,1,0,"0","0"
28,3,2015-06-24,3466,396,1,0,"0","0"
29,3,2015-06-24,7251,634,1,0,"0","0"
30,3,2015-06-24,3242,484,1,0,"0","0"
31,3,2015-06-24,4338,485,1,0,"0","0"
32,3,2015-06-24,3409,468,1,0,"0","0"
33,3,2015-06-24,6853,750,1,0,"0","0"
34,3,2015-06-24,6982,866,1,0,"0","0"
35,3,2015-06-24,8803,668,1,0,"0","0"
36,3,2015-06-24,8241,956,1,0,"0","0"
37,3,2015-06-24,4191,538,1,0,"0","0"
38,3,2015-06-24,4731,447,1,0,"0","0"
39,3,2015-06-24,3813,581,1,0,"0","0"
40,3,2015-06-24,3506,470,1,0,"0","0"
41,3,2015-06-24,4579,365,1,0,"0","0"
42,3,2015-06-24,10302,1136,1,0,"0","0"
43,3,2015-06-24,5836,586,1,0,"0","0"
44,3,2015-06-24,4191,565,1,0,"0","0"
45,3,2015-06-24,3624,276,1,0,"0","0"
46,3,2015-06-24,3469,511,1,0,"0","0"
47,3,2015-06-24,5832,840,1,0,"0","0"
48,3,2015-06-24,2681,351,1,0,"0","0"
49,3,2015-06-24,6216,482,1,0,"0","0"
50,3,2015-06-24,3249,310,1,0,"0","0"
51,3,2015-06-24,5172,391,1,0,"0","0"
52,3,2015-06-24,5210,378,1,0,"0","0"
53,3,2015-06-24,4318,488,1,0,"0","0"
54,3,2015-06-24,5234,512,1,0,"0","0"
55,3,2015-06-24,4697,570,1,0,"0","0"
56,3,2015-06-24,5347,398,1,0,"0","0"
57,3,2015-06-24,6938,727,1,0,"0","0"
58,3,2015-06-24,5714,485,1,0,"0","0"
59,3,2015-06-24,4324,491,1,0,"0","0"
60,3,2015-06-24,7855,744,1,0,"0","0"
61,3,2015-06-24,4727,515,1,0,"0","0"
62,3,2015-06-24,6106,703,1,0,"0","0"
63,3,2015-06-24,4960,480,1,0,"0","0"
64,3,2015-06-24,8416,663,1,0,"0","0"
65,3,2015-06-24,3883,373,1,0,"0","0"
66,3,2015-06-24,4588,415,1,0,"0","0"
67,3,2015-06-24,6082,727,1,0,"0","0"
68,3,2015-06-24,5802,955,1,0,"0","0"
69,3,2015-06-24,7255,966,1,0,"0","0"
70,3,2015-06-24,5069,542,1,0,"0","0"
71,3,2015-06-24,7097,635,1,0,"0","0"
72,3,2015-06-24,3590,436,1,0,"0","0"
73,3,2015-06-24,3847,442,1,0,"0","0"
74,3,2015-06-24,5317,766,1,0,"0","0"
75,3,2015-06-24,4818,550,1,0,"0","0"
76,3,2015-06-24,6711,764,1,0,"0","0"
77,3,2015-06-24,5950,558,1,0,"0","0"
78,3,2015-06-24,2994,399,1,0,"0","0"
79,3,2015-06-24,3742,461,1,0,"0","0"
80,3,2015-06-24,6175,480,1,0,"0","0"
81,3,2015-06-24,6377,513,1,0,"0","0"
82,3,2015-06-24,7254,786,1,0,"0","0"
83,3,2015-06-24,3824,334,1,0,"0","0"
84,3,2015-06-24,12679,1354,1,0,"0","0"
85,3,2015-06-24,6067,887,1,0,"0","0"
86,3,2015-06-24,3842,524,1,0,"0","0"
87,3,2015-06-24,5244,684,1,0,"0","0"
88,3,2015-06-24,5867,672,1,0,"0","0"
89,3,2015-06-24,5132,592,1,0,"0","0"
90,3,2015-06-24,7311,979,1,0,"0","0"
91,3,2015-06-24,3299,389,1,0,"0","0"
92,3,2015-06-24,4858,464,1,0,"0","0"
93,3,2015-06-24,4790,539,1,0,"0","0"
94,3,2015-06-24,5507,566,1,0,"0","0"
95,3,2015-06-24,5966,673,1,0,"0","0"
96,3,2015-06-24,4712,580,1,0,"0","0"
97,3,2015-06-24,5519,575,1,0,"0","0"
98,3,2015-06-24,4363,388,1,0,"0","0"
99,3,2015-06-24,4067,398,1,0,"0","0"
100,3,2015-06-24,6247,571,1,0,"0","0"
101,3,2015-06-24,5827,643,1,0,"0","0"
102,3,2015-06-24,5524,850,1,0,"0","0"
103,3,2015-06-24,4235,389,1,0,"0","0"
104,3,2015-06-24,8687,1185,1,0,"0","0"
105,3,2015-06-24,4031,589,1,0,"0","0"
106,3,2015-06-24,8539,855,1,0,"0","0"
107,3,2015-06-24,6078,856,1,0,"0","0"
108,3,2015-06-24,8964,675,1,0,"0","0"
109,3,2015-06-24,5113,630,1,0,"0","0"
110,3,2015-06-24,3849,544,1,0,"0","0"
111,3,2015-06-24,4987,469,1,0,"0","0"
112,3,2015-06-24,5088,707,1,0,"0","0"
113,3,2015-06-24,4598,501,1,0,"0","0"
114,3,2015-06-24,3929,465,1,0,"0","0"
115,3,2015-06-24,6664,491,1,0,"0","0"
116,3,2015-06-24,6972,729,1,0,"0","0"
117,3,2015-06-24,3208,442,1,0,"0","0"
118,3,2015-06-24,5884,528,1,0,"0","0"
119,3,2015-06-24,4647,574,1,0,"0","0"
120,3,2015-06-24,5763,575,1,0,"0","0"
121,3,2015-06-24,3503,418,1,0,"0","0"
122,3,2015-06-24,6295,831,1,0,"0","0"
123,3,2015-06-24,7080,909,1,0,"0","0"
124,3,2015-06-24,4381,514,1,0,"0","0"
125,3,2015-06-24,9557,1350,1,0,"0","0"
126,3,2015-06-24,4595,421,1,0,"0","0"
127,3,2015-06-24,4213,549,1,0,"0","0"
128,3,2015-06-24,6593,548,1,0,"0","0"
129,3,2015-06-24,7484,962,1,0,"0","0"
130,3,2015-06-24,4663,539,1,0,"0","0"
131,3,2015-06-24,4164,481,1,0,"0","0"
132,3,2015-06-24,5411,533,1,0,"0","0"
133,3,2015-06-24,5220,579,1,0,"0","0"
134,3,2015-06-24,4033,444,1,0,"0","0"
135,3,2015-06-24,4085,427,1,0,"0","0"
136,3,2015-06-24,4201,363,1,0,"0","0"
137,3,2015-06-24,7135,904,1,0,"0","0"
138,3,2015-06-24,6559,649,1,0,"0","0"
139,3,2015-06-24,5498,498,1,0,"0","0"
140,3,2015-06-24,6309,836,1,0,"0","0"
141,3,2015-06-24,4169,485,1,0,"0","0"
142,3,2015-06-24,3763,487,1,0,"0","0"
143,3,2015-06-24,4161,423,1,0,"0","0"
144,3,2015-06-24,6628,643,1,0,"0","0"
145,3,2015-06-24,5389,925,1,0,"0","0"
146,3,2015-06-24,6256,612,1,0,"0","0"
147,3,2015-06-24,6590,753,1,0,"0","0"
148,3,2015-06-24,7584,770,1,0,"0","0"
149,3,2015-06-24,4301,421,1,0,"0","0"
150,3,2015-06-24,6835,716,1,0,"0","0"
151,3,2015-06-24,5481,552,1,0,"0","0"
152,3,2015-06-24,5036,645,1,0,"0","0"
153,3,2015-06-24,5091,532,1,0,"0","0"
154,3,2015-06-24,6976,609,1,0,"0","0"
155,3,2015-06-24,4730,508,1,0,"0","0"
156,3,2015-06-24,4743,563,1,0,"0","0"
157,3,2015-06-24,9745,962,1,0,"0","0"
158,3,2015-06-24,5321,389,1,0,"0","0"
159,3,2015-06-24,5348,559,1,0,"0","0"
160,3,2015-06-24,4264,480,1,0,"0","0"
161,3,2015-06-24,6345,761,1,0,"0","0"
162,3,2015-06-24,5488,448,1,0,"0","0"
163,3,2015-06-24,6113,783,1,0,"0","0"
164,3,2015-06-24,5489,582,1,0,"0","0"
165,3,2015-06-24,3342,391,1,0,"0","0"
166,3,2015-06-24,4697,705,1,0,"0","0"
167,3,2015-06-24,7992,1021,1,0,"0","0"
168,3,2015-06-24,6846,738,1,0,"0","0"
169,3,2015-06-24,4719,477,1,0,"0","0"
170,3,2015-06-24,3518,444,1,0,"0","0"
171,3,2015-06-24,7231,764,1,0,"0","0"
172,3,2015-06-24,6623,815,1,0,"0","0"
173,3,2015-06-24,6067,829,1,0,"0","0"
174,3,2015-06-24,5242,442,1,0,"0","0"
175,3,2015-06-24,4451,557,1,0,"0","0"
176,3,2015-06-24,4711,581,1,0,"0","0"
177,3,2015-06-24,3453,461,1,0,"0","0"
178,3,2015-06-24,7669,748,1,0,"0","0"
179,3,2015-06-24,5749,827,1,0,"0","0"
180,3,2015-06-24,5463,661,1,0,"0","0"
181,3,2015-06-24,4612,608,1,0,"0","0"
182,3,2015-06-24,3965,366,1,0,"0","0"
183,3,2015-06-24,0,0,0,0,"0","0"
184,3,2015-06-24,5774,509,1,0,"0","0"
185,3,2015-06-24,5108,406,1,0,"0","0"
186,3,2015-06-24,2841,345,1,0,"0","0"
187,3,2015-06-24,4438,570,1,0,"0","0"
188,3,2015-06-24,3418,322,1,0,"0","0"
189,3,2015-06-24,5695,660,1,0,"0","0"
190,3,2015-06-24,6913,649,1,0,"0","0"
191,3,2015-06-24,5848,634,1,0,"0","0"
192,3,2015-06-24,9632,713,1,0,"0","0"
193,3,2015-06-24,4668,699,1,0,"0","0"
194,3,2015-06-24,3752,342,1,0,"0","0"
195,3,2015-06-24,9104,1127,1,0,"0","0"
196,3,2015-06-24,4443,620,1,0,"0","0"
197,3,2015-06-24,4942,703,1,0,"0","0"
198,3,2015-06-24,1841,222,1,0,"0","0"
199,3,2015-06-24,6381,517,1,0,"0","0"
200,3,2015-06-24,7482,940,1,0,"0","0"
201,3,2015-06-24,3939,333,1,0,"0","0"
202,3,2015-06-24,5034,451,1,0,"0","0"
203,3,2015-06-24,6318,925,1,0,"0","0"
204,3,2015-06-24,4774,458,1,0,"0","0"
205,3,2015-06-24,4741,716,1,0,"0","0"
206,3,2015-06-24,6457,742,1,0,"0","0"
207,3,2015-06-24,8972,1131,1,0,"0","0"
208,3,2015-06-24,2183,368,1,0,"0","0"
209,3,2015-06-24,4822,533,1,0,"0","0"
210,3,2015-06-24,2091,257,1,0,"0","0"
211,3,2015-06-24,12401,1440,1,0,"0","0"
212,3,2015-06-24,4499,451,1,0,"0","0"
213,3,2015-06-24,6740,576,1,0,"0","0"
214,3,2015-06-24,7596,560,1,0,"0","0"
215,3,2015-06-24,4312,355,1,0,"0","0"
216,3,2015-06-24,5472,787,1,0,"0","0"
217,3,2015-06-24,3768,584,1,0,"0","0"
218,3,2015-06-24,4087,612,1,0,"0","0"
219,3,2015-06-24,2510,379,1,0,"0","0"
220,3,2015-06-24,3907,576,1,0,"0","0"
221,3,2015-06-24,4392,430,1,0,"0","0"
222,3,2015-06-24,4215,518,1,0,"0","0"
223,3,2015-06-24,6163,705,1,0,"0","0"
224,3,2015-06-24,5935,460,1,0,"0","0"
225,3,2015-06-24,3875,416,1,0,"0","0"
226,3,2015-06-24,5048,582,1,0,"0","0"
227,3,2015-06-24,5908,560,1,0,"0","0"
228,3,2015-06-24,6592,513,1,0,"0","0"
229,3,2015-06-24,6321,594,1,0,"0","0"
230,3,2015-06-24,6136,863,1,0,"0","0"
231,3,2015-06-24,3223,284,1,0,"0","0"
232,3,2015-06-24,2714,252,1,0,"0","0"
233,3,2015-06-24,8180,939,1,0,"0","0"
234,3,2015-06-24,7417,780,1,0,"0","0"
235,3,2015-06-24,3793,386,1,0,"0","0"
236,3,2015-06-24,6062,818,1,0,"0","0"
237,3,2015-06-24,4474,612,1,0,"0","0"
238,3,2015-06-24,6083,959,1,0,"0","0"
239,3,2015-06-24,4055,394,1,0,"0","0"
240,3,2015-06-24,4218,432,1,0,"0","0"
241,3,2015-06-24,5518,613,1,0,"0","0"
242,3,2015-06-24,2269,231,1,0,"0","0"
243,3,2015-06-24,5225,724,1,0,"0","0"
244,3,2015-06-24,3988,430,1,0,"0","0"
245,3,2015-06-24,8157,981,1,0,"0","0"
246,3,2015-06-24,5634,794,1,0,"0","0"
247,3,2015-06-24,5299,456,1,0,"0","0"
248,3,2015-06-24,5992,897,1,0,"0","0"
249,3,2015-06-24,3860,436,1,0,"0","0"
250,3,2015-06-24,6267,539,1,0,"0","0"
251,3,2015-06-24,16028,2194,1,0,"0","0"
252,3,2015-06-24,8153,637,1,0,"0","0"
253,3,2015-06-24,4541,596,1,0,"0","0"
254,3,2015-06-24,2211,223,1,0,"0","0"
255,3,2015-06-24,5202,574,1,0,"0","0"
256,3,2015-06-24,6123,860,1,0,"0","0"
257,3,2015-06-24,4669,555,1,0,"0","0"
258,3,2015-06-24,4595,446,1,0,"0","0"
259,3,2015-06-24,10821,2405,1,0,"0","0"
260,3,2015-06-24,5812,852,1,0,"0","0"
261,3,2015-06-24,8299,731,1,0,"0","0"
262,3,2015-06-24,16249,2780,1,0,"0","0"
263,3,2015-06-24,3358,348,1,0,"0","0"
264,3,2015-06-24,5076,742,1,0,"0","0"
265,3,2015-06-24,4326,497,1,0,"0","0"
266,3,2015-06-24,3950,533,1,0,"0","0"
267,3,2015-06-24,6431,787,1,0,"0","0"
268,3,2015-06-24,4031,554,1,0,"0","0"
269,3,2015-06-24,7049,1039,1,0,"0","0"
270,3,2015-06-24,8264,1144,1,0,"0","0"
271,3,2015-06-24,6127,683,1,0,"0","0"
272,3,2015-06-24,4406,531,1,0,"0","0"
273,3,2015-06-24,6112,641,1,0,"0","0"
274,3,2015-06-24,5023,1184,1,0,"0","0"
275,3,2015-06-24,4914,552,1,0,"0","0"
276,3,2015-06-24,3039,455,1,0,"0","0"
277,3,2015-06-24,4898,425,1,0,"0","0"
278,3,2015-06-24,5617,679,1,0,"0","0"
279,3,2015-06-24,7439,598,1,0,"0","0"
280,3,2015-06-24,5049,435,1,0,"0","0"
281,3,2015-06-24,4684,462,1,0,"0","0"
282,3,2015-06-24,4201,630,1,0,"0","0"
283,3,2015-06-24,6267,661,1,0,"0","0"
284,3,2015-06-24,4353,376,1,0,"0","0"
285,3,2015-06-24,4552,445,1,0,"0","0"
286,3,2015-06-24,3141,318,1,0,"0","0"
287,3,2015-06-24,7416,721,1,0,"0","0"
288,3,2015-06-24,3956,335,1,0,"0","0"
289,3,2015-06-24,4552,436,1,0,"0","0"
290,3,2015-06-24,6078,641,1,0,"0","0"
291,3,2015-06-24,5479,677,1,0,"0","0"
292,3,2015-06-24,5614,729,1,0,"0","0"
293,3,2015-06-24,5033,700,1,0,"0","0"
294,3,2015-06-24,5031,705,1,0,"0","0"
295,3,2015-06-24,4729,687,1,0,"0","0"
296,3,2015-06-24,5721,691,1,0,"0","0"
297,3,2015-06-24,5244,632,1,0,"0","0"
298,3,2015-06-24,6326,559,1,0,"0","0"
299,3,2015-06-24,6957,762,1,0,"0","0"
300,3,2015-06-24,5464,756,1,0,"0","0"
301,3,2015-06-24,4234,504,1,0,"0","0"
302,3,2015-06-24,2483,221,1,0,"0","0"
303,3,2015-06-24,5059,641,1,0,"0","0"
304,3,2015-06-24,4996,825,1,0,"0","0"
305,3,2015-06-24,4600,448,1,0,"0","0"
306,3,2015-06-24,3640,437,1,0,"0","0"
307,3,2015-06-24,1821,236,1,0,"0","0"
308,3,2015-06-24,7452,806,1,0,"0","0"
309,3,2015-06-24,5763,539,1,0,"0","0"
310,3,2015-06-24,7505,635,1,0,"0","0"
311,3,2015-06-24,5953,801,1,0,"0","0"
312,3,2015-06-24,3950,434,1,0,"0","0"
313,3,2015-06-24,4729,496,1,0,"0","0"
314,3,2015-06-24,4605,534,1,0,"0","0"
315,3,2015-06-24,3671,404,1,0,"0","0"
316,3,2015-06-24,7863,742,1,0,"0","0"
317,3,2015-06-24,3944,456,1,0,"0","0"
318,3,2015-06-24,5782,571,1,0,"0","0"
319,3,2015-06-24,5867,658,1,0,"0","0"
320,3,2015-06-24,10859,1639,1,0,"0","0"
321,3,2015-06-24,3979,422,1,0,"0","0"
322,3,2015-06-24,3485,461,1,0,"0","0"
323,3,2015-06-24,5780,515,1,0,"0","0"
324,3,2015-06-24,4030,576,1,0,"0","0"
325,3,2015-06-24,5372,539,1,0,"0","0"
326,3,2015-06-24,3758,318,1,0,"0","0"
327,3,2015-06-24,6036,775,1,0,"0","0"
328,3,2015-06-24,4327,474,1,0,"0","0"
329,3,2015-06-24,5610,557,1,0,"0","0"
330,3,2015-06-24,3604,405,1,0,"0","0"
331,3,2015-06-24,4535,652,1,0,"0","0"
332,3,2015-06-24,3069,467,1,0,"0","0"
333,3,2015-06-24,7251,1043,1,0,"0","0"
334,3,2015-06-24,4789,485,1,0,"0","0"
335,3,2015-06-24,12760,2410,1,0,"0","0"
336,3,2015-06-24,10770,1693,1,0,"0","0"
337,3,2015-06-24,4053,355,1,0,"0","0"
338,3,2015-06-24,5789,555,1,0,"0","0"
339,3,2015-06-24,4583,657,1,0,"0","0"
340,3,2015-06-24,4912,583,1,0,"0","0"
341,3,2015-06-24,4851,678,1,0,"0","0"
342,3,2015-06-24,8739,724,1,0,"0","0"
343,3,2015-06-24,7018,664,1,0,"0","0"
344,3,2015-06-24,6806,994,1,0,"0","0"
345,3,2015-06-24,3505,415,1,0,"0","0"
346,3,2015-06-24,7496,652,1,0,"0","0"
347,3,2015-06-24,3473,319,1,0,"0","0"
348,3,2015-06-24,7371,670,1,0,"0","0"
349,3,2015-06-24,7577,800,1,0,"0","0"
350,3,2015-06-24,4825,402,1,0,"0","0"
351,3,2015-06-24,5270,454,1,0,"0","0"
352,3,2015-06-24,4747,499,1,0,"0","0"
353,3,2015-06-24,5342,1513,1,0,"0","0"
354,3,2015-06-24,6596,602,1,0,"0","0"
355,3,2015-06-24,7478,932,1,0,"0","0"
356,3,2015-06-24,5484,395,1,0,"0","0"
357,3,2015-06-24,6832,895,1,0,"0","0"
358,3,2015-06-24,8137,971,1,0,"0","0"
359,3,2015-06-24,5070,482,1,0,"0","0"
360,3,2015-06-24,5625,676,1,0,"0","0"
361,3,2015-06-24,4304,483,1,0,"0","0"
362,3,2015-06-24,7949,1021,1,0,"0","0"
363,3,2015-06-24,5720,822,1,0,"0","0"
364,3,2015-06-24,4731,651,1,0,"0","0"
365,3,2015-06-24,4125,462,1,0,"0","0"
366,3,2015-06-24,4853,487,1,0,"0","0"
367,3,2015-06-24,3551,458,1,0,"0","0"
368,3,2015-06-24,7320,602,1,0,"0","0"
369,3,2015-06-24,4286,403,1,0,"0","0"
370,3,2015-06-24,6061,496,1,0,"0","0"
371,3,2015-06-24,4209,386,1,0,"0","0"
372,3,2015-06-24,7555,678,1,0,"0","0"
373,3,2015-06-24,3917,281,1,0,"0","0"
374,3,2015-06-24,6315,791,1,0,"0","0"
375,3,2015-06-24,6719,611,1,0,"0","0"
376,3,2015-06-24,6171,775,1,0,"0","0"
377,3,2015-06-24,6113,830,1,0,"0","0"
378,3,2015-06-24,5623,920,1,0,"0","0"
379,3,2015-06-24,3190,401,1,0,"0","0"
380,3,2015-06-24,12877,1290,1,0,"0","0"
381,3,2015-06-24,8250,964,1,0,"0","0"
382,3,2015-06-24,5267,497,1,0,"0","0"
383,3,2015-06-24,12784,1742,1,0,"0","0"
384,3,2015-06-24,7418,886,1,0,"0","0"
385,3,2015-06-24,4359,477,1,0,"0","0"
386,3,2015-06-24,5495,485,1,0,"0","0"
387,3,2015-06-24,7148,962,1,0,"0","0"
388,3,2015-06-24,8453,933,1,0,"0","0"
389,3,2015-06-24,9499,1193,1,0,"0","0"
390,3,2015-06-24,8749,934,1,0,"0","0"
391,3,2015-06-24,4391,566,1,0,"0","0"
392,3,2015-06-24,6833,662,1,0,"0","0"
393,3,2015-06-24,4434,479,1,0,"0","0"
394,3,2015-06-24,5996,525,1,0,"0","0"
395,3,2015-06-24,3623,466,1,0,"0","0"
396,3,2015-06-24,8802,936,1,0,"0","0"
397,3,2015-06-24,4927,708,1,0,"0","0"
398,3,2015-06-24,4007,473,1,0,"0","0"
399,3,2015-06-24,4641,522,1,0,"0","0"
400,3,2015-06-24,6792,1048,1,0,"0","0"
401,3,2015-06-24,6734,641,1,0,"0","0"
402,3,2015-06-24,4572,517,1,0,"0","0"
403,3,2015-06-24,7909,762,1,0,"0","0"
404,3,2015-06-24,4636,574,1,0,"0","0"
405,3,2015-06-24,3207,406,1,0,"0","0"
406,3,2015-06-24,5056,448,1,0,"0","0"
407,3,2015-06-24,3418,297,1,0,"0","0"
408,3,2015-06-24,3760,387,1,0,"0","0"
409,3,2015-06-24,4622,496,1,0,"0","0"
410,3,2015-06-24,5842,770,1,0,"0","0"
411,3,2015-06-24,6500,579,1,0,"0","0"
412,3,2015-06-24,6671,527,1,0,"0","0"
413,3,2015-06-24,6090,802,1,0,"0","0"
414,3,2015-06-24,4793,414,1,0,"0","0"
415,3,2015-06-24,4230,382,1,0,"0","0"
416,3,2015-06-24,9065,1216,1,0,"0","0"
417,3,2015-06-24,6727,700,1,0,"0","0"
418,3,2015-06-24,4462,515,1,0,"0","0"
419,3,2015-06-24,4244,760,1,0,"0","0"
420,3,2015-06-24,4167,410,1,0,"0","0"
421,3,2015-06-24,6957,779,1,0,"0","0"
422,3,2015-06-24,3303,384,1,0,"0","0"
423,3,2015-06-24,10319,1936,1,0,"0","0"
424,3,2015-06-24,6363,754,1,0,"0","0"
425,3,2015-06-24,2833,400,1,0,"0","0"
426,3,2015-06-24,4839,664,1,0,"0","0"
427,3,2015-06-24,5485,617,1,0,"0","0"
428,3,2015-06-24,5066,437,1,0,"0","0"
429,3,2015-06-24,3538,315,1,0,"0","0"
430,3,2015-06-24,6900,571,1,0,"0","0"
431,3,2015-06-24,8124,852,1,0,"0","0"
432,3,2015-06-24,9835,1495,1,0,"0","0"
433,3,2015-06-24,4706,565,1,0,"0","0"
434,3,2015-06-24,8179,591,1,0,"0","0"
435,3,2015-06-24,2698,346,1,0,"0","0"
436,3,2015-06-24,4960,563,1,0,"0","0"
437,3,2015-06-24,5812,570,1,0,"0","0"
438,3,2015-06-24,4420,478,1,0,"0","0"
439,3,2015-06-24,6064,772,1,0,"0","0"
440,3,2015-06-24,4280,507,1,0,"0","0"
441,3,2015-06-24,4998,599,1,0,"0","0"
442,3,2015-06-24,3142,374,1,0,"0","0"
443,3,2015-06-24,4567,420,1,0,"0","0"
444,3,2015-06-24,8981,1087,1,0,"0","0"
445,3,2015-06-24,7052,1158,1,0,"0","0"
446,3,2015-06-24,4177,582,1,0,"0","0"
447,3,2015-06-24,4784,593,1,0,"0","0"
448,3,2015-06-24,7901,724,1,0,"0","0"
449,3,2015-06-24,9274,1351,1,0,"0","0"
450,3,2015-06-24,5899,788,1,0,"0","0"
451,3,2015-06-24,4771,414,1,0,"0","0"
452,3,2015-06-24,2968,336,1,0,"0","0"
453,3,2015-06-24,8291,1119,1,0,"0","0"
454,3,2015-06-24,5035,705,1,0,"0","0"
455,3,2015-06-24,5323,360,1,0,"0","0"
456,3,2015-06-24,4993,807,1,0,"0","0"
457,3,2015-06-24,3325,330,1,0,"0","0"
458,3,2015-06-24,5738,565,1,0,"0","0"
459,3,2015-06-24,6527,906,1,0,"0","0"
460,3,2015-06-24,2647,298,1,0,"0","0"
461,3,2015-06-24,3265,383,1,0,"0","0"
462,3,2015-06-24,3682,531,1,0,"0","0"
463,3,2015-06-24,6112,984,1,0,"0","0"
464,3,2015-06-24,8758,1051,1,0,"0","0"
465,3,2015-06-24,5484,469,1,0,"0","0"
466,3,2015-06-24,6426,723,1,0,"0","0"
467,3,2015-06-24,11353,1424,1,0,"0","0"
468,3,2015-06-24,4247,544,1,0,"0","0"
469,3,2015-06-24,8221,1182,1,0,"0","0"
470,3,2015-06-24,10520,1447,1,0,"0","0"
471,3,2015-06-24,5423,465,1,0,"0","0"
472,3,2015-06-24,3969,587,1,0,"0","0"
473,3,2015-06-24,2726,398,1,0,"0","0"
474,3,2015-06-24,6409,652,1,0,"0","0"
475,3,2015-06-24,5046,803,1,0,"0","0"
476,3,2015-06-24,5046,632,1,0,"0","0"
477,3,2015-06-24,4300,354,1,0,"0","0"
478,3,2015-06-24,5178,605,1,0,"0","0"
479,3,2015-06-24,8760,1118,1,0,"0","0"
480,3,2015-06-24,4045,544,1,0,"0","0"
481,3,2015-06-24,3677,385,1,0,"0","0"
482,3,2015-06-24,5958,690,1,0,"0","0"
483,3,2015-06-24,3721,537,1,0,"0","0"
484,3,2015-06-24,6007,575,1,0,"0","0"
485,3,2015-06-24,3820,367,1,0,"0","0"
486,3,2015-06-24,3679,479,1,0,"0","0"
487,3,2015-06-24,5477,571,1,0,"0","0"
488,3,2015-06-24,2895,340,1,0,"0","0"
489,3,2015-06-24,6047,561,1,0,"0","0"
490,3,2015-06-24,7379,952,1,0,"0","0"
491,3,2015-06-24,4961,454,1,0,"0","0"
492,3,2015-06-24,6634,976,1,0,"0","0"
493,3,2015-06-24,6859,705,1,0,"0","0"
494,3,2015-06-24,7113,1039,1,0,"0","0"
495,3,2015-06-24,3803,330,1,0,"0","0"
496,3,2015-06-24,6358,703,1,0,"0","0"
497,3,2015-06-24,7255,990,1,0,"0","0"
498,3,2015-06-24,6221,806,1,0,"0","0"
499,3,2015-06-24,3932,619,1,0,"0","0"
500,3,2015-06-24,5715,432,1,0,"0","0"
501,3,2015-06-24,4264,543,1,0,"0","0"
502,3,2015-06-24,7797,1248,1,0,"0","0"
503,3,2015-06-24,5247,385,1,0,"0","0"
504,3,2015-06-24,5202,797,1,0,"0","0"
505,3,2015-06-24,4244,597,1,0,"0","0"
506,3,2015-06-24,5887,732,1,0,"0","0"
507,3,2015-06-24,7745,585,1,0,"0","0"
508,3,2015-06-24,5318,550,1,0,"0","0"
509,3,2015-06-24,4734,431,1,0,"0","0"
510,3,2015-06-24,7243,778,1,0,"0","0"
511,3,2015-06-24,4749,721,1,0,"0","0"
512,3,2015-06-24,5571,1360,1,0,"0","0"
513,3,2015-06-24,13936,1715,1,0,"0","0"
514,3,2015-06-24,4534,517,1,0,"0","0"
515,3,2015-06-24,6905,609,1,0,"0","0"
516,3,2015-06-24,4430,625,1,0,"0","0"
517,3,2015-06-24,4933,550,1,0,"0","0"
518,3,2015-06-24,4511,426,1,0,"0","0"
519,3,2015-06-24,3288,392,1,0,"0","0"
520,3,2015-06-24,3558,381,1,0,"0","0"
521,3,2015-06-24,3056,294,1,0,"0","0"
522,3,2015-06-24,6574,535,1,0,"0","0"
523,3,2015-06-24,12196,1479,1,0,"0","0"
524,3,2015-06-24,6788,702,1,0,"0","0"
525,3,2015-06-24,7112,684,1,0,"0","0"
526,3,2015-06-24,8338,1269,1,0,"0","0"
527,3,2015-06-24,9843,861,1,0,"0","0"
528,3,2015-06-24,8227,785,1,0,"0","0"
529,3,2015-06-24,6188,668,1,0,"0","0"
530,3,2015-06-24,4646,776,1,0,"0","0"
531,3,2015-06-24,4515,555,1,0,"0","0"
532,3,2015-06-24,10444,1184,1,0,"0","0"
533,3,2015-06-24,8125,814,1,0,"0","0"
534,3,2015-06-24,6893,469,1,0,"0","0"
535,3,2015-06-24,7364,890,1,0,"0","0"
536,3,2015-06-24,6724,677,1,0,"0","0"
537,3,2015-06-24,4761,578,1,0,"0","0"
538,3,2015-06-24,3181,521,1,0,"0","0"
539,3,2015-06-24,9147,977,1,0,"0","0"
540,3,2015-06-24,4837,373,1,0,"0","0"
541,3,2015-06-24,6578,834,1,0,"0","0"
542,3,2015-06-24,4701,441,1,0,"0","0"
543,3,2015-06-24,2222,196,1,0,"0","0"
544,3,2015-06-24,10954,1561,1,0,"0","0"
545,3,2015-06-24,9070,898,1,0,"0","0"
546,3,2015-06-24,12329,1557,1,0,"0","0"
547,3,2015-06-24,4947,398,1,0,"0","0"
548,3,2015-06-24,3651,330,1,0,"0","0"
549,3,2015-06-24,3732,489,1,0,"0","0"
550,3,2015-06-24,4745,376,1,0,"0","0"
551,3,2015-06-24,4649,792,1,0,"0","0"
552,3,2015-06-24,6015,623,1,0,"0","0"
553,3,2015-06-24,4608,442,1,0,"0","0"
554,3,2015-06-24,4198,602,1,0,"0","0"
555,3,2015-06-24,3262,343,1,0,"0","0"
556,3,2015-06-24,6448,796,1,0,"0","0"
557,3,2015-06-24,3619,610,1,0,"0","0"
558,3,2015-06-24,2173,357,1,0,"0","0"
559,3,2015-06-24,4622,667,1,0,"0","0"
560,3,2015-06-24,10994,1353,1,0,"0","0"
561,3,2015-06-24,5803,601,1,0,"0","0"
562,3,2015-06-24,14956,2838,1,0,"0","0"
563,3,2015-06-24,4298,527,1,0,"0","0"
564,3,2015-06-24,5071,449,1,0,"0","0"
565,3,2015-06-24,5642,771,1,0,"0","0"
566,3,2015-06-24,4286,448,1,0,"0","0"
567,3,2015-06-24,4376,602,1,0,"0","0"
568,3,2015-06-24,3751,335,1,0,"0","0"
569,3,2015-06-24,4170,639,1,0,"0","0"
570,3,2015-06-24,3904,583,1,0,"0","0"
571,3,2015-06-24,5667,452,1,0,"0","0"
572,3,2015-06-24,6046,512,1,0,"0","0"
573,3,2015-06-24,3067,298,1,0,"0","0"
574,3,2015-06-24,7132,556,1,0,"0","0"
575,3,2015-06-24,4157,437,1,0,"0","0"
576,3,2015-06-24,4936,761,1,0,"0","0"
577,3,2015-06-24,3949,460,1,0,"0","0"
578,3,2015-06-24,7158,759,1,0,"0","0"
579,3,2015-06-24,5442,658,1,0,"0","0"
580,3,2015-06-24,8486,1624,1,0,"0","0"
581,3,2015-06-24,3548,487,1,0,"0","0"
582,3,2015-06-24,5361,754,1,0,"0","0"
583,3,2015-06-24,3545,368,1,0,"0","0"
584,3,2015-06-24,3542,366,1,0,"0","0"
585,3,2015-06-24,2983,564,1,0,"0","0"
586,3,2015-06-24,13807,2247,1,0,"0","0"
587,3,2015-06-24,8090,585,1,0,"0","0"
588,3,2015-06-24,4908,588,1,0,"0","0"
589,3,2015-06-24,3360,409,1,0,"0","0"
590,3,2015-06-24,3768,319,1,0,"0","0"
591,3,2015-06-24,4856,468,1,0,"0","0"
592,3,2015-06-24,3993,527,1,0,"0","0"
593,3,2015-06-24,6945,1002,1,0,"0","0"
594,3,2015-06-24,4212,475,1,0,"0","0"
595,3,2015-06-24,11600,1497,1,0,"0","0"
596,3,2015-06-24,4431,651,1,0,"0","0"
597,3,2015-06-24,4209,629,1,0,"0","0"
598,3,2015-06-24,4452,615,1,0,"0","0"
599,3,2015-06-24,7976,737,1,0,"0","0"
600,3,2015-06-24,5733,527,1,0,"0","0"
601,3,2015-06-24,4090,333,1,0,"0","0"
602,3,2015-06-24,5174,546,1,0,"0","0"
603,3,2015-06-24,6222,963,1,0,"0","0"
604,3,2015-06-24,4857,383,1,0,"0","0"
605,3,2015-06-24,5206,405,1,0,"0","0"
606,3,2015-06-24,4663,582,1,0,"0","0"
607,3,2015-06-24,2950,381,1,0,"0","0"
608,3,2015-06-24,7774,849,1,0,"0","0"
609,3,2015-06-24,4452,495,1,0,"0","0"
610,3,2015-06-24,3095,463,1,0,"0","0"
611,3,2015-06-24,5217,454,1,0,"0","0"
612,3,2015-06-24,4710,333,1,0,"0","0"
613,3,2015-06-24,5451,812,1,0,"0","0"
614,3,2015-06-24,5836,795,1,0,"0","0"
615,3,2015-06-24,7239,1054,1,0,"0","0"
616,3,2015-06-24,6388,728,1,0,"0","0"
617,3,2015-06-24,6013,546,1,0,"0","0"
618,3,2015-06-24,5433,438,1,0,"0","0"
619,3,2015-06-24,3651,363,1,0,"0","0"
620,3,2015-06-24,6776,638,1,0,"0","0"
621,3,2015-06-24,4906,752,1,0,"0","0"
622,3,2015-06-24,4030,388,1,0,"0","0"
623,3,2015-06-24,6226,764,1,0,"0","0"
624,3,2015-06-24,5702,587,1,0,"0","0"
625,3,2015-06-24,6177,607,1,0,"0","0"
626,3,2015-06-24,7094,644,1,0,"0","0"
627,3,2015-06-24,4222,485,1,0,"0","0"
628,3,2015-06-24,4571,635,1,0,"0","0"
629,3,2015-06-24,6689,504,1,0,"0","0"
630,3,2015-06-24,5091,646,1,0,"0","0"
631,3,2015-06-24,4469,590,1,0,"0","0"
632,3,2015-06-24,5376,762,1,0,"0","0"
633,3,2015-06-24,5218,443,1,0,"0","0"
634,3,2015-06-24,5787,566,1,0,"0","0"
635,3,2015-06-24,4163,456,1,0,"0","0"
636,3,2015-06-24,4527,585,1,0,"0","0"
637,3,2015-06-24,6716,641,1,0,"0","0"
638,3,2015-06-24,4890,404,1,0,"0","0"
639,3,2015-06-24,4348,458,1,0,"0","0"
640,3,2015-06-24,9105,737,1,0,"0","0"
641,3,2015-06-24,4596,433,1,0,"0","0"
642,3,2015-06-24,3290,451,1,0,"0","0"
643,3,2015-06-24,5622,789,1,0,"0","0"
644,3,2015-06-24,6236,786,1,0,"0","0"
645,3,2015-06-24,8052,1072,1,0,"0","0"
646,3,2015-06-24,4377,653,1,0,"0","0"
647,3,2015-06-24,3855,496,1,0,"0","0"
648,3,2015-06-24,5185,493,1,0,"0","0"
649,3,2015-06-24,4524,345,1,0,"0","0"
650,3,2015-06-24,4733,549,1,0,"0","0"
651,3,2015-06-24,5872,823,1,0,"0","0"
652,3,2015-06-24,5145,558,1,0,"0","0"
653,3,2015-06-24,5230,451,1,0,"0","0"
654,3,2015-06-24,6133,651,1,0,"0","0"
655,3,2015-06-24,6820,576,1,0,"0","0"
656,3,2015-06-24,2889,342,1,0,"0","0"
657,3,2015-06-24,4449,528,1,0,"0","0"
658,3,2015-06-24,4940,555,1,0,"0","0"
659,3,2015-06-24,4660,649,1,0,"0","0"
660,3,2015-06-24,4026,439,1,0,"0","0"
661,3,2015-06-24,5491,497,1,0,"0","0"
662,3,2015-06-24,6075,610,1,0,"0","0"
663,3,2015-06-24,5300,729,1,0,"0","0"
664,3,2015-06-24,3733,496,1,0,"0","0"
665,3,2015-06-24,6581,1131,1,0,"0","0"
666,3,2015-06-24,4979,534,1,0,"0","0"
667,3,2015-06-24,6563,626,1,0,"0","0"
668,3,2015-06-24,7288,985,1,0,"0","0"
669,3,2015-06-24,4121,430,1,0,"0","0"
670,3,2015-06-24,5439,655,1,0,"0","0"
671,3,2015-06-24,5612,601,1,0,"0","0"
672,3,2015-06-24,6058,1033,1,0,"0","0"
673,3,2015-06-24,5945,507,1,0,"0","0"
674,3,2015-06-24,7116,989,1,0,"0","0"
675,3,2015-06-24,3217,355,1,0,"0","0"
676,3,2015-06-24,7937,1869,1,0,"0","0"
677,3,2015-06-24,4779,430,1,0,"0","0"
678,3,2015-06-24,6231,758,1,0,"0","0"
679,3,2015-06-24,8322,974,1,0,"0","0"
680,3,2015-06-24,4280,691,1,0,"0","0"
681,3,2015-06-24,3460,508,1,0,"0","0"
682,3,2015-06-24,10924,1836,1,0,"0","0"
683,3,2015-06-24,6959,762,1,0,"0","0"
684,3,2015-06-24,5858,508,1,0,"0","0"
685,3,2015-06-24,5519,530,1,0,"0","0"
686,3,2015-06-24,4781,633,1,0,"0","0"
687,3,2015-06-24,7935,712,1,0,"0","0"
688,3,2015-06-24,2744,298,1,0,"0","0"
689,3,2015-06-24,5266,579,1,0,"0","0"
690,3,2015-06-24,5150,749,1,0,"0","0"
691,3,2015-06-24,7277,526,1,0,"0","0"
692,3,2015-06-24,4808,674,1,0,"0","0"
693,3,2015-06-24,4026,360,1,0,"0","0"
694,3,2015-06-24,6326,675,1,0,"0","0"
695,3,2015-06-24,4736,456,1,0,"0","0"
696,3,2015-06-24,8795,866,1,0,"0","0"
697,3,2015-06-24,8267,859,1,0,"0","0"
698,3,2015-06-24,15462,1912,1,0,"0","0"
699,3,2015-06-24,5835,752,1,0,"0","0"
700,3,2015-06-24,4083,515,1,0,"0","0"
701,3,2015-06-24,4534,514,1,0,"0","0"
702,3,2015-06-24,3103,285,1,0,"0","0"
703,3,2015-06-24,2605,306,1,0,"0","0"
704,3,2015-06-24,10331,1124,1,0,"0","0"
705,3,2015-06-24,6716,849,1,0,"0","0"
706,3,2015-06-24,3753,378,1,0,"0","0"
707,3,2015-06-24,7929,841,1,0,"0","0"
708,3,2015-06-24,4503,473,1,0,"0","0"
709,3,2015-06-24,9690,1381,1,0,"0","0"
710,3,2015-06-24,3109,255,1,0,"0","0"
711,3,2015-06-24,4248,368,1,0,"0","0"
712,3,2015-06-24,4528,487,1,0,"0","0"
713,3,2015-06-24,8214,1049,1,0,"0","0"
714,3,2015-06-24,3972,312,1,0,"0","0"
715,3,2015-06-24,5319,646,1,0,"0","0"
716,3,2015-06-24,5003,389,1,0,"0","0"
717,3,2015-06-24,3678,434,1,0,"0","0"
718,3,2015-06-24,6116,714,1,0,"0","0"
719,3,2015-06-24,3376,333,1,0,"0","0"
720,3,2015-06-24,5945,680,1,0,"0","0"
721,3,2015-06-24,6145,625,1,0,"0","0"
722,3,2015-06-24,6856,1173,1,0,"0","0"
723,3,2015-06-24,5588,491,1,0,"0","0"
724,3,2015-06-24,6352,678,1,0,"0","0"
725,3,2015-06-24,4594,517,1,0,"0","0"
726,3,2015-06-24,9512,1032,1,0,"0","0"
727,3,2015-06-24,4033,436,1,0,"0","0"
728,3,2015-06-24,3859,363,1,0,"0","0"
729,3,2015-06-24,8687,936,1,0,"0","0"
730,3,2015-06-24,5112,723,1,0,"0","0"
731,3,2015-06-24,7987,851,1,0,"0","0"
732,3,2015-06-24,6414,757,1,0,"0","0"
733,3,2015-06-24,13405,3222,1,0,"0","0"
734,3,2015-06-24,4258,464,1,0,"0","0"
735,3,2015-06-24,4315,481,1,0,"0","0"
736,3,2015-06-24,3222,384,1,0,"0","0"
737,3,2015-06-24,5285,764,1,0,"0","0"
738,3,2015-06-24,7410,662,1,0,"0","0"
739,3,2015-06-24,7494,652,1,0,"0","0"
740,3,2015-06-24,5331,392,1,0,"0","0"
741,3,2015-06-24,5615,783,1,0,"0","0"
742,3,2015-06-24,6650,762,1,0,"0","0"
743,3,2015-06-24,3226,374,1,0,"0","0"
744,3,2015-06-24,6099,772,1,0,"0","0"
745,3,2015-06-24,5772,665,1,0,"0","0"
746,3,2015-06-24,4680,427,1,0,"0","0"
747,3,2015-06-24,6450,584,1,0,"0","0"
748,3,2015-06-24,4325,358,1,0,"0","0"
749,3,2015-06-24,3654,496,1,0,"0","0"
750,3,2015-06-24,3706,303,1,0,"0","0"
751,3,2015-06-24,3809,550,1,0,"0","0"
752,3,2015-06-24,3768,368,1,0,"0","0"
753,3,2015-06-24,6334,587,1,0,"0","0"
754,3,2015-06-24,5546,774,1,0,"0","0"
755,3,2015-06-24,8505,737,1,0,"0","0"
756,3,2015-06-24,13702,2046,1,0,"0","0"
757,3,2015-06-24,5622,530,1,0,"0","0"
758,3,2015-06-24,4339,625,1,0,"0","0"
759,3,2015-06-24,6476,738,1,0,"0","0"
760,3,2015-06-24,7701,1161,1,0,"0","0"
761,3,2015-06-24,7220,913,1,0,"0","0"
762,3,2015-06-24,3007,322,1,0,"0","0"
763,3,2015-06-24,4972,483,1,0,"0","0"
764,3,2015-06-24,3130,369,1,0,"0","0"
765,3,2015-06-24,7512,634,1,0,"0","0"
766,3,2015-06-24,5778,469,1,0,"0","0"
767,3,2015-06-24,4443,465,1,0,"0","0"
768,3,2015-06-24,10022,1118,1,0,"0","0"
769,3,2015-06-24,11741,3436,1,0,"0","0"
770,3,2015-06-24,4449,520,1,0,"0","0"
771,3,2015-06-24,5626,601,1,0,"0","0"
772,3,2015-06-24,2857,422,1,0,"0","0"
773,3,2015-06-24,4547,716,1,0,"0","0"
774,3,2015-06-24,5021,700,1,0,"0","0"
775,3,2015-06-24,5904,486,1,0,"0","0"
776,3,2015-06-24,3757,450,1,0,"0","0"
777,3,2015-06-24,2895,287,1,0,"0","0"
778,3,2015-06-24,4141,641,1,0,"0","0"
779,3,2015-06-24,6038,633,1,0,"0","0"
780,3,2015-06-24,5038,651,1,0,"0","0"
781,3,2015-06-24,4004,572,1,0,"0","0"
782,3,2015-06-24,3683,363,1,0,"0","0"
783,3,2015-06-24,4663,529,1,0,"0","0"
784,3,2015-06-24,5204,631,1,0,"0","0"
785,3,2015-06-24,5679,501,1,0,"0","0"
786,3,2015-06-24,3083,501,1,0,"0","0"
787,3,2015-06-24,8634,973,1,0,"0","0"
788,3,2015-06-24,14702,1537,1,0,"0","0"
789,3,2015-06-24,3624,485,1,0,"0","0"
790,3,2015-06-24,5051,526,1,0,"0","0"
791,3,2015-06-24,7360,767,1,0,"0","0"
792,3,2015-06-24,5382,539,1,0,"0","0"
793,3,2015-06-24,3432,387,1,0,"0","0"
794,3,2015-06-24,3136,512,1,0,"0","0"
795,3,2015-06-24,3403,410,1,0,"0","0"
796,3,2015-06-24,7397,678,1,0,"0","0"
797,3,2015-06-24,3713,392,1,0,"0","0"
798,3,2015-06-24,6204,828,1,0,"0","0"
799,3,2015-06-24,8467,741,1,0,"0","0"
800,3,2015-06-24,2918,311,1,0,"0","0"
801,3,2015-06-24,4361,416,1,0,"0","0"
802,3,2015-06-24,5042,404,1,0,"0","0"
803,3,2015-06-24,3872,361,1,0,"0","0"
804,3,2015-06-24,3585,319,1,0,"0","0"
805,3,2015-06-24,3745,409,1,0,"0","0"
806,3,2015-06-24,4999,439,1,0,"0","0"
807,3,2015-06-24,7891,885,1,0,"0","0"
808,3,2015-06-24,6453,551,1,0,"0","0"
809,3,2015-06-24,7033,660,1,0,"0","0"
810,3,2015-06-24,4165,363,1,0,"0","0"
811,3,2015-06-24,3407,570,1,0,"0","0"
812,3,2015-06-24,5229,675,1,0,"0","0"
813,3,2015-06-24,5364,617,1,0,"0","0"
814,3,2015-06-24,6284,550,1,0,"0","0"
815,3,2015-06-24,4644,486,1,0,"0","0"
816,3,2015-06-24,3955,621,1,0,"0","0"
817,3,2015-06-24,21898,3157,1,0,"0","0"
818,3,2015-06-24,4489,566,1,0,"0","0"
819,3,2015-06-24,4504,449,1,0,"0","0"
820,3,2015-06-24,9768,983,1,0,"0","0"
821,3,2015-06-24,5940,775,1,0,"0","0"
822,3,2015-06-24,4724,414,1,0,"0","0"
823,3,2015-06-24,5011,512,1,0,"0","0"
824,3,2015-06-24,5890,792,1,0,"0","0"
825,3,2015-06-24,3816,500,1,0,"0","0"
826,3,2015-06-24,8048,721,1,0,"0","0"
827,3,2015-06-24,12410,1582,1,0,"0","0"
828,3,2015-06-24,3771,478,1,0,"0","0"
829,3,2015-06-24,4442,663,1,0,"0","0"
830,3,2015-06-24,5870,555,1,0,"0","0"
831,3,2015-06-24,11910,1541,1,0,"0","0"
832,3,2015-06-24,4566,428,1,0,"0","0"
833,3,2015-06-24,3635,389,1,0,"0","0"
834,3,2015-06-24,4837,550,1,0,"0","0"
835,3,2015-06-24,4717,574,1,0,"0","0"
836,3,2015-06-24,5183,677,1,0,"0","0"
837,3,2015-06-24,3044,456,1,0,"0","0"
838,3,2015-06-24,7375,776,1,0,"0","0"
839,3,2015-06-24,3358,500,1,0,"0","0"
840,3,2015-06-24,6090,953,1,0,"0","0"
841,3,2015-06-24,2208,335,1,0,"0","0"
842,3,2015-06-24,15199,995,1,0,"0","0"
843,3,2015-06-24,7300,883,1,0,"0","0"
844,3,2015-06-24,3972,453,1,0,"0","0"
845,3,2015-06-24,4090,266,1,0,"0","0"
846,3,2015-06-24,8624,750,1,0,"0","0"
847,3,2015-06-24,5523,820,1,0,"0","0"
848,3,2015-06-24,5672,712,1,0,"0","0"
849,3,2015-06-24,6199,720,1,0,"0","0"
850,3,2015-06-24,5072,523,1,0,"0","0"
851,3,2015-06-24,4034,340,1,0,"0","0"
852,3,2015-06-24,3194,461,1,0,"0","0"
853,3,2015-06-24,8254,972,1,0,"0","0"
854,3,2015-06-24,4998,534,1,0,"0","0"
855,3,2015-06-24,4780,548,1,0,"0","0"
856,3,2015-06-24,5245,816,1,0,"0","0"
857,3,2015-06-24,5895,764,1,0,"0","0"
858,3,2015-06-24,3948,382,1,0,"0","0"
859,3,2015-06-24,5644,639,1,0,"0","0"
860,3,2015-06-24,4396,606,1,0,"0","0"
861,3,2015-06-24,3111,498,1,0,"0","0"
862,3,2015-06-24,6197,866,1,0,"0","0"
863,3,2015-06-24,6456,854,1,0,"0","0"
864,3,2015-06-24,3901,538,1,0,"0","0"
865,3,2015-06-24,5934,495,1,0,"0","0"
866,3,2015-06-24,5000,367,1,0,"0","0"
867,3,2015-06-24,4054,367,1,0,"0","0"
868,3,2015-06-24,6388,491,1,0,"0","0"
869,3,2015-06-24,4758,743,1,0,"0","0"
870,3,2015-06-24,6698,869,1,0,"0","0"
871,3,2015-06-24,4712,382,1,0,"0","0"
872,3,2015-06-24,5960,757,1,0,"0","0"
873,3,2015-06-24,3063,434,1,0,"0","0"
874,3,2015-06-24,3571,433,1,0,"0","0"
875,3,2015-06-24,3346,338,1,0,"0","0"
876,3,2015-06-24,7012,820,1,0,"0","0"
877,3,2015-06-24,5785,861,1,0,"0","0"
878,3,2015-06-24,6196,617,1,0,"0","0"
879,3,2015-06-24,2533,256,1,0,"0","0"
880,3,2015-06-24,6696,737,1,0,"0","0"
881,3,2015-06-24,3811,598,1,0,"0","0"
882,3,2015-06-24,5448,717,1,0,"0","0"
883,3,2015-06-24,4291,458,1,0,"0","0"
884,3,2015-06-24,4533,507,1,0,"0","0"
885,3,2015-06-24,6337,773,1,0,"0","0"
886,3,2015-06-24,6212,627,1,0,"0","0"
887,3,2015-06-24,5254,456,1,0,"0","0"
888,3,2015-06-24,5967,595,1,0,"0","0"
889,3,2015-06-24,3466,366,1,0,"0","0"
890,3,2015-06-24,4723,373,1,0,"0","0"
891,3,2015-06-24,5947,805,1,0,"0","0"
892,3,2015-06-24,5914,650,1,0,"0","0"
893,3,2015-06-24,5711,770,1,0,"0","0"
894,3,2015-06-24,6259,887,1,0,"0","0"
895,3,2015-06-24,8206,779,1,0,"0","0"
896,3,2015-06-24,5373,908,1,0,"0","0"
897,3,2015-06-24,2382,265,1,0,"0","0"
898,3,2015-06-24,5336,648,1,0,"0","0"
899,3,2015-06-24,4181,485,1,0,"0","0"
900,3,2015-06-24,5289,503,1,0,"0","0"
901,3,2015-06-24,5297,491,1,0,"0","0"
902,3,2015-06-24,3096,471,1,0,"0","0"
903,3,2015-06-24,9595,648,1,0,"0","0"
904,3,2015-06-24,4641,383,1,0,"0","0"
905,3,2015-06-24,5965,898,1,0,"0","0"
906,3,2015-06-24,7880,1082,1,0,"0","0"
907,3,2015-06-24,5733,718,1,0,"0","0"
908,3,2015-06-24,2579,271,1,0,"0","0"
909,3,2015-06-24,18306,1236,1,0,"0","0"
910,3,2015-06-24,4445,466,1,0,"0","0"
911,3,2015-06-24,7407,782,1,0,"0","0"
912,3,2015-06-24,4373,631,1,0,"0","0"
913,3,2015-06-24,5706,877,1,0,"0","0"
914,3,2015-06-24,7436,931,1,0,"0","0"
915,3,2015-06-24,4388,357,1,0,"0","0"
916,3,2015-06-24,4042,626,1,0,"0","0"
917,3,2015-06-24,5807,700,1,0,"0","0"
918,3,2015-06-24,4446,512,1,0,"0","0"
919,3,2015-06-24,4198,566,1,0,"0","0"
920,3,2015-06-24,4831,548,1,0,"0","0"
921,3,2015-06-24,8680,1035,1,0,"0","0"
922,3,2015-06-24,6917,674,1,0,"0","0"
923,3,2015-06-24,5506,687,1,0,"0","0"
924,3,2015-06-24,4191,409,1,0,"0","0"
925,3,2015-06-24,5146,1048,1,0,"0","0"
926,3,2015-06-24,5716,488,1,0,"0","0"
927,3,2015-06-24,5367,771,1,0,"0","0"
928,3,2015-06-24,5729,527,1,0,"0","0"
929,3,2015-06-24,4122,567,1,0,"0","0"
930,3,2015-06-24,5765,946,1,0,"0","0"
931,3,2015-06-24,3600,454,1,0,"0","0"
932,3,2015-06-24,6218,626,1,0,"0","0"
933,3,2015-06-24,7239,921,1,0,"0","0"
934,3,2015-06-24,5974,662,1,0,"0","0"
935,3,2015-06-24,3976,481,1,0,"0","0"
936,3,2015-06-24,5878,789,1,0,"0","0"
937,3,2015-06-24,5464,504,1,0,"0","0"
938,3,2015-06-24,7347,819,1,0,"0","0"
939,3,2015-06-24,4382,442,1,0,"0","0"
940,3,2015-06-24,6659,708,1,0,"0","0"
941,3,2015-06-24,3867,470,1,0,"0","0"
942,3,2015-06-24,4099,330,1,0,"0","0"
943,3,2015-06-24,6523,571,1,0,"0","0"
944,3,2015-06-24,5502,972,1,0,"0","0"
945,3,2015-06-24,4071,507,1,0,"0","0"
946,3,2015-06-24,3324,460,1,0,"0","0"
947,3,2015-06-24,6770,1044,1,0,"0","0"
948,3,2015-06-24,7018,1902,1,0,"0","0"
949,3,2015-06-24,4302,432,1,0,"0","0"
950,3,2015-06-24,4327,497,1,0,"0","0"
951,3,2015-06-24,6601,649,1,0,"0","0"
952,3,2015-06-24,4434,426,1,0,"0","0"
953,3,2015-06-24,4810,517,1,0,"0","0"
954,3,2015-06-24,6069,828,1,0,"0","0"
955,3,2015-06-24,3653,379,1,0,"0","0"
956,3,2015-06-24,3054,431,1,0,"0","0"
957,3,2015-06-24,6873,759,1,0,"0","0"
958,3,2015-06-24,3144,468,1,0,"0","0"
959,3,2015-06-24,6201,688,1,0,"0","0"
960,3,2015-06-24,4688,426,1,0,"0","0"
961,3,2015-06-24,5500,582,1,0,"0","0"
962,3,2015-06-24,4928,657,1,0,"0","0"
963,3,2015-06-24,8649,855,1,0,"0","0"
964,3,2015-06-24,7167,1124,1,0,"0","0"
965,3,2015-06-24,5969,765,1,0,"0","0"
966,3,2015-06-24,4365,557,1,0,"0","0"
967,3,2015-06-24,6748,767,1,0,"0","0"
968,3,2015-06-24,6774,846,1,0,"0","0"
969,3,2015-06-24,3563,657,1,0,"0","0"
970,3,2015-06-24,2804,382,1,0,"0","0"
971,3,2015-06-24,6431,850,1,0,"0","0"
972,3,2015-06-24,2263,321,1,0,"0","0"
973,3,2015-06-24,5601,769,1,0,"0","0"
974,3,2015-06-24,10286,1420,1,0,"0","0"
975,3,2015-06-24,7136,687,1,0,"0","0"
976,3,2015-06-24,5334,615,1,0,"0","0"
977,3,2015-06-24,2979,378,1,0,"0","0"
978,3,2015-06-24,5651,821,1,0,"0","0"
979,3,2015-06-24,5004,538,1,0,"0","0"
980,3,2015-06-24,5322,405,1,0,"0","0"
981,3,2015-06-24,5294,592,1,0,"0","0"
982,3,2015-06-24,6006,541,1,0,"0","0"
983,3,2015-06-24,6460,926,1,0,"0","0"
984,3,2015-06-24,4989,609,1,0,"0","0"
985,3,2015-06-24,6423,654,1,0,"0","0"
986,3,2015-06-24,4421,590,1,0,"0","0"
987,3,2015-06-24,5553,764,1,0,"0","0"
988,3,2015-06-24,4548,817,1,0,"0","0"
989,3,2015-06-24,4385,515,1,0,"0","0"
990,3,2015-06-24,4441,444,1,0,"0","0"
991,3,2015-06-24,4649,431,1,0,"0","0"
992,3,2015-06-24,5452,651,1,0,"0","0"
993,3,2015-06-24,6264,630,1,0,"0","0"
994,3,2015-06-24,3856,423,1,0,"0","0"
995,3,2015-06-24,7365,633,1,0,"0","0"
996,3,2015-06-24,5225,595,1,0,"0","0"
997,3,2015-06-24,3098,304,1,0,"0","0"
998,3,2015-06-24,3276,439,1,0,"0","0"
999,3,2015-06-24,7349,533,1,0,"0","0"
1000,3,2015-06-24,6334,618,1,0,"0","0"
1001,3,2015-06-24,4660,532,1,0,"0","0"
1002,3,2015-06-24,5173,646,1,0,"0","0"
1003,3,2015-06-24,5883,606,1,0,"0","0"
1004,3,2015-06-24,3804,372,1,0,"0","0"
1005,3,2015-06-24,4992,776,1,0,"0","0"
1006,3,2015-06-24,4559,693,1,0,"0","0"
1007,3,2015-06-24,4934,652,1,0,"0","0"
1008,3,2015-06-24,3794,582,1,0,"0","0"
1009,3,2015-06-24,4615,434,1,0,"0","0"
1010,3,2015-06-24,6245,615,1,0,"0","0"
1011,3,2015-06-24,5765,678,1,0,"0","0"
1012,3,2015-06-24,3887,395,1,0,"0","0"
1013,3,2015-06-24,3447,399,1,0,"0","0"
1014,3,2015-06-24,8833,1027,1,0,"0","0"
1015,3,2015-06-24,4331,410,1,0,"0","0"
1016,3,2015-06-24,4257,441,1,0,"0","0"
1017,3,2015-06-24,5829,863,1,0,"0","0"
1018,3,2015-06-24,8782,1149,1,0,"0","0"
1019,3,2015-06-24,6539,600,1,0,"0","0"
1020,3,2015-06-24,6487,861,1,0,"0","0"
1021,3,2015-06-24,7434,946,1,0,"0","0"
1022,3,2015-06-24,5293,673,1,0,"0","0"
1023,3,2015-06-24,4594,496,1,0,"0","0"
1024,3,2015-06-24,4273,609,1,0,"0","0"
1025,3,2015-06-24,5934,758,1,0,"0","0"
1026,3,2015-06-24,7756,1011,1,0,"0","0"
1027,3,2015-06-24,10700,1348,1,0,"0","0"
1028,3,2015-06-24,4011,441,1,0,"0","0"
1029,3,2015-06-24,4412,729,1,0,"0","0"
1030,3,2015-06-24,2666,260,1,0,"0","0"
1031,3,2015-06-24,3762,351,1,0,"0","0"
1032,3,2015-06-24,6663,756,1,0,"0","0"
1033,3,2015-06-24,12148,1166,1,0,"0","0"
1034,3,2015-06-24,4770,637,1,0,"0","0"
1035,3,2015-06-24,3749,479,1,0,"0","0"
1036,3,2015-06-24,3944,392,1,0,"0","0"
1037,3,2015-06-24,5124,684,1,0,"0","0"
1038,3,2015-06-24,3995,383,1,0,"0","0"
1039,3,2015-06-24,6850,943,1,0,"0","0"
1040,3,2015-06-24,6686,694,1,0,"0","0"
1041,3,2015-06-24,4872,582,1,0,"0","0"
1042,3,2015-06-24,2959,442,1,0,"0","0"
1043,3,2015-06-24,6402,903,1,0,"0","0"
1044,3,2015-06-24,4220,605,1,0,"0","0"
1045,3,2015-06-24,6881,883,1,0,"0","0"
1046,3,2015-06-24,6650,571,1,0,"0","0"
1047,3,2015-06-24,3892,479,1,0,"0","0"
1048,3,2015-06-24,5558,451,1,0,"0","0"
1049,3,2015-06-24,3184,551,1,0,"0","0"
1050,3,2015-06-24,4540,382,1,0,"0","0"
1051,3,2015-06-24,6609,913,1,0,"0","0"
1052,3,2015-06-24,6251,666,1,0,"0","0"
1053,3,2015-06-24,6874,880,1,0,"0","0"
1054,3,2015-06-24,4408,507,1,0,"0","0"
1055,3,2015-06-24,6050,842,1,0,"0","0"
1056,3,2015-06-24,2905,334,1,0,"0","0"
1057,3,2015-06-24,4897,505,1,0,"0","0"
1058,3,2015-06-24,6240,650,1,0,"0","0"
1059,3,2015-06-24,6123,891,1,0,"0","0"
1060,3,2015-06-24,6222,772,1,0,"0","0"
1061,3,2015-06-24,6056,465,1,0,"0","0"
1062,3,2015-06-24,3931,412,1,0,"0","0"
1063,3,2015-06-24,3225,438,1,0,"0","0"
1064,3,2015-06-24,9092,993,1,0,"0","0"
1065,3,2015-06-24,3504,458,1,0,"0","0"
1066,3,2015-06-24,9950,998,1,0,"0","0"
1067,3,2015-06-24,5035,438,1,0,"0","0"
1068,3,2015-06-24,3446,267,1,0,"0","0"
1069,3,2015-06-24,6768,977,1,0,"0","0"
1070,3,2015-06-24,4876,680,1,0,"0","0"
1071,3,2015-06-24,5084,676,1,0,"0","0"
1072,3,2015-06-24,6257,626,1,0,"0","0"
1073,3,2015-06-24,8675,1004,1,0,"0","0"
1074,3,2015-06-24,3143,351,1,0,"0","0"
1075,3,2015-06-24,9920,968,1,0,"0","0"
1076,3,2015-06-24,3536,527,1,0,"0","0"
1077,3,2015-06-24,4583,471,1,0,"0","0"
1078,3,2015-06-24,5701,457,1,0,"0","0"
1079,3,2015-06-24,5561,528,1,0,"0","0"
1080,3,2015-06-24,9240,788,1,0,"0","0"
1081,3,2015-06-24,6518,1109,1,0,"0","0"
1082,3,2015-06-24,5635,844,1,0,"0","0"
1083,3,2015-06-24,3810,315,1,0,"0","0"
1084,3,2015-06-24,4878,663,1,0,"0","0"
1085,3,2015-06-24,5573,631,1,0,"0","0"
1086,3,2015-06-24,4255,560,1,0,"0","0"
1087,3,2015-06-24,4690,544,1,0,"0","0"
1088,3,2015-06-24,4969,490,1,0,"0","0"
1089,3,2015-06-24,7678,841,1,0,"0","0"
1090,3,2015-06-24,6024,825,1,0,"0","0"
1091,3,2015-06-24,6087,563,1,0,"0","0"
1092,3,2015-06-24,10524,1040,1,0,"0","0"
1093,3,2015-06-24,7410,810,1,0,"0","0"
1094,3,2015-06-24,3937,321,1,0,"0","0"
1095,3,2015-06-24,4265,653,1,0,"0","0"
1096,3,2015-06-24,4817,598,1,0,"0","0"
1097,3,2015-06-24,9095,2405,1,0,"0","0"
1098,3,2015-06-24,4718,662,1,0,"0","0"
1099,3,2015-06-24,6142,803,1,0,"0","0"
1100,3,2015-06-24,3879,545,1,0,"0","0"
1101,3,2015-06-24,7470,817,1,0,"0","0"
1102,3,2015-06-24,5270,565,1,0,"0","0"
1103,3,2015-06-24,4098,357,1,0,"0","0"
1104,3,2015-06-24,3708,326,1,0,"0","0"
1105,3,2015-06-24,3823,454,1,0,"0","0"
1106,3,2015-06-24,4316,512,1,0,"0","0"
1107,3,2015-06-24,3996,548,1,0,"0","0"
1108,3,2015-06-24,4766,539,1,0,"0","0"
1109,3,2015-06-24,3997,405,1,0,"0","0"
1110,3,2015-06-24,3393,447,1,0,"0","0"
1111,3,2015-06-24,4256,394,1,0,"0","0"
1112,3,2015-06-24,7555,695,1,0,"0","0"
1113,3,2015-06-24,5183,587,1,0,"0","0"
1114,3,2015-06-24,17442,2789,1,0,"0","0"
1115,3,2015-06-24,5463,391,1,0,"0","0"
1,2,2015-06-23,3762,447,1,0,"0","0"
2,2,2015-06-23,4094,512,1,0,"0","0"
3,2,2015-06-23,6757,779,1,0,"0","0"
4,2,2015-06-23,7635,1118,1,0,"0","0"
5,2,2015-06-23,3697,475,1,0,"0","0"
6,2,2015-06-23,3829,486,1,0,"0","0"
7,2,2015-06-23,7861,969,1,0,"0","0"
8,2,2015-06-23,5501,759,1,0,"0","0"
9,2,2015-06-23,5714,550,1,0,"0","0"
10,2,2015-06-23,5244,586,1,0,"0","0"
11,2,2015-06-23,6003,938,1,0,"0","0"
12,2,2015-06-23,6046,796,1,0,"0","0"
13,2,2015-06-23,3681,286,1,0,"0","0"
14,2,2015-06-23,5346,599,1,0,"0","0"
15,2,2015-06-23,5143,566,1,0,"0","0"
16,2,2015-06-23,7392,866,1,0,"0","0"
17,2,2015-06-23,5203,689,1,0,"0","0"
18,2,2015-06-23,5755,665,1,0,"0","0"
19,2,2015-06-23,6162,606,1,0,"0","0"
20,2,2015-06-23,8512,918,1,0,"0","0"
21,2,2015-06-23,3981,377,1,0,"0","0"
22,2,2015-06-23,4132,505,1,0,"0","0"
23,2,2015-06-23,3913,367,1,0,"0","0"
24,2,2015-06-23,7483,697,1,0,"0","0"
25,2,2015-06-23,9788,1439,1,0,"0","0"
26,2,2015-06-23,5306,468,1,0,"0","0"
27,2,2015-06-23,8175,951,1,0,"0","0"
28,2,2015-06-23,3791,466,1,0,"0","0"
29,2,2015-06-23,6875,575,1,0,"0","0"
30,2,2015-06-23,3584,581,1,0,"0","0"
31,2,2015-06-23,4327,438,1,0,"0","0"
32,2,2015-06-23,3752,458,1,0,"0","0"
33,2,2015-06-23,7170,684,1,0,"0","0"
34,2,2015-06-23,6324,847,1,0,"0","0"
35,2,2015-06-23,8659,700,1,0,"0","0"
36,2,2015-06-23,8768,981,1,0,"0","0"
37,2,2015-06-23,4368,536,1,0,"0","0"
38,2,2015-06-23,4229,405,1,0,"0","0"
39,2,2015-06-23,3573,479,1,0,"0","0"
40,2,2015-06-23,3798,561,1,0,"0","0"
41,2,2015-06-23,4926,377,1,0,"0","0"
42,2,2015-06-23,8742,949,1,0,"0","0"
43,2,2015-06-23,5903,555,1,0,"0","0"
44,2,2015-06-23,3557,434,1,0,"0","0"
45,2,2015-06-23,3313,282,1,0,"0","0"
46,2,2015-06-23,4160,536,1,0,"0","0"
47,2,2015-06-23,6347,870,1,0,"0","0"
48,2,2015-06-23,2817,330,1,0,"0","0"
49,2,2015-06-23,5629,464,1,0,"0","0"
50,2,2015-06-23,2971,281,1,0,"0","0"
51,2,2015-06-23,4877,394,1,0,"0","0"
52,2,2015-06-23,4941,362,1,0,"0","0"
53,2,2015-06-23,4559,528,1,0,"0","0"
54,2,2015-06-23,5401,526,1,0,"0","0"
55,2,2015-06-23,4221,558,1,0,"0","0"
56,2,2015-06-23,6738,475,1,0,"0","0"
57,2,2015-06-23,6212,641,1,0,"0","0"
58,2,2015-06-23,4880,441,1,0,"0","0"
59,2,2015-06-23,5356,545,1,0,"0","0"
60,2,2015-06-23,7849,710,1,0,"0","0"
61,2,2015-06-23,4204,521,1,0,"0","0"
62,2,2015-06-23,6539,705,1,0,"0","0"
63,2,2015-06-23,4389,452,1,0,"0","0"
64,2,2015-06-23,8250,619,1,0,"0","0"
65,2,2015-06-23,4039,407,1,0,"0","0"
66,2,2015-06-23,4548,424,1,0,"0","0"
67,2,2015-06-23,6428,705,1,0,"0","0"
68,2,2015-06-23,5830,972,1,0,"0","0"
69,2,2015-06-23,8137,1070,1,0,"0","0"
70,2,2015-06-23,5058,568,1,0,"0","0"
71,2,2015-06-23,8006,675,1,0,"0","0"
72,2,2015-06-23,3351,431,1,0,"0","0"
73,2,2015-06-23,4292,506,1,0,"0","0"
74,2,2015-06-23,4984,710,1,0,"0","0"
75,2,2015-06-23,4767,543,1,0,"0","0"
76,2,2015-06-23,7345,738,1,0,"0","0"
77,2,2015-06-23,5619,538,1,0,"0","0"
78,2,2015-06-23,2817,402,1,0,"0","0"
79,2,2015-06-23,4459,533,1,0,"0","0"
80,2,2015-06-23,5376,428,1,0,"0","0"
81,2,2015-06-23,6425,512,1,0,"0","0"
82,2,2015-06-23,7611,791,1,0,"0","0"
83,2,2015-06-23,3469,314,1,0,"0","0"
84,2,2015-06-23,12131,1318,1,0,"0","0"
85,2,2015-06-23,6086,879,1,0,"0","0"
86,2,2015-06-23,3297,445,1,0,"0","0"
87,2,2015-06-23,5118,693,1,0,"0","0"
88,2,2015-06-23,5363,585,1,0,"0","0"
89,2,2015-06-23,5593,632,1,0,"0","0"
90,2,2015-06-23,6813,887,1,0,"0","0"
91,2,2015-06-23,3292,383,1,0,"0","0"
92,2,2015-06-23,4831,437,1,0,"0","0"
93,2,2015-06-23,5043,520,1,0,"0","0"
94,2,2015-06-23,5268,544,1,0,"0","0"
95,2,2015-06-23,6342,799,1,0,"0","0"
96,2,2015-06-23,4862,573,1,0,"0","0"
97,2,2015-06-23,6047,642,1,0,"0","0"
98,2,2015-06-23,4344,398,1,0,"0","0"
99,2,2015-06-23,4034,416,1,0,"0","0"
100,2,2015-06-23,6843,614,1,0,"0","0"
101,2,2015-06-23,5537,648,1,0,"0","0"
102,2,2015-06-23,5270,797,1,0,"0","0"
103,2,2015-06-23,3582,337,1,0,"0","0"
104,2,2015-06-23,8534,1150,1,0,"0","0"
105,2,2015-06-23,4259,583,1,0,"0","0"
106,2,2015-06-23,6815,668,1,0,"0","0"
107,2,2015-06-23,7175,871,1,0,"0","0"
108,2,2015-06-23,9245,719,1,0,"0","0"
109,2,2015-06-23,5284,686,1,0,"0","0"
110,2,2015-06-23,3202,508,1,0,"0","0"
111,2,2015-06-23,4805,460,1,0,"0","0"
112,2,2015-06-23,5955,719,1,0,"0","0"
113,2,2015-06-23,4188,493,1,0,"0","0"
114,2,2015-06-23,3860,483,1,0,"0","0"
115,2,2015-06-23,5908,477,1,0,"0","0"
116,2,2015-06-23,5308,608,1,0,"0","0"
117,2,2015-06-23,2891,428,1,0,"0","0"
118,2,2015-06-23,6067,539,1,0,"0","0"
119,2,2015-06-23,4584,611,1,0,"0","0"
120,2,2015-06-23,5607,565,1,0,"0","0"
121,2,2015-06-23,3603,441,1,0,"0","0"
122,2,2015-06-23,5463,778,1,0,"0","0"
123,2,2015-06-23,7056,888,1,0,"0","0"
124,2,2015-06-23,4981,609,1,0,"0","0"
125,2,2015-06-23,8666,1177,1,0,"0","0"
126,2,2015-06-23,4071,422,1,0,"0","0"
127,2,2015-06-23,3366,513,1,0,"0","0"
128,2,2015-06-23,5906,526,1,0,"0","0"
129,2,2015-06-23,7246,963,1,0,"0","0"
130,2,2015-06-23,4284,515,1,0,"0","0"
131,2,2015-06-23,5083,492,1,0,"0","0"
132,2,2015-06-23,6376,561,1,0,"0","0"
133,2,2015-06-23,5088,638,1,0,"0","0"
134,2,2015-06-23,3944,429,1,0,"0","0"
135,2,2015-06-23,4950,449,1,0,"0","0"
136,2,2015-06-23,4157,370,1,0,"0","0"
137,2,2015-06-23,7578,952,1,0,"0","0"
138,2,2015-06-23,6541,668,1,0,"0","0"
139,2,2015-06-23,5608,466,1,0,"0","0"
140,2,2015-06-23,6181,870,1,0,"0","0"
141,2,2015-06-23,4154,515,1,0,"0","0"
142,2,2015-06-23,3663,476,1,0,"0","0"
143,2,2015-06-23,4291,417,1,0,"0","0"
144,2,2015-06-23,6891,676,1,0,"0","0"
145,2,2015-06-23,6284,1038,1,0,"0","0"
146,2,2015-06-23,6110,600,1,0,"0","0"
147,2,2015-06-23,6400,735,1,0,"0","0"
148,2,2015-06-23,6904,681,1,0,"0","0"
149,2,2015-06-23,4846,475,1,0,"0","0"
150,2,2015-06-23,5346,624,1,0,"0","0"
151,2,2015-06-23,5836,609,1,0,"0","0"
152,2,2015-06-23,4539,541,1,0,"0","0"
153,2,2015-06-23,4449,495,1,0,"0","0"
154,2,2015-06-23,6928,605,1,0,"0","0"
155,2,2015-06-23,5141,555,1,0,"0","0"
156,2,2015-06-23,5158,614,1,0,"0","0"
157,2,2015-06-23,8937,984,1,0,"0","0"
158,2,2015-06-23,5833,411,1,0,"0","0"
159,2,2015-06-23,5547,550,1,0,"0","0"
160,2,2015-06-23,4522,480,1,0,"0","0"
161,2,2015-06-23,6362,775,1,0,"0","0"
162,2,2015-06-23,5790,482,1,0,"0","0"
163,2,2015-06-23,5955,759,1,0,"0","0"
164,2,2015-06-23,5342,593,1,0,"0","0"
165,2,2015-06-23,3321,410,1,0,"0","0"
166,2,2015-06-23,4790,703,1,0,"0","0"
167,2,2015-06-23,7462,933,1,0,"0","0"
168,2,2015-06-23,6760,705,1,0,"0","0"
169,2,2015-06-23,4601,475,1,0,"0","0"
170,2,2015-06-23,3352,418,1,0,"0","0"
171,2,2015-06-23,7400,784,1,0,"0","0"
172,2,2015-06-23,6998,866,1,0,"0","0"
173,2,2015-06-23,5736,773,1,0,"0","0"
174,2,2015-06-23,5561,439,1,0,"0","0"
175,2,2015-06-23,4349,611,1,0,"0","0"
176,2,2015-06-23,4133,545,1,0,"0","0"
177,2,2015-06-23,3575,466,1,0,"0","0"
178,2,2015-06-23,8010,770,1,0,"0","0"
179,2,2015-06-23,5956,842,1,0,"0","0"
180,2,2015-06-23,5209,678,1,0,"0","0"
181,2,2015-06-23,5137,587,1,0,"0","0"
182,2,2015-06-23,3946,352,1,0,"0","0"
183,2,2015-06-23,0,0,0,0,"0","0"
184,2,2015-06-23,4961,486,1,0,"0","0"
185,2,2015-06-23,4718,377,1,0,"0","0"
186,2,2015-06-23,3375,298,1,0,"0","0"
187,2,2015-06-23,5324,730,1,0,"0","0"
188,2,2015-06-23,3664,358,1,0,"0","0"
189,2,2015-06-23,6684,682,1,0,"0","0"
190,2,2015-06-23,6570,651,1,0,"0","0"
191,2,2015-06-23,5922,651,1,0,"0","0"
192,2,2015-06-23,9559,754,1,0,"0","0"
193,2,2015-06-23,3458,554,1,0,"0","0"
194,2,2015-06-23,4029,357,1,0,"0","0"
195,2,2015-06-23,8752,1097,1,0,"0","0"
196,2,2015-06-23,4941,645,1,0,"0","0"
197,2,2015-06-23,4985,700,1,0,"0","0"
198,2,2015-06-23,2298,335,1,0,"0","0"
199,2,2015-06-23,5642,501,1,0,"0","0"
200,2,2015-06-23,7080,856,1,0,"0","0"
201,2,2015-06-23,3825,332,1,0,"0","0"
202,2,2015-06-23,5320,458,1,0,"0","0"
203,2,2015-06-23,5732,775,1,0,"0","0"
204,2,2015-06-23,4636,502,1,0,"0","0"
205,2,2015-06-23,4479,657,1,0,"0","0"
206,2,2015-06-23,6510,751,1,0,"0","0"
207,2,2015-06-23,8943,1118,1,0,"0","0"
208,2,2015-06-23,2577,356,1,0,"0","0"
209,2,2015-06-23,5360,577,1,0,"0","0"
210,2,2015-06-23,2252,267,1,0,"0","0"
211,2,2015-06-23,10647,1299,1,0,"0","0"
212,2,2015-06-23,3549,381,1,0,"0","0"
213,2,2015-06-23,6747,587,1,0,"0","0"
214,2,2015-06-23,7608,578,1,0,"0","0"
215,2,2015-06-23,4823,400,1,0,"0","0"
216,2,2015-06-23,5569,727,1,0,"0","0"
217,2,2015-06-23,3863,574,1,0,"0","0"
218,2,2015-06-23,4799,663,1,0,"0","0"
219,2,2015-06-23,2824,360,1,0,"0","0"
220,2,2015-06-23,3550,551,1,0,"0","0"
221,2,2015-06-23,4800,496,1,0,"0","0"
222,2,2015-06-23,3747,475,1,0,"0","0"
223,2,2015-06-23,5357,612,1,0,"0","0"
224,2,2015-06-23,5460,397,1,0,"0","0"
225,2,2015-06-23,5081,462,1,0,"0","0"
226,2,2015-06-23,5492,628,1,0,"0","0"
227,2,2015-06-23,5762,506,1,0,"0","0"
228,2,2015-06-23,7139,512,1,0,"0","0"
229,2,2015-06-23,6768,590,1,0,"0","0"
230,2,2015-06-23,5353,788,1,0,"0","0"
231,2,2015-06-23,3479,313,1,0,"0","0"
232,2,2015-06-23,2565,239,1,0,"0","0"
233,2,2015-06-23,7645,918,1,0,"0","0"
234,2,2015-06-23,8091,818,1,0,"0","0"
235,2,2015-06-23,3895,380,1,0,"0","0"
236,2,2015-06-23,5021,708,1,0,"0","0"
237,2,2015-06-23,4264,571,1,0,"0","0"
238,2,2015-06-23,6826,1026,1,0,"0","0"
239,2,2015-06-23,3944,388,1,0,"0","0"
240,2,2015-06-23,4062,400,1,0,"0","0"
241,2,2015-06-23,5518,594,1,0,"0","0"
242,2,2015-06-23,2512,252,1,0,"0","0"
243,2,2015-06-23,4754,755,1,0,"0","0"
244,2,2015-06-23,4137,450,1,0,"0","0"
245,2,2015-06-23,7864,1036,1,0,"0","0"
246,2,2015-06-23,5846,861,1,0,"0","0"
247,2,2015-06-23,5525,485,1,0,"0","0"
248,2,2015-06-23,6874,933,1,0,"0","0"
249,2,2015-06-23,4111,454,1,0,"0","0"
250,2,2015-06-23,6014,531,1,0,"0","0"
251,2,2015-06-23,17075,2243,1,0,"0","0"
252,2,2015-06-23,7874,608,1,0,"0","0"
253,2,2015-06-23,3966,536,1,0,"0","0"
254,2,2015-06-23,2625,199,1,0,"0","0"
255,2,2015-06-23,4667,513,1,0,"0","0"
256,2,2015-06-23,6650,905,1,0,"0","0"
257,2,2015-06-23,3957,475,1,0,"0","0"
258,2,2015-06-23,4896,487,1,0,"0","0"
259,2,2015-06-23,12124,2606,1,0,"0","0"
260,2,2015-06-23,5977,828,1,0,"0","0"
261,2,2015-06-23,8133,747,1,0,"0","0"
262,2,2015-06-23,15797,2780,1,0,"0","0"
263,2,2015-06-23,3675,348,1,0,"0","0"
264,2,2015-06-23,4558,697,1,0,"0","0"
265,2,2015-06-23,4190,437,1,0,"0","0"
266,2,2015-06-23,3847,476,1,0,"0","0"
267,2,2015-06-23,5189,737,1,0,"0","0"
268,2,2015-06-23,3646,473,1,0,"0","0"
269,2,2015-06-23,6609,1000,1,0,"0","0"
270,2,2015-06-23,8904,1191,1,0,"0","0"
271,2,2015-06-23,6841,730,1,0,"0","0"
272,2,2015-06-23,5210,583,1,0,"0","0"
273,2,2015-06-23,6490,659,1,0,"0","0"
274,2,2015-06-23,4911,1150,1,0,"0","0"
275,2,2015-06-23,4418,550,1,0,"0","0"
276,2,2015-06-23,2849,459,1,0,"0","0"
277,2,2015-06-23,4827,448,1,0,"0","0"
278,2,2015-06-23,5666,678,1,0,"0","0"
279,2,2015-06-23,7330,589,1,0,"0","0"
280,2,2015-06-23,4693,437,1,0,"0","0"
281,2,2015-06-23,4516,440,1,0,"0","0"
282,2,2015-06-23,3606,614,1,0,"0","0"
283,2,2015-06-23,6315,662,1,0,"0","0"
284,2,2015-06-23,4360,385,1,0,"0","0"
285,2,2015-06-23,4639,428,1,0,"0","0"
286,2,2015-06-23,2866,322,1,0,"0","0"
287,2,2015-06-23,6713,743,1,0,"0","0"
288,2,2015-06-23,4028,320,1,0,"0","0"
289,2,2015-06-23,4639,428,1,0,"0","0"
290,2,2015-06-23,6517,641,1,0,"0","0"
291,2,2015-06-23,6331,716,1,0,"0","0"
292,2,2015-06-23,5054,682,1,0,"0","0"
293,2,2015-06-23,4152,602,1,0,"0","0"
294,2,2015-06-23,5290,712,1,0,"0","0"
295,2,2015-06-23,4472,625,1,0,"0","0"
296,2,2015-06-23,5562,677,1,0,"0","0"
297,2,2015-06-23,5678,645,1,0,"0","0"
298,2,2015-06-23,6705,538,1,0,"0","0"
299,2,2015-06-23,5810,692,1,0,"0","0"
300,2,2015-06-23,6088,835,1,0,"0","0"
301,2,2015-06-23,4995,551,1,0,"0","0"
302,2,2015-06-23,2368,230,1,0,"0","0"
303,2,2015-06-23,4783,559,1,0,"0","0"
304,2,2015-06-23,4927,903,1,0,"0","0"
305,2,2015-06-23,4483,446,1,0,"0","0"
306,2,2015-06-23,4262,452,1,0,"0","0"
307,2,2015-06-23,1838,292,1,0,"0","0"
308,2,2015-06-23,8010,828,1,0,"0","0"
309,2,2015-06-23,5539,502,1,0,"0","0"
310,2,2015-06-23,6792,616,1,0,"0","0"
311,2,2015-06-23,5511,769,1,0,"0","0"
312,2,2015-06-23,3514,394,1,0,"0","0"
313,2,2015-06-23,5357,568,1,0,"0","0"
314,2,2015-06-23,3755,490,1,0,"0","0"
315,2,2015-06-23,3077,371,1,0,"0","0"
316,2,2015-06-23,8673,779,1,0,"0","0"
317,2,2015-06-23,4303,491,1,0,"0","0"
318,2,2015-06-23,5558,505,1,0,"0","0"
319,2,2015-06-23,5939,668,1,0,"0","0"
320,2,2015-06-23,12314,1883,1,0,"0","0"
321,2,2015-06-23,5241,506,1,0,"0","0"
322,2,2015-06-23,4857,565,1,0,"0","0"
323,2,2015-06-23,6260,528,1,0,"0","0"
324,2,2015-06-23,4348,636,1,0,"0","0"
325,2,2015-06-23,4892,514,1,0,"0","0"
326,2,2015-06-23,3766,345,1,0,"0","0"
327,2,2015-06-23,6848,847,1,0,"0","0"
328,2,2015-06-23,3464,444,1,0,"0","0"
329,2,2015-06-23,6147,555,1,0,"0","0"
330,2,2015-06-23,3553,377,1,0,"0","0"
331,2,2015-06-23,4897,681,1,0,"0","0"
332,2,2015-06-23,3320,503,1,0,"0","0"
333,2,2015-06-23,8435,1189,1,0,"0","0"
334,2,2015-06-23,4166,477,1,0,"0","0"
335,2,2015-06-23,14071,2521,1,0,"0","0"
336,2,2015-06-23,10824,1745,1,0,"0","0"
337,2,2015-06-23,3666,313,1,0,"0","0"
338,2,2015-06-23,5399,530,1,0,"0","0"
339,2,2015-06-23,4294,587,1,0,"0","0"
340,2,2015-06-23,5567,659,1,0,"0","0"
341,2,2015-06-23,4544,646,1,0,"0","0"
342,2,2015-06-23,9702,759,1,0,"0","0"
343,2,2015-06-23,6624,656,1,0,"0","0"
344,2,2015-06-23,8018,1139,1,0,"0","0"
345,2,2015-06-23,3759,481,1,0,"0","0"
346,2,2015-06-23,6560,594,1,0,"0","0"
347,2,2015-06-23,6244,351,1,0,"0","0"
348,2,2015-06-23,8004,703,1,0,"0","0"
349,2,2015-06-23,7425,721,1,0,"0","0"
350,2,2015-06-23,4995,399,1,0,"0","0"
351,2,2015-06-23,4581,385,1,0,"0","0"
352,2,2015-06-23,4553,501,1,0,"0","0"
353,2,2015-06-23,5893,1563,1,0,"0","0"
354,2,2015-06-23,6920,582,1,0,"0","0"
355,2,2015-06-23,7347,992,1,0,"0","0"
356,2,2015-06-23,5059,397,1,0,"0","0"
357,2,2015-06-23,5763,837,1,0,"0","0"
358,2,2015-06-23,8139,894,1,0,"0","0"
359,2,2015-06-23,4647,477,1,0,"0","0"
360,2,2015-06-23,4841,567,1,0,"0","0"
361,2,2015-06-23,4143,475,1,0,"0","0"
362,2,2015-06-23,8291,1094,1,0,"0","0"
363,2,2015-06-23,5348,775,1,0,"0","0"
364,2,2015-06-23,4443,641,1,0,"0","0"
365,2,2015-06-23,3614,467,1,0,"0","0"
366,2,2015-06-23,4476,515,1,0,"0","0"
367,2,2015-06-23,3836,450,1,0,"0","0"
368,2,2015-06-23,6851,545,1,0,"0","0"
369,2,2015-06-23,4549,425,1,0,"0","0"
370,2,2015-06-23,6021,494,1,0,"0","0"
371,2,2015-06-23,4444,367,1,0,"0","0"
372,2,2015-06-23,7899,689,1,0,"0","0"
373,2,2015-06-23,3609,246,1,0,"0","0"
374,2,2015-06-23,5518,687,1,0,"0","0"
375,2,2015-06-23,6970,684,1,0,"0","0"
376,2,2015-06-23,5341,695,1,0,"0","0"
377,2,2015-06-23,7012,945,1,0,"0","0"
378,2,2015-06-23,5641,914,1,0,"0","0"
379,2,2015-06-23,2727,375,1,0,"0","0"
380,2,2015-06-23,11075,1078,1,0,"0","0"
381,2,2015-06-23,7318,861,1,0,"0","0"
382,2,2015-06-23,5801,484,1,0,"0","0"
383,2,2015-06-23,13374,1768,1,0,"0","0"
384,2,2015-06-23,8733,995,1,0,"0","0"
385,2,2015-06-23,5088,502,1,0,"0","0"
386,2,2015-06-23,6018,522,1,0,"0","0"
387,2,2015-06-23,7296,1017,1,0,"0","0"
388,2,2015-06-23,8269,929,1,0,"0","0"
389,2,2015-06-23,10085,1252,1,0,"0","0"
390,2,2015-06-23,8343,759,1,0,"0","0"
391,2,2015-06-23,4986,655,1,0,"0","0"
392,2,2015-06-23,6383,678,1,0,"0","0"
393,2,2015-06-23,4429,489,1,0,"0","0"
394,2,2015-06-23,6412,542,1,0,"0","0"
395,2,2015-06-23,3363,470,1,0,"0","0"
396,2,2015-06-23,8292,955,1,0,"0","0"
397,2,2015-06-23,4660,621,1,0,"0","0"
398,2,2015-06-23,3791,485,1,0,"0","0"
399,2,2015-06-23,5214,571,1,0,"0","0"
400,2,2015-06-23,7515,1113,1,0,"0","0"
401,2,2015-06-23,6557,673,1,0,"0","0"
402,2,2015-06-23,4415,509,1,0,"0","0"
403,2,2015-06-23,7082,721,1,0,"0","0"
404,2,2015-06-23,4413,589,1,0,"0","0"
405,2,2015-06-23,3383,405,1,0,"0","0"
406,2,2015-06-23,5434,434,1,0,"0","0"
407,2,2015-06-23,3196,274,1,0,"0","0"
408,2,2015-06-23,3646,405,1,0,"0","0"
409,2,2015-06-23,5691,554,1,0,"0","0"
410,2,2015-06-23,4302,604,1,0,"0","0"
411,2,2015-06-23,6537,559,1,0,"0","0"
412,2,2015-06-23,7516,590,1,0,"0","0"
413,2,2015-06-23,5950,866,1,0,"0","0"
414,2,2015-06-23,5340,389,1,0,"0","0"
415,2,2015-06-23,4989,444,1,0,"0","0"
416,2,2015-06-23,9531,1315,1,0,"0","0"
417,2,2015-06-23,5120,608,1,0,"0","0"
418,2,2015-06-23,4044,485,1,0,"0","0"
419,2,2015-06-23,3765,641,1,0,"0","0"
420,2,2015-06-23,4653,412,1,0,"0","0"
421,2,2015-06-23,5711,659,1,0,"0","0"
422,2,2015-06-23,3724,435,1,0,"0","0"
423,2,2015-06-23,10195,1951,1,0,"0","0"
424,2,2015-06-23,6369,740,1,0,"0","0"
425,2,2015-06-23,3078,424,1,0,"0","0"
426,2,2015-06-23,4126,559,1,0,"0","0"
427,2,2015-06-23,5466,625,1,0,"0","0"
428,2,2015-06-23,5289,451,1,0,"0","0"
429,2,2015-06-23,3987,360,1,0,"0","0"
430,2,2015-06-23,6430,566,1,0,"0","0"
431,2,2015-06-23,8488,852,1,0,"0","0"
432,2,2015-06-23,11048,1624,1,0,"0","0"
433,2,2015-06-23,4967,665,1,0,"0","0"
434,2,2015-06-23,7959,617,1,0,"0","0"
435,2,2015-06-23,3250,383,1,0,"0","0"
436,2,2015-06-23,4286,506,1,0,"0","0"
437,2,2015-06-23,4868,492,1,0,"0","0"
438,2,2015-06-23,4779,509,1,0,"0","0"
439,2,2015-06-23,4599,622,1,0,"0","0"
440,2,2015-06-23,4352,571,1,0,"0","0"
441,2,2015-06-23,5286,631,1,0,"0","0"
442,2,2015-06-23,2814,353,1,0,"0","0"
443,2,2015-06-23,4002,392,1,0,"0","0"
444,2,2015-06-23,9306,1104,1,0,"0","0"
445,2,2015-06-23,7248,1018,1,0,"0","0"
446,2,2015-06-23,3586,505,1,0,"0","0"
447,2,2015-06-23,4690,581,1,0,"0","0"
448,2,2015-06-23,6601,624,1,0,"0","0"
449,2,2015-06-23,9095,1360,1,0,"0","0"
450,2,2015-06-23,6215,860,1,0,"0","0"
451,2,2015-06-23,5132,410,1,0,"0","0"
452,2,2015-06-23,3384,382,1,0,"0","0"
453,2,2015-06-23,8046,989,1,0,"0","0"
454,2,2015-06-23,4657,640,1,0,"0","0"
455,2,2015-06-23,5854,384,1,0,"0","0"
456,2,2015-06-23,4499,730,1,0,"0","0"
457,2,2015-06-23,4119,379,1,0,"0","0"
458,2,2015-06-23,5712,559,1,0,"0","0"
459,2,2015-06-23,6656,980,1,0,"0","0"
460,2,2015-06-23,3029,335,1,0,"0","0"
461,2,2015-06-23,3765,405,1,0,"0","0"
462,2,2015-06-23,3980,563,1,0,"0","0"
463,2,2015-06-23,5585,979,1,0,"0","0"
464,2,2015-06-23,9176,1152,1,0,"0","0"
465,2,2015-06-23,5263,458,1,0,"0","0"
466,2,2015-06-23,6149,651,1,0,"0","0"
467,2,2015-06-23,12396,1545,1,0,"0","0"
468,2,2015-06-23,4119,491,1,0,"0","0"
469,2,2015-06-23,7772,1109,1,0,"0","0"
470,2,2015-06-23,9398,1295,1,0,"0","0"
471,2,2015-06-23,5818,490,1,0,"0","0"
472,2,2015-06-23,4233,606,1,0,"0","0"
473,2,2015-06-23,2904,418,1,0,"0","0"
474,2,2015-06-23,6030,628,1,0,"0","0"
475,2,2015-06-23,4356,736,1,0,"0","0"
476,2,2015-06-23,4666,587,1,0,"0","0"
477,2,2015-06-23,5226,379,1,0,"0","0"
478,2,2015-06-23,4119,502,1,0,"0","0"
479,2,2015-06-23,10263,1285,1,0,"0","0"
480,2,2015-06-23,3991,555,1,0,"0","0"
481,2,2015-06-23,4742,430,1,0,"0","0"
482,2,2015-06-23,5594,641,1,0,"0","0"
483,2,2015-06-23,4688,670,1,0,"0","0"
484,2,2015-06-23,5711,559,1,0,"0","0"
485,2,2015-06-23,4311,357,1,0,"0","0"
486,2,2015-06-23,3393,439,1,0,"0","0"
487,2,2015-06-23,5579,528,1,0,"0","0"
488,2,2015-06-23,2659,340,1,0,"0","0"
489,2,2015-06-23,6439,625,1,0,"0","0"
490,2,2015-06-23,6349,902,1,0,"0","0"
491,2,2015-06-23,5231,424,1,0,"0","0"
492,2,2015-06-23,6275,961,1,0,"0","0"
493,2,2015-06-23,7567,762,1,0,"0","0"
494,2,2015-06-23,6769,1047,1,0,"0","0"
495,2,2015-06-23,3736,316,1,0,"0","0"
496,2,2015-06-23,5016,605,1,0,"0","0"
497,2,2015-06-23,7651,1005,1,0,"0","0"
498,2,2015-06-23,5686,769,1,0,"0","0"
499,2,2015-06-23,4551,686,1,0,"0","0"
500,2,2015-06-23,5697,418,1,0,"0","0"
501,2,2015-06-23,3785,475,1,0,"0","0"
502,2,2015-06-23,8442,1302,1,0,"0","0"
503,2,2015-06-23,4579,361,1,0,"0","0"
504,2,2015-06-23,5569,828,1,0,"0","0"
505,2,2015-06-23,4764,667,1,0,"0","0"
506,2,2015-06-23,5605,685,1,0,"0","0"
507,2,2015-06-23,6315,528,1,0,"0","0"
508,2,2015-06-23,5953,576,1,0,"0","0"
509,2,2015-06-23,5028,475,1,0,"0","0"
510,2,2015-06-23,7549,772,1,0,"0","0"
511,2,2015-06-23,5362,737,1,0,"0","0"
512,2,2015-06-23,5597,1398,1,0,"0","0"
513,2,2015-06-23,12127,1527,1,0,"0","0"
514,2,2015-06-23,4963,559,1,0,"0","0"
515,2,2015-06-23,6939,592,1,0,"0","0"
516,2,2015-06-23,5076,710,1,0,"0","0"
517,2,2015-06-23,4900,578,1,0,"0","0"
518,2,2015-06-23,4631,398,1,0,"0","0"
519,2,2015-06-23,3568,393,1,0,"0","0"
520,2,2015-06-23,3633,421,1,0,"0","0"
521,2,2015-06-23,3491,324,1,0,"0","0"
522,2,2015-06-23,6797,582,1,0,"0","0"
523,2,2015-06-23,12280,1493,1,0,"0","0"
524,2,2015-06-23,7175,847,1,0,"0","0"
525,2,2015-06-23,6440,570,1,0,"0","0"
526,2,2015-06-23,8593,1323,1,0,"0","0"
527,2,2015-06-23,9396,941,1,0,"0","0"
528,2,2015-06-23,8101,786,1,0,"0","0"
529,2,2015-06-23,6491,662,1,0,"0","0"
530,2,2015-06-23,5032,859,1,0,"0","0"
531,2,2015-06-23,4525,563,1,0,"0","0"
532,2,2015-06-23,10590,1292,1,0,"0","0"
533,2,2015-06-23,8953,870,1,0,"0","0"
534,2,2015-06-23,5081,411,1,0,"0","0"
535,2,2015-06-23,6921,831,1,0,"0","0"
536,2,2015-06-23,7207,796,1,0,"0","0"
537,2,2015-06-23,5126,574,1,0,"0","0"
538,2,2015-06-23,3239,576,1,0,"0","0"
539,2,2015-06-23,9240,1016,1,0,"0","0"
540,2,2015-06-23,5484,412,1,0,"0","0"
541,2,2015-06-23,5823,752,1,0,"0","0"
542,2,2015-06-23,4719,438,1,0,"0","0"
543,2,2015-06-23,2048,196,1,0,"0","0"
544,2,2015-06-23,12063,1655,1,0,"0","0"
545,2,2015-06-23,8488,848,1,0,"0","0"
546,2,2015-06-23,12028,1395,1,0,"0","0"
547,2,2015-06-23,4751,426,1,0,"0","0"
548,2,2015-06-23,3931,335,1,0,"0","0"
549,2,2015-06-23,4911,565,1,0,"0","0"
550,2,2015-06-23,3821,319,1,0,"0","0"
551,2,2015-06-23,5874,966,1,0,"0","0"
552,2,2015-06-23,5702,610,1,0,"0","0"
553,2,2015-06-23,5455,511,1,0,"0","0"
554,2,2015-06-23,4896,662,1,0,"0","0"
555,2,2015-06-23,3294,339,1,0,"0","0"
556,2,2015-06-23,5129,588,1,0,"0","0"
557,2,2015-06-23,3156,491,1,0,"0","0"
558,2,2015-06-23,2641,413,1,0,"0","0"
559,2,2015-06-23,4236,579,1,0,"0","0"
560,2,2015-06-23,11101,1347,1,0,"0","0"
561,2,2015-06-23,5809,575,1,0,"0","0"
562,2,2015-06-23,15113,2775,1,0,"0","0"
563,2,2015-06-23,3876,499,1,0,"0","0"
564,2,2015-06-23,5298,454,1,0,"0","0"
565,2,2015-06-23,5445,676,1,0,"0","0"
566,2,2015-06-23,4116,515,1,0,"0","0"
567,2,2015-06-23,4286,625,1,0,"0","0"
568,2,2015-06-23,4257,389,1,0,"0","0"
569,2,2015-06-23,4584,677,1,0,"0","0"
570,2,2015-06-23,3257,522,1,0,"0","0"
571,2,2015-06-23,6614,506,1,0,"0","0"
572,2,2015-06-23,5823,513,1,0,"0","0"
573,2,2015-06-23,2991,283,1,0,"0","0"
574,2,2015-06-23,6274,493,1,0,"0","0"
575,2,2015-06-23,3800,390,1,0,"0","0"
576,2,2015-06-23,4158,625,1,0,"0","0"
577,2,2015-06-23,3624,486,1,0,"0","0"
578,2,2015-06-23,7955,762,1,0,"0","0"
579,2,2015-06-23,6073,708,1,0,"0","0"
580,2,2015-06-23,8594,1719,1,0,"0","0"
581,2,2015-06-23,4052,524,1,0,"0","0"
582,2,2015-06-23,5287,750,1,0,"0","0"
583,2,2015-06-23,3439,361,1,0,"0","0"
584,2,2015-06-23,3853,355,1,0,"0","0"
585,2,2015-06-23,3461,676,1,0,"0","0"
586,2,2015-06-23,12068,2002,1,0,"0","0"
587,2,2015-06-23,7968,595,1,0,"0","0"
588,2,2015-06-23,4932,623,1,0,"0","0"
589,2,2015-06-23,3860,453,1,0,"0","0"
590,2,2015-06-23,3642,305,1,0,"0","0"
591,2,2015-06-23,4694,464,1,0,"0","0"
592,2,2015-06-23,3901,503,1,0,"0","0"
593,2,2015-06-23,7229,1070,1,0,"0","0"
594,2,2015-06-23,2893,369,1,0,"0","0"
595,2,2015-06-23,11603,1498,1,0,"0","0"
596,2,2015-06-23,3641,623,1,0,"0","0"
597,2,2015-06-23,4868,725,1,0,"0","0"
598,2,2015-06-23,4842,694,1,0,"0","0"
599,2,2015-06-23,7242,651,1,0,"0","0"
600,2,2015-06-23,5114,496,1,0,"0","0"
601,2,2015-06-23,3892,319,1,0,"0","0"
602,2,2015-06-23,5045,522,1,0,"0","0"
603,2,2015-06-23,5921,911,1,0,"0","0"
604,2,2015-06-23,5354,418,1,0,"0","0"
605,2,2015-06-23,5343,408,1,0,"0","0"
606,2,2015-06-23,4030,432,1,0,"0","0"
607,2,2015-06-23,2918,340,1,0,"0","0"
608,2,2015-06-23,8576,915,1,0,"0","0"
609,2,2015-06-23,4030,441,1,0,"0","0"
610,2,2015-06-23,3274,442,1,0,"0","0"
611,2,2015-06-23,5861,481,1,0,"0","0"
612,2,2015-06-23,4446,307,1,0,"0","0"
613,2,2015-06-23,5432,862,1,0,"0","0"
614,2,2015-06-23,5317,799,1,0,"0","0"
615,2,2015-06-23,7260,1033,1,0,"0","0"
616,2,2015-06-23,6548,694,1,0,"0","0"
617,2,2015-06-23,6247,564,1,0,"0","0"
618,2,2015-06-23,5368,428,1,0,"0","0"
619,2,2015-06-23,3453,366,1,0,"0","0"
620,2,2015-06-23,6382,646,1,0,"0","0"
621,2,2015-06-23,4808,726,1,0,"0","0"
622,2,2015-06-23,3843,418,1,0,"0","0"
623,2,2015-06-23,6490,789,1,0,"0","0"
624,2,2015-06-23,5556,559,1,0,"0","0"
625,2,2015-06-23,5876,535,1,0,"0","0"
626,2,2015-06-23,7034,647,1,0,"0","0"
627,2,2015-06-23,4810,558,1,0,"0","0"
628,2,2015-06-23,4675,671,1,0,"0","0"
629,2,2015-06-23,5535,442,1,0,"0","0"
630,2,2015-06-23,5469,725,1,0,"0","0"
631,2,2015-06-23,4686,625,1,0,"0","0"
632,2,2015-06-23,6286,853,1,0,"0","0"
633,2,2015-06-23,5919,478,1,0,"0","0"
634,2,2015-06-23,5160,544,1,0,"0","0"
635,2,2015-06-23,5356,544,1,0,"0","0"
636,2,2015-06-23,4675,598,1,0,"0","0"
637,2,2015-06-23,7660,694,1,0,"0","0"
638,2,2015-06-23,4866,444,1,0,"0","0"
639,2,2015-06-23,3678,417,1,0,"0","0"
640,2,2015-06-23,9515,757,1,0,"0","0"
641,2,2015-06-23,4350,421,1,0,"0","0"
642,2,2015-06-23,3307,458,1,0,"0","0"
643,2,2015-06-23,6499,947,1,0,"0","0"
644,2,2015-06-23,6790,789,1,0,"0","0"
645,2,2015-06-23,7927,1032,1,0,"0","0"
646,2,2015-06-23,4536,671,1,0,"0","0"
647,2,2015-06-23,4283,566,1,0,"0","0"
648,2,2015-06-23,4849,439,1,0,"0","0"
649,2,2015-06-23,2861,330,1,0,"0","0"
650,2,2015-06-23,4892,549,1,0,"0","0"
651,2,2015-06-23,6412,759,1,0,"0","0"
652,2,2015-06-23,4322,535,1,0,"0","0"
653,2,2015-06-23,5152,448,1,0,"0","0"
654,2,2015-06-23,5873,667,1,0,"0","0"
655,2,2015-06-23,6048,577,1,0,"0","0"
656,2,2015-06-23,2845,337,1,0,"0","0"
657,2,2015-06-23,4108,551,1,0,"0","0"
658,2,2015-06-23,4735,553,1,0,"0","0"
659,2,2015-06-23,4703,661,1,0,"0","0"
660,2,2015-06-23,4383,488,1,0,"0","0"
661,2,2015-06-23,5958,542,1,0,"0","0"
662,2,2015-06-23,5907,637,1,0,"0","0"
663,2,2015-06-23,4867,673,1,0,"0","0"
664,2,2015-06-23,4089,493,1,0,"0","0"
665,2,2015-06-23,6455,1075,1,0,"0","0"
666,2,2015-06-23,4730,471,1,0,"0","0"
667,2,2015-06-23,6277,613,1,0,"0","0"
668,2,2015-06-23,6751,926,1,0,"0","0"
669,2,2015-06-23,3684,326,1,0,"0","0"
670,2,2015-06-23,5738,654,1,0,"0","0"
671,2,2015-06-23,6176,645,1,0,"0","0"
672,2,2015-06-23,7320,1122,1,0,"0","0"
673,2,2015-06-23,5878,521,1,0,"0","0"
674,2,2015-06-23,6962,809,1,0,"0","0"
675,2,2015-06-23,3196,353,1,0,"0","0"
676,2,2015-06-23,8195,1946,1,0,"0","0"
677,2,2015-06-23,4937,431,1,0,"0","0"
678,2,2015-06-23,6349,751,1,0,"0","0"
679,2,2015-06-23,6757,742,1,0,"0","0"
680,2,2015-06-23,3550,612,1,0,"0","0"
681,2,2015-06-23,3508,497,1,0,"0","0"
682,2,2015-06-23,12190,2003,1,0,"0","0"
683,2,2015-06-23,6744,670,1,0,"0","0"
684,2,2015-06-23,6342,539,1,0,"0","0"
685,2,2015-06-23,4784,469,1,0,"0","0"
686,2,2015-06-23,5254,685,1,0,"0","0"
687,2,2015-06-23,7848,687,1,0,"0","0"
688,2,2015-06-23,3085,329,1,0,"0","0"
689,2,2015-06-23,5378,582,1,0,"0","0"
690,2,2015-06-23,4564,712,1,0,"0","0"
691,2,2015-06-23,5979,472,1,0,"0","0"
692,2,2015-06-23,6613,730,1,0,"0","0"
693,2,2015-06-23,4105,373,1,0,"0","0"
694,2,2015-06-23,6282,668,1,0,"0","0"
695,2,2015-06-23,4587,430,1,0,"0","0"
696,2,2015-06-23,6572,914,1,0,"0","0"
697,2,2015-06-23,9071,855,1,0,"0","0"
698,2,2015-06-23,14064,1759,1,0,"0","0"
699,2,2015-06-23,6607,816,1,0,"0","0"
700,2,2015-06-23,3855,523,1,0,"0","0"
701,2,2015-06-23,4289,514,1,0,"0","0"
702,2,2015-06-23,3278,277,1,0,"0","0"
703,2,2015-06-23,3069,324,1,0,"0","0"
704,2,2015-06-23,8534,917,1,0,"0","0"
705,2,2015-06-23,5482,694,1,0,"0","0"
706,2,2015-06-23,4057,408,1,0,"0","0"
707,2,2015-06-23,7166,861,1,0,"0","0"
708,2,2015-06-23,4894,482,1,0,"0","0"
709,2,2015-06-23,9348,1394,1,0,"0","0"
710,2,2015-06-23,3276,309,1,0,"0","0"
711,2,2015-06-23,5035,453,1,0,"0","0"
712,2,2015-06-23,5018,549,1,0,"0","0"
713,2,2015-06-23,6346,855,1,0,"0","0"
714,2,2015-06-23,4056,292,1,0,"0","0"
715,2,2015-06-23,4699,534,1,0,"0","0"
716,2,2015-06-23,4235,376,1,0,"0","0"
717,2,2015-06-23,3830,466,1,0,"0","0"
718,2,2015-06-23,6126,703,1,0,"0","0"
719,2,2015-06-23,4195,398,1,0,"0","0"
720,2,2015-06-23,5013,545,1,0,"0","0"
721,2,2015-06-23,6344,650,1,0,"0","0"
722,2,2015-06-23,6382,1136,1,0,"0","0"
723,2,2015-06-23,5568,485,1,0,"0","0"
724,2,2015-06-23,6448,619,1,0,"0","0"
725,2,2015-06-23,4478,494,1,0,"0","0"
726,2,2015-06-23,9027,934,1,0,"0","0"
727,2,2015-06-23,3751,388,1,0,"0","0"
728,2,2015-06-23,3806,361,1,0,"0","0"
729,2,2015-06-23,9491,988,1,0,"0","0"
730,2,2015-06-23,4616,667,1,0,"0","0"
731,2,2015-06-23,7635,838,1,0,"0","0"
732,2,2015-06-23,5818,730,1,0,"0","0"
733,2,2015-06-23,13682,3177,1,0,"0","0"
734,2,2015-06-23,4522,475,1,0,"0","0"
735,2,2015-06-23,4680,507,1,0,"0","0"
736,2,2015-06-23,3940,417,1,0,"0","0"
737,2,2015-06-23,4641,748,1,0,"0","0"
738,2,2015-06-23,7642,641,1,0,"0","0"
739,2,2015-06-23,7959,673,1,0,"0","0"
740,2,2015-06-23,5871,457,1,0,"0","0"
741,2,2015-06-23,6789,893,1,0,"0","0"
742,2,2015-06-23,7034,766,1,0,"0","0"
743,2,2015-06-23,3213,366,1,0,"0","0"
744,2,2015-06-23,6260,750,1,0,"0","0"
745,2,2015-06-23,5827,578,1,0,"0","0"
746,2,2015-06-23,4778,461,1,0,"0","0"
747,2,2015-06-23,6496,613,1,0,"0","0"
748,2,2015-06-23,4414,367,1,0,"0","0"
749,2,2015-06-23,3625,520,1,0,"0","0"
750,2,2015-06-23,3874,340,1,0,"0","0"
751,2,2015-06-23,3859,567,1,0,"0","0"
752,2,2015-06-23,4052,348,1,0,"0","0"
753,2,2015-06-23,6597,637,1,0,"0","0"
754,2,2015-06-23,5714,783,1,0,"0","0"
755,2,2015-06-23,9195,828,1,0,"0","0"
756,2,2015-06-23,12554,1869,1,0,"0","0"
757,2,2015-06-23,5663,508,1,0,"0","0"
758,2,2015-06-23,4161,586,1,0,"0","0"
759,2,2015-06-23,4882,584,1,0,"0","0"
760,2,2015-06-23,6917,1108,1,0,"0","0"
761,2,2015-06-23,6482,768,1,0,"0","0"
762,2,2015-06-23,2905,337,1,0,"0","0"
763,2,2015-06-23,4631,464,1,0,"0","0"
764,2,2015-06-23,3480,376,1,0,"0","0"
765,2,2015-06-23,7298,714,1,0,"0","0"
766,2,2015-06-23,4723,480,1,0,"0","0"
767,2,2015-06-23,4751,522,1,0,"0","0"
768,2,2015-06-23,9996,1150,1,0,"0","0"
769,2,2015-06-23,11138,3314,1,0,"0","0"
770,2,2015-06-23,3866,464,1,0,"0","0"
771,2,2015-06-23,5530,622,1,0,"0","0"
772,2,2015-06-23,3242,461,1,0,"0","0"
773,2,2015-06-23,4686,710,1,0,"0","0"
774,2,2015-06-23,4679,645,1,0,"0","0"
775,2,2015-06-23,6651,528,1,0,"0","0"
776,2,2015-06-23,4063,466,1,0,"0","0"
777,2,2015-06-23,3437,312,1,0,"0","0"
778,2,2015-06-23,5071,727,1,0,"0","0"
779,2,2015-06-23,6266,698,1,0,"0","0"
780,2,2015-06-23,6073,872,1,0,"0","0"
781,2,2015-06-23,3961,588,1,0,"0","0"
782,2,2015-06-23,4572,442,1,0,"0","0"
783,2,2015-06-23,5440,558,1,0,"0","0"
784,2,2015-06-23,6194,705,1,0,"0","0"
785,2,2015-06-23,5658,480,1,0,"0","0"
786,2,2015-06-23,3150,534,1,0,"0","0"
787,2,2015-06-23,9259,1067,1,0,"0","0"
788,2,2015-06-23,13394,1400,1,0,"0","0"
789,2,2015-06-23,4029,537,1,0,"0","0"
790,2,2015-06-23,6571,564,1,0,"0","0"
791,2,2015-06-23,6712,764,1,0,"0","0"
792,2,2015-06-23,5210,566,1,0,"0","0"
793,2,2015-06-23,3548,381,1,0,"0","0"
794,2,2015-06-23,3069,510,1,0,"0","0"
795,2,2015-06-23,3305,352,1,0,"0","0"
796,2,2015-06-23,6944,676,1,0,"0","0"
797,2,2015-06-23,3941,407,1,0,"0","0"
798,2,2015-06-23,5842,839,1,0,"0","0"
799,2,2015-06-23,8330,751,1,0,"0","0"
800,2,2015-06-23,3165,327,1,0,"0","0"
801,2,2015-06-23,3277,351,1,0,"0","0"
802,2,2015-06-23,5395,438,1,0,"0","0"
803,2,2015-06-23,3830,360,1,0,"0","0"
804,2,2015-06-23,4546,421,1,0,"0","0"
805,2,2015-06-23,4450,405,1,0,"0","0"
806,2,2015-06-23,4820,410,1,0,"0","0"
807,2,2015-06-23,7953,912,1,0,"0","0"
808,2,2015-06-23,6705,574,1,0,"0","0"
809,2,2015-06-23,7391,697,1,0,"0","0"
810,2,2015-06-23,4386,383,1,0,"0","0"
811,2,2015-06-23,3196,624,1,0,"0","0"
812,2,2015-06-23,5772,673,1,0,"0","0"
813,2,2015-06-23,5335,609,1,0,"0","0"
814,2,2015-06-23,6870,609,1,0,"0","0"
815,2,2015-06-23,5086,550,1,0,"0","0"
816,2,2015-06-23,3904,647,1,0,"0","0"
817,2,2015-06-23,19446,2906,1,0,"0","0"
818,2,2015-06-23,4854,605,1,0,"0","0"
819,2,2015-06-23,5619,506,1,0,"0","0"
820,2,2015-06-23,10307,974,1,0,"0","0"
821,2,2015-06-23,5176,665,1,0,"0","0"
822,2,2015-06-23,4361,400,1,0,"0","0"
823,2,2015-06-23,5292,544,1,0,"0","0"
824,2,2015-06-23,5867,865,1,0,"0","0"
825,2,2015-06-23,4247,545,1,0,"0","0"
826,2,2015-06-23,8402,734,1,0,"0","0"
827,2,2015-06-23,11960,1420,1,0,"0","0"
828,2,2015-06-23,4401,538,1,0,"0","0"
829,2,2015-06-23,3881,576,1,0,"0","0"
830,2,2015-06-23,5418,498,1,0,"0","0"
831,2,2015-06-23,10566,1365,1,0,"0","0"
832,2,2015-06-23,4685,412,1,0,"0","0"
833,2,2015-06-23,3343,385,1,0,"0","0"
834,2,2015-06-23,4048,485,1,0,"0","0"
835,2,2015-06-23,4353,591,1,0,"0","0"
836,2,2015-06-23,4902,654,1,0,"0","0"
837,2,2015-06-23,3288,467,1,0,"0","0"
838,2,2015-06-23,6705,732,1,0,"0","0"
839,2,2015-06-23,2580,401,1,0,"0","0"
840,2,2015-06-23,5599,909,1,0,"0","0"
841,2,2015-06-23,2025,384,1,0,"0","0"
842,2,2015-06-23,15803,1023,1,0,"0","0"
843,2,2015-06-23,7238,896,1,0,"0","0"
844,2,2015-06-23,3556,359,1,0,"0","0"
845,2,2015-06-23,3939,330,1,0,"0","0"
846,2,2015-06-23,8025,828,1,0,"0","0"
847,2,2015-06-23,5890,814,1,0,"0","0"
848,2,2015-06-23,5637,667,1,0,"0","0"
849,2,2015-06-23,6350,705,1,0,"0","0"
850,2,2015-06-23,4549,465,1,0,"0","0"
851,2,2015-06-23,4308,367,1,0,"0","0"
852,2,2015-06-23,3857,529,1,0,"0","0"
853,2,2015-06-23,7328,899,1,0,"0","0"
854,2,2015-06-23,5585,609,1,0,"0","0"
855,2,2015-06-23,4660,560,1,0,"0","0"
856,2,2015-06-23,6028,844,1,0,"0","0"
857,2,2015-06-23,5847,729,1,0,"0","0"
858,2,2015-06-23,4566,403,1,0,"0","0"
859,2,2015-06-23,7114,664,1,0,"0","0"
860,2,2015-06-23,5036,701,1,0,"0","0"
861,2,2015-06-23,3176,458,1,0,"0","0"
862,2,2015-06-23,7160,1016,1,0,"0","0"
863,2,2015-06-23,7329,930,1,0,"0","0"
864,2,2015-06-23,4129,592,1,0,"0","0"
865,2,2015-06-23,6121,539,1,0,"0","0"
866,2,2015-06-23,4682,386,1,0,"0","0"
867,2,2015-06-23,3234,345,1,0,"0","0"
868,2,2015-06-23,8308,550,1,0,"0","0"
869,2,2015-06-23,4796,778,1,0,"0","0"
870,2,2015-06-23,5995,877,1,0,"0","0"
871,2,2015-06-23,4700,383,1,0,"0","0"
872,2,2015-06-23,6419,657,1,0,"0","0"
873,2,2015-06-23,3349,392,1,0,"0","0"
874,2,2015-06-23,3994,456,1,0,"0","0"
875,2,2015-06-23,3347,367,1,0,"0","0"
876,2,2015-06-23,9023,1100,1,0,"0","0"
877,2,2015-06-23,5088,786,1,0,"0","0"
878,2,2015-06-23,6725,677,1,0,"0","0"
879,2,2015-06-23,2892,276,1,0,"0","0"
880,2,2015-06-23,6971,784,1,0,"0","0"
881,2,2015-06-23,3032,461,1,0,"0","0"
882,2,2015-06-23,5012,670,1,0,"0","0"
883,2,2015-06-23,4603,491,1,0,"0","0"
884,2,2015-06-23,4653,485,1,0,"0","0"
885,2,2015-06-23,5334,704,1,0,"0","0"
886,2,2015-06-23,7075,674,1,0,"0","0"
887,2,2015-06-23,5456,495,1,0,"0","0"
888,2,2015-06-23,6275,634,1,0,"0","0"
889,2,2015-06-23,3870,410,1,0,"0","0"
890,2,2015-06-23,4823,380,1,0,"0","0"
891,2,2015-06-23,5617,775,1,0,"0","0"
892,2,2015-06-23,6512,719,1,0,"0","0"
893,2,2015-06-23,5119,721,1,0,"0","0"
894,2,2015-06-23,6659,831,1,0,"0","0"
895,2,2015-06-23,7829,798,1,0,"0","0"
896,2,2015-06-23,6223,1035,1,0,"0","0"
897,2,2015-06-23,2434,265,1,0,"0","0"
898,2,2015-06-23,5775,747,1,0,"0","0"
899,2,2015-06-23,5128,566,1,0,"0","0"
900,2,2015-06-23,6036,565,1,0,"0","0"
901,2,2015-06-23,5475,576,1,0,"0","0"
902,2,2015-06-23,3327,498,1,0,"0","0"
903,2,2015-06-23,9136,666,1,0,"0","0"
904,2,2015-06-23,4464,410,1,0,"0","0"
905,2,2015-06-23,5639,920,1,0,"0","0"
906,2,2015-06-23,9376,1154,1,0,"0","0"
907,2,2015-06-23,5777,815,1,0,"0","0"
908,2,2015-06-23,3210,320,1,0,"0","0"
909,2,2015-06-23,30038,1635,1,0,"0","0"
910,2,2015-06-23,5144,511,1,0,"0","0"
911,2,2015-06-23,8227,801,1,0,"0","0"
912,2,2015-06-23,4225,594,1,0,"0","0"
913,2,2015-06-23,6301,880,1,0,"0","0"
914,2,2015-06-23,8088,1109,1,0,"0","0"
915,2,2015-06-23,5346,392,1,0,"0","0"
916,2,2015-06-23,4743,614,1,0,"0","0"
917,2,2015-06-23,5483,622,1,0,"0","0"
918,2,2015-06-23,4699,513,1,0,"0","0"
919,2,2015-06-23,4766,619,1,0,"0","0"
920,2,2015-06-23,4398,530,1,0,"0","0"
921,2,2015-06-23,8386,1021,1,0,"0","0"
922,2,2015-06-23,5985,576,1,0,"0","0"
923,2,2015-06-23,4638,671,1,0,"0","0"
924,2,2015-06-23,4225,419,1,0,"0","0"
925,2,2015-06-23,6419,1102,1,0,"0","0"
926,2,2015-06-23,5940,458,1,0,"0","0"
927,2,2015-06-23,5740,790,1,0,"0","0"
928,2,2015-06-23,5462,503,1,0,"0","0"
929,2,2015-06-23,4929,664,1,0,"0","0"
930,2,2015-06-23,5534,941,1,0,"0","0"
931,2,2015-06-23,3885,539,1,0,"0","0"
932,2,2015-06-23,6000,658,1,0,"0","0"
933,2,2015-06-23,6607,844,1,0,"0","0"
934,2,2015-06-23,6048,636,1,0,"0","0"
935,2,2015-06-23,4559,530,1,0,"0","0"
936,2,2015-06-23,6059,757,1,0,"0","0"
937,2,2015-06-23,5456,490,1,0,"0","0"
938,2,2015-06-23,7852,834,1,0,"0","0"
939,2,2015-06-23,4087,426,1,0,"0","0"
940,2,2015-06-23,6106,700,1,0,"0","0"
941,2,2015-06-23,4163,511,1,0,"0","0"
942,2,2015-06-23,4670,363,1,0,"0","0"
943,2,2015-06-23,5387,544,1,0,"0","0"
944,2,2015-06-23,5907,1019,1,0,"0","0"
945,2,2015-06-23,3461,445,1,0,"0","0"
946,2,2015-06-23,3331,461,1,0,"0","0"
947,2,2015-06-23,6230,893,1,0,"0","0"
948,2,2015-06-23,6991,1839,1,0,"0","0"
949,2,2015-06-23,3629,357,1,0,"0","0"
950,2,2015-06-23,4501,497,1,0,"0","0"
951,2,2015-06-23,6421,614,1,0,"0","0"
952,2,2015-06-23,4921,437,1,0,"0","0"
953,2,2015-06-23,5017,523,1,0,"0","0"
954,2,2015-06-23,4765,673,1,0,"0","0"
955,2,2015-06-23,3320,366,1,0,"0","0"
956,2,2015-06-23,2890,435,1,0,"0","0"
957,2,2015-06-23,5398,617,1,0,"0","0"
958,2,2015-06-23,3438,442,1,0,"0","0"
959,2,2015-06-23,5304,608,1,0,"0","0"
960,2,2015-06-23,4954,471,1,0,"0","0"
961,2,2015-06-23,4706,532,1,0,"0","0"
962,2,2015-06-23,5878,814,1,0,"0","0"
963,2,2015-06-23,9714,1074,1,0,"0","0"
964,2,2015-06-23,6843,989,1,0,"0","0"
965,2,2015-06-23,5487,638,1,0,"0","0"
966,2,2015-06-23,3844,542,1,0,"0","0"
967,2,2015-06-23,6645,737,1,0,"0","0"
968,2,2015-06-23,6554,861,1,0,"0","0"
969,2,2015-06-23,3123,592,1,0,"0","0"
970,2,2015-06-23,2900,387,1,0,"0","0"
971,2,2015-06-23,6433,844,1,0,"0","0"
972,2,2015-06-23,2491,304,1,0,"0","0"
973,2,2015-06-23,5685,788,1,0,"0","0"
974,2,2015-06-23,11476,1546,1,0,"0","0"
975,2,2015-06-23,6664,671,1,0,"0","0"
976,2,2015-06-23,5351,591,1,0,"0","0"
977,2,2015-06-23,3363,411,1,0,"0","0"
978,2,2015-06-23,6191,822,1,0,"0","0"
979,2,2015-06-23,4804,507,1,0,"0","0"
980,2,2015-06-23,5053,387,1,0,"0","0"
981,2,2015-06-23,5127,582,1,0,"0","0"
982,2,2015-06-23,6566,589,1,0,"0","0"
983,2,2015-06-23,6697,977,1,0,"0","0"
984,2,2015-06-23,4548,609,1,0,"0","0"
985,2,2015-06-23,6546,658,1,0,"0","0"
986,2,2015-06-23,4231,575,1,0,"0","0"
987,2,2015-06-23,5129,711,1,0,"0","0"
988,2,2015-06-23,4663,925,1,0,"0","0"
989,2,2015-06-23,4917,569,1,0,"0","0"
990,2,2015-06-23,4606,449,1,0,"0","0"
991,2,2015-06-23,4137,409,1,0,"0","0"
992,2,2015-06-23,4711,638,1,0,"0","0"
993,2,2015-06-23,7371,721,1,0,"0","0"
994,2,2015-06-23,4082,398,1,0,"0","0"
995,2,2015-06-23,7650,662,1,0,"0","0"
996,2,2015-06-23,5924,658,1,0,"0","0"
997,2,2015-06-23,3513,314,1,0,"0","0"
998,2,2015-06-23,3829,473,1,0,"0","0"
999,2,2015-06-23,7237,560,1,0,"0","0"
1000,2,2015-06-23,7365,623,1,0,"0","0"
1001,2,2015-06-23,6159,690,1,0,"0","0"
1002,2,2015-06-23,4639,632,1,0,"0","0"
1003,2,2015-06-23,5578,685,1,0,"0","0"
1004,2,2015-06-23,3801,403,1,0,"0","0"
1005,2,2015-06-23,5823,929,1,0,"0","0"
1006,2,2015-06-23,5068,750,1,0,"0","0"
1007,2,2015-06-23,5177,618,1,0,"0","0"
1008,2,2015-06-23,3983,609,1,0,"0","0"
1009,2,2015-06-23,4804,476,1,0,"0","0"
1010,2,2015-06-23,5943,593,1,0,"0","0"
1011,2,2015-06-23,6229,743,1,0,"0","0"
1012,2,2015-06-23,4710,403,1,0,"0","0"
1013,2,2015-06-23,3129,339,1,0,"0","0"
1014,2,2015-06-23,8844,1075,1,0,"0","0"
1015,2,2015-06-23,4607,408,1,0,"0","0"
1016,2,2015-06-23,4780,412,1,0,"0","0"
1017,2,2015-06-23,6202,962,1,0,"0","0"
1018,2,2015-06-23,8377,1059,1,0,"0","0"
1019,2,2015-06-23,6309,557,1,0,"0","0"
1020,2,2015-06-23,7412,952,1,0,"0","0"
1021,2,2015-06-23,7632,937,1,0,"0","0"
1022,2,2015-06-23,5727,682,1,0,"0","0"
1023,2,2015-06-23,3898,461,1,0,"0","0"
1024,2,2015-06-23,4098,582,1,0,"0","0"
1025,2,2015-06-23,6449,844,1,0,"0","0"
1026,2,2015-06-23,8007,1067,1,0,"0","0"
1027,2,2015-06-23,9461,1278,1,0,"0","0"
1028,2,2015-06-23,3699,484,1,0,"0","0"
1029,2,2015-06-23,4754,793,1,0,"0","0"
1030,2,2015-06-23,3193,327,1,0,"0","0"
1031,2,2015-06-23,4218,364,1,0,"0","0"
1032,2,2015-06-23,7771,882,1,0,"0","0"
1033,2,2015-06-23,9856,978,1,0,"0","0"
1034,2,2015-06-23,6133,776,1,0,"0","0"
1035,2,2015-06-23,4330,578,1,0,"0","0"
1036,2,2015-06-23,3629,350,1,0,"0","0"
1037,2,2015-06-23,4750,610,1,0,"0","0"
1038,2,2015-06-23,4761,424,1,0,"0","0"
1039,2,2015-06-23,6601,841,1,0,"0","0"
1040,2,2015-06-23,7764,748,1,0,"0","0"
1041,2,2015-06-23,4659,586,1,0,"0","0"
1042,2,2015-06-23,3513,480,1,0,"0","0"
1043,2,2015-06-23,5868,869,1,0,"0","0"
1044,2,2015-06-23,4382,676,1,0,"0","0"
1045,2,2015-06-23,6751,887,1,0,"0","0"
1046,2,2015-06-23,6790,550,1,0,"0","0"
1047,2,2015-06-23,3704,456,1,0,"0","0"
1048,2,2015-06-23,5359,438,1,0,"0","0"
1049,2,2015-06-23,3548,608,1,0,"0","0"
1050,2,2015-06-23,5365,401,1,0,"0","0"
1051,2,2015-06-23,6564,952,1,0,"0","0"
1052,2,2015-06-23,5860,617,1,0,"0","0"
1053,2,2015-06-23,7030,916,1,0,"0","0"
1054,2,2015-06-23,5397,571,1,0,"0","0"
1055,2,2015-06-23,5511,801,1,0,"0","0"
1056,2,2015-06-23,3460,345,1,0,"0","0"
1057,2,2015-06-23,4357,485,1,0,"0","0"
1058,2,2015-06-23,6780,640,1,0,"0","0"
1059,2,2015-06-23,6541,1021,1,0,"0","0"
1060,2,2015-06-23,6026,686,1,0,"0","0"
1061,2,2015-06-23,6250,519,1,0,"0","0"
1062,2,2015-06-23,3934,431,1,0,"0","0"
1063,2,2015-06-23,3565,497,1,0,"0","0"
1064,2,2015-06-23,8001,901,1,0,"0","0"
1065,2,2015-06-23,3478,460,1,0,"0","0"
1066,2,2015-06-23,9651,996,1,0,"0","0"
1067,2,2015-06-23,4870,443,1,0,"0","0"
1068,2,2015-06-23,3676,276,1,0,"0","0"
1069,2,2015-06-23,5527,682,1,0,"0","0"
1070,2,2015-06-23,5625,738,1,0,"0","0"
1071,2,2015-06-23,5213,689,1,0,"0","0"
1072,2,2015-06-23,6260,601,1,0,"0","0"
1073,2,2015-06-23,9271,1078,1,0,"0","0"
1074,2,2015-06-23,3241,400,1,0,"0","0"
1075,2,2015-06-23,9417,873,1,0,"0","0"
1076,2,2015-06-23,3564,544,1,0,"0","0"
1077,2,2015-06-23,3881,425,1,0,"0","0"
1078,2,2015-06-23,5104,451,1,0,"0","0"
1079,2,2015-06-23,6352,576,1,0,"0","0"
1080,2,2015-06-23,9010,780,1,0,"0","0"
1081,2,2015-06-23,7193,1245,1,0,"0","0"
1082,2,2015-06-23,6125,885,1,0,"0","0"
1083,2,2015-06-23,5231,351,1,0,"0","0"
1084,2,2015-06-23,5529,729,1,0,"0","0"
1085,2,2015-06-23,5083,564,1,0,"0","0"
1086,2,2015-06-23,3664,532,1,0,"0","0"
1087,2,2015-06-23,5210,508,1,0,"0","0"
1088,2,2015-06-23,4490,426,1,0,"0","0"
1089,2,2015-06-23,8433,842,1,0,"0","0"
1090,2,2015-06-23,5737,761,1,0,"0","0"
1091,2,2015-06-23,5718,588,1,0,"0","0"
1092,2,2015-06-23,11199,1080,1,0,"0","0"
1093,2,2015-06-23,7133,783,1,0,"0","0"
1094,2,2015-06-23,3468,318,1,0,"0","0"
1095,2,2015-06-23,4337,640,1,0,"0","0"
1096,2,2015-06-23,4875,587,1,0,"0","0"
1097,2,2015-06-23,9237,2258,1,0,"0","0"
1098,2,2015-06-23,4406,609,1,0,"0","0"
1099,2,2015-06-23,6602,894,1,0,"0","0"
1100,2,2015-06-23,4296,576,1,0,"0","0"
1101,2,2015-06-23,8003,877,1,0,"0","0"
1102,2,2015-06-23,5478,591,1,0,"0","0"
1103,2,2015-06-23,4742,395,1,0,"0","0"
1104,2,2015-06-23,3692,320,1,0,"0","0"
1105,2,2015-06-23,3683,412,1,0,"0","0"
1106,2,2015-06-23,4309,550,1,0,"0","0"
1107,2,2015-06-23,4818,560,1,0,"0","0"
1108,2,2015-06-23,4676,511,1,0,"0","0"
1109,2,2015-06-23,3744,405,1,0,"0","0"
1110,2,2015-06-23,3622,464,1,0,"0","0"
1111,2,2015-06-23,4358,373,1,0,"0","0"
1112,2,2015-06-23,7942,675,1,0,"0","0"
1113,2,2015-06-23,5522,609,1,0,"0","0"
1114,2,2015-06-23,18495,3021,1,0,"0","0"
1115,2,2015-06-23,5157,392,1,0,"0","0"
1,1,2015-06-22,3846,489,1,0,"0","0"
2,1,2015-06-22,4123,491,1,0,"0","0"
3,1,2015-06-22,5840,638,1,0,"0","0"
4,1,2015-06-22,9118,1230,1,0,"0","0"
5,1,2015-06-22,3827,497,1,0,"0","0"
6,1,2015-06-22,3641,483,1,0,"0","0"
7,1,2015-06-22,7917,922,1,0,"0","0"
8,1,2015-06-22,4796,630,1,0,"0","0"
9,1,2015-06-22,6121,580,1,0,"0","0"
10,1,2015-06-22,4264,533,1,0,"0","0"
11,1,2015-06-22,6155,962,1,0,"0","0"
12,1,2015-06-22,5525,749,1,0,"0","0"
13,1,2015-06-22,2603,220,1,0,"0","0"
14,1,2015-06-22,4687,599,1,0,"0","0"
15,1,2015-06-22,5513,587,1,0,"0","0"
16,1,2015-06-22,7850,901,1,0,"0","0"
17,1,2015-06-22,4926,700,1,0,"0","0"
18,1,2015-06-22,5818,684,1,0,"0","0"
19,1,2015-06-22,5808,618,1,0,"0","0"
20,1,2015-06-22,7826,922,1,0,"0","0"
21,1,2015-06-22,4000,425,1,0,"0","0"
22,1,2015-06-22,4093,504,1,0,"0","0"
23,1,2015-06-22,3968,398,1,0,"0","0"
24,1,2015-06-22,7579,683,1,0,"0","0"
25,1,2015-06-22,10972,1502,1,0,"0","0"
26,1,2015-06-22,5458,493,1,0,"0","0"
27,1,2015-06-22,7710,903,1,0,"0","0"
28,1,2015-06-22,3516,453,1,0,"0","0"
29,1,2015-06-22,6798,613,1,0,"0","0"
30,1,2015-06-22,3010,478,1,0,"0","0"
31,1,2015-06-22,4779,476,1,0,"0","0"
32,1,2015-06-22,3619,473,1,0,"0","0"
33,1,2015-06-22,6871,672,1,0,"0","0"
34,1,2015-06-22,7389,941,1,0,"0","0"
35,1,2015-06-22,9750,769,1,0,"0","0"
36,1,2015-06-22,9140,1088,1,0,"0","0"
37,1,2015-06-22,5061,570,1,0,"0","0"
38,1,2015-06-22,4676,405,1,0,"0","0"
39,1,2015-06-22,3794,496,1,0,"0","0"
40,1,2015-06-22,3183,403,1,0,"0","0"
41,1,2015-06-22,5190,426,1,0,"0","0"
42,1,2015-06-22,8284,954,1,0,"0","0"
43,1,2015-06-22,5993,504,1,0,"0","0"
44,1,2015-06-22,4010,520,1,0,"0","0"
45,1,2015-06-22,4043,341,1,0,"0","0"
46,1,2015-06-22,3792,528,1,0,"0","0"
47,1,2015-06-22,6812,895,1,0,"0","0"
48,1,2015-06-22,2697,330,1,0,"0","0"
49,1,2015-06-22,5562,475,1,0,"0","0"
50,1,2015-06-22,2901,285,1,0,"0","0"
51,1,2015-06-22,5834,453,1,0,"0","0"
52,1,2015-06-22,4364,346,1,0,"0","0"
53,1,2015-06-22,4405,539,1,0,"0","0"
54,1,2015-06-22,5876,556,1,0,"0","0"
55,1,2015-06-22,3741,489,1,0,"0","0"
56,1,2015-06-22,5836,452,1,0,"0","0"
57,1,2015-06-22,6870,752,1,0,"0","0"
58,1,2015-06-22,6078,472,1,0,"0","0"
59,1,2015-06-22,5462,602,1,0,"0","0"
60,1,2015-06-22,7163,678,1,0,"0","0"
61,1,2015-06-22,5130,582,1,0,"0","0"
62,1,2015-06-22,6062,654,1,0,"0","0"
63,1,2015-06-22,4974,543,1,0,"0","0"
64,1,2015-06-22,8937,694,1,0,"0","0"
65,1,2015-06-22,4154,397,1,0,"0","0"
66,1,2015-06-22,5028,475,1,0,"0","0"
67,1,2015-06-22,6886,771,1,0,"0","0"
68,1,2015-06-22,6505,1029,1,0,"0","0"
69,1,2015-06-22,7655,1049,1,0,"0","0"
70,1,2015-06-22,4562,525,1,0,"0","0"
71,1,2015-06-22,7875,646,1,0,"0","0"
72,1,2015-06-22,3470,411,1,0,"0","0"
73,1,2015-06-22,4052,458,1,0,"0","0"
74,1,2015-06-22,4684,668,1,0,"0","0"
75,1,2015-06-22,6066,641,1,0,"0","0"
76,1,2015-06-22,7665,818,1,0,"0","0"
77,1,2015-06-22,6286,555,1,0,"0","0"
78,1,2015-06-22,3453,461,1,0,"0","0"
79,1,2015-06-22,4562,498,1,0,"0","0"
80,1,2015-06-22,6170,507,1,0,"0","0"
81,1,2015-06-22,6961,556,1,0,"0","0"
82,1,2015-06-22,8042,761,1,0,"0","0"
83,1,2015-06-22,3485,322,1,0,"0","0"
84,1,2015-06-22,11570,1306,1,0,"0","0"
85,1,2015-06-22,5944,850,1,0,"0","0"
86,1,2015-06-22,3001,426,1,0,"0","0"
87,1,2015-06-22,5472,812,1,0,"0","0"
88,1,2015-06-22,5353,580,1,0,"0","0"
89,1,2015-06-22,6401,662,1,0,"0","0"
90,1,2015-06-22,7219,863,1,0,"0","0"
91,1,2015-06-22,3862,448,1,0,"0","0"
92,1,2015-06-22,5068,491,1,0,"0","0"
93,1,2015-06-22,5297,542,1,0,"0","0"
94,1,2015-06-22,6196,581,1,0,"0","0"
95,1,2015-06-22,5889,727,1,0,"0","0"
96,1,2015-06-22,4610,487,1,0,"0","0"
97,1,2015-06-22,5800,603,1,0,"0","0"
98,1,2015-06-22,4559,448,1,0,"0","0"
99,1,2015-06-22,4974,442,1,0,"0","0"
100,1,2015-06-22,6796,622,1,0,"0","0"
101,1,2015-06-22,5461,672,1,0,"0","0"
102,1,2015-06-22,4896,757,1,0,"0","0"
103,1,2015-06-22,4266,425,1,0,"0","0"
104,1,2015-06-22,9513,1287,1,0,"0","0"
105,1,2015-06-22,4837,572,1,0,"0","0"
106,1,2015-06-22,9218,899,1,0,"0","0"
107,1,2015-06-22,5974,839,1,0,"0","0"
108,1,2015-06-22,10621,859,1,0,"0","0"
109,1,2015-06-22,5617,727,1,0,"0","0"
110,1,2015-06-22,4662,678,1,0,"0","0"
111,1,2015-06-22,5153,466,1,0,"0","0"
112,1,2015-06-22,5858,687,1,0,"0","0"
113,1,2015-06-22,4911,568,1,0,"0","0"
114,1,2015-06-22,3935,480,1,0,"0","0"
115,1,2015-06-22,7260,523,1,0,"0","0"
116,1,2015-06-22,7008,752,1,0,"0","0"
117,1,2015-06-22,3296,467,1,0,"0","0"
118,1,2015-06-22,6083,598,1,0,"0","0"
119,1,2015-06-22,4899,601,1,0,"0","0"
120,1,2015-06-22,6709,609,1,0,"0","0"
121,1,2015-06-22,3765,465,1,0,"0","0"
122,1,2015-06-22,6451,825,1,0,"0","0"
123,1,2015-06-22,7032,896,1,0,"0","0"
124,1,2015-06-22,4332,503,1,0,"0","0"
125,1,2015-06-22,11450,1606,1,0,"0","0"
126,1,2015-06-22,3907,385,1,0,"0","0"
127,1,2015-06-22,4618,551,1,0,"0","0"
128,1,2015-06-22,6161,555,1,0,"0","0"
129,1,2015-06-22,6798,934,1,0,"0","0"
130,1,2015-06-22,5017,591,1,0,"0","0"
131,1,2015-06-22,4666,518,1,0,"0","0"
132,1,2015-06-22,6349,620,1,0,"0","0"
133,1,2015-06-22,4695,534,1,0,"0","0"
134,1,2015-06-22,5031,542,1,0,"0","0"
135,1,2015-06-22,4933,469,1,0,"0","0"
136,1,2015-06-22,4578,382,1,0,"0","0"
137,1,2015-06-22,7827,964,1,0,"0","0"
138,1,2015-06-22,6500,661,1,0,"0","0"
139,1,2015-06-22,6486,538,1,0,"0","0"
140,1,2015-06-22,5830,822,1,0,"0","0"
141,1,2015-06-22,4551,600,1,0,"0","0"
142,1,2015-06-22,3964,503,1,0,"0","0"
143,1,2015-06-22,4687,479,1,0,"0","0"
144,1,2015-06-22,6281,660,1,0,"0","0"
145,1,2015-06-22,6888,995,1,0,"0","0"
146,1,2015-06-22,6843,648,1,0,"0","0"
147,1,2015-06-22,6247,705,1,0,"0","0"
148,1,2015-06-22,8414,807,1,0,"0","0"
149,1,2015-06-22,4834,457,1,0,"0","0"
150,1,2015-06-22,6849,738,1,0,"0","0"
151,1,2015-06-22,6332,663,1,0,"0","0"
152,1,2015-06-22,4285,507,1,0,"0","0"
153,1,2015-06-22,5227,545,1,0,"0","0"
154,1,2015-06-22,7559,688,1,0,"0","0"
155,1,2015-06-22,5865,606,1,0,"0","0"
156,1,2015-06-22,5231,633,1,0,"0","0"
157,1,2015-06-22,8580,898,1,0,"0","0"
158,1,2015-06-22,6321,423,1,0,"0","0"
159,1,2015-06-22,6298,622,1,0,"0","0"
160,1,2015-06-22,4318,469,1,0,"0","0"
161,1,2015-06-22,5959,668,1,0,"0","0"
162,1,2015-06-22,5378,450,1,0,"0","0"
163,1,2015-06-22,6321,824,1,0,"0","0"
164,1,2015-06-22,5783,615,1,0,"0","0"
165,1,2015-06-22,3669,421,1,0,"0","0"
166,1,2015-06-22,4549,635,1,0,"0","0"
167,1,2015-06-22,7386,899,1,0,"0","0"
168,1,2015-06-22,5988,673,1,0,"0","0"
169,1,2015-06-22,4611,471,1,0,"0","0"
170,1,2015-06-22,2721,352,1,0,"0","0"
171,1,2015-06-22,7562,786,1,0,"0","0"
172,1,2015-06-22,6434,866,1,0,"0","0"
173,1,2015-06-22,6713,900,1,0,"0","0"
174,1,2015-06-22,5843,512,1,0,"0","0"
175,1,2015-06-22,4958,657,1,0,"0","0"
176,1,2015-06-22,4010,550,1,0,"0","0"
177,1,2015-06-22,3981,534,1,0,"0","0"
178,1,2015-06-22,8600,835,1,0,"0","0"
179,1,2015-06-22,5083,725,1,0,"0","0"
180,1,2015-06-22,5581,741,1,0,"0","0"
181,1,2015-06-22,5170,602,1,0,"0","0"
182,1,2015-06-22,4325,347,1,0,"0","0"
183,1,2015-06-22,0,0,0,0,"0","0"
184,1,2015-06-22,4911,482,1,0,"0","0"
185,1,2015-06-22,5512,436,1,0,"0","0"
186,1,2015-06-22,3771,340,1,0,"0","0"
187,1,2015-06-22,5378,717,1,0,"0","0"
188,1,2015-06-22,3754,357,1,0,"0","0"
189,1,2015-06-22,6275,684,1,0,"0","0"
190,1,2015-06-22,6875,708,1,0,"0","0"
191,1,2015-06-22,6291,710,1,0,"0","0"
192,1,2015-06-22,10511,776,1,0,"0","0"
193,1,2015-06-22,3756,587,1,0,"0","0"
194,1,2015-06-22,3874,379,1,0,"0","0"
195,1,2015-06-22,9235,1118,1,0,"0","0"
196,1,2015-06-22,4754,669,1,0,"0","0"
197,1,2015-06-22,5416,708,1,0,"0","0"
198,1,2015-06-22,1743,246,1,0,"0","0"
199,1,2015-06-22,6200,518,1,0,"0","0"
200,1,2015-06-22,6866,856,1,0,"0","0"
201,1,2015-06-22,3877,314,1,0,"0","0"
202,1,2015-06-22,5533,463,1,0,"0","0"
203,1,2015-06-22,5718,784,1,0,"0","0"
204,1,2015-06-22,5493,525,1,0,"0","0"
205,1,2015-06-22,5128,801,1,0,"0","0"
206,1,2015-06-22,6659,739,1,0,"0","0"
207,1,2015-06-22,8995,1177,1,0,"0","0"
208,1,2015-06-22,2503,383,1,0,"0","0"
209,1,2015-06-22,5732,646,1,0,"0","0"
210,1,2015-06-22,2495,267,1,0,"0","0"
211,1,2015-06-22,12414,1528,1,0,"0","0"
212,1,2015-06-22,3799,372,1,0,"0","0"
213,1,2015-06-22,6562,570,1,0,"0","0"
214,1,2015-06-22,8012,578,1,0,"0","0"
215,1,2015-06-22,4452,352,1,0,"0","0"
216,1,2015-06-22,5650,758,1,0,"0","0"
217,1,2015-06-22,4793,697,1,0,"0","0"
218,1,2015-06-22,4638,651,1,0,"0","0"
219,1,2015-06-22,2811,378,1,0,"0","0"
220,1,2015-06-22,4170,554,1,0,"0","0"
221,1,2015-06-22,5103,536,1,0,"0","0"
222,1,2015-06-22,4617,599,1,0,"0","0"
223,1,2015-06-22,6381,751,1,0,"0","0"
224,1,2015-06-22,6342,473,1,0,"0","0"
225,1,2015-06-22,4028,457,1,0,"0","0"
226,1,2015-06-22,4887,533,1,0,"0","0"
227,1,2015-06-22,5934,531,1,0,"0","0"
228,1,2015-06-22,6908,555,1,0,"0","0"
229,1,2015-06-22,6746,638,1,0,"0","0"
230,1,2015-06-22,6899,968,1,0,"0","0"
231,1,2015-06-22,3995,335,1,0,"0","0"
232,1,2015-06-22,2216,234,1,0,"0","0"
233,1,2015-06-22,8147,940,1,0,"0","0"
234,1,2015-06-22,8393,830,1,0,"0","0"
235,1,2015-06-22,4406,432,1,0,"0","0"
236,1,2015-06-22,6403,851,1,0,"0","0"
237,1,2015-06-22,4640,594,1,0,"0","0"
238,1,2015-06-22,6485,1040,1,0,"0","0"
239,1,2015-06-22,4312,422,1,0,"0","0"
240,1,2015-06-22,3986,444,1,0,"0","0"
241,1,2015-06-22,5044,581,1,0,"0","0"
242,1,2015-06-22,3218,290,1,0,"0","0"
243,1,2015-06-22,4898,694,1,0,"0","0"
244,1,2015-06-22,4131,426,1,0,"0","0"
245,1,2015-06-22,8523,1024,1,0,"0","0"
246,1,2015-06-22,6115,871,1,0,"0","0"
247,1,2015-06-22,6182,533,1,0,"0","0"
248,1,2015-06-22,6734,950,1,0,"0","0"
249,1,2015-06-22,4431,500,1,0,"0","0"
250,1,2015-06-22,7055,597,1,0,"0","0"
251,1,2015-06-22,16843,2206,1,0,"0","0"
252,1,2015-06-22,7918,624,1,0,"0","0"
253,1,2015-06-22,4230,539,1,0,"0","0"
254,1,2015-06-22,2795,230,1,0,"0","0"
255,1,2015-06-22,5435,585,1,0,"0","0"
256,1,2015-06-22,6210,795,1,0,"0","0"
257,1,2015-06-22,4383,552,1,0,"0","0"
258,1,2015-06-22,5026,454,1,0,"0","0"
259,1,2015-06-22,13192,2721,1,0,"0","0"
260,1,2015-06-22,5662,815,1,0,"0","0"
261,1,2015-06-22,9873,811,1,0,"0","0"
262,1,2015-06-22,18027,3142,1,0,"0","0"
263,1,2015-06-22,3933,405,1,0,"0","0"
264,1,2015-06-22,5445,797,1,0,"0","0"
265,1,2015-06-22,4579,515,1,0,"0","0"
266,1,2015-06-22,4065,538,1,0,"0","0"
267,1,2015-06-22,7033,870,1,0,"0","0"
268,1,2015-06-22,3466,491,1,0,"0","0"
269,1,2015-06-22,6029,867,1,0,"0","0"
270,1,2015-06-22,9142,1256,1,0,"0","0"
271,1,2015-06-22,6829,708,1,0,"0","0"
272,1,2015-06-22,5061,599,1,0,"0","0"
273,1,2015-06-22,6835,702,1,0,"0","0"
274,1,2015-06-22,4602,1157,1,0,"0","0"
275,1,2015-06-22,5822,614,1,0,"0","0"
276,1,2015-06-22,3208,478,1,0,"0","0"
277,1,2015-06-22,5073,483,1,0,"0","0"
278,1,2015-06-22,5886,710,1,0,"0","0"
279,1,2015-06-22,7695,639,1,0,"0","0"
280,1,2015-06-22,4868,485,1,0,"0","0"
281,1,2015-06-22,4790,496,1,0,"0","0"
282,1,2015-06-22,4067,649,1,0,"0","0"
283,1,2015-06-22,6925,725,1,0,"0","0"
284,1,2015-06-22,4757,384,1,0,"0","0"
285,1,2015-06-22,3687,385,1,0,"0","0"
286,1,2015-06-22,2950,320,1,0,"0","0"
287,1,2015-06-22,7189,775,1,0,"0","0"
288,1,2015-06-22,4354,378,1,0,"0","0"
289,1,2015-06-22,4712,488,1,0,"0","0"
290,1,2015-06-22,6295,582,1,0,"0","0"
291,1,2015-06-22,6963,750,1,0,"0","0"
292,1,2015-06-22,6028,741,1,0,"0","0"
293,1,2015-06-22,4954,696,1,0,"0","0"
294,1,2015-06-22,5273,725,1,0,"0","0"
295,1,2015-06-22,4441,694,1,0,"0","0"
296,1,2015-06-22,5246,630,1,0,"0","0"
297,1,2015-06-22,5619,635,1,0,"0","0"
298,1,2015-06-22,7239,592,1,0,"0","0"
299,1,2015-06-22,7845,907,1,0,"0","0"
300,1,2015-06-22,5183,745,1,0,"0","0"
301,1,2015-06-22,4458,489,1,0,"0","0"
302,1,2015-06-22,3176,281,1,0,"0","0"
303,1,2015-06-22,5069,556,1,0,"0","0"
304,1,2015-06-22,5691,962,1,0,"0","0"
305,1,2015-06-22,4871,483,1,0,"0","0"
306,1,2015-06-22,4596,484,1,0,"0","0"
307,1,2015-06-22,2026,262,1,0,"0","0"
308,1,2015-06-22,6893,727,1,0,"0","0"
309,1,2015-06-22,4754,448,1,0,"0","0"
310,1,2015-06-22,8522,723,1,0,"0","0"
311,1,2015-06-22,5690,792,1,0,"0","0"
312,1,2015-06-22,4260,466,1,0,"0","0"
313,1,2015-06-22,5415,625,1,0,"0","0"
314,1,2015-06-22,4010,458,1,0,"0","0"
315,1,2015-06-22,4062,454,1,0,"0","0"
316,1,2015-06-22,9577,866,1,0,"0","0"
317,1,2015-06-22,4313,521,1,0,"0","0"
318,1,2015-06-22,6425,560,1,0,"0","0"
319,1,2015-06-22,6311,697,1,0,"0","0"
320,1,2015-06-22,13287,1875,1,0,"0","0"
321,1,2015-06-22,4828,488,1,0,"0","0"
322,1,2015-06-22,4398,544,1,0,"0","0"
323,1,2015-06-22,6097,563,1,0,"0","0"
324,1,2015-06-22,5170,700,1,0,"0","0"
325,1,2015-06-22,4193,491,1,0,"0","0"
326,1,2015-06-22,3944,350,1,0,"0","0"
327,1,2015-06-22,6419,811,1,0,"0","0"
328,1,2015-06-22,4129,480,1,0,"0","0"
329,1,2015-06-22,5972,544,1,0,"0","0"
330,1,2015-06-22,2766,337,1,0,"0","0"
331,1,2015-06-22,5310,726,1,0,"0","0"
332,1,2015-06-22,3686,524,1,0,"0","0"
333,1,2015-06-22,8220,1149,1,0,"0","0"
334,1,2015-06-22,4584,460,1,0,"0","0"
335,1,2015-06-22,13790,2505,1,0,"0","0"
336,1,2015-06-22,10767,1609,1,0,"0","0"
337,1,2015-06-22,4121,329,1,0,"0","0"
338,1,2015-06-22,4949,453,1,0,"0","0"
339,1,2015-06-22,3459,487,1,0,"0","0"
340,1,2015-06-22,6140,658,1,0,"0","0"
341,1,2015-06-22,4502,653,1,0,"0","0"
342,1,2015-06-22,9667,821,1,0,"0","0"
343,1,2015-06-22,5428,581,1,0,"0","0"
344,1,2015-06-22,7118,1097,1,0,"0","0"
345,1,2015-06-22,3526,437,1,0,"0","0"
346,1,2015-06-22,7459,623,1,0,"0","0"
347,1,2015-06-22,4245,389,1,0,"0","0"
348,1,2015-06-22,8234,725,1,0,"0","0"
349,1,2015-06-22,7690,826,1,0,"0","0"
350,1,2015-06-22,4398,396,1,0,"0","0"
351,1,2015-06-22,4873,437,1,0,"0","0"
352,1,2015-06-22,5550,584,1,0,"0","0"
353,1,2015-06-22,6766,1649,1,0,"0","0"
354,1,2015-06-22,7358,639,1,0,"0","0"
355,1,2015-06-22,7785,1047,1,0,"0","0"
356,1,2015-06-22,5183,422,1,0,"0","0"
357,1,2015-06-22,6864,963,1,0,"0","0"
358,1,2015-06-22,7928,936,1,0,"0","0"
359,1,2015-06-22,5563,548,1,0,"0","0"
360,1,2015-06-22,5820,742,1,0,"0","0"
361,1,2015-06-22,4389,501,1,0,"0","0"
362,1,2015-06-22,7957,1059,1,0,"0","0"
363,1,2015-06-22,6407,904,1,0,"0","0"
364,1,2015-06-22,4500,602,1,0,"0","0"
365,1,2015-06-22,4051,481,1,0,"0","0"
366,1,2015-06-22,4543,496,1,0,"0","0"
367,1,2015-06-22,4136,488,1,0,"0","0"
368,1,2015-06-22,6698,609,1,0,"0","0"
369,1,2015-06-22,5152,474,1,0,"0","0"
370,1,2015-06-22,6636,582,1,0,"0","0"
371,1,2015-06-22,4859,463,1,0,"0","0"
372,1,2015-06-22,8564,709,1,0,"0","0"
373,1,2015-06-22,3995,301,1,0,"0","0"
374,1,2015-06-22,6641,888,1,0,"0","0"
375,1,2015-06-22,7052,635,1,0,"0","0"
376,1,2015-06-22,6663,829,1,0,"0","0"
377,1,2015-06-22,6667,868,1,0,"0","0"
378,1,2015-06-22,5428,823,1,0,"0","0"
379,1,2015-06-22,3243,403,1,0,"0","0"
380,1,2015-06-22,10901,1032,1,0,"0","0"
381,1,2015-06-22,8470,1016,1,0,"0","0"
382,1,2015-06-22,6107,524,1,0,"0","0"
383,1,2015-06-22,13242,1786,1,0,"0","0"
384,1,2015-06-22,8634,993,1,0,"0","0"
385,1,2015-06-22,6367,578,1,0,"0","0"
386,1,2015-06-22,5893,514,1,0,"0","0"
387,1,2015-06-22,7521,1012,1,0,"0","0"
388,1,2015-06-22,8840,959,1,0,"0","0"
389,1,2015-06-22,10324,1298,1,0,"0","0"
390,1,2015-06-22,9760,978,1,0,"0","0"
391,1,2015-06-22,5402,652,1,0,"0","0"
392,1,2015-06-22,6403,656,1,0,"0","0"
393,1,2015-06-22,4649,501,1,0,"0","0"
394,1,2015-06-22,7095,592,1,0,"0","0"
395,1,2015-06-22,3495,469,1,0,"0","0"
396,1,2015-06-22,8210,957,1,0,"0","0"
397,1,2015-06-22,4690,640,1,0,"0","0"
398,1,2015-06-22,3901,484,1,0,"0","0"
399,1,2015-06-22,5067,555,1,0,"0","0"
400,1,2015-06-22,7684,1082,1,0,"0","0"
401,1,2015-06-22,6938,681,1,0,"0","0"
402,1,2015-06-22,5267,558,1,0,"0","0"
403,1,2015-06-22,6456,629,1,0,"0","0"
404,1,2015-06-22,4677,539,1,0,"0","0"
405,1,2015-06-22,3762,383,1,0,"0","0"
406,1,2015-06-22,4585,425,1,0,"0","0"
407,1,2015-06-22,3433,314,1,0,"0","0"
408,1,2015-06-22,3963,401,1,0,"0","0"
409,1,2015-06-22,4163,474,1,0,"0","0"
410,1,2015-06-22,4865,649,1,0,"0","0"
411,1,2015-06-22,6742,579,1,0,"0","0"
412,1,2015-06-22,7178,520,1,0,"0","0"
413,1,2015-06-22,6290,877,1,0,"0","0"
414,1,2015-06-22,5490,437,1,0,"0","0"
415,1,2015-06-22,5295,458,1,0,"0","0"
416,1,2015-06-22,8993,1250,1,0,"0","0"
417,1,2015-06-22,6018,630,1,0,"0","0"
418,1,2015-06-22,3868,427,1,0,"0","0"
419,1,2015-06-22,4660,784,1,0,"0","0"
420,1,2015-06-22,4832,415,1,0,"0","0"
421,1,2015-06-22,7115,780,1,0,"0","0"
422,1,2015-06-22,3732,398,1,0,"0","0"
423,1,2015-06-22,10784,1904,1,0,"0","0"
424,1,2015-06-22,6325,790,1,0,"0","0"
425,1,2015-06-22,3128,369,1,0,"0","0"
426,1,2015-06-22,3796,506,1,0,"0","0"
427,1,2015-06-22,5892,694,1,0,"0","0"
428,1,2015-06-22,5369,487,1,0,"0","0"
429,1,2015-06-22,4608,393,1,0,"0","0"
430,1,2015-06-22,7480,644,1,0,"0","0"
431,1,2015-06-22,7676,876,1,0,"0","0"
432,1,2015-06-22,10496,1579,1,0,"0","0"
433,1,2015-06-22,4946,669,1,0,"0","0"
434,1,2015-06-22,8895,646,1,0,"0","0"
435,1,2015-06-22,2709,336,1,0,"0","0"
436,1,2015-06-22,4707,574,1,0,"0","0"
437,1,2015-06-22,4862,506,1,0,"0","0"
438,1,2015-06-22,4751,516,1,0,"0","0"
439,1,2015-06-22,6403,819,1,0,"0","0"
440,1,2015-06-22,4331,495,1,0,"0","0"
441,1,2015-06-22,5866,652,1,0,"0","0"
442,1,2015-06-22,3067,419,1,0,"0","0"
443,1,2015-06-22,3973,404,1,0,"0","0"
444,1,2015-06-22,9355,1096,1,0,"0","0"
445,1,2015-06-22,5938,906,1,0,"0","0"
446,1,2015-06-22,3614,501,1,0,"0","0"
447,1,2015-06-22,4922,612,1,0,"0","0"
448,1,2015-06-22,7470,653,1,0,"0","0"
449,1,2015-06-22,8805,1308,1,0,"0","0"
450,1,2015-06-22,6268,826,1,0,"0","0"
451,1,2015-06-22,4392,389,1,0,"0","0"
452,1,2015-06-22,4048,411,1,0,"0","0"
453,1,2015-06-22,8487,1030,1,0,"0","0"
454,1,2015-06-22,4663,627,1,0,"0","0"
455,1,2015-06-22,5954,396,1,0,"0","0"
456,1,2015-06-22,5185,736,1,0,"0","0"
457,1,2015-06-22,4533,439,1,0,"0","0"
458,1,2015-06-22,5511,564,1,0,"0","0"
459,1,2015-06-22,7503,965,1,0,"0","0"
460,1,2015-06-22,3382,335,1,0,"0","0"
461,1,2015-06-22,3175,406,1,0,"0","0"
462,1,2015-06-22,4029,541,1,0,"0","0"
463,1,2015-06-22,6218,1030,1,0,"0","0"
464,1,2015-06-22,9341,1145,1,0,"0","0"
465,1,2015-06-22,6241,503,1,0,"0","0"
466,1,2015-06-22,5763,540,1,0,"0","0"
467,1,2015-06-22,10638,1309,1,0,"0","0"
468,1,2015-06-22,4356,552,1,0,"0","0"
469,1,2015-06-22,8373,1193,1,0,"0","0"
470,1,2015-06-22,9423,1235,1,0,"0","0"
471,1,2015-06-22,5504,485,1,0,"0","0"
472,1,2015-06-22,4542,687,1,0,"0","0"
473,1,2015-06-22,2530,379,1,0,"0","0"
474,1,2015-06-22,6419,668,1,0,"0","0"
475,1,2015-06-22,4814,753,1,0,"0","0"
476,1,2015-06-22,5423,651,1,0,"0","0"
477,1,2015-06-22,5511,423,1,0,"0","0"
478,1,2015-06-22,6029,681,1,0,"0","0"
479,1,2015-06-22,9186,1136,1,0,"0","0"
480,1,2015-06-22,4671,628,1,0,"0","0"
481,1,2015-06-22,4702,426,1,0,"0","0"
482,1,2015-06-22,5992,705,1,0,"0","0"
483,1,2015-06-22,4282,600,1,0,"0","0"
484,1,2015-06-22,5759,603,1,0,"0","0"
485,1,2015-06-22,4462,394,1,0,"0","0"
486,1,2015-06-22,3831,475,1,0,"0","0"
487,1,2015-06-22,5531,592,1,0,"0","0"
488,1,2015-06-22,3364,382,1,0,"0","0"
489,1,2015-06-22,6584,621,1,0,"0","0"
490,1,2015-06-22,7489,992,1,0,"0","0"
491,1,2015-06-22,5644,459,1,0,"0","0"
492,1,2015-06-22,6250,924,1,0,"0","0"
493,1,2015-06-22,7455,736,1,0,"0","0"
494,1,2015-06-22,6914,1001,1,0,"0","0"
495,1,2015-06-22,4064,357,1,0,"0","0"
496,1,2015-06-22,6344,754,1,0,"0","0"
497,1,2015-06-22,7107,920,1,0,"0","0"
498,1,2015-06-22,6796,876,1,0,"0","0"
499,1,2015-06-22,5107,759,1,0,"0","0"
500,1,2015-06-22,5759,412,1,0,"0","0"
501,1,2015-06-22,3887,447,1,0,"0","0"
502,1,2015-06-22,8427,1230,1,0,"0","0"
503,1,2015-06-22,5209,397,1,0,"0","0"
504,1,2015-06-22,5871,899,1,0,"0","0"
505,1,2015-06-22,4572,648,1,0,"0","0"
506,1,2015-06-22,5765,684,1,0,"0","0"
507,1,2015-06-22,7265,608,1,0,"0","0"
508,1,2015-06-22,5647,567,1,0,"0","0"
509,1,2015-06-22,5045,473,1,0,"0","0"
510,1,2015-06-22,7251,724,1,0,"0","0"
511,1,2015-06-22,5296,789,1,0,"0","0"
512,1,2015-06-22,5370,1339,1,0,"0","0"
513,1,2015-06-22,15391,1813,1,0,"0","0"
514,1,2015-06-22,5241,558,1,0,"0","0"
515,1,2015-06-22,7659,617,1,0,"0","0"
516,1,2015-06-22,4676,639,1,0,"0","0"
517,1,2015-06-22,4593,561,1,0,"0","0"
518,1,2015-06-22,4793,449,1,0,"0","0"
519,1,2015-06-22,4169,457,1,0,"0","0"
520,1,2015-06-22,3245,405,1,0,"0","0"
521,1,2015-06-22,3403,324,1,0,"0","0"
522,1,2015-06-22,7659,589,1,0,"0","0"
523,1,2015-06-22,12185,1527,1,0,"0","0"
524,1,2015-06-22,7258,838,1,0,"0","0"
525,1,2015-06-22,8095,754,1,0,"0","0"
526,1,2015-06-22,8183,1228,1,0,"0","0"
527,1,2015-06-22,10379,948,1,0,"0","0"
528,1,2015-06-22,9323,909,1,0,"0","0"
529,1,2015-06-22,6922,741,1,0,"0","0"
530,1,2015-06-22,5158,889,1,0,"0","0"
531,1,2015-06-22,4553,574,1,0,"0","0"
532,1,2015-06-22,10684,1295,1,0,"0","0"
533,1,2015-06-22,10037,1003,1,0,"0","0"
534,1,2015-06-22,5669,452,1,0,"0","0"
535,1,2015-06-22,5812,694,1,0,"0","0"
536,1,2015-06-22,6313,663,1,0,"0","0"
537,1,2015-06-22,5111,571,1,0,"0","0"
538,1,2015-06-22,4251,645,1,0,"0","0"
539,1,2015-06-22,10652,1110,1,0,"0","0"
540,1,2015-06-22,5924,403,1,0,"0","0"
541,1,2015-06-22,5843,760,1,0,"0","0"
542,1,2015-06-22,5623,496,1,0,"0","0"
543,1,2015-06-22,1684,159,1,0,"0","0"
544,1,2015-06-22,12037,1634,1,0,"0","0"
545,1,2015-06-22,8165,813,1,0,"0","0"
546,1,2015-06-22,13632,1690,1,0,"0","0"
547,1,2015-06-22,5999,460,1,0,"0","0"
548,1,2015-06-22,4108,335,1,0,"0","0"
549,1,2015-06-22,4364,559,1,0,"0","0"
550,1,2015-06-22,3747,340,1,0,"0","0"
551,1,2015-06-22,5874,957,1,0,"0","0"
552,1,2015-06-22,5774,574,1,0,"0","0"
553,1,2015-06-22,6013,559,1,0,"0","0"
554,1,2015-06-22,5323,654,1,0,"0","0"
555,1,2015-06-22,3759,353,1,0,"0","0"
556,1,2015-06-22,6253,806,1,0,"0","0"
557,1,2015-06-22,2915,494,1,0,"0","0"
558,1,2015-06-22,2630,441,1,0,"0","0"
559,1,2015-06-22,5120,740,1,0,"0","0"
560,1,2015-06-22,11916,1478,1,0,"0","0"
561,1,2015-06-22,5801,582,1,0,"0","0"
562,1,2015-06-22,16542,3028,1,0,"0","0"
563,1,2015-06-22,3248,425,1,0,"0","0"
564,1,2015-06-22,4401,437,1,0,"0","0"
565,1,2015-06-22,5121,593,1,0,"0","0"
566,1,2015-06-22,4364,517,1,0,"0","0"
567,1,2015-06-22,4614,626,1,0,"0","0"
568,1,2015-06-22,3921,351,1,0,"0","0"
569,1,2015-06-22,4519,696,1,0,"0","0"
570,1,2015-06-22,3458,507,1,0,"0","0"
571,1,2015-06-22,7024,539,1,0,"0","0"
572,1,2015-06-22,5327,474,1,0,"0","0"
573,1,2015-06-22,3443,336,1,0,"0","0"
574,1,2015-06-22,7341,599,1,0,"0","0"
575,1,2015-06-22,4040,423,1,0,"0","0"
576,1,2015-06-22,5074,834,1,0,"0","0"
577,1,2015-06-22,3997,505,1,0,"0","0"
578,1,2015-06-22,9222,894,1,0,"0","0"
579,1,2015-06-22,6006,696,1,0,"0","0"
580,1,2015-06-22,9366,1681,1,0,"0","0"
581,1,2015-06-22,4165,529,1,0,"0","0"
582,1,2015-06-22,5199,684,1,0,"0","0"
583,1,2015-06-22,3820,413,1,0,"0","0"
584,1,2015-06-22,3915,399,1,0,"0","0"
585,1,2015-06-22,4210,736,1,0,"0","0"
586,1,2015-06-22,11966,1923,1,0,"0","0"
587,1,2015-06-22,9068,598,1,0,"0","0"
588,1,2015-06-22,6027,633,1,0,"0","0"
589,1,2015-06-22,3597,439,1,0,"0","0"
590,1,2015-06-22,3997,329,1,0,"0","0"
591,1,2015-06-22,6162,510,1,0,"0","0"
592,1,2015-06-22,4139,487,1,0,"0","0"
593,1,2015-06-22,8081,1104,1,0,"0","0"
594,1,2015-06-22,3863,465,1,0,"0","0"
595,1,2015-06-22,13400,1627,1,0,"0","0"
596,1,2015-06-22,4286,709,1,0,"0","0"
597,1,2015-06-22,4165,599,1,0,"0","0"
598,1,2015-06-22,5466,755,1,0,"0","0"
599,1,2015-06-22,8085,768,1,0,"0","0"
600,1,2015-06-22,5292,540,1,0,"0","0"
601,1,2015-06-22,3570,308,1,0,"0","0"
602,1,2015-06-22,5458,563,1,0,"0","0"
603,1,2015-06-22,6196,884,1,0,"0","0"
604,1,2015-06-22,5469,427,1,0,"0","0"
605,1,2015-06-22,5598,440,1,0,"0","0"
606,1,2015-06-22,5369,576,1,0,"0","0"
607,1,2015-06-22,2699,335,1,0,"0","0"
608,1,2015-06-22,8062,827,1,0,"0","0"
609,1,2015-06-22,4981,556,1,0,"0","0"
610,1,2015-06-22,3410,419,1,0,"0","0"
611,1,2015-06-22,6076,492,1,0,"0","0"
612,1,2015-06-22,5305,347,1,0,"0","0"
613,1,2015-06-22,5610,903,1,0,"0","0"
614,1,2015-06-22,5385,804,1,0,"0","0"
615,1,2015-06-22,7778,1101,1,0,"0","0"
616,1,2015-06-22,6915,695,1,0,"0","0"
617,1,2015-06-22,5541,560,1,0,"0","0"
618,1,2015-06-22,6426,480,1,0,"0","0"
619,1,2015-06-22,3890,405,1,0,"0","0"
620,1,2015-06-22,7873,743,1,0,"0","0"
621,1,2015-06-22,4563,661,1,0,"0","0"
622,1,2015-06-22,4334,452,1,0,"0","0"
623,1,2015-06-22,5175,648,1,0,"0","0"
624,1,2015-06-22,6416,611,1,0,"0","0"
625,1,2015-06-22,4910,553,1,0,"0","0"
626,1,2015-06-22,6424,641,1,0,"0","0"
627,1,2015-06-22,5489,535,1,0,"0","0"
628,1,2015-06-22,5300,743,1,0,"0","0"
629,1,2015-06-22,5105,464,1,0,"0","0"
630,1,2015-06-22,5098,641,1,0,"0","0"
631,1,2015-06-22,5104,624,1,0,"0","0"
632,1,2015-06-22,5957,847,1,0,"0","0"
633,1,2015-06-22,6709,510,1,0,"0","0"
634,1,2015-06-22,5461,560,1,0,"0","0"
635,1,2015-06-22,4725,540,1,0,"0","0"
636,1,2015-06-22,4674,598,1,0,"0","0"
637,1,2015-06-22,8128,682,1,0,"0","0"
638,1,2015-06-22,5146,456,1,0,"0","0"
639,1,2015-06-22,3188,362,1,0,"0","0"
640,1,2015-06-22,10225,767,1,0,"0","0"
641,1,2015-06-22,4127,418,1,0,"0","0"
642,1,2015-06-22,2154,339,1,0,"0","0"
643,1,2015-06-22,6217,832,1,0,"0","0"
644,1,2015-06-22,8149,893,1,0,"0","0"
645,1,2015-06-22,8449,1047,1,0,"0","0"
646,1,2015-06-22,4545,684,1,0,"0","0"
647,1,2015-06-22,4771,603,1,0,"0","0"
648,1,2015-06-22,5501,509,1,0,"0","0"
649,1,2015-06-22,2717,324,1,0,"0","0"
650,1,2015-06-22,5515,598,1,0,"0","0"
651,1,2015-06-22,6655,818,1,0,"0","0"
652,1,2015-06-22,4877,613,1,0,"0","0"
653,1,2015-06-22,5267,459,1,0,"0","0"
654,1,2015-06-22,6324,716,1,0,"0","0"
655,1,2015-06-22,7141,609,1,0,"0","0"
656,1,2015-06-22,2905,332,1,0,"0","0"
657,1,2015-06-22,3399,470,1,0,"0","0"
658,1,2015-06-22,4720,501,1,0,"0","0"
659,1,2015-06-22,4945,699,1,0,"0","0"
660,1,2015-06-22,4101,501,1,0,"0","0"
661,1,2015-06-22,5764,494,1,0,"0","0"
662,1,2015-06-22,5818,638,1,0,"0","0"
663,1,2015-06-22,4836,640,1,0,"0","0"
664,1,2015-06-22,4461,565,1,0,"0","0"
665,1,2015-06-22,6328,1082,1,0,"0","0"
666,1,2015-06-22,5525,573,1,0,"0","0"
667,1,2015-06-22,7485,706,1,0,"0","0"
668,1,2015-06-22,7597,1053,1,0,"0","0"
669,1,2015-06-22,4275,342,1,0,"0","0"
670,1,2015-06-22,5507,646,1,0,"0","0"
671,1,2015-06-22,5420,630,1,0,"0","0"
672,1,2015-06-22,7356,1088,1,0,"0","0"
673,1,2015-06-22,5954,544,1,0,"0","0"
674,1,2015-06-22,6091,849,1,0,"0","0"
675,1,2015-06-22,2364,303,1,0,"0","0"
676,1,2015-06-22,7623,1804,1,0,"0","0"
677,1,2015-06-22,6007,494,1,0,"0","0"
678,1,2015-06-22,6361,775,1,0,"0","0"
679,1,2015-06-22,9379,1033,1,0,"0","0"
680,1,2015-06-22,4452,665,1,0,"0","0"
681,1,2015-06-22,2939,408,1,0,"0","0"
682,1,2015-06-22,11005,1859,1,0,"0","0"
683,1,2015-06-22,7456,824,1,0,"0","0"
684,1,2015-06-22,6376,555,1,0,"0","0"
685,1,2015-06-22,4580,451,1,0,"0","0"
686,1,2015-06-22,5156,682,1,0,"0","0"
687,1,2015-06-22,8622,739,1,0,"0","0"
688,1,2015-06-22,2990,317,1,0,"0","0"
689,1,2015-06-22,6101,657,1,0,"0","0"
690,1,2015-06-22,4109,686,1,0,"0","0"
691,1,2015-06-22,6529,529,1,0,"0","0"
692,1,2015-06-22,5452,739,1,0,"0","0"
693,1,2015-06-22,4425,379,1,0,"0","0"
694,1,2015-06-22,7289,774,1,0,"0","0"
695,1,2015-06-22,4562,446,1,0,"0","0"
696,1,2015-06-22,9710,930,1,0,"0","0"
697,1,2015-06-22,8870,893,1,0,"0","0"
698,1,2015-06-22,15513,1934,1,0,"0","0"
699,1,2015-06-22,5817,678,1,0,"0","0"
700,1,2015-06-22,3540,482,1,0,"0","0"
701,1,2015-06-22,4635,576,1,0,"0","0"
702,1,2015-06-22,3290,281,1,0,"0","0"
703,1,2015-06-22,2737,294,1,0,"0","0"
704,1,2015-06-22,10494,1170,1,0,"0","0"
705,1,2015-06-22,6113,753,1,0,"0","0"
706,1,2015-06-22,4397,450,1,0,"0","0"
707,1,2015-06-22,6431,726,1,0,"0","0"
708,1,2015-06-22,4525,464,1,0,"0","0"
709,1,2015-06-22,10008,1426,1,0,"0","0"
710,1,2015-06-22,3886,320,1,0,"0","0"
711,1,2015-06-22,4727,425,1,0,"0","0"
712,1,2015-06-22,5421,537,1,0,"0","0"
713,1,2015-06-22,6700,860,1,0,"0","0"
714,1,2015-06-22,4414,356,1,0,"0","0"
715,1,2015-06-22,5579,575,1,0,"0","0"
716,1,2015-06-22,4431,416,1,0,"0","0"
717,1,2015-06-22,4563,494,1,0,"0","0"
718,1,2015-06-22,5384,635,1,0,"0","0"
719,1,2015-06-22,3820,380,1,0,"0","0"
720,1,2015-06-22,5391,579,1,0,"0","0"
721,1,2015-06-22,6643,663,1,0,"0","0"
722,1,2015-06-22,6833,1182,1,0,"0","0"
723,1,2015-06-22,5629,485,1,0,"0","0"
724,1,2015-06-22,6463,635,1,0,"0","0"
725,1,2015-06-22,4741,530,1,0,"0","0"
726,1,2015-06-22,9400,1007,1,0,"0","0"
727,1,2015-06-22,3836,410,1,0,"0","0"
728,1,2015-06-22,4106,397,1,0,"0","0"
729,1,2015-06-22,9081,947,1,0,"0","0"
730,1,2015-06-22,5931,752,1,0,"0","0"
731,1,2015-06-22,6914,754,1,0,"0","0"
732,1,2015-06-22,7465,923,1,0,"0","0"
733,1,2015-06-22,14739,3418,1,0,"0","0"
734,1,2015-06-22,4149,404,1,0,"0","0"
735,1,2015-06-22,3952,437,1,0,"0","0"
736,1,2015-06-22,4650,483,1,0,"0","0"
737,1,2015-06-22,4341,675,1,0,"0","0"
738,1,2015-06-22,7887,663,1,0,"0","0"
739,1,2015-06-22,8341,688,1,0,"0","0"
740,1,2015-06-22,6072,444,1,0,"0","0"
741,1,2015-06-22,6234,812,1,0,"0","0"
742,1,2015-06-22,6003,713,1,0,"0","0"
743,1,2015-06-22,3152,400,1,0,"0","0"
744,1,2015-06-22,7687,848,1,0,"0","0"
745,1,2015-06-22,6645,599,1,0,"0","0"
746,1,2015-06-22,4619,444,1,0,"0","0"
747,1,2015-06-22,6260,561,1,0,"0","0"
748,1,2015-06-22,4590,393,1,0,"0","0"
749,1,2015-06-22,4312,560,1,0,"0","0"
750,1,2015-06-22,4344,336,1,0,"0","0"
751,1,2015-06-22,3588,499,1,0,"0","0"
752,1,2015-06-22,3743,362,1,0,"0","0"
753,1,2015-06-22,7132,672,1,0,"0","0"
754,1,2015-06-22,6149,777,1,0,"0","0"
755,1,2015-06-22,9152,864,1,0,"0","0"
756,1,2015-06-22,13551,1894,1,0,"0","0"
757,1,2015-06-22,6968,620,1,0,"0","0"
758,1,2015-06-22,4161,587,1,0,"0","0"
759,1,2015-06-22,4914,547,1,0,"0","0"
760,1,2015-06-22,7652,1240,1,0,"0","0"
761,1,2015-06-22,8851,1040,1,0,"0","0"
762,1,2015-06-22,3782,382,1,0,"0","0"
763,1,2015-06-22,4963,518,1,0,"0","0"
764,1,2015-06-22,3174,381,1,0,"0","0"
765,1,2015-06-22,8522,725,1,0,"0","0"
766,1,2015-06-22,5379,497,1,0,"0","0"
767,1,2015-06-22,5358,569,1,0,"0","0"
768,1,2015-06-22,10721,1229,1,0,"0","0"
769,1,2015-06-22,11729,3286,1,0,"0","0"
770,1,2015-06-22,3364,439,1,0,"0","0"
771,1,2015-06-22,6246,679,1,0,"0","0"
772,1,2015-06-22,3531,493,1,0,"0","0"
773,1,2015-06-22,5389,791,1,0,"0","0"
774,1,2015-06-22,5388,727,1,0,"0","0"
775,1,2015-06-22,6671,523,1,0,"0","0"
776,1,2015-06-22,4201,502,1,0,"0","0"
777,1,2015-06-22,3808,345,1,0,"0","0"
778,1,2015-06-22,4971,719,1,0,"0","0"
779,1,2015-06-22,6142,661,1,0,"0","0"
780,1,2015-06-22,5676,729,1,0,"0","0"
781,1,2015-06-22,3548,580,1,0,"0","0"
782,1,2015-06-22,4600,448,1,0,"0","0"
783,1,2015-06-22,6140,668,1,0,"0","0"
784,1,2015-06-22,4642,608,1,0,"0","0"
785,1,2015-06-22,5123,495,1,0,"0","0"
786,1,2015-06-22,3036,547,1,0,"0","0"
787,1,2015-06-22,9687,1135,1,0,"0","0"
788,1,2015-06-22,15682,1600,1,0,"0","0"
789,1,2015-06-22,3792,527,1,0,"0","0"
790,1,2015-06-22,5453,544,1,0,"0","0"
791,1,2015-06-22,6784,734,1,0,"0","0"
792,1,2015-06-22,5217,576,1,0,"0","0"
793,1,2015-06-22,3801,427,1,0,"0","0"
794,1,2015-06-22,3103,527,1,0,"0","0"
795,1,2015-06-22,3346,392,1,0,"0","0"
796,1,2015-06-22,6437,613,1,0,"0","0"
797,1,2015-06-22,4074,410,1,0,"0","0"
798,1,2015-06-22,6947,873,1,0,"0","0"
799,1,2015-06-22,8319,748,1,0,"0","0"
800,1,2015-06-22,3163,324,1,0,"0","0"
801,1,2015-06-22,4093,443,1,0,"0","0"
802,1,2015-06-22,5510,437,1,0,"0","0"
803,1,2015-06-22,4905,387,1,0,"0","0"
804,1,2015-06-22,3669,367,1,0,"0","0"
805,1,2015-06-22,4200,416,1,0,"0","0"
806,1,2015-06-22,4906,417,1,0,"0","0"
807,1,2015-06-22,7277,790,1,0,"0","0"
808,1,2015-06-22,6708,555,1,0,"0","0"
809,1,2015-06-22,7246,684,1,0,"0","0"
810,1,2015-06-22,4098,387,1,0,"0","0"
811,1,2015-06-22,4022,660,1,0,"0","0"
812,1,2015-06-22,5461,727,1,0,"0","0"
813,1,2015-06-22,5099,658,1,0,"0","0"
814,1,2015-06-22,6802,612,1,0,"0","0"
815,1,2015-06-22,5911,602,1,0,"0","0"
816,1,2015-06-22,4038,580,1,0,"0","0"
817,1,2015-06-22,21859,3240,1,0,"0","0"
818,1,2015-06-22,5151,631,1,0,"0","0"
819,1,2015-06-22,4226,434,1,0,"0","0"
820,1,2015-06-22,10962,1054,1,0,"0","0"
821,1,2015-06-22,6134,823,1,0,"0","0"
822,1,2015-06-22,5263,464,1,0,"0","0"
823,1,2015-06-22,4891,558,1,0,"0","0"
824,1,2015-06-22,6476,871,1,0,"0","0"
825,1,2015-06-22,4232,543,1,0,"0","0"
826,1,2015-06-22,7917,651,1,0,"0","0"
827,1,2015-06-22,14926,1735,1,0,"0","0"
828,1,2015-06-22,4801,574,1,0,"0","0"
829,1,2015-06-22,4032,607,1,0,"0","0"
830,1,2015-06-22,5631,515,1,0,"0","0"
831,1,2015-06-22,9790,1280,1,0,"0","0"
832,1,2015-06-22,4601,421,1,0,"0","0"
833,1,2015-06-22,4777,463,1,0,"0","0"
834,1,2015-06-22,5563,689,1,0,"0","0"
835,1,2015-06-22,5018,592,1,0,"0","0"
836,1,2015-06-22,5765,750,1,0,"0","0"
837,1,2015-06-22,3379,473,1,0,"0","0"
838,1,2015-06-22,7421,801,1,0,"0","0"
839,1,2015-06-22,3073,461,1,0,"0","0"
840,1,2015-06-22,5761,911,1,0,"0","0"
841,1,2015-06-22,2245,372,1,0,"0","0"
842,1,2015-06-22,16541,1070,1,0,"0","0"
843,1,2015-06-22,7277,947,1,0,"0","0"
844,1,2015-06-22,3433,379,1,0,"0","0"
845,1,2015-06-22,3710,276,1,0,"0","0"
846,1,2015-06-22,8128,700,1,0,"0","0"
847,1,2015-06-22,5031,765,1,0,"0","0"
848,1,2015-06-22,5222,647,1,0,"0","0"
849,1,2015-06-22,7047,764,1,0,"0","0"
850,1,2015-06-22,4914,523,1,0,"0","0"
851,1,2015-06-22,4226,406,1,0,"0","0"
852,1,2015-06-22,3950,524,1,0,"0","0"
853,1,2015-06-22,7958,974,1,0,"0","0"
854,1,2015-06-22,5627,592,1,0,"0","0"
855,1,2015-06-22,5181,592,1,0,"0","0"
856,1,2015-06-22,5715,863,1,0,"0","0"
857,1,2015-06-22,6501,841,1,0,"0","0"
858,1,2015-06-22,4751,440,1,0,"0","0"
859,1,2015-06-22,6619,655,1,0,"0","0"
860,1,2015-06-22,5177,689,1,0,"0","0"
861,1,2015-06-22,2834,410,1,0,"0","0"
862,1,2015-06-22,7252,995,1,0,"0","0"
863,1,2015-06-22,7528,930,1,0,"0","0"
864,1,2015-06-22,4250,614,1,0,"0","0"
865,1,2015-06-22,7242,588,1,0,"0","0"
866,1,2015-06-22,5259,406,1,0,"0","0"
867,1,2015-06-22,4248,446,1,0,"0","0"
868,1,2015-06-22,8662,595,1,0,"0","0"
869,1,2015-06-22,4756,787,1,0,"0","0"
870,1,2015-06-22,6911,872,1,0,"0","0"
871,1,2015-06-22,5998,457,1,0,"0","0"
872,1,2015-06-22,6238,665,1,0,"0","0"
873,1,2015-06-22,3802,475,1,0,"0","0"
874,1,2015-06-22,4443,494,1,0,"0","0"
875,1,2015-06-22,3904,386,1,0,"0","0"
876,1,2015-06-22,7754,902,1,0,"0","0"
877,1,2015-06-22,5953,873,1,0,"0","0"
878,1,2015-06-22,6985,717,1,0,"0","0"
879,1,2015-06-22,3032,287,1,0,"0","0"
880,1,2015-06-22,7667,827,1,0,"0","0"
881,1,2015-06-22,3083,452,1,0,"0","0"
882,1,2015-06-22,5347,690,1,0,"0","0"
883,1,2015-06-22,4089,444,1,0,"0","0"
884,1,2015-06-22,6051,564,1,0,"0","0"
885,1,2015-06-22,5449,722,1,0,"0","0"
886,1,2015-06-22,6638,621,1,0,"0","0"
887,1,2015-06-22,6103,523,1,0,"0","0"
888,1,2015-06-22,7300,766,1,0,"0","0"
889,1,2015-06-22,3161,399,1,0,"0","0"
890,1,2015-06-22,5393,417,1,0,"0","0"
891,1,2015-06-22,5302,775,1,0,"0","0"
892,1,2015-06-22,5979,692,1,0,"0","0"
893,1,2015-06-22,5917,756,1,0,"0","0"
894,1,2015-06-22,5841,780,1,0,"0","0"
895,1,2015-06-22,7948,871,1,0,"0","0"
896,1,2015-06-22,5704,979,1,0,"0","0"
897,1,2015-06-22,2678,308,1,0,"0","0"
898,1,2015-06-22,5719,702,1,0,"0","0"
899,1,2015-06-22,4660,557,1,0,"0","0"
900,1,2015-06-22,6374,619,1,0,"0","0"
901,1,2015-06-22,6303,588,1,0,"0","0"
902,1,2015-06-22,3828,539,1,0,"0","0"
903,1,2015-06-22,10212,742,1,0,"0","0"
904,1,2015-06-22,4376,437,1,0,"0","0"
905,1,2015-06-22,5088,809,1,0,"0","0"
906,1,2015-06-22,7663,998,1,0,"0","0"
907,1,2015-06-22,5589,693,1,0,"0","0"
908,1,2015-06-22,3281,326,1,0,"0","0"
909,1,2015-06-22,41551,1721,1,0,"0","0"
910,1,2015-06-22,4425,495,1,0,"0","0"
911,1,2015-06-22,8738,880,1,0,"0","0"
912,1,2015-06-22,4588,637,1,0,"0","0"
913,1,2015-06-22,5378,764,1,0,"0","0"
914,1,2015-06-22,8563,1066,1,0,"0","0"
915,1,2015-06-22,5576,453,1,0,"0","0"
916,1,2015-06-22,4650,603,1,0,"0","0"
917,1,2015-06-22,6060,664,1,0,"0","0"
918,1,2015-06-22,4122,483,1,0,"0","0"
919,1,2015-06-22,4995,643,1,0,"0","0"
920,1,2015-06-22,5315,573,1,0,"0","0"
921,1,2015-06-22,8849,1109,1,0,"0","0"
922,1,2015-06-22,6910,686,1,0,"0","0"
923,1,2015-06-22,5480,684,1,0,"0","0"
924,1,2015-06-22,4249,410,1,0,"0","0"
925,1,2015-06-22,5523,1046,1,0,"0","0"
926,1,2015-06-22,6165,490,1,0,"0","0"
927,1,2015-06-22,5769,721,1,0,"0","0"
928,1,2015-06-22,5811,526,1,0,"0","0"
929,1,2015-06-22,4920,670,1,0,"0","0"
930,1,2015-06-22,5118,924,1,0,"0","0"
931,1,2015-06-22,4060,511,1,0,"0","0"
932,1,2015-06-22,6241,639,1,0,"0","0"
933,1,2015-06-22,6705,799,1,0,"0","0"
934,1,2015-06-22,5922,603,1,0,"0","0"
935,1,2015-06-22,5084,544,1,0,"0","0"
936,1,2015-06-22,5031,679,1,0,"0","0"
937,1,2015-06-22,5263,451,1,0,"0","0"
938,1,2015-06-22,7881,840,1,0,"0","0"
939,1,2015-06-22,4957,488,1,0,"0","0"
940,1,2015-06-22,6534,697,1,0,"0","0"
941,1,2015-06-22,4695,545,1,0,"0","0"
942,1,2015-06-22,4729,394,1,0,"0","0"
943,1,2015-06-22,5565,545,1,0,"0","0"
944,1,2015-06-22,5783,990,1,0,"0","0"
945,1,2015-06-22,3664,477,1,0,"0","0"
946,1,2015-06-22,3940,538,1,0,"0","0"
947,1,2015-06-22,6321,922,1,0,"0","0"
948,1,2015-06-22,7439,1906,1,0,"0","0"
949,1,2015-06-22,4754,472,1,0,"0","0"
950,1,2015-06-22,5174,544,1,0,"0","0"
951,1,2015-06-22,6691,641,1,0,"0","0"
952,1,2015-06-22,5388,463,1,0,"0","0"
953,1,2015-06-22,4783,485,1,0,"0","0"
954,1,2015-06-22,4622,625,1,0,"0","0"
955,1,2015-06-22,3994,409,1,0,"0","0"
956,1,2015-06-22,2822,385,1,0,"0","0"
957,1,2015-06-22,6843,788,1,0,"0","0"
958,1,2015-06-22,4087,571,1,0,"0","0"
959,1,2015-06-22,6194,759,1,0,"0","0"
960,1,2015-06-22,5033,462,1,0,"0","0"
961,1,2015-06-22,6302,622,1,0,"0","0"
962,1,2015-06-22,5795,828,1,0,"0","0"
963,1,2015-06-22,9392,928,1,0,"0","0"
964,1,2015-06-22,7521,1087,1,0,"0","0"
965,1,2015-06-22,6065,704,1,0,"0","0"
966,1,2015-06-22,4661,563,1,0,"0","0"
967,1,2015-06-22,7062,772,1,0,"0","0"
968,1,2015-06-22,7172,907,1,0,"0","0"
969,1,2015-06-22,3307,564,1,0,"0","0"
970,1,2015-06-22,3091,427,1,0,"0","0"
971,1,2015-06-22,6899,872,1,0,"0","0"
972,1,2015-06-22,2660,324,1,0,"0","0"
973,1,2015-06-22,6483,834,1,0,"0","0"
974,1,2015-06-22,11680,1662,1,0,"0","0"
975,1,2015-06-22,6654,630,1,0,"0","0"
976,1,2015-06-22,5908,560,1,0,"0","0"
977,1,2015-06-22,3931,445,1,0,"0","0"
978,1,2015-06-22,5993,895,1,0,"0","0"
979,1,2015-06-22,5681,635,1,0,"0","0"
980,1,2015-06-22,4595,386,1,0,"0","0"
981,1,2015-06-22,5688,648,1,0,"0","0"
982,1,2015-06-22,7724,662,1,0,"0","0"
983,1,2015-06-22,5564,773,1,0,"0","0"
984,1,2015-06-22,4343,584,1,0,"0","0"
985,1,2015-06-22,7208,716,1,0,"0","0"
986,1,2015-06-22,3797,509,1,0,"0","0"
987,1,2015-06-22,6557,909,1,0,"0","0"
988,1,2015-06-22,5693,957,1,0,"0","0"
989,1,2015-06-22,4714,572,1,0,"0","0"
990,1,2015-06-22,4737,480,1,0,"0","0"
991,1,2015-06-22,5029,456,1,0,"0","0"
992,1,2015-06-22,4955,582,1,0,"0","0"
993,1,2015-06-22,6144,657,1,0,"0","0"
994,1,2015-06-22,3629,372,1,0,"0","0"
995,1,2015-06-22,8355,764,1,0,"0","0"
996,1,2015-06-22,5662,699,1,0,"0","0"
997,1,2015-06-22,3658,348,1,0,"0","0"
998,1,2015-06-22,4154,509,1,0,"0","0"
999,1,2015-06-22,6356,521,1,0,"0","0"
1000,1,2015-06-22,6799,648,1,0,"0","0"
1001,1,2015-06-22,5017,632,1,0,"0","0"
1002,1,2015-06-22,5818,732,1,0,"0","0"
1003,1,2015-06-22,5092,523,1,0,"0","0"
1004,1,2015-06-22,3805,365,1,0,"0","0"
1005,1,2015-06-22,4724,753,1,0,"0","0"
1006,1,2015-06-22,5292,785,1,0,"0","0"
1007,1,2015-06-22,5235,658,1,0,"0","0"
1008,1,2015-06-22,4325,603,1,0,"0","0"
1009,1,2015-06-22,4776,470,1,0,"0","0"
1010,1,2015-06-22,7309,688,1,0,"0","0"
1011,1,2015-06-22,6566,734,1,0,"0","0"
1012,1,2015-06-22,4846,451,1,0,"0","0"
1013,1,2015-06-22,2800,363,1,0,"0","0"
1014,1,2015-06-22,7462,831,1,0,"0","0"
1015,1,2015-06-22,4472,415,1,0,"0","0"
1016,1,2015-06-22,4512,420,1,0,"0","0"
1017,1,2015-06-22,5805,871,1,0,"0","0"
1018,1,2015-06-22,9074,1119,1,0,"0","0"
1019,1,2015-06-22,6573,587,1,0,"0","0"
1020,1,2015-06-22,6254,805,1,0,"0","0"
1021,1,2015-06-22,9188,1091,1,0,"0","0"
1022,1,2015-06-22,5904,664,1,0,"0","0"
1023,1,2015-06-22,4588,499,1,0,"0","0"
1024,1,2015-06-22,4633,602,1,0,"0","0"
1025,1,2015-06-22,6344,781,1,0,"0","0"
1026,1,2015-06-22,7418,938,1,0,"0","0"
1027,1,2015-06-22,9248,1279,1,0,"0","0"
1028,1,2015-06-22,4070,440,1,0,"0","0"
1029,1,2015-06-22,5922,885,1,0,"0","0"
1030,1,2015-06-22,3137,289,1,0,"0","0"
1031,1,2015-06-22,3677,319,1,0,"0","0"
1032,1,2015-06-22,7252,805,1,0,"0","0"
1033,1,2015-06-22,11787,1214,1,0,"0","0"
1034,1,2015-06-22,5078,670,1,0,"0","0"
1035,1,2015-06-22,3580,503,1,0,"0","0"
1036,1,2015-06-22,3715,383,1,0,"0","0"
1037,1,2015-06-22,4499,609,1,0,"0","0"
1038,1,2015-06-22,4330,464,1,0,"0","0"
1039,1,2015-06-22,5762,748,1,0,"0","0"
1040,1,2015-06-22,7086,693,1,0,"0","0"
1041,1,2015-06-22,5249,609,1,0,"0","0"
1042,1,2015-06-22,3533,457,1,0,"0","0"
1043,1,2015-06-22,6252,918,1,0,"0","0"
1044,1,2015-06-22,4927,739,1,0,"0","0"
1045,1,2015-06-22,7668,989,1,0,"0","0"
1046,1,2015-06-22,6487,590,1,0,"0","0"
1047,1,2015-06-22,4013,427,1,0,"0","0"
1048,1,2015-06-22,5821,509,1,0,"0","0"
1049,1,2015-06-22,3116,540,1,0,"0","0"
1050,1,2015-06-22,5464,405,1,0,"0","0"
1051,1,2015-06-22,7166,1012,1,0,"0","0"
1052,1,2015-06-22,6078,609,1,0,"0","0"
1053,1,2015-06-22,7059,929,1,0,"0","0"
1054,1,2015-06-22,5148,597,1,0,"0","0"
1055,1,2015-06-22,6412,903,1,0,"0","0"
1056,1,2015-06-22,3586,363,1,0,"0","0"
1057,1,2015-06-22,4812,507,1,0,"0","0"
1058,1,2015-06-22,4963,504,1,0,"0","0"
1059,1,2015-06-22,6720,986,1,0,"0","0"
1060,1,2015-06-22,6290,686,1,0,"0","0"
1061,1,2015-06-22,6256,541,1,0,"0","0"
1062,1,2015-06-22,4771,491,1,0,"0","0"
1063,1,2015-06-22,3229,463,1,0,"0","0"
1064,1,2015-06-22,7797,904,1,0,"0","0"
1065,1,2015-06-22,4300,471,1,0,"0","0"
1066,1,2015-06-22,9317,946,1,0,"0","0"
1067,1,2015-06-22,5115,475,1,0,"0","0"
1068,1,2015-06-22,3965,329,1,0,"0","0"
1069,1,2015-06-22,5374,679,1,0,"0","0"
1070,1,2015-06-22,5252,700,1,0,"0","0"
1071,1,2015-06-22,5391,689,1,0,"0","0"
1072,1,2015-06-22,6912,654,1,0,"0","0"
1073,1,2015-06-22,7389,893,1,0,"0","0"
1074,1,2015-06-22,4457,442,1,0,"0","0"
1075,1,2015-06-22,10457,1005,1,0,"0","0"
1076,1,2015-06-22,3986,577,1,0,"0","0"
1077,1,2015-06-22,3891,463,1,0,"0","0"
1078,1,2015-06-22,5461,467,1,0,"0","0"
1079,1,2015-06-22,6720,562,1,0,"0","0"
1080,1,2015-06-22,9824,860,1,0,"0","0"
1081,1,2015-06-22,6872,1124,1,0,"0","0"
1082,1,2015-06-22,5497,850,1,0,"0","0"
1083,1,2015-06-22,4030,314,1,0,"0","0"
1084,1,2015-06-22,5519,706,1,0,"0","0"
1085,1,2015-06-22,5982,656,1,0,"0","0"
1086,1,2015-06-22,4510,602,1,0,"0","0"
1087,1,2015-06-22,4847,532,1,0,"0","0"
1088,1,2015-06-22,4348,404,1,0,"0","0"
1089,1,2015-06-22,8509,813,1,0,"0","0"
1090,1,2015-06-22,5740,716,1,0,"0","0"
1091,1,2015-06-22,7431,683,1,0,"0","0"
1092,1,2015-06-22,11310,1113,1,0,"0","0"
1093,1,2015-06-22,6373,713,1,0,"0","0"
1094,1,2015-06-22,4771,363,1,0,"0","0"
1095,1,2015-06-22,4134,639,1,0,"0","0"
1096,1,2015-06-22,4515,559,1,0,"0","0"
1097,1,2015-06-22,10381,2587,1,0,"0","0"
1098,1,2015-06-22,4720,690,1,0,"0","0"
1099,1,2015-06-22,6960,973,1,0,"0","0"
1100,1,2015-06-22,3516,481,1,0,"0","0"
1101,1,2015-06-22,8858,955,1,0,"0","0"
1102,1,2015-06-22,6665,690,1,0,"0","0"
1103,1,2015-06-22,4059,350,1,0,"0","0"
1104,1,2015-06-22,3932,343,1,0,"0","0"
1105,1,2015-06-22,4169,470,1,0,"0","0"
1106,1,2015-06-22,4650,550,1,0,"0","0"
1107,1,2015-06-22,5546,559,1,0,"0","0"
1108,1,2015-06-22,5477,549,1,0,"0","0"
1109,1,2015-06-22,4637,463,1,0,"0","0"
1110,1,2015-06-22,3972,501,1,0,"0","0"
1111,1,2015-06-22,4814,387,1,0,"0","0"
1112,1,2015-06-22,7648,657,1,0,"0","0"
1113,1,2015-06-22,4682,558,1,0,"0","0"
1114,1,2015-06-22,18562,2783,1,0,"0","0"
1115,1,2015-06-22,5096,375,1,0,"0","0"
1,7,2015-06-21,0,0,0,0,"0","0"
2,7,2015-06-21,0,0,0,0,"0","0"
3,7,2015-06-21,0,0,0,0,"0","0"
4,7,2015-06-21,0,0,0,0,"0","0"
5,7,2015-06-21,0,0,0,0,"0","0"
6,7,2015-06-21,0,0,0,0,"0","0"
7,7,2015-06-21,0,0,0,0,"0","0"
8,7,2015-06-21,0,0,0,0,"0","0"
9,7,2015-06-21,0,0,0,0,"0","0"
10,7,2015-06-21,0,0,0,0,"0","0"
11,7,2015-06-21,0,0,0,0,"0","0"
12,7,2015-06-21,0,0,0,0,"0","0"
13,7,2015-06-21,0,0,0,0,"0","0"
14,7,2015-06-21,0,0,0,0,"0","0"
15,7,2015-06-21,0,0,0,0,"0","0"
16,7,2015-06-21,0,0,0,0,"0","0"
17,7,2015-06-21,0,0,0,0,"0","0"
18,7,2015-06-21,0,0,0,0,"0","0"
19,7,2015-06-21,0,0,0,0,"0","0"
20,7,2015-06-21,0,0,0,0,"0","0"
21,7,2015-06-21,0,0,0,0,"0","0"
22,7,2015-06-21,0,0,0,0,"0","0"
23,7,2015-06-21,0,0,0,0,"0","0"
24,7,2015-06-21,0,0,0,0,"0","0"
25,7,2015-06-21,0,0,0,0,"0","0"
26,7,2015-06-21,0,0,0,0,"0","0"
27,7,2015-06-21,0,0,0,0,"0","0"
28,7,2015-06-21,0,0,0,0,"0","0"
29,7,2015-06-21,0,0,0,0,"0","0"
30,7,2015-06-21,0,0,0,0,"0","0"
31,7,2015-06-21,0,0,0,0,"0","0"
32,7,2015-06-21,0,0,0,0,"0","0"
33,7,2015-06-21,0,0,0,0,"0","0"
34,7,2015-06-21,0,0,0,0,"0","0"
35,7,2015-06-21,0,0,0,0,"0","0"
36,7,2015-06-21,0,0,0,0,"0","0"
37,7,2015-06-21,0,0,0,0,"0","0"
38,7,2015-06-21,0,0,0,0,"0","0"
39,7,2015-06-21,0,0,0,0,"0","0"
40,7,2015-06-21,0,0,0,0,"0","0"
41,7,2015-06-21,0,0,0,0,"0","0"
42,7,2015-06-21,0,0,0,0,"0","0"
43,7,2015-06-21,0,0,0,0,"0","0"
44,7,2015-06-21,0,0,0,0,"0","0"
45,7,2015-06-21,0,0,0,0,"0","0"
46,7,2015-06-21,0,0,0,0,"0","0"
47,7,2015-06-21,0,0,0,0,"0","0"
48,7,2015-06-21,0,0,0,0,"0","0"
49,7,2015-06-21,0,0,0,0,"0","0"
50,7,2015-06-21,0,0,0,0,"0","0"
51,7,2015-06-21,0,0,0,0,"0","0"
52,7,2015-06-21,0,0,0,0,"0","0"
53,7,2015-06-21,0,0,0,0,"0","0"
54,7,2015-06-21,0,0,0,0,"0","0"
55,7,2015-06-21,0,0,0,0,"0","0"
56,7,2015-06-21,0,0,0,0,"0","0"
57,7,2015-06-21,0,0,0,0,"0","0"
58,7,2015-06-21,0,0,0,0,"0","0"
59,7,2015-06-21,0,0,0,0,"0","0"
60,7,2015-06-21,0,0,0,0,"0","0"
61,7,2015-06-21,0,0,0,0,"0","0"
62,7,2015-06-21,0,0,0,0,"0","0"
63,7,2015-06-21,0,0,0,0,"0","0"
64,7,2015-06-21,0,0,0,0,"0","0"
65,7,2015-06-21,0,0,0,0,"0","0"
66,7,2015-06-21,0,0,0,0,"0","0"
67,7,2015-06-21,0,0,0,0,"0","0"
68,7,2015-06-21,0,0,0,0,"0","0"
69,7,2015-06-21,0,0,0,0,"0","0"
70,7,2015-06-21,0,0,0,0,"0","0"
71,7,2015-06-21,0,0,0,0,"0","0"
72,7,2015-06-21,0,0,0,0,"0","0"
73,7,2015-06-21,0,0,0,0,"0","0"
74,7,2015-06-21,0,0,0,0,"0","0"
75,7,2015-06-21,0,0,0,0,"0","0"
76,7,2015-06-21,0,0,0,0,"0","0"
77,7,2015-06-21,0,0,0,0,"0","0"
78,7,2015-06-21,0,0,0,0,"0","0"
79,7,2015-06-21,0,0,0,0,"0","0"
80,7,2015-06-21,0,0,0,0,"0","0"
81,7,2015-06-21,0,0,0,0,"0","0"
82,7,2015-06-21,0,0,0,0,"0","0"
83,7,2015-06-21,0,0,0,0,"0","0"
84,7,2015-06-21,0,0,0,0,"0","0"
85,7,2015-06-21,11522,1676,1,0,"0","0"
86,7,2015-06-21,0,0,0,0,"0","0"
87,7,2015-06-21,0,0,0,0,"0","0"
88,7,2015-06-21,0,0,0,0,"0","0"
89,7,2015-06-21,0,0,0,0,"0","0"
90,7,2015-06-21,0,0,0,0,"0","0"
91,7,2015-06-21,0,0,0,0,"0","0"
92,7,2015-06-21,0,0,0,0,"0","0"
93,7,2015-06-21,0,0,0,0,"0","0"
94,7,2015-06-21,0,0,0,0,"0","0"
95,7,2015-06-21,0,0,0,0,"0","0"
96,7,2015-06-21,0,0,0,0,"0","0"
97,7,2015-06-21,0,0,0,0,"0","0"
98,7,2015-06-21,0,0,0,0,"0","0"
99,7,2015-06-21,0,0,0,0,"0","0"
100,7,2015-06-21,0,0,0,0,"0","0"
101,7,2015-06-21,0,0,0,0,"0","0"
102,7,2015-06-21,0,0,0,0,"0","0"
103,7,2015-06-21,0,0,0,0,"0","0"
104,7,2015-06-21,0,0,0,0,"0","0"
105,7,2015-06-21,0,0,0,0,"0","0"
106,7,2015-06-21,0,0,0,0,"0","0"
107,7,2015-06-21,0,0,0,0,"0","0"
108,7,2015-06-21,0,0,0,0,"0","0"
109,7,2015-06-21,0,0,0,0,"0","0"
110,7,2015-06-21,0,0,0,0,"0","0"
111,7,2015-06-21,0,0,0,0,"0","0"
112,7,2015-06-21,0,0,0,0,"0","0"
113,7,2015-06-21,0,0,0,0,"0","0"
114,7,2015-06-21,0,0,0,0,"0","0"
115,7,2015-06-21,0,0,0,0,"0","0"
116,7,2015-06-21,0,0,0,0,"0","0"
117,7,2015-06-21,0,0,0,0,"0","0"
118,7,2015-06-21,0,0,0,0,"0","0"
119,7,2015-06-21,0,0,0,0,"0","0"
120,7,2015-06-21,0,0,0,0,"0","0"
121,7,2015-06-21,0,0,0,0,"0","0"
122,7,2015-06-21,2907,335,1,0,"0","0"
123,7,2015-06-21,0,0,0,0,"0","0"
124,7,2015-06-21,0,0,0,0,"0","0"
125,7,2015-06-21,0,0,0,0,"0","0"
126,7,2015-06-21,0,0,0,0,"0","0"
127,7,2015-06-21,0,0,0,0,"0","0"
128,7,2015-06-21,0,0,0,0,"0","0"
129,7,2015-06-21,0,0,0,0,"0","0"
130,7,2015-06-21,0,0,0,0,"0","0"
131,7,2015-06-21,0,0,0,0,"0","0"
132,7,2015-06-21,0,0,0,0,"0","0"
133,7,2015-06-21,0,0,0,0,"0","0"
134,7,2015-06-21,0,0,0,0,"0","0"
135,7,2015-06-21,0,0,0,0,"0","0"
136,7,2015-06-21,0,0,0,0,"0","0"
137,7,2015-06-21,0,0,0,0,"0","0"
138,7,2015-06-21,0,0,0,0,"0","0"
139,7,2015-06-21,0,0,0,0,"0","0"
140,7,2015-06-21,0,0,0,0,"0","0"
141,7,2015-06-21,0,0,0,0,"0","0"
142,7,2015-06-21,0,0,0,0,"0","0"
143,7,2015-06-21,0,0,0,0,"0","0"
144,7,2015-06-21,0,0,0,0,"0","0"
145,7,2015-06-21,0,0,0,0,"0","0"
146,7,2015-06-21,0,0,0,0,"0","0"
147,7,2015-06-21,0,0,0,0,"0","0"
148,7,2015-06-21,0,0,0,0,"0","0"
149,7,2015-06-21,0,0,0,0,"0","0"
150,7,2015-06-21,0,0,0,0,"0","0"
151,7,2015-06-21,0,0,0,0,"0","0"
152,7,2015-06-21,0,0,0,0,"0","0"
153,7,2015-06-21,0,0,0,0,"0","0"
154,7,2015-06-21,0,0,0,0,"0","0"
155,7,2015-06-21,0,0,0,0,"0","0"
156,7,2015-06-21,0,0,0,0,"0","0"
157,7,2015-06-21,0,0,0,0,"0","0"
158,7,2015-06-21,0,0,0,0,"0","0"
159,7,2015-06-21,0,0,0,0,"0","0"
160,7,2015-06-21,0,0,0,0,"0","0"
161,7,2015-06-21,0,0,0,0,"0","0"
162,7,2015-06-21,0,0,0,0,"0","0"
163,7,2015-06-21,0,0,0,0,"0","0"
164,7,2015-06-21,0,0,0,0,"0","0"
165,7,2015-06-21,0,0,0,0,"0","0"
166,7,2015-06-21,0,0,0,0,"0","0"
167,7,2015-06-21,0,0,0,0,"0","0"
168,7,2015-06-21,0,0,0,0,"0","0"
169,7,2015-06-21,0,0,0,0,"0","0"
170,7,2015-06-21,0,0,0,0,"0","0"
171,7,2015-06-21,0,0,0,0,"0","0"
172,7,2015-06-21,0,0,0,0,"0","0"
173,7,2015-06-21,0,0,0,0,"0","0"
174,7,2015-06-21,0,0,0,0,"0","0"
175,7,2015-06-21,0,0,0,0,"0","0"
176,7,2015-06-21,0,0,0,0,"0","0"
177,7,2015-06-21,0,0,0,0,"0","0"
178,7,2015-06-21,0,0,0,0,"0","0"
179,7,2015-06-21,0,0,0,0,"0","0"
180,7,2015-06-21,0,0,0,0,"0","0"
181,7,2015-06-21,0,0,0,0,"0","0"
182,7,2015-06-21,0,0,0,0,"0","0"
183,7,2015-06-21,0,0,0,0,"0","0"
184,7,2015-06-21,0,0,0,0,"0","0"
185,7,2015-06-21,0,0,0,0,"0","0"
186,7,2015-06-21,0,0,0,0,"0","0"
187,7,2015-06-21,0,0,0,0,"0","0"
188,7,2015-06-21,0,0,0,0,"0","0"
189,7,2015-06-21,0,0,0,0,"0","0"
190,7,2015-06-21,0,0,0,0,"0","0"
191,7,2015-06-21,0,0,0,0,"0","0"
192,7,2015-06-21,0,0,0,0,"0","0"
193,7,2015-06-21,0,0,0,0,"0","0"
194,7,2015-06-21,0,0,0,0,"0","0"
195,7,2015-06-21,0,0,0,0,"0","0"
196,7,2015-06-21,0,0,0,0,"0","0"
197,7,2015-06-21,0,0,0,0,"0","0"
198,7,2015-06-21,0,0,0,0,"0","0"
199,7,2015-06-21,0,0,0,0,"0","0"
200,7,2015-06-21,0,0,0,0,"0","0"
201,7,2015-06-21,0,0,0,0,"0","0"
202,7,2015-06-21,0,0,0,0,"0","0"
203,7,2015-06-21,0,0,0,0,"0","0"
204,7,2015-06-21,0,0,0,0,"0","0"
205,7,2015-06-21,0,0,0,0,"0","0"
206,7,2015-06-21,0,0,0,0,"0","0"
207,7,2015-06-21,0,0,0,0,"0","0"
208,7,2015-06-21,0,0,0,0,"0","0"
209,7,2015-06-21,1897,186,1,0,"0","0"
210,7,2015-06-21,0,0,0,0,"0","0"
211,7,2015-06-21,0,0,0,0,"0","0"
212,7,2015-06-21,0,0,0,0,"0","0"
213,7,2015-06-21,0,0,0,0,"0","0"
214,7,2015-06-21,0,0,0,0,"0","0"
215,7,2015-06-21,0,0,0,0,"0","0"
216,7,2015-06-21,0,0,0,0,"0","0"
217,7,2015-06-21,0,0,0,0,"0","0"
218,7,2015-06-21,0,0,0,0,"0","0"
219,7,2015-06-21,0,0,0,0,"0","0"
220,7,2015-06-21,0,0,0,0,"0","0"
221,7,2015-06-21,0,0,0,0,"0","0"
222,7,2015-06-21,0,0,0,0,"0","0"
223,7,2015-06-21,0,0,0,0,"0","0"
224,7,2015-06-21,0,0,0,0,"0","0"
225,7,2015-06-21,0,0,0,0,"0","0"
226,7,2015-06-21,0,0,0,0,"0","0"
227,7,2015-06-21,0,0,0,0,"0","0"
228,7,2015-06-21,0,0,0,0,"0","0"
229,7,2015-06-21,0,0,0,0,"0","0"
230,7,2015-06-21,0,0,0,0,"0","0"
231,7,2015-06-21,0,0,0,0,"0","0"
232,7,2015-06-21,0,0,0,0,"0","0"
233,7,2015-06-21,0,0,0,0,"0","0"
234,7,2015-06-21,0,0,0,0,"0","0"
235,7,2015-06-21,0,0,0,0,"0","0"
236,7,2015-06-21,0,0,0,0,"0","0"
237,7,2015-06-21,0,0,0,0,"0","0"
238,7,2015-06-21,0,0,0,0,"0","0"
239,7,2015-06-21,0,0,0,0,"0","0"
240,7,2015-06-21,0,0,0,0,"0","0"
241,7,2015-06-21,0,0,0,0,"0","0"
242,7,2015-06-21,0,0,0,0,"0","0"
243,7,2015-06-21,0,0,0,0,"0","0"
244,7,2015-06-21,0,0,0,0,"0","0"
245,7,2015-06-21,0,0,0,0,"0","0"
246,7,2015-06-21,0,0,0,0,"0","0"
247,7,2015-06-21,0,0,0,0,"0","0"
248,7,2015-06-21,0,0,0,0,"0","0"
249,7,2015-06-21,0,0,0,0,"0","0"
250,7,2015-06-21,0,0,0,0,"0","0"
251,7,2015-06-21,0,0,0,0,"0","0"
252,7,2015-06-21,0,0,0,0,"0","0"
253,7,2015-06-21,0,0,0,0,"0","0"
254,7,2015-06-21,0,0,0,0,"0","0"
255,7,2015-06-21,0,0,0,0,"0","0"
256,7,2015-06-21,0,0,0,0,"0","0"
257,7,2015-06-21,0,0,0,0,"0","0"
258,7,2015-06-21,0,0,0,0,"0","0"
259,7,2015-06-21,17446,2903,1,0,"0","0"
260,7,2015-06-21,0,0,0,0,"0","0"
261,7,2015-06-21,0,0,0,0,"0","0"
262,7,2015-06-21,28187,4335,1,0,"0","0"
263,7,2015-06-21,0,0,0,0,"0","0"
264,7,2015-06-21,0,0,0,0,"0","0"
265,7,2015-06-21,0,0,0,0,"0","0"
266,7,2015-06-21,0,0,0,0,"0","0"
267,7,2015-06-21,0,0,0,0,"0","0"
268,7,2015-06-21,0,0,0,0,"0","0"
269,7,2015-06-21,0,0,0,0,"0","0"
270,7,2015-06-21,0,0,0,0,"0","0"
271,7,2015-06-21,0,0,0,0,"0","0"
272,7,2015-06-21,0,0,0,0,"0","0"
273,7,2015-06-21,0,0,0,0,"0","0"
274,7,2015-06-21,7308,1499,1,0,"0","0"
275,7,2015-06-21,0,0,0,0,"0","0"
276,7,2015-06-21,0,0,0,0,"0","0"
277,7,2015-06-21,0,0,0,0,"0","0"
278,7,2015-06-21,0,0,0,0,"0","0"
279,7,2015-06-21,0,0,0,0,"0","0"
280,7,2015-06-21,0,0,0,0,"0","0"
281,7,2015-06-21,0,0,0,0,"0","0"
282,7,2015-06-21,0,0,0,0,"0","0"
283,7,2015-06-21,0,0,0,0,"0","0"
284,7,2015-06-21,0,0,0,0,"0","0"
285,7,2015-06-21,0,0,0,0,"0","0"
286,7,2015-06-21,0,0,0,0,"0","0"
287,7,2015-06-21,0,0,0,0,"0","0"
288,7,2015-06-21,0,0,0,0,"0","0"
289,7,2015-06-21,0,0,0,0,"0","0"
290,7,2015-06-21,0,0,0,0,"0","0"
291,7,2015-06-21,0,0,0,0,"0","0"
292,7,2015-06-21,0,0,0,0,"0","0"
293,7,2015-06-21,0,0,0,0,"0","0"
294,7,2015-06-21,0,0,0,0,"0","0"
295,7,2015-06-21,0,0,0,0,"0","0"
296,7,2015-06-21,0,0,0,0,"0","0"
297,7,2015-06-21,0,0,0,0,"0","0"
298,7,2015-06-21,0,0,0,0,"0","0"
299,7,2015-06-21,2971,341,1,0,"0","0"
300,7,2015-06-21,0,0,0,0,"0","0"
301,7,2015-06-21,0,0,0,0,"0","0"
302,7,2015-06-21,0,0,0,0,"0","0"
303,7,2015-06-21,0,0,0,0,"0","0"
304,7,2015-06-21,0,0,0,0,"0","0"
305,7,2015-06-21,0,0,0,0,"0","0"
306,7,2015-06-21,0,0,0,0,"0","0"
307,7,2015-06-21,0,0,0,0,"0","0"
308,7,2015-06-21,0,0,0,0,"0","0"
309,7,2015-06-21,0,0,0,0,"0","0"
310,7,2015-06-21,2467,221,1,0,"0","0"
311,7,2015-06-21,0,0,0,0,"0","0"
312,7,2015-06-21,0,0,0,0,"0","0"
313,7,2015-06-21,0,0,0,0,"0","0"
314,7,2015-06-21,0,0,0,0,"0","0"
315,7,2015-06-21,0,0,0,0,"0","0"
316,7,2015-06-21,0,0,0,0,"0","0"
317,7,2015-06-21,0,0,0,0,"0","0"
318,7,2015-06-21,0,0,0,0,"0","0"
319,7,2015-06-21,0,0,0,0,"0","0"
320,7,2015-06-21,0,0,0,0,"0","0"
321,7,2015-06-21,0,0,0,0,"0","0"
322,7,2015-06-21,0,0,0,0,"0","0"
323,7,2015-06-21,0,0,0,0,"0","0"
324,7,2015-06-21,0,0,0,0,"0","0"
325,7,2015-06-21,0,0,0,0,"0","0"
326,7,2015-06-21,0,0,0,0,"0","0"
327,7,2015-06-21,0,0,0,0,"0","0"
328,7,2015-06-21,0,0,0,0,"0","0"
329,7,2015-06-21,0,0,0,0,"0","0"
330,7,2015-06-21,0,0,0,0,"0","0"
331,7,2015-06-21,0,0,0,0,"0","0"
332,7,2015-06-21,0,0,0,0,"0","0"
333,7,2015-06-21,0,0,0,0,"0","0"
334,7,2015-06-21,0,0,0,0,"0","0"
335,7,2015-06-21,7477,1385,1,0,"0","0"
336,7,2015-06-21,0,0,0,0,"0","0"
337,7,2015-06-21,0,0,0,0,"0","0"
338,7,2015-06-21,0,0,0,0,"0","0"
339,7,2015-06-21,0,0,0,0,"0","0"
340,7,2015-06-21,0,0,0,0,"0","0"
341,7,2015-06-21,0,0,0,0,"0","0"
342,7,2015-06-21,0,0,0,0,"0","0"
343,7,2015-06-21,0,0,0,0,"0","0"
344,7,2015-06-21,0,0,0,0,"0","0"
345,7,2015-06-21,0,0,0,0,"0","0"
346,7,2015-06-21,0,0,0,0,"0","0"
347,7,2015-06-21,0,0,0,0,"0","0"
348,7,2015-06-21,0,0,0,0,"0","0"
349,7,2015-06-21,0,0,0,0,"0","0"
350,7,2015-06-21,0,0,0,0,"0","0"
351,7,2015-06-21,0,0,0,0,"0","0"
352,7,2015-06-21,0,0,0,0,"0","0"
353,7,2015-06-21,9466,1945,1,0,"0","0"
354,7,2015-06-21,0,0,0,0,"0","0"
355,7,2015-06-21,0,0,0,0,"0","0"
356,7,2015-06-21,0,0,0,0,"0","0"
357,7,2015-06-21,0,0,0,0,"0","0"
358,7,2015-06-21,0,0,0,0,"0","0"
359,7,2015-06-21,0,0,0,0,"0","0"
360,7,2015-06-21,0,0,0,0,"0","0"
361,7,2015-06-21,0,0,0,0,"0","0"
362,7,2015-06-21,0,0,0,0,"0","0"
363,7,2015-06-21,0,0,0,0,"0","0"
364,7,2015-06-21,0,0,0,0,"0","0"
365,7,2015-06-21,0,0,0,0,"0","0"
366,7,2015-06-21,0,0,0,0,"0","0"
367,7,2015-06-21,0,0,0,0,"0","0"
368,7,2015-06-21,0,0,0,0,"0","0"
369,7,2015-06-21,0,0,0,0,"0","0"
370,7,2015-06-21,0,0,0,0,"0","0"
371,7,2015-06-21,0,0,0,0,"0","0"
372,7,2015-06-21,0,0,0,0,"0","0"
373,7,2015-06-21,0,0,0,0,"0","0"
374,7,2015-06-21,0,0,0,0,"0","0"
375,7,2015-06-21,0,0,0,0,"0","0"
376,7,2015-06-21,0,0,0,0,"0","0"
377,7,2015-06-21,0,0,0,0,"0","0"
378,7,2015-06-21,0,0,0,0,"0","0"
379,7,2015-06-21,0,0,0,0,"0","0"
380,7,2015-06-21,0,0,0,0,"0","0"
381,7,2015-06-21,0,0,0,0,"0","0"
382,7,2015-06-21,0,0,0,0,"0","0"
383,7,2015-06-21,0,0,0,0,"0","0"
384,7,2015-06-21,0,0,0,0,"0","0"
385,7,2015-06-21,0,0,0,0,"0","0"
386,7,2015-06-21,0,0,0,0,"0","0"
387,7,2015-06-21,0,0,0,0,"0","0"
388,7,2015-06-21,0,0,0,0,"0","0"
389,7,2015-06-21,0,0,0,0,"0","0"
390,7,2015-06-21,0,0,0,0,"0","0"
391,7,2015-06-21,0,0,0,0,"0","0"
392,7,2015-06-21,0,0,0,0,"0","0"
393,7,2015-06-21,0,0,0,0,"0","0"
394,7,2015-06-21,0,0,0,0,"0","0"
395,7,2015-06-21,0,0,0,0,"0","0"
396,7,2015-06-21,0,0,0,0,"0","0"
397,7,2015-06-21,0,0,0,0,"0","0"
398,7,2015-06-21,0,0,0,0,"0","0"
399,7,2015-06-21,0,0,0,0,"0","0"
400,7,2015-06-21,0,0,0,0,"0","0"
401,7,2015-06-21,0,0,0,0,"0","0"
402,7,2015-06-21,0,0,0,0,"0","0"
403,7,2015-06-21,0,0,0,0,"0","0"
404,7,2015-06-21,0,0,0,0,"0","0"
405,7,2015-06-21,0,0,0,0,"0","0"
406,7,2015-06-21,0,0,0,0,"0","0"
407,7,2015-06-21,0,0,0,0,"0","0"
408,7,2015-06-21,0,0,0,0,"0","0"
409,7,2015-06-21,0,0,0,0,"0","0"
410,7,2015-06-21,0,0,0,0,"0","0"
411,7,2015-06-21,0,0,0,0,"0","0"
412,7,2015-06-21,0,0,0,0,"0","0"
413,7,2015-06-21,0,0,0,0,"0","0"
414,7,2015-06-21,0,0,0,0,"0","0"
415,7,2015-06-21,0,0,0,0,"0","0"
416,7,2015-06-21,0,0,0,0,"0","0"
417,7,2015-06-21,0,0,0,0,"0","0"
418,7,2015-06-21,0,0,0,0,"0","0"
419,7,2015-06-21,0,0,0,0,"0","0"
420,7,2015-06-21,0,0,0,0,"0","0"
421,7,2015-06-21,0,0,0,0,"0","0"
422,7,2015-06-21,0,0,0,0,"0","0"
423,7,2015-06-21,14615,2317,1,0,"0","0"
424,7,2015-06-21,0,0,0,0,"0","0"
425,7,2015-06-21,0,0,0,0,"0","0"
426,7,2015-06-21,0,0,0,0,"0","0"
427,7,2015-06-21,0,0,0,0,"0","0"
428,7,2015-06-21,0,0,0,0,"0","0"
429,7,2015-06-21,0,0,0,0,"0","0"
430,7,2015-06-21,0,0,0,0,"0","0"
431,7,2015-06-21,0,0,0,0,"0","0"
432,7,2015-06-21,0,0,0,0,"0","0"
433,7,2015-06-21,1215,176,1,0,"0","0"
434,7,2015-06-21,0,0,0,0,"0","0"
435,7,2015-06-21,0,0,0,0,"0","0"
436,7,2015-06-21,0,0,0,0,"0","0"
437,7,2015-06-21,0,0,0,0,"0","0"
438,7,2015-06-21,0,0,0,0,"0","0"
439,7,2015-06-21,0,0,0,0,"0","0"
440,7,2015-06-21,0,0,0,0,"0","0"
441,7,2015-06-21,0,0,0,0,"0","0"
442,7,2015-06-21,0,0,0,0,"0","0"
443,7,2015-06-21,0,0,0,0,"0","0"
444,7,2015-06-21,0,0,0,0,"0","0"
445,7,2015-06-21,0,0,0,0,"0","0"
446,7,2015-06-21,0,0,0,0,"0","0"
447,7,2015-06-21,0,0,0,0,"0","0"
448,7,2015-06-21,0,0,0,0,"0","0"
449,7,2015-06-21,0,0,0,0,"0","0"
450,7,2015-06-21,0,0,0,0,"0","0"
451,7,2015-06-21,0,0,0,0,"0","0"
452,7,2015-06-21,0,0,0,0,"0","0"
453,7,2015-06-21,3452,491,1,0,"0","0"
454,7,2015-06-21,0,0,0,0,"0","0"
455,7,2015-06-21,0,0,0,0,"0","0"
456,7,2015-06-21,0,0,0,0,"0","0"
457,7,2015-06-21,0,0,0,0,"0","0"
458,7,2015-06-21,0,0,0,0,"0","0"
459,7,2015-06-21,0,0,0,0,"0","0"
460,7,2015-06-21,0,0,0,0,"0","0"
461,7,2015-06-21,0,0,0,0,"0","0"
462,7,2015-06-21,0,0,0,0,"0","0"
463,7,2015-06-21,0,0,0,0,"0","0"
464,7,2015-06-21,0,0,0,0,"0","0"
465,7,2015-06-21,0,0,0,0,"0","0"
466,7,2015-06-21,0,0,0,0,"0","0"
467,7,2015-06-21,0,0,0,0,"0","0"
468,7,2015-06-21,0,0,0,0,"0","0"
469,7,2015-06-21,0,0,0,0,"0","0"
470,7,2015-06-21,0,0,0,0,"0","0"
471,7,2015-06-21,0,0,0,0,"0","0"
472,7,2015-06-21,0,0,0,0,"0","0"
473,7,2015-06-21,0,0,0,0,"0","0"
474,7,2015-06-21,0,0,0,0,"0","0"
475,7,2015-06-21,0,0,0,0,"0","0"
476,7,2015-06-21,0,0,0,0,"0","0"
477,7,2015-06-21,0,0,0,0,"0","0"
478,7,2015-06-21,0,0,0,0,"0","0"
479,7,2015-06-21,0,0,0,0,"0","0"
480,7,2015-06-21,0,0,0,0,"0","0"
481,7,2015-06-21,0,0,0,0,"0","0"
482,7,2015-06-21,0,0,0,0,"0","0"
483,7,2015-06-21,0,0,0,0,"0","0"
484,7,2015-06-21,0,0,0,0,"0","0"
485,7,2015-06-21,0,0,0,0,"0","0"
486,7,2015-06-21,0,0,0,0,"0","0"
487,7,2015-06-21,0,0,0,0,"0","0"
488,7,2015-06-21,0,0,0,0,"0","0"
489,7,2015-06-21,0,0,0,0,"0","0"
490,7,2015-06-21,0,0,0,0,"0","0"
491,7,2015-06-21,0,0,0,0,"0","0"
492,7,2015-06-21,0,0,0,0,"0","0"
493,7,2015-06-21,0,0,0,0,"0","0"
494,7,2015-06-21,7520,1128,1,0,"0","0"
495,7,2015-06-21,0,0,0,0,"0","0"
496,7,2015-06-21,0,0,0,0,"0","0"
497,7,2015-06-21,0,0,0,0,"0","0"
498,7,2015-06-21,0,0,0,0,"0","0"
499,7,2015-06-21,0,0,0,0,"0","0"
500,7,2015-06-21,0,0,0,0,"0","0"
501,7,2015-06-21,0,0,0,0,"0","0"
502,7,2015-06-21,0,0,0,0,"0","0"
503,7,2015-06-21,0,0,0,0,"0","0"
504,7,2015-06-21,0,0,0,0,"0","0"
505,7,2015-06-21,0,0,0,0,"0","0"
506,7,2015-06-21,0,0,0,0,"0","0"
507,7,2015-06-21,0,0,0,0,"0","0"
508,7,2015-06-21,0,0,0,0,"0","0"
509,7,2015-06-21,0,0,0,0,"0","0"
510,7,2015-06-21,0,0,0,0,"0","0"
511,7,2015-06-21,0,0,0,0,"0","0"
512,7,2015-06-21,7868,1448,1,0,"0","0"
513,7,2015-06-21,0,0,0,0,"0","0"
514,7,2015-06-21,0,0,0,0,"0","0"
515,7,2015-06-21,0,0,0,0,"0","0"
516,7,2015-06-21,0,0,0,0,"0","0"
517,7,2015-06-21,0,0,0,0,"0","0"
518,7,2015-06-21,0,0,0,0,"0","0"
519,7,2015-06-21,0,0,0,0,"0","0"
520,7,2015-06-21,0,0,0,0,"0","0"
521,7,2015-06-21,0,0,0,0,"0","0"
522,7,2015-06-21,0,0,0,0,"0","0"
523,7,2015-06-21,0,0,0,0,"0","0"
524,7,2015-06-21,1863,182,1,0,"0","0"
525,7,2015-06-21,0,0,0,0,"0","0"
526,7,2015-06-21,0,0,0,0,"0","0"
527,7,2015-06-21,0,0,0,0,"0","0"
528,7,2015-06-21,0,0,0,0,"0","0"
529,7,2015-06-21,0,0,0,0,"0","0"
530,7,2015-06-21,4002,713,1,0,"0","0"
531,7,2015-06-21,0,0,0,0,"0","0"
532,7,2015-06-21,0,0,0,0,"0","0"
533,7,2015-06-21,0,0,0,0,"0","0"
534,7,2015-06-21,0,0,0,0,"0","0"
535,7,2015-06-21,0,0,0,0,"0","0"
536,7,2015-06-21,0,0,0,0,"0","0"
537,7,2015-06-21,0,0,0,0,"0","0"
538,7,2015-06-21,0,0,0,0,"0","0"
539,7,2015-06-21,0,0,0,0,"0","0"
540,7,2015-06-21,0,0,0,0,"0","0"
541,7,2015-06-21,0,0,0,0,"0","0"
542,7,2015-06-21,0,0,0,0,"0","0"
543,7,2015-06-21,0,0,0,0,"0","0"
544,7,2015-06-21,0,0,0,0,"0","0"
545,7,2015-06-21,0,0,0,0,"0","0"
546,7,2015-06-21,0,0,0,0,"0","0"
547,7,2015-06-21,0,0,0,0,"0","0"
548,7,2015-06-21,0,0,0,0,"0","0"
549,7,2015-06-21,0,0,0,0,"0","0"
550,7,2015-06-21,0,0,0,0,"0","0"
551,7,2015-06-21,0,0,0,0,"0","0"
552,7,2015-06-21,0,0,0,0,"0","0"
553,7,2015-06-21,0,0,0,0,"0","0"
554,7,2015-06-21,0,0,0,0,"0","0"
555,7,2015-06-21,0,0,0,0,"0","0"
556,7,2015-06-21,0,0,0,0,"0","0"
557,7,2015-06-21,0,0,0,0,"0","0"
558,7,2015-06-21,0,0,0,0,"0","0"
559,7,2015-06-21,0,0,0,0,"0","0"
560,7,2015-06-21,0,0,0,0,"0","0"
561,7,2015-06-21,0,0,0,0,"0","0"
562,7,2015-06-21,18960,3157,1,0,"0","0"
563,7,2015-06-21,0,0,0,0,"0","0"
564,7,2015-06-21,0,0,0,0,"0","0"
565,7,2015-06-21,0,0,0,0,"0","0"
566,7,2015-06-21,0,0,0,0,"0","0"
567,7,2015-06-21,0,0,0,0,"0","0"
568,7,2015-06-21,0,0,0,0,"0","0"
569,7,2015-06-21,0,0,0,0,"0","0"
570,7,2015-06-21,0,0,0,0,"0","0"
571,7,2015-06-21,0,0,0,0,"0","0"
572,7,2015-06-21,0,0,0,0,"0","0"
573,7,2015-06-21,0,0,0,0,"0","0"
574,7,2015-06-21,0,0,0,0,"0","0"
575,7,2015-06-21,0,0,0,0,"0","0"
576,7,2015-06-21,0,0,0,0,"0","0"
577,7,2015-06-21,0,0,0,0,"0","0"
578,7,2015-06-21,5332,535,1,0,"0","0"
579,7,2015-06-21,0,0,0,0,"0","0"
580,7,2015-06-21,0,0,0,0,"0","0"
581,7,2015-06-21,0,0,0,0,"0","0"
582,7,2015-06-21,0,0,0,0,"0","0"
583,7,2015-06-21,0,0,0,0,"0","0"
584,7,2015-06-21,0,0,0,0,"0","0"
585,7,2015-06-21,0,0,0,0,"0","0"
586,7,2015-06-21,0,0,0,0,"0","0"
587,7,2015-06-21,0,0,0,0,"0","0"
588,7,2015-06-21,0,0,0,0,"0","0"
589,7,2015-06-21,0,0,0,0,"0","0"
590,7,2015-06-21,0,0,0,0,"0","0"
591,7,2015-06-21,0,0,0,0,"0","0"
592,7,2015-06-21,0,0,0,0,"0","0"
593,7,2015-06-21,0,0,0,0,"0","0"
594,7,2015-06-21,0,0,0,0,"0","0"
595,7,2015-06-21,0,0,0,0,"0","0"
596,7,2015-06-21,0,0,0,0,"0","0"
597,7,2015-06-21,0,0,0,0,"0","0"
598,7,2015-06-21,0,0,0,0,"0","0"
599,7,2015-06-21,0,0,0,0,"0","0"
600,7,2015-06-21,0,0,0,0,"0","0"
601,7,2015-06-21,0,0,0,0,"0","0"
602,7,2015-06-21,0,0,0,0,"0","0"
603,7,2015-06-21,0,0,0,0,"0","0"
604,7,2015-06-21,0,0,0,0,"0","0"
605,7,2015-06-21,0,0,0,0,"0","0"
606,7,2015-06-21,0,0,0,0,"0","0"
607,7,2015-06-21,0,0,0,0,"0","0"
608,7,2015-06-21,0,0,0,0,"0","0"
609,7,2015-06-21,0,0,0,0,"0","0"
610,7,2015-06-21,0,0,0,0,"0","0"
611,7,2015-06-21,0,0,0,0,"0","0"
612,7,2015-06-21,0,0,0,0,"0","0"
613,7,2015-06-21,0,0,0,0,"0","0"
614,7,2015-06-21,0,0,0,0,"0","0"
615,7,2015-06-21,0,0,0,0,"0","0"
616,7,2015-06-21,0,0,0,0,"0","0"
617,7,2015-06-21,0,0,0,0,"0","0"
618,7,2015-06-21,0,0,0,0,"0","0"
619,7,2015-06-21,0,0,0,0,"0","0"
620,7,2015-06-21,0,0,0,0,"0","0"
621,7,2015-06-21,0,0,0,0,"0","0"
622,7,2015-06-21,0,0,0,0,"0","0"
623,7,2015-06-21,0,0,0,0,"0","0"
624,7,2015-06-21,0,0,0,0,"0","0"
625,7,2015-06-21,0,0,0,0,"0","0"
626,7,2015-06-21,0,0,0,0,"0","0"
627,7,2015-06-21,0,0,0,0,"0","0"
628,7,2015-06-21,0,0,0,0,"0","0"
629,7,2015-06-21,0,0,0,0,"0","0"
630,7,2015-06-21,0,0,0,0,"0","0"
631,7,2015-06-21,0,0,0,0,"0","0"
632,7,2015-06-21,0,0,0,0,"0","0"
633,7,2015-06-21,0,0,0,0,"0","0"
634,7,2015-06-21,0,0,0,0,"0","0"
635,7,2015-06-21,0,0,0,0,"0","0"
636,7,2015-06-21,0,0,0,0,"0","0"
637,7,2015-06-21,0,0,0,0,"0","0"
638,7,2015-06-21,0,0,0,0,"0","0"
639,7,2015-06-21,0,0,0,0,"0","0"
640,7,2015-06-21,0,0,0,0,"0","0"
641,7,2015-06-21,0,0,0,0,"0","0"
642,7,2015-06-21,0,0,0,0,"0","0"
643,7,2015-06-21,0,0,0,0,"0","0"
644,7,2015-06-21,0,0,0,0,"0","0"
645,7,2015-06-21,0,0,0,0,"0","0"
646,7,2015-06-21,0,0,0,0,"0","0"
647,7,2015-06-21,0,0,0,0,"0","0"
648,7,2015-06-21,0,0,0,0,"0","0"
649,7,2015-06-21,0,0,0,0,"0","0"
650,7,2015-06-21,0,0,0,0,"0","0"
651,7,2015-06-21,0,0,0,0,"0","0"
652,7,2015-06-21,0,0,0,0,"0","0"
653,7,2015-06-21,0,0,0,0,"0","0"
654,7,2015-06-21,0,0,0,0,"0","0"
655,7,2015-06-21,0,0,0,0,"0","0"
656,7,2015-06-21,0,0,0,0,"0","0"
657,7,2015-06-21,0,0,0,0,"0","0"
658,7,2015-06-21,0,0,0,0,"0","0"
659,7,2015-06-21,0,0,0,0,"0","0"
660,7,2015-06-21,0,0,0,0,"0","0"
661,7,2015-06-21,0,0,0,0,"0","0"
662,7,2015-06-21,0,0,0,0,"0","0"
663,7,2015-06-21,0,0,0,0,"0","0"
664,7,2015-06-21,0,0,0,0,"0","0"
665,7,2015-06-21,0,0,0,0,"0","0"
666,7,2015-06-21,0,0,0,0,"0","0"
667,7,2015-06-21,0,0,0,0,"0","0"
668,7,2015-06-21,0,0,0,0,"0","0"
669,7,2015-06-21,0,0,0,0,"0","0"
670,7,2015-06-21,0,0,0,0,"0","0"
671,7,2015-06-21,0,0,0,0,"0","0"
672,7,2015-06-21,0,0,0,0,"0","0"
673,7,2015-06-21,0,0,0,0,"0","0"
674,7,2015-06-21,0,0,0,0,"0","0"
675,7,2015-06-21,0,0,0,0,"0","0"
676,7,2015-06-21,13441,2219,1,0,"0","0"
677,7,2015-06-21,0,0,0,0,"0","0"
678,7,2015-06-21,0,0,0,0,"0","0"
679,7,2015-06-21,0,0,0,0,"0","0"
680,7,2015-06-21,0,0,0,0,"0","0"
681,7,2015-06-21,0,0,0,0,"0","0"
682,7,2015-06-21,8057,1300,1,0,"0","0"
683,7,2015-06-21,0,0,0,0,"0","0"
684,7,2015-06-21,0,0,0,0,"0","0"
685,7,2015-06-21,0,0,0,0,"0","0"
686,7,2015-06-21,0,0,0,0,"0","0"
687,7,2015-06-21,0,0,0,0,"0","0"
688,7,2015-06-21,0,0,0,0,"0","0"
689,7,2015-06-21,0,0,0,0,"0","0"
690,7,2015-06-21,0,0,0,0,"0","0"
691,7,2015-06-21,0,0,0,0,"0","0"
692,7,2015-06-21,0,0,0,0,"0","0"
693,7,2015-06-21,0,0,0,0,"0","0"
694,7,2015-06-21,0,0,0,0,"0","0"
695,7,2015-06-21,0,0,0,0,"0","0"
696,7,2015-06-21,0,0,0,0,"0","0"
697,7,2015-06-21,0,0,0,0,"0","0"
698,7,2015-06-21,0,0,0,0,"0","0"
699,7,2015-06-21,0,0,0,0,"0","0"
700,7,2015-06-21,0,0,0,0,"0","0"
701,7,2015-06-21,0,0,0,0,"0","0"
702,7,2015-06-21,0,0,0,0,"0","0"
703,7,2015-06-21,0,0,0,0,"0","0"
704,7,2015-06-21,0,0,0,0,"0","0"
705,7,2015-06-21,0,0,0,0,"0","0"
706,7,2015-06-21,0,0,0,0,"0","0"
707,7,2015-06-21,0,0,0,0,"0","0"
708,7,2015-06-21,0,0,0,0,"0","0"
709,7,2015-06-21,0,0,0,0,"0","0"
710,7,2015-06-21,0,0,0,0,"0","0"
711,7,2015-06-21,0,0,0,0,"0","0"
712,7,2015-06-21,0,0,0,0,"0","0"
713,7,2015-06-21,0,0,0,0,"0","0"
714,7,2015-06-21,0,0,0,0,"0","0"
715,7,2015-06-21,0,0,0,0,"0","0"
716,7,2015-06-21,0,0,0,0,"0","0"
717,7,2015-06-21,0,0,0,0,"0","0"
718,7,2015-06-21,0,0,0,0,"0","0"
719,7,2015-06-21,0,0,0,0,"0","0"
720,7,2015-06-21,0,0,0,0,"0","0"
721,7,2015-06-21,0,0,0,0,"0","0"
722,7,2015-06-21,0,0,0,0,"0","0"
723,7,2015-06-21,0,0,0,0,"0","0"
724,7,2015-06-21,0,0,0,0,"0","0"
725,7,2015-06-21,0,0,0,0,"0","0"
726,7,2015-06-21,0,0,0,0,"0","0"
727,7,2015-06-21,0,0,0,0,"0","0"
728,7,2015-06-21,0,0,0,0,"0","0"
729,7,2015-06-21,0,0,0,0,"0","0"
730,7,2015-06-21,0,0,0,0,"0","0"
731,7,2015-06-21,0,0,0,0,"0","0"
732,7,2015-06-21,2916,338,1,0,"0","0"
733,7,2015-06-21,15730,3253,1,0,"0","0"
734,7,2015-06-21,0,0,0,0,"0","0"
735,7,2015-06-21,0,0,0,0,"0","0"
736,7,2015-06-21,0,0,0,0,"0","0"
737,7,2015-06-21,0,0,0,0,"0","0"
738,7,2015-06-21,0,0,0,0,"0","0"
739,7,2015-06-21,0,0,0,0,"0","0"
740,7,2015-06-21,0,0,0,0,"0","0"
741,7,2015-06-21,0,0,0,0,"0","0"
742,7,2015-06-21,0,0,0,0,"0","0"
743,7,2015-06-21,0,0,0,0,"0","0"
744,7,2015-06-21,0,0,0,0,"0","0"
745,7,2015-06-21,0,0,0,0,"0","0"
746,7,2015-06-21,0,0,0,0,"0","0"
747,7,2015-06-21,0,0,0,0,"0","0"
748,7,2015-06-21,0,0,0,0,"0","0"
749,7,2015-06-21,0,0,0,0,"0","0"
750,7,2015-06-21,0,0,0,0,"0","0"
751,7,2015-06-21,0,0,0,0,"0","0"
752,7,2015-06-21,0,0,0,0,"0","0"
753,7,2015-06-21,0,0,0,0,"0","0"
754,7,2015-06-21,0,0,0,0,"0","0"
755,7,2015-06-21,0,0,0,0,"0","0"
756,7,2015-06-21,0,0,0,0,"0","0"
757,7,2015-06-21,0,0,0,0,"0","0"
758,7,2015-06-21,0,0,0,0,"0","0"
759,7,2015-06-21,0,0,0,0,"0","0"
760,7,2015-06-21,0,0,0,0,"0","0"
761,7,2015-06-21,0,0,0,0,"0","0"
762,7,2015-06-21,0,0,0,0,"0","0"
763,7,2015-06-21,0,0,0,0,"0","0"
764,7,2015-06-21,0,0,0,0,"0","0"
765,7,2015-06-21,0,0,0,0,"0","0"
766,7,2015-06-21,0,0,0,0,"0","0"
767,7,2015-06-21,0,0,0,0,"0","0"
768,7,2015-06-21,0,0,0,0,"0","0"
769,7,2015-06-21,11078,2697,1,0,"0","0"
770,7,2015-06-21,0,0,0,0,"0","0"
771,7,2015-06-21,0,0,0,0,"0","0"
772,7,2015-06-21,0,0,0,0,"0","0"
773,7,2015-06-21,0,0,0,0,"0","0"
774,7,2015-06-21,0,0,0,0,"0","0"
775,7,2015-06-21,0,0,0,0,"0","0"
776,7,2015-06-21,0,0,0,0,"0","0"
777,7,2015-06-21,0,0,0,0,"0","0"
778,7,2015-06-21,0,0,0,0,"0","0"
779,7,2015-06-21,0,0,0,0,"0","0"
780,7,2015-06-21,0,0,0,0,"0","0"
781,7,2015-06-21,0,0,0,0,"0","0"
782,7,2015-06-21,0,0,0,0,"0","0"
783,7,2015-06-21,0,0,0,0,"0","0"
784,7,2015-06-21,0,0,0,0,"0","0"
785,7,2015-06-21,0,0,0,0,"0","0"
786,7,2015-06-21,0,0,0,0,"0","0"
787,7,2015-06-21,0,0,0,0,"0","0"
788,7,2015-06-21,0,0,0,0,"0","0"
789,7,2015-06-21,0,0,0,0,"0","0"
790,7,2015-06-21,0,0,0,0,"0","0"
791,7,2015-06-21,0,0,0,0,"0","0"
792,7,2015-06-21,0,0,0,0,"0","0"
793,7,2015-06-21,0,0,0,0,"0","0"
794,7,2015-06-21,0,0,0,0,"0","0"
795,7,2015-06-21,0,0,0,0,"0","0"
796,7,2015-06-21,0,0,0,0,"0","0"
797,7,2015-06-21,0,0,0,0,"0","0"
798,7,2015-06-21,0,0,0,0,"0","0"
799,7,2015-06-21,0,0,0,0,"0","0"
800,7,2015-06-21,0,0,0,0,"0","0"
801,7,2015-06-21,0,0,0,0,"0","0"
802,7,2015-06-21,0,0,0,0,"0","0"
803,7,2015-06-21,0,0,0,0,"0","0"
804,7,2015-06-21,0,0,0,0,"0","0"
805,7,2015-06-21,0,0,0,0,"0","0"
806,7,2015-06-21,0,0,0,0,"0","0"
807,7,2015-06-21,0,0,0,0,"0","0"
808,7,2015-06-21,0,0,0,0,"0","0"
809,7,2015-06-21,0,0,0,0,"0","0"
810,7,2015-06-21,0,0,0,0,"0","0"
811,7,2015-06-21,0,0,0,0,"0","0"
812,7,2015-06-21,0,0,0,0,"0","0"
813,7,2015-06-21,0,0,0,0,"0","0"
814,7,2015-06-21,0,0,0,0,"0","0"
815,7,2015-06-21,0,0,0,0,"0","0"
816,7,2015-06-21,0,0,0,0,"0","0"
817,7,2015-06-21,0,0,0,0,"0","0"
818,7,2015-06-21,0,0,0,0,"0","0"
819,7,2015-06-21,0,0,0,0,"0","0"
820,7,2015-06-21,0,0,0,0,"0","0"
821,7,2015-06-21,0,0,0,0,"0","0"
822,7,2015-06-21,0,0,0,0,"0","0"
823,7,2015-06-21,0,0,0,0,"0","0"
824,7,2015-06-21,0,0,0,0,"0","0"
825,7,2015-06-21,0,0,0,0,"0","0"
826,7,2015-06-21,0,0,0,0,"0","0"
827,7,2015-06-21,0,0,0,0,"0","0"
828,7,2015-06-21,0,0,0,0,"0","0"
829,7,2015-06-21,0,0,0,0,"0","0"
830,7,2015-06-21,0,0,0,0,"0","0"
831,7,2015-06-21,0,0,0,0,"0","0"
832,7,2015-06-21,0,0,0,0,"0","0"
833,7,2015-06-21,0,0,0,0,"0","0"
834,7,2015-06-21,0,0,0,0,"0","0"
835,7,2015-06-21,0,0,0,0,"0","0"
836,7,2015-06-21,0,0,0,0,"0","0"
837,7,2015-06-21,0,0,0,0,"0","0"
838,7,2015-06-21,0,0,0,0,"0","0"
839,7,2015-06-21,0,0,0,0,"0","0"
840,7,2015-06-21,0,0,0,0,"0","0"
841,7,2015-06-21,0,0,0,0,"0","0"
842,7,2015-06-21,0,0,0,0,"0","0"
843,7,2015-06-21,0,0,0,0,"0","0"
844,7,2015-06-21,0,0,0,0,"0","0"
845,7,2015-06-21,0,0,0,0,"0","0"
846,7,2015-06-21,0,0,0,0,"0","0"
847,7,2015-06-21,0,0,0,0,"0","0"
848,7,2015-06-21,0,0,0,0,"0","0"
849,7,2015-06-21,0,0,0,0,"0","0"
850,7,2015-06-21,0,0,0,0,"0","0"
851,7,2015-06-21,0,0,0,0,"0","0"
852,7,2015-06-21,0,0,0,0,"0","0"
853,7,2015-06-21,0,0,0,0,"0","0"
854,7,2015-06-21,0,0,0,0,"0","0"
855,7,2015-06-21,0,0,0,0,"0","0"
856,7,2015-06-21,0,0,0,0,"0","0"
857,7,2015-06-21,0,0,0,0,"0","0"
858,7,2015-06-21,0,0,0,0,"0","0"
859,7,2015-06-21,0,0,0,0,"0","0"
860,7,2015-06-21,0,0,0,0,"0","0"
861,7,2015-06-21,0,0,0,0,"0","0"
862,7,2015-06-21,0,0,0,0,"0","0"
863,7,2015-06-21,2004,249,1,0,"0","0"
864,7,2015-06-21,0,0,0,0,"0","0"
865,7,2015-06-21,0,0,0,0,"0","0"
866,7,2015-06-21,0,0,0,0,"0","0"
867,7,2015-06-21,1503,177,1,0,"0","0"
868,7,2015-06-21,0,0,0,0,"0","0"
869,7,2015-06-21,0,0,0,0,"0","0"
870,7,2015-06-21,0,0,0,0,"0","0"
871,7,2015-06-21,0,0,0,0,"0","0"
872,7,2015-06-21,0,0,0,0,"0","0"
873,7,2015-06-21,0,0,0,0,"0","0"
874,7,2015-06-21,0,0,0,0,"0","0"
875,7,2015-06-21,0,0,0,0,"0","0"
876,7,2015-06-21,0,0,0,0,"0","0"
877,7,2015-06-21,0,0,0,0,"0","0"
878,7,2015-06-21,0,0,0,0,"0","0"
879,7,2015-06-21,0,0,0,0,"0","0"
880,7,2015-06-21,0,0,0,0,"0","0"
881,7,2015-06-21,0,0,0,0,"0","0"
882,7,2015-06-21,0,0,0,0,"0","0"
883,7,2015-06-21,0,0,0,0,"0","0"
884,7,2015-06-21,0,0,0,0,"0","0"
885,7,2015-06-21,0,0,0,0,"0","0"
886,7,2015-06-21,0,0,0,0,"0","0"
887,7,2015-06-21,0,0,0,0,"0","0"
888,7,2015-06-21,0,0,0,0,"0","0"
889,7,2015-06-21,0,0,0,0,"0","0"
890,7,2015-06-21,0,0,0,0,"0","0"
891,7,2015-06-21,0,0,0,0,"0","0"
892,7,2015-06-21,0,0,0,0,"0","0"
893,7,2015-06-21,0,0,0,0,"0","0"
894,7,2015-06-21,0,0,0,0,"0","0"
895,7,2015-06-21,0,0,0,0,"0","0"
896,7,2015-06-21,0,0,0,0,"0","0"
897,7,2015-06-21,0,0,0,0,"0","0"
898,7,2015-06-21,0,0,0,0,"0","0"
899,7,2015-06-21,0,0,0,0,"0","0"
900,7,2015-06-21,0,0,0,0,"0","0"
901,7,2015-06-21,0,0,0,0,"0","0"
902,7,2015-06-21,0,0,0,0,"0","0"
903,7,2015-06-21,0,0,0,0,"0","0"
904,7,2015-06-21,0,0,0,0,"0","0"
905,7,2015-06-21,0,0,0,0,"0","0"
906,7,2015-06-21,0,0,0,0,"0","0"
907,7,2015-06-21,0,0,0,0,"0","0"
908,7,2015-06-21,0,0,0,0,"0","0"
909,7,2015-06-21,0,0,0,0,"0","0"
910,7,2015-06-21,0,0,0,0,"0","0"
911,7,2015-06-21,0,0,0,0,"0","0"
912,7,2015-06-21,0,0,0,0,"0","0"
913,7,2015-06-21,0,0,0,0,"0","0"
914,7,2015-06-21,0,0,0,0,"0","0"
915,7,2015-06-21,0,0,0,0,"0","0"
916,7,2015-06-21,0,0,0,0,"0","0"
917,7,2015-06-21,0,0,0,0,"0","0"
918,7,2015-06-21,0,0,0,0,"0","0"
919,7,2015-06-21,0,0,0,0,"0","0"
920,7,2015-06-21,0,0,0,0,"0","0"
921,7,2015-06-21,0,0,0,0,"0","0"
922,7,2015-06-21,0,0,0,0,"0","0"
923,7,2015-06-21,0,0,0,0,"0","0"
924,7,2015-06-21,0,0,0,0,"0","0"
925,7,2015-06-21,0,0,0,0,"0","0"
926,7,2015-06-21,0,0,0,0,"0","0"
927,7,2015-06-21,0,0,0,0,"0","0"
928,7,2015-06-21,0,0,0,0,"0","0"
929,7,2015-06-21,0,0,0,0,"0","0"
930,7,2015-06-21,0,0,0,0,"0","0"
931,7,2015-06-21,2098,298,1,0,"0","0"
932,7,2015-06-21,0,0,0,0,"0","0"
933,7,2015-06-21,0,0,0,0,"0","0"
934,7,2015-06-21,0,0,0,0,"0","0"
935,7,2015-06-21,0,0,0,0,"0","0"
936,7,2015-06-21,0,0,0,0,"0","0"
937,7,2015-06-21,0,0,0,0,"0","0"
938,7,2015-06-21,0,0,0,0,"0","0"
939,7,2015-06-21,0,0,0,0,"0","0"
940,7,2015-06-21,0,0,0,0,"0","0"
941,7,2015-06-21,0,0,0,0,"0","0"
942,7,2015-06-21,0,0,0,0,"0","0"
943,7,2015-06-21,0,0,0,0,"0","0"
944,7,2015-06-21,0,0,0,0,"0","0"
945,7,2015-06-21,0,0,0,0,"0","0"
946,7,2015-06-21,0,0,0,0,"0","0"
947,7,2015-06-21,0,0,0,0,"0","0"
948,7,2015-06-21,11131,2082,1,0,"0","0"
949,7,2015-06-21,0,0,0,0,"0","0"
950,7,2015-06-21,0,0,0,0,"0","0"
951,7,2015-06-21,0,0,0,0,"0","0"
952,7,2015-06-21,0,0,0,0,"0","0"
953,7,2015-06-21,0,0,0,0,"0","0"
954,7,2015-06-21,0,0,0,0,"0","0"
955,7,2015-06-21,0,0,0,0,"0","0"
956,7,2015-06-21,0,0,0,0,"0","0"
957,7,2015-06-21,0,0,0,0,"0","0"
958,7,2015-06-21,0,0,0,0,"0","0"
959,7,2015-06-21,0,0,0,0,"0","0"
960,7,2015-06-21,0,0,0,0,"0","0"
961,7,2015-06-21,0,0,0,0,"0","0"
962,7,2015-06-21,0,0,0,0,"0","0"
963,7,2015-06-21,0,0,0,0,"0","0"
964,7,2015-06-21,0,0,0,0,"0","0"
965,7,2015-06-21,0,0,0,0,"0","0"
966,7,2015-06-21,0,0,0,0,"0","0"
967,7,2015-06-21,0,0,0,0,"0","0"
968,7,2015-06-21,0,0,0,0,"0","0"
969,7,2015-06-21,0,0,0,0,"0","0"
970,7,2015-06-21,0,0,0,0,"0","0"
971,7,2015-06-21,0,0,0,0,"0","0"
972,7,2015-06-21,0,0,0,0,"0","0"
973,7,2015-06-21,0,0,0,0,"0","0"
974,7,2015-06-21,0,0,0,0,"0","0"
975,7,2015-06-21,0,0,0,0,"0","0"
976,7,2015-06-21,0,0,0,0,"0","0"
977,7,2015-06-21,0,0,0,0,"0","0"
978,7,2015-06-21,0,0,0,0,"0","0"
979,7,2015-06-21,0,0,0,0,"0","0"
980,7,2015-06-21,0,0,0,0,"0","0"
981,7,2015-06-21,0,0,0,0,"0","0"
982,7,2015-06-21,0,0,0,0,"0","0"
983,7,2015-06-21,0,0,0,0,"0","0"
984,7,2015-06-21,0,0,0,0,"0","0"
985,7,2015-06-21,0,0,0,0,"0","0"
986,7,2015-06-21,0,0,0,0,"0","0"
987,7,2015-06-21,0,0,0,0,"0","0"
988,7,2015-06-21,0,0,0,0,"0","0"
989,7,2015-06-21,0,0,0,0,"0","0"
990,7,2015-06-21,0,0,0,0,"0","0"
991,7,2015-06-21,0,0,0,0,"0","0"
992,7,2015-06-21,0,0,0,0,"0","0"
993,7,2015-06-21,0,0,0,0,"0","0"
994,7,2015-06-21,0,0,0,0,"0","0"
995,7,2015-06-21,0,0,0,0,"0","0"
996,7,2015-06-21,0,0,0,0,"0","0"
997,7,2015-06-21,0,0,0,0,"0","0"
998,7,2015-06-21,0,0,0,0,"0","0"
999,7,2015-06-21,0,0,0,0,"0","0"
1000,7,2015-06-21,0,0,0,0,"0","0"
1001,7,2015-06-21,0,0,0,0,"0","0"
1002,7,2015-06-21,0,0,0,0,"0","0"
1003,7,2015-06-21,0,0,0,0,"0","0"
1004,7,2015-06-21,0,0,0,0,"0","0"
1005,7,2015-06-21,0,0,0,0,"0","0"
1006,7,2015-06-21,0,0,0,0,"0","0"
1007,7,2015-06-21,0,0,0,0,"0","0"
1008,7,2015-06-21,0,0,0,0,"0","0"
1009,7,2015-06-21,0,0,0,0,"0","0"
1010,7,2015-06-21,0,0,0,0,"0","0"
1011,7,2015-06-21,0,0,0,0,"0","0"
1012,7,2015-06-21,0,0,0,0,"0","0"
1013,7,2015-06-21,0,0,0,0,"0","0"
1014,7,2015-06-21,0,0,0,0,"0","0"
1015,7,2015-06-21,0,0,0,0,"0","0"
1016,7,2015-06-21,0,0,0,0,"0","0"
1017,7,2015-06-21,0,0,0,0,"0","0"
1018,7,2015-06-21,0,0,0,0,"0","0"
1019,7,2015-06-21,0,0,0,0,"0","0"
1020,7,2015-06-21,0,0,0,0,"0","0"
1021,7,2015-06-21,0,0,0,0,"0","0"
1022,7,2015-06-21,0,0,0,0,"0","0"
1023,7,2015-06-21,0,0,0,0,"0","0"
1024,7,2015-06-21,0,0,0,0,"0","0"
1025,7,2015-06-21,0,0,0,0,"0","0"
1026,7,2015-06-21,0,0,0,0,"0","0"
1027,7,2015-06-21,0,0,0,0,"0","0"
1028,7,2015-06-21,0,0,0,0,"0","0"
1029,7,2015-06-21,0,0,0,0,"0","0"
1030,7,2015-06-21,0,0,0,0,"0","0"
1031,7,2015-06-21,0,0,0,0,"0","0"
1032,7,2015-06-21,0,0,0,0,"0","0"
1033,7,2015-06-21,0,0,0,0,"0","0"
1034,7,2015-06-21,0,0,0,0,"0","0"
1035,7,2015-06-21,0,0,0,0,"0","0"
1036,7,2015-06-21,0,0,0,0,"0","0"
1037,7,2015-06-21,0,0,0,0,"0","0"
1038,7,2015-06-21,0,0,0,0,"0","0"
1039,7,2015-06-21,0,0,0,0,"0","0"
1040,7,2015-06-21,0,0,0,0,"0","0"
1041,7,2015-06-21,0,0,0,0,"0","0"
1042,7,2015-06-21,0,0,0,0,"0","0"
1043,7,2015-06-21,0,0,0,0,"0","0"
1044,7,2015-06-21,0,0,0,0,"0","0"
1045,7,2015-06-21,3134,432,1,0,"0","0"
1046,7,2015-06-21,0,0,0,0,"0","0"
1047,7,2015-06-21,0,0,0,0,"0","0"
1048,7,2015-06-21,0,0,0,0,"0","0"
1049,7,2015-06-21,0,0,0,0,"0","0"
1050,7,2015-06-21,0,0,0,0,"0","0"
1051,7,2015-06-21,0,0,0,0,"0","0"
1052,7,2015-06-21,0,0,0,0,"0","0"
1053,7,2015-06-21,0,0,0,0,"0","0"
1054,7,2015-06-21,0,0,0,0,"0","0"
1055,7,2015-06-21,0,0,0,0,"0","0"
1056,7,2015-06-21,0,0,0,0,"0","0"
1057,7,2015-06-21,0,0,0,0,"0","0"
1058,7,2015-06-21,0,0,0,0,"0","0"
1059,7,2015-06-21,0,0,0,0,"0","0"
1060,7,2015-06-21,0,0,0,0,"0","0"
1061,7,2015-06-21,0,0,0,0,"0","0"
1062,7,2015-06-21,0,0,0,0,"0","0"
1063,7,2015-06-21,0,0,0,0,"0","0"
1064,7,2015-06-21,0,0,0,0,"0","0"
1065,7,2015-06-21,0,0,0,0,"0","0"
1066,7,2015-06-21,0,0,0,0,"0","0"
1067,7,2015-06-21,0,0,0,0,"0","0"
1068,7,2015-06-21,0,0,0,0,"0","0"
1069,7,2015-06-21,0,0,0,0,"0","0"
1070,7,2015-06-21,0,0,0,0,"0","0"
1071,7,2015-06-21,0,0,0,0,"0","0"
1072,7,2015-06-21,0,0,0,0,"0","0"
1073,7,2015-06-21,0,0,0,0,"0","0"
1074,7,2015-06-21,0,0,0,0,"0","0"
1075,7,2015-06-21,0,0,0,0,"0","0"
1076,7,2015-06-21,0,0,0,0,"0","0"
1077,7,2015-06-21,0,0,0,0,"0","0"
1078,7,2015-06-21,0,0,0,0,"0","0"
1079,7,2015-06-21,0,0,0,0,"0","0"
1080,7,2015-06-21,0,0,0,0,"0","0"
1081,7,2015-06-21,5862,955,1,0,"0","0"
1082,7,2015-06-21,0,0,0,0,"0","0"
1083,7,2015-06-21,0,0,0,0,"0","0"
1084,7,2015-06-21,0,0,0,0,"0","0"
1085,7,2015-06-21,0,0,0,0,"0","0"
1086,7,2015-06-21,0,0,0,0,"0","0"
1087,7,2015-06-21,0,0,0,0,"0","0"
1088,7,2015-06-21,0,0,0,0,"0","0"
1089,7,2015-06-21,0,0,0,0,"0","0"
1090,7,2015-06-21,0,0,0,0,"0","0"
1091,7,2015-06-21,0,0,0,0,"0","0"
1092,7,2015-06-21,0,0,0,0,"0","0"
1093,7,2015-06-21,0,0,0,0,"0","0"
1094,7,2015-06-21,0,0,0,0,"0","0"
1095,7,2015-06-21,0,0,0,0,"0","0"
1096,7,2015-06-21,0,0,0,0,"0","0"
1097,7,2015-06-21,12298,2536,1,0,"0","0"
1098,7,2015-06-21,0,0,0,0,"0","0"
1099,7,2015-06-21,4122,630,1,0,"0","0"
1100,7,2015-06-21,0,0,0,0,"0","0"
1101,7,2015-06-21,0,0,0,0,"0","0"
1102,7,2015-06-21,0,0,0,0,"0","0"
1103,7,2015-06-21,0,0,0,0,"0","0"
1104,7,2015-06-21,0,0,0,0,"0","0"
1105,7,2015-06-21,0,0,0,0,"0","0"
1106,7,2015-06-21,0,0,0,0,"0","0"
1107,7,2015-06-21,0,0,0,0,"0","0"
1108,7,2015-06-21,0,0,0,0,"0","0"
1109,7,2015-06-21,0,0,0,0,"0","0"
1110,7,2015-06-21,0,0,0,0,"0","0"
1111,7,2015-06-21,0,0,0,0,"0","0"
1112,7,2015-06-21,0,0,0,0,"0","0"
1113,7,2015-06-21,0,0,0,0,"0","0"
1114,7,2015-06-21,0,0,0,0,"0","0"
1115,7,2015-06-21,0,0,0,0,"0","0"
1,6,2015-06-20,4097,494,1,0,"0","0"
2,6,2015-06-20,3020,323,1,0,"0","0"
3,6,2015-06-20,3891,424,1,0,"0","0"
4,6,2015-06-20,9374,1311,1,0,"0","0"
5,6,2015-06-20,2088,210,1,0,"0","0"
6,6,2015-06-20,2793,327,1,0,"0","0"
7,6,2015-06-20,5572,619,1,0,"0","0"
8,6,2015-06-20,3611,409,1,0,"0","0"
9,6,2015-06-20,6179,536,1,0,"0","0"
10,6,2015-06-20,4736,512,1,0,"0","0"
11,6,2015-06-20,5293,761,1,0,"0","0"
12,6,2015-06-20,6602,814,1,0,"0","0"
13,6,2015-06-20,4391,350,1,0,"0","0"
14,6,2015-06-20,3472,402,1,0,"0","0"
15,6,2015-06-20,5405,565,1,0,"0","0"
16,6,2015-06-20,5696,585,1,0,"0","0"
17,6,2015-06-20,2480,357,1,0,"0","0"
18,6,2015-06-20,4671,480,1,0,"0","0"
19,6,2015-06-20,4801,435,1,0,"0","0"
20,6,2015-06-20,5199,476,1,0,"0","0"
21,6,2015-06-20,4665,537,1,0,"0","0"
22,6,2015-06-20,3603,363,1,0,"0","0"
23,6,2015-06-20,4426,433,1,0,"0","0"
24,6,2015-06-20,7714,685,1,0,"0","0"
25,6,2015-06-20,8067,1168,1,0,"0","0"
26,6,2015-06-20,6367,523,1,0,"0","0"
27,6,2015-06-20,7350,806,1,0,"0","0"
28,6,2015-06-20,1830,216,1,0,"0","0"
29,6,2015-06-20,8117,741,1,0,"0","0"
30,6,2015-06-20,3622,601,1,0,"0","0"
31,6,2015-06-20,5032,528,1,0,"0","0"
32,6,2015-06-20,2215,256,1,0,"0","0"
33,6,2015-06-20,8094,821,1,0,"0","0"
34,6,2015-06-20,7400,891,1,0,"0","0"
35,6,2015-06-20,8387,662,1,0,"0","0"
36,6,2015-06-20,9916,1027,1,0,"0","0"
37,6,2015-06-20,7066,832,1,0,"0","0"
38,6,2015-06-20,7041,628,1,0,"0","0"
39,6,2015-06-20,2753,413,1,0,"0","0"
40,6,2015-06-20,4532,598,1,0,"0","0"
41,6,2015-06-20,6457,491,1,0,"0","0"
42,6,2015-06-20,8482,924,1,0,"0","0"
43,6,2015-06-20,4560,399,1,0,"0","0"
44,6,2015-06-20,4108,469,1,0,"0","0"
45,6,2015-06-20,5313,447,1,0,"0","0"
46,6,2015-06-20,4812,665,1,0,"0","0"
47,6,2015-06-20,5430,736,1,0,"0","0"
48,6,2015-06-20,2503,244,1,0,"0","0"
49,6,2015-06-20,6785,566,1,0,"0","0"
50,6,2015-06-20,4189,393,1,0,"0","0"
51,6,2015-06-20,6825,535,1,0,"0","0"
52,6,2015-06-20,6339,451,1,0,"0","0"
53,6,2015-06-20,3231,365,1,0,"0","0"
54,6,2015-06-20,8668,825,1,0,"0","0"
55,6,2015-06-20,3475,374,1,0,"0","0"
56,6,2015-06-20,9351,667,1,0,"0","0"
57,6,2015-06-20,6080,620,1,0,"0","0"
58,6,2015-06-20,6488,527,1,0,"0","0"
59,6,2015-06-20,2410,258,1,0,"0","0"
60,6,2015-06-20,4825,426,1,0,"0","0"
61,6,2015-06-20,4885,591,1,0,"0","0"
62,6,2015-06-20,3696,391,1,0,"0","0"
63,6,2015-06-20,7841,758,1,0,"0","0"
64,6,2015-06-20,10897,866,1,0,"0","0"
65,6,2015-06-20,2344,211,1,0,"0","0"
66,6,2015-06-20,6212,540,1,0,"0","0"
67,6,2015-06-20,5491,581,1,0,"0","0"
68,6,2015-06-20,8662,1178,1,0,"0","0"
69,6,2015-06-20,6895,941,1,0,"0","0"
70,6,2015-06-20,6078,602,1,0,"0","0"
71,6,2015-06-20,7113,569,1,0,"0","0"
72,6,2015-06-20,2031,236,1,0,"0","0"
73,6,2015-06-20,2414,247,1,0,"0","0"
74,6,2015-06-20,4989,661,1,0,"0","0"
75,6,2015-06-20,5586,618,1,0,"0","0"
76,6,2015-06-20,8796,928,1,0,"0","0"
77,6,2015-06-20,7656,687,1,0,"0","0"
78,6,2015-06-20,2643,346,1,0,"0","0"
79,6,2015-06-20,4637,474,1,0,"0","0"
80,6,2015-06-20,8491,668,1,0,"0","0"
81,6,2015-06-20,7928,648,1,0,"0","0"
82,6,2015-06-20,5593,496,1,0,"0","0"
83,6,2015-06-20,2666,248,1,0,"0","0"
84,6,2015-06-20,11235,1251,1,0,"0","0"
85,6,2015-06-20,4615,705,1,0,"0","0"
86,6,2015-06-20,3877,455,1,0,"0","0"
87,6,2015-06-20,4474,515,1,0,"0","0"
88,6,2015-06-20,2113,205,1,0,"0","0"
89,6,2015-06-20,4086,407,1,0,"0","0"
90,6,2015-06-20,7720,1020,1,0,"0","0"
91,6,2015-06-20,3558,399,1,0,"0","0"
92,6,2015-06-20,5814,566,1,0,"0","0"
93,6,2015-06-20,3081,305,1,0,"0","0"
94,6,2015-06-20,5538,566,1,0,"0","0"
95,6,2015-06-20,3742,448,1,0,"0","0"
96,6,2015-06-20,1935,213,1,0,"0","0"
97,6,2015-06-20,4842,438,1,0,"0","0"
98,6,2015-06-20,5804,530,1,0,"0","0"
99,6,2015-06-20,6240,562,1,0,"0","0"
100,6,2015-06-20,8315,644,1,0,"0","0"
101,6,2015-06-20,6581,723,1,0,"0","0"
102,6,2015-06-20,5787,888,1,0,"0","0"
103,6,2015-06-20,3433,329,1,0,"0","0"
104,6,2015-06-20,11414,1402,1,0,"0","0"
105,6,2015-06-20,3457,367,1,0,"0","0"
106,6,2015-06-20,6047,581,1,0,"0","0"
107,6,2015-06-20,7771,969,1,0,"0","0"
108,6,2015-06-20,12653,961,1,0,"0","0"
109,6,2015-06-20,4885,580,1,0,"0","0"
110,6,2015-06-20,2892,388,1,0,"0","0"
111,6,2015-06-20,6039,600,1,0,"0","0"
112,6,2015-06-20,5589,660,1,0,"0","0"
113,6,2015-06-20,5650,621,1,0,"0","0"
114,6,2015-06-20,4701,577,1,0,"0","0"
115,6,2015-06-20,10063,767,1,0,"0","0"
116,6,2015-06-20,5980,575,1,0,"0","0"
117,6,2015-06-20,2158,300,1,0,"0","0"
118,6,2015-06-20,6971,700,1,0,"0","0"
119,6,2015-06-20,4572,517,1,0,"0","0"
120,6,2015-06-20,5135,491,1,0,"0","0"
121,6,2015-06-20,2240,257,1,0,"0","0"
122,6,2015-06-20,6314,823,1,0,"0","0"
123,6,2015-06-20,3159,406,1,0,"0","0"
124,6,2015-06-20,2779,345,1,0,"0","0"
125,6,2015-06-20,8303,1146,1,0,"0","0"
126,6,2015-06-20,4708,437,1,0,"0","0"
127,6,2015-06-20,6428,759,1,0,"0","0"
128,6,2015-06-20,7604,648,1,0,"0","0"
129,6,2015-06-20,7262,984,1,0,"0","0"
130,6,2015-06-20,4318,482,1,0,"0","0"
131,6,2015-06-20,5404,560,1,0,"0","0"
132,6,2015-06-20,7813,690,1,0,"0","0"
133,6,2015-06-20,3190,356,1,0,"0","0"
134,6,2015-06-20,3005,318,1,0,"0","0"
135,6,2015-06-20,5823,595,1,0,"0","0"
136,6,2015-06-20,5125,410,1,0,"0","0"
137,6,2015-06-20,6712,683,1,0,"0","0"
138,6,2015-06-20,3235,297,1,0,"0","0"
139,6,2015-06-20,2473,240,1,0,"0","0"
140,6,2015-06-20,6125,806,1,0,"0","0"
141,6,2015-06-20,5149,546,1,0,"0","0"
142,6,2015-06-20,3077,401,1,0,"0","0"
143,6,2015-06-20,4902,458,1,0,"0","0"
144,6,2015-06-20,6076,587,1,0,"0","0"
145,6,2015-06-20,5806,940,1,0,"0","0"
146,6,2015-06-20,7064,708,1,0,"0","0"
147,6,2015-06-20,7770,874,1,0,"0","0"
148,6,2015-06-20,8572,695,1,0,"0","0"
149,6,2015-06-20,3400,348,1,0,"0","0"
150,6,2015-06-20,6703,716,1,0,"0","0"
151,6,2015-06-20,5391,609,1,0,"0","0"
152,6,2015-06-20,2814,365,1,0,"0","0"
153,6,2015-06-20,3320,373,1,0,"0","0"
154,6,2015-06-20,8127,719,1,0,"0","0"
155,6,2015-06-20,7026,688,1,0,"0","0"
156,6,2015-06-20,2649,286,1,0,"0","0"
157,6,2015-06-20,7325,748,1,0,"0","0"
158,6,2015-06-20,10180,639,1,0,"0","0"
159,6,2015-06-20,6524,651,1,0,"0","0"
160,6,2015-06-20,4872,513,1,0,"0","0"
161,6,2015-06-20,6985,775,1,0,"0","0"
162,6,2015-06-20,6380,519,1,0,"0","0"
163,6,2015-06-20,5685,629,1,0,"0","0"
164,6,2015-06-20,4050,394,1,0,"0","0"
165,6,2015-06-20,2797,287,1,0,"0","0"
166,6,2015-06-20,5364,792,1,0,"0","0"
167,6,2015-06-20,5316,598,1,0,"0","0"
168,6,2015-06-20,3945,369,1,0,"0","0"
169,6,2015-06-20,5904,567,1,0,"0","0"
170,6,2015-06-20,3777,415,1,0,"0","0"
171,6,2015-06-20,6299,671,1,0,"0","0"
172,6,2015-06-20,7051,812,1,0,"0","0"
173,6,2015-06-20,5728,759,1,0,"0","0"
174,6,2015-06-20,5909,489,1,0,"0","0"
175,6,2015-06-20,5912,761,1,0,"0","0"
176,6,2015-06-20,3311,443,1,0,"0","0"
177,6,2015-06-20,1508,202,1,0,"0","0"
178,6,2015-06-20,7365,699,1,0,"0","0"
179,6,2015-06-20,6336,843,1,0,"0","0"
180,6,2015-06-20,6950,854,1,0,"0","0"
181,6,2015-06-20,3443,365,1,0,"0","0"
182,6,2015-06-20,5935,451,1,0,"0","0"
183,6,2015-06-20,0,0,0,0,"0","0"
184,6,2015-06-20,5821,516,1,0,"0","0"
185,6,2015-06-20,5119,428,1,0,"0","0"
186,6,2015-06-20,4263,418,1,0,"0","0"
187,6,2015-06-20,3893,464,1,0,"0","0"
188,6,2015-06-20,4195,441,1,0,"0","0"
189,6,2015-06-20,7013,662,1,0,"0","0"
190,6,2015-06-20,6824,566,1,0,"0","0"
191,6,2015-06-20,6784,656,1,0,"0","0"
192,6,2015-06-20,14817,1010,1,0,"0","0"
193,6,2015-06-20,3738,557,1,0,"0","0"
194,6,2015-06-20,4875,448,1,0,"0","0"
195,6,2015-06-20,10929,1225,1,0,"0","0"
196,6,2015-06-20,3869,476,1,0,"0","0"
197,6,2015-06-20,6514,711,1,0,"0","0"
198,6,2015-06-20,569,75,1,0,"0","0"
199,6,2015-06-20,8214,681,1,0,"0","0"
200,6,2015-06-20,6931,860,1,0,"0","0"
201,6,2015-06-20,5067,443,1,0,"0","0"
202,6,2015-06-20,6557,552,1,0,"0","0"
203,6,2015-06-20,5748,750,1,0,"0","0"
204,6,2015-06-20,4344,390,1,0,"0","0"
205,6,2015-06-20,5640,727,1,0,"0","0"
206,6,2015-06-20,5047,533,1,0,"0","0"
207,6,2015-06-20,7700,944,1,0,"0","0"
208,6,2015-06-20,3568,523,1,0,"0","0"
209,6,2015-06-20,4331,453,1,0,"0","0"
210,6,2015-06-20,2588,263,1,0,"0","0"
211,6,2015-06-20,9677,1054,1,0,"0","0"
212,6,2015-06-20,2942,273,1,0,"0","0"
213,6,2015-06-20,8122,679,1,0,"0","0"
214,6,2015-06-20,9394,823,1,0,"0","0"
215,6,2015-06-20,6104,487,1,0,"0","0"
216,6,2015-06-20,6784,764,1,0,"0","0"
217,6,2015-06-20,4267,601,1,0,"0","0"
218,6,2015-06-20,2194,282,1,0,"0","0"
219,6,2015-06-20,2232,261,1,0,"0","0"
220,6,2015-06-20,3398,463,1,0,"0","0"
221,6,2015-06-20,5062,516,1,0,"0","0"
222,6,2015-06-20,3085,340,1,0,"0","0"
223,6,2015-06-20,5397,566,1,0,"0","0"
224,6,2015-06-20,7227,528,1,0,"0","0"
225,6,2015-06-20,3282,379,1,0,"0","0"
226,6,2015-06-20,6592,558,1,0,"0","0"
227,6,2015-06-20,4224,407,1,0,"0","0"
228,6,2015-06-20,8484,625,1,0,"0","0"
229,6,2015-06-20,7065,637,1,0,"0","0"
230,6,2015-06-20,6924,901,1,0,"0","0"
231,6,2015-06-20,4941,457,1,0,"0","0"
232,6,2015-06-20,2953,275,1,0,"0","0"
233,6,2015-06-20,8210,902,1,0,"0","0"
234,6,2015-06-20,10432,1016,1,0,"0","0"
235,6,2015-06-20,3516,348,1,0,"0","0"
236,6,2015-06-20,4200,496,1,0,"0","0"
237,6,2015-06-20,3669,411,1,0,"0","0"
238,6,2015-06-20,5493,764,1,0,"0","0"
239,6,2015-06-20,5439,529,1,0,"0","0"
240,6,2015-06-20,3350,357,1,0,"0","0"
241,6,2015-06-20,6537,709,1,0,"0","0"
242,6,2015-06-20,3061,309,1,0,"0","0"
243,6,2015-06-20,5102,734,1,0,"0","0"
244,6,2015-06-20,4228,453,1,0,"0","0"
245,6,2015-06-20,9157,989,1,0,"0","0"
246,6,2015-06-20,5246,730,1,0,"0","0"
247,6,2015-06-20,7777,664,1,0,"0","0"
248,6,2015-06-20,6449,905,1,0,"0","0"
249,6,2015-06-20,4259,454,1,0,"0","0"
250,6,2015-06-20,7384,657,1,0,"0","0"
251,6,2015-06-20,18206,2357,1,0,"0","0"
252,6,2015-06-20,8515,732,1,0,"0","0"
253,6,2015-06-20,4055,503,1,0,"0","0"
254,6,2015-06-20,3033,255,1,0,"0","0"
255,6,2015-06-20,6532,668,1,0,"0","0"
256,6,2015-06-20,7600,1004,1,0,"0","0"
257,6,2015-06-20,2560,332,1,0,"0","0"
258,6,2015-06-20,3844,335,1,0,"0","0"
259,6,2015-06-20,9130,1842,1,0,"0","0"
260,6,2015-06-20,6204,866,1,0,"0","0"
261,6,2015-06-20,7635,637,1,0,"0","0"
262,6,2015-06-20,16392,3033,1,0,"0","0"
263,6,2015-06-20,5767,480,1,0,"0","0"
264,6,2015-06-20,4885,734,1,0,"0","0"
265,6,2015-06-20,2787,303,1,0,"0","0"
266,6,2015-06-20,2126,245,1,0,"0","0"
267,6,2015-06-20,8458,1096,1,0,"0","0"
268,6,2015-06-20,3166,416,1,0,"0","0"
269,6,2015-06-20,7667,976,1,0,"0","0"
270,6,2015-06-20,8617,1179,1,0,"0","0"
271,6,2015-06-20,2875,263,1,0,"0","0"
272,6,2015-06-20,3261,333,1,0,"0","0"
273,6,2015-06-20,6065,664,1,0,"0","0"
274,6,2015-06-20,4162,899,1,0,"0","0"
275,6,2015-06-20,6382,664,1,0,"0","0"
276,6,2015-06-20,1760,225,1,0,"0","0"
277,6,2015-06-20,5257,444,1,0,"0","0"
278,6,2015-06-20,4305,537,1,0,"0","0"
279,6,2015-06-20,11842,828,1,0,"0","0"
280,6,2015-06-20,5156,475,1,0,"0","0"
281,6,2015-06-20,5416,574,1,0,"0","0"
282,6,2015-06-20,3144,453,1,0,"0","0"
283,6,2015-06-20,7580,737,1,0,"0","0"
284,6,2015-06-20,5515,458,1,0,"0","0"
285,6,2015-06-20,6462,565,1,0,"0","0"
286,6,2015-06-20,1607,163,1,0,"0","0"
287,6,2015-06-20,9339,850,1,0,"0","0"
288,6,2015-06-20,5136,416,1,0,"0","0"
289,6,2015-06-20,5998,561,1,0,"0","0"
290,6,2015-06-20,4393,436,1,0,"0","0"
291,6,2015-06-20,4516,476,1,0,"0","0"
292,6,2015-06-20,3479,421,1,0,"0","0"
293,6,2015-06-20,4590,603,1,0,"0","0"
294,6,2015-06-20,3560,470,1,0,"0","0"
295,6,2015-06-20,5199,679,1,0,"0","0"
296,6,2015-06-20,4183,426,1,0,"0","0"
297,6,2015-06-20,4674,501,1,0,"0","0"
298,6,2015-06-20,8389,712,1,0,"0","0"
299,6,2015-06-20,6939,778,1,0,"0","0"
300,6,2015-06-20,7289,929,1,0,"0","0"
301,6,2015-06-20,4418,478,1,0,"0","0"
302,6,2015-06-20,4364,375,1,0,"0","0"
303,6,2015-06-20,4902,658,1,0,"0","0"
304,6,2015-06-20,4525,716,1,0,"0","0"
305,6,2015-06-20,6474,633,1,0,"0","0"
306,6,2015-06-20,2831,271,1,0,"0","0"
307,6,2015-06-20,1201,143,1,0,"0","0"
308,6,2015-06-20,7096,783,1,0,"0","0"
309,6,2015-06-20,5001,437,1,0,"0","0"
310,6,2015-06-20,6638,591,1,0,"0","0"
311,6,2015-06-20,4961,583,1,0,"0","0"
312,6,2015-06-20,4314,421,1,0,"0","0"
313,6,2015-06-20,4686,502,1,0,"0","0"
314,6,2015-06-20,3042,389,1,0,"0","0"
315,6,2015-06-20,2145,242,1,0,"0","0"
316,6,2015-06-20,9222,855,1,0,"0","0"
317,6,2015-06-20,6489,660,1,0,"0","0"
318,6,2015-06-20,4770,430,1,0,"0","0"
319,6,2015-06-20,5550,596,1,0,"0","0"
320,6,2015-06-20,10441,1630,1,0,"0","0"
321,6,2015-06-20,6997,638,1,0,"0","0"
322,6,2015-06-20,1987,196,1,0,"0","0"
323,6,2015-06-20,7293,646,1,0,"0","0"
324,6,2015-06-20,1503,203,1,0,"0","0"
325,6,2015-06-20,4587,529,1,0,"0","0"
326,6,2015-06-20,5140,491,1,0,"0","0"
327,6,2015-06-20,7358,886,1,0,"0","0"
328,6,2015-06-20,3019,280,1,0,"0","0"
329,6,2015-06-20,4347,379,1,0,"0","0"
330,6,2015-06-20,4362,437,1,0,"0","0"
331,6,2015-06-20,3794,491,1,0,"0","0"
332,6,2015-06-20,1533,227,1,0,"0","0"
333,6,2015-06-20,8868,1091,1,0,"0","0"
334,6,2015-06-20,4185,485,1,0,"0","0"
335,6,2015-06-20,9551,1736,1,0,"0","0"
336,6,2015-06-20,10994,1584,1,0,"0","0"
337,6,2015-06-20,5912,439,1,0,"0","0"
338,6,2015-06-20,6677,528,1,0,"0","0"
339,6,2015-06-20,3576,533,1,0,"0","0"
340,6,2015-06-20,5700,578,1,0,"0","0"
341,6,2015-06-20,4960,710,1,0,"0","0"
342,6,2015-06-20,10373,783,1,0,"0","0"
343,6,2015-06-20,6006,574,1,0,"0","0"
344,6,2015-06-20,7343,1036,1,0,"0","0"
345,6,2015-06-20,2948,320,1,0,"0","0"
346,6,2015-06-20,5579,509,1,0,"0","0"
347,6,2015-06-20,4221,367,1,0,"0","0"
348,6,2015-06-20,8314,673,1,0,"0","0"
349,6,2015-06-20,9057,811,1,0,"0","0"
350,6,2015-06-20,6308,496,1,0,"0","0"
351,6,2015-06-20,5804,509,1,0,"0","0"
352,6,2015-06-20,6048,598,1,0,"0","0"
353,6,2015-06-20,4860,1300,1,0,"0","0"
354,6,2015-06-20,8941,808,1,0,"0","0"
355,6,2015-06-20,5937,763,1,0,"0","0"
356,6,2015-06-20,6823,511,1,0,"0","0"
357,6,2015-06-20,5946,845,1,0,"0","0"
358,6,2015-06-20,9253,1000,1,0,"0","0"
359,6,2015-06-20,7343,687,1,0,"0","0"
360,6,2015-06-20,4530,539,1,0,"0","0"
361,6,2015-06-20,6055,637,1,0,"0","0"
362,6,2015-06-20,8852,1117,1,0,"0","0"
363,6,2015-06-20,5911,811,1,0,"0","0"
364,6,2015-06-20,3415,444,1,0,"0","0"
365,6,2015-06-20,5718,625,1,0,"0","0"
366,6,2015-06-20,2736,261,1,0,"0","0"
367,6,2015-06-20,4645,517,1,0,"0","0"
368,6,2015-06-20,7548,640,1,0,"0","0"
369,6,2015-06-20,6805,648,1,0,"0","0"
370,6,2015-06-20,7654,653,1,0,"0","0"
371,6,2015-06-20,5798,482,1,0,"0","0"
372,6,2015-06-20,8681,710,1,0,"0","0"
373,6,2015-06-20,5123,367,1,0,"0","0"
374,6,2015-06-20,4165,475,1,0,"0","0"
375,6,2015-06-20,3833,463,1,0,"0","0"
376,6,2015-06-20,5858,709,1,0,"0","0"
377,6,2015-06-20,6224,765,1,0,"0","0"
378,6,2015-06-20,6469,962,1,0,"0","0"
379,6,2015-06-20,3178,383,1,0,"0","0"
380,6,2015-06-20,13820,1232,1,0,"0","0"
381,6,2015-06-20,4816,484,1,0,"0","0"
382,6,2015-06-20,5831,523,1,0,"0","0"
383,6,2015-06-20,16252,1940,1,0,"0","0"
384,6,2015-06-20,5142,604,1,0,"0","0"
385,6,2015-06-20,7636,664,1,0,"0","0"
386,6,2015-06-20,6351,587,1,0,"0","0"
387,6,2015-06-20,7051,903,1,0,"0","0"
388,6,2015-06-20,8551,843,1,0,"0","0"
389,6,2015-06-20,8207,1026,1,0,"0","0"
390,6,2015-06-20,9860,980,1,0,"0","0"
391,6,2015-06-20,2653,335,1,0,"0","0"
392,6,2015-06-20,4576,453,1,0,"0","0"
393,6,2015-06-20,5857,582,1,0,"0","0"
394,6,2015-06-20,8213,712,1,0,"0","0"
395,6,2015-06-20,2734,367,1,0,"0","0"
396,6,2015-06-20,5249,512,1,0,"0","0"
397,6,2015-06-20,4409,606,1,0,"0","0"
398,6,2015-06-20,4615,594,1,0,"0","0"
399,6,2015-06-20,4437,457,1,0,"0","0"
400,6,2015-06-20,5966,949,1,0,"0","0"
401,6,2015-06-20,3555,284,1,0,"0","0"
402,6,2015-06-20,6457,790,1,0,"0","0"
403,6,2015-06-20,5483,518,1,0,"0","0"
404,6,2015-06-20,2990,311,1,0,"0","0"
405,6,2015-06-20,3222,378,1,0,"0","0"
406,6,2015-06-20,6640,549,1,0,"0","0"
407,6,2015-06-20,4500,358,1,0,"0","0"
408,6,2015-06-20,5045,500,1,0,"0","0"
409,6,2015-06-20,5584,566,1,0,"0","0"
410,6,2015-06-20,5513,724,1,0,"0","0"
411,6,2015-06-20,9039,732,1,0,"0","0"
412,6,2015-06-20,12927,1014,1,0,"0","0"
413,6,2015-06-20,4249,520,1,0,"0","0"
414,6,2015-06-20,7432,587,1,0,"0","0"
415,6,2015-06-20,5532,510,1,0,"0","0"
416,6,2015-06-20,10324,1313,1,0,"0","0"
417,6,2015-06-20,4770,539,1,0,"0","0"
418,6,2015-06-20,3594,331,1,0,"0","0"
419,6,2015-06-20,3775,646,1,0,"0","0"
420,6,2015-06-20,5408,437,1,0,"0","0"
421,6,2015-06-20,10428,1070,1,0,"0","0"
422,6,2015-06-20,3872,398,1,0,"0","0"
423,6,2015-06-20,9190,1640,1,0,"0","0"
424,6,2015-06-20,7168,813,1,0,"0","0"
425,6,2015-06-20,2085,292,1,0,"0","0"
426,6,2015-06-20,3809,499,1,0,"0","0"
427,6,2015-06-20,6156,613,1,0,"0","0"
428,6,2015-06-20,5973,513,1,0,"0","0"
429,6,2015-06-20,5086,423,1,0,"0","0"
430,6,2015-06-20,8750,723,1,0,"0","0"
431,6,2015-06-20,9444,930,1,0,"0","0"
432,6,2015-06-20,7393,977,1,0,"0","0"
433,6,2015-06-20,3819,498,1,0,"0","0"
434,6,2015-06-20,12403,848,1,0,"0","0"
435,6,2015-06-20,2163,254,1,0,"0","0"
436,6,2015-06-20,3713,430,1,0,"0","0"
437,6,2015-06-20,9386,1040,1,0,"0","0"
438,6,2015-06-20,4719,511,1,0,"0","0"
439,6,2015-06-20,5314,678,1,0,"0","0"
440,6,2015-06-20,3459,408,1,0,"0","0"
441,6,2015-06-20,6166,759,1,0,"0","0"
442,6,2015-06-20,4775,501,1,0,"0","0"
443,6,2015-06-20,4215,370,1,0,"0","0"
444,6,2015-06-20,15480,1870,1,0,"0","0"
445,6,2015-06-20,10481,1574,1,0,"0","0"
446,6,2015-06-20,2719,320,1,0,"0","0"
447,6,2015-06-20,4493,534,1,0,"0","0"
448,6,2015-06-20,4350,413,1,0,"0","0"
449,6,2015-06-20,7452,1080,1,0,"0","0"
450,6,2015-06-20,10205,1236,1,0,"0","0"
451,6,2015-06-20,4499,424,1,0,"0","0"
452,6,2015-06-20,2777,257,1,0,"0","0"
453,6,2015-06-20,6646,869,1,0,"0","0"
454,6,2015-06-20,1778,219,1,0,"0","0"
455,6,2015-06-20,9019,576,1,0,"0","0"
456,6,2015-06-20,4892,691,1,0,"0","0"
457,6,2015-06-20,5379,502,1,0,"0","0"
458,6,2015-06-20,9673,871,1,0,"0","0"
459,6,2015-06-20,5378,674,1,0,"0","0"
460,6,2015-06-20,1696,180,1,0,"0","0"
461,6,2015-06-20,5314,574,1,0,"0","0"
462,6,2015-06-20,2238,278,1,0,"0","0"
463,6,2015-06-20,4057,595,1,0,"0","0"
464,6,2015-06-20,13057,1551,1,0,"0","0"
465,6,2015-06-20,8238,604,1,0,"0","0"
466,6,2015-06-20,4734,446,1,0,"0","0"
467,6,2015-06-20,13507,1548,1,0,"0","0"
468,6,2015-06-20,7418,861,1,0,"0","0"
469,6,2015-06-20,11292,1505,1,0,"0","0"
470,6,2015-06-20,11378,1627,1,0,"0","0"
471,6,2015-06-20,7035,617,1,0,"0","0"
472,6,2015-06-20,4334,600,1,0,"0","0"
473,6,2015-06-20,2206,301,1,0,"0","0"
474,6,2015-06-20,4286,464,1,0,"0","0"
475,6,2015-06-20,6723,1042,1,0,"0","0"
476,6,2015-06-20,2468,281,1,0,"0","0"
477,6,2015-06-20,5637,432,1,0,"0","0"
478,6,2015-06-20,4163,441,1,0,"0","0"
479,6,2015-06-20,7239,1050,1,0,"0","0"
480,6,2015-06-20,2377,298,1,0,"0","0"
481,6,2015-06-20,5233,493,1,0,"0","0"
482,6,2015-06-20,8882,988,1,0,"0","0"
483,6,2015-06-20,1582,210,1,0,"0","0"
484,6,2015-06-20,8369,817,1,0,"0","0"
485,6,2015-06-20,5531,499,1,0,"0","0"
486,6,2015-06-20,2822,360,1,0,"0","0"
487,6,2015-06-20,6347,689,1,0,"0","0"
488,6,2015-06-20,3135,349,1,0,"0","0"
489,6,2015-06-20,3191,287,1,0,"0","0"
490,6,2015-06-20,8525,1145,1,0,"0","0"
491,6,2015-06-20,6506,544,1,0,"0","0"
492,6,2015-06-20,7058,1127,1,0,"0","0"
493,6,2015-06-20,8625,819,1,0,"0","0"
494,6,2015-06-20,5252,776,1,0,"0","0"
495,6,2015-06-20,5363,419,1,0,"0","0"
496,6,2015-06-20,7067,781,1,0,"0","0"
497,6,2015-06-20,6845,812,1,0,"0","0"
498,6,2015-06-20,7373,900,1,0,"0","0"
499,6,2015-06-20,4971,755,1,0,"0","0"
500,6,2015-06-20,6088,456,1,0,"0","0"
501,6,2015-06-20,3351,379,1,0,"0","0"
502,6,2015-06-20,7954,1188,1,0,"0","0"
503,6,2015-06-20,6347,438,1,0,"0","0"
504,6,2015-06-20,6181,918,1,0,"0","0"
505,6,2015-06-20,3994,507,1,0,"0","0"
506,6,2015-06-20,4881,571,1,0,"0","0"
507,6,2015-06-20,7984,655,1,0,"0","0"
508,6,2015-06-20,5238,527,1,0,"0","0"
509,6,2015-06-20,3841,325,1,0,"0","0"
510,6,2015-06-20,5111,519,1,0,"0","0"
511,6,2015-06-20,5373,772,1,0,"0","0"
512,6,2015-06-20,5426,1148,1,0,"0","0"
513,6,2015-06-20,15659,1907,1,0,"0","0"
514,6,2015-06-20,4394,525,1,0,"0","0"
515,6,2015-06-20,10615,835,1,0,"0","0"
516,6,2015-06-20,4719,609,1,0,"0","0"
517,6,2015-06-20,3243,368,1,0,"0","0"
518,6,2015-06-20,6653,563,1,0,"0","0"
519,6,2015-06-20,5119,539,1,0,"0","0"
520,6,2015-06-20,2475,292,1,0,"0","0"
521,6,2015-06-20,4505,391,1,0,"0","0"
522,6,2015-06-20,7929,657,1,0,"0","0"
523,6,2015-06-20,14643,1689,1,0,"0","0"
524,6,2015-06-20,6687,772,1,0,"0","0"
525,6,2015-06-20,9006,765,1,0,"0","0"
526,6,2015-06-20,7169,1044,1,0,"0","0"
527,6,2015-06-20,10405,990,1,0,"0","0"
528,6,2015-06-20,8501,812,1,0,"0","0"
529,6,2015-06-20,6595,682,1,0,"0","0"
530,6,2015-06-20,4936,846,1,0,"0","0"
531,6,2015-06-20,4045,629,1,0,"0","0"
532,6,2015-06-20,11339,1224,1,0,"0","0"
533,6,2015-06-20,8286,732,1,0,"0","0"
534,6,2015-06-20,7430,579,1,0,"0","0"
535,6,2015-06-20,5329,614,1,0,"0","0"
536,6,2015-06-20,5203,539,1,0,"0","0"
537,6,2015-06-20,5313,558,1,0,"0","0"
538,6,2015-06-20,2009,342,1,0,"0","0"
539,6,2015-06-20,11798,1126,1,0,"0","0"
540,6,2015-06-20,7026,469,1,0,"0","0"
541,6,2015-06-20,5856,796,1,0,"0","0"
542,6,2015-06-20,4360,364,1,0,"0","0"
543,6,2015-06-20,1329,126,1,0,"0","0"
544,6,2015-06-20,9683,1359,1,0,"0","0"
545,6,2015-06-20,8387,770,1,0,"0","0"
546,6,2015-06-20,12987,1398,1,0,"0","0"
547,6,2015-06-20,6061,490,1,0,"0","0"
548,6,2015-06-20,4058,351,1,0,"0","0"
549,6,2015-06-20,3687,420,1,0,"0","0"
550,6,2015-06-20,5395,481,1,0,"0","0"
551,6,2015-06-20,4377,743,1,0,"0","0"
552,6,2015-06-20,4120,404,1,0,"0","0"
553,6,2015-06-20,9931,953,1,0,"0","0"
554,6,2015-06-20,4704,559,1,0,"0","0"
555,6,2015-06-20,3931,368,1,0,"0","0"
556,6,2015-06-20,4914,591,1,0,"0","0"
557,6,2015-06-20,3707,598,1,0,"0","0"
558,6,2015-06-20,2956,422,1,0,"0","0"
559,6,2015-06-20,2061,280,1,0,"0","0"
560,6,2015-06-20,15546,1859,1,0,"0","0"
561,6,2015-06-20,4597,479,1,0,"0","0"
562,6,2015-06-20,12467,2489,1,0,"0","0"
563,6,2015-06-20,4000,553,1,0,"0","0"
564,6,2015-06-20,5322,507,1,0,"0","0"
565,6,2015-06-20,4850,622,1,0,"0","0"
566,6,2015-06-20,4124,428,1,0,"0","0"
567,6,2015-06-20,3314,409,1,0,"0","0"
568,6,2015-06-20,6052,493,1,0,"0","0"
569,6,2015-06-20,3572,427,1,0,"0","0"
570,6,2015-06-20,2803,455,1,0,"0","0"
571,6,2015-06-20,10146,718,1,0,"0","0"
572,6,2015-06-20,5732,490,1,0,"0","0"
573,6,2015-06-20,2474,215,1,0,"0","0"
574,6,2015-06-20,8405,617,1,0,"0","0"
575,6,2015-06-20,2270,237,1,0,"0","0"
576,6,2015-06-20,6458,906,1,0,"0","0"
577,6,2015-06-20,3254,408,1,0,"0","0"
578,6,2015-06-20,8980,878,1,0,"0","0"
579,6,2015-06-20,7664,858,1,0,"0","0"
580,6,2015-06-20,8782,1730,1,0,"0","0"
581,6,2015-06-20,2277,296,1,0,"0","0"
582,6,2015-06-20,4974,636,1,0,"0","0"
583,6,2015-06-20,2649,274,1,0,"0","0"
584,6,2015-06-20,5329,481,1,0,"0","0"
585,6,2015-06-20,3421,565,1,0,"0","0"
586,6,2015-06-20,16135,2634,1,0,"0","0"
587,6,2015-06-20,13826,867,1,0,"0","0"
588,6,2015-06-20,4776,501,1,0,"0","0"
589,6,2015-06-20,2554,298,1,0,"0","0"
590,6,2015-06-20,5907,470,1,0,"0","0"
591,6,2015-06-20,3796,325,1,0,"0","0"
592,6,2015-06-20,2250,304,1,0,"0","0"
593,6,2015-06-20,6667,908,1,0,"0","0"
594,6,2015-06-20,2446,248,1,0,"0","0"
595,6,2015-06-20,14508,1785,1,0,"0","0"
596,6,2015-06-20,4688,761,1,0,"0","0"
597,6,2015-06-20,4861,626,1,0,"0","0"
598,6,2015-06-20,5960,594,1,0,"0","0"
599,6,2015-06-20,11163,989,1,0,"0","0"
600,6,2015-06-20,6469,616,1,0,"0","0"
601,6,2015-06-20,4727,439,1,0,"0","0"
602,6,2015-06-20,4772,467,1,0,"0","0"
603,6,2015-06-20,5918,788,1,0,"0","0"
604,6,2015-06-20,5968,452,1,0,"0","0"
605,6,2015-06-20,6726,523,1,0,"0","0"
606,6,2015-06-20,4380,421,1,0,"0","0"
607,6,2015-06-20,703,100,1,0,"0","0"
608,6,2015-06-20,4357,383,1,0,"0","0"
609,6,2015-06-20,2772,297,1,0,"0","0"
610,6,2015-06-20,3052,367,1,0,"0","0"
611,6,2015-06-20,6427,491,1,0,"0","0"
612,6,2015-06-20,6182,414,1,0,"0","0"
613,6,2015-06-20,5475,977,1,0,"0","0"
614,6,2015-06-20,4605,673,1,0,"0","0"
615,6,2015-06-20,8342,1069,1,0,"0","0"
616,6,2015-06-20,5908,603,1,0,"0","0"
617,6,2015-06-20,3142,278,1,0,"0","0"
618,6,2015-06-20,6992,539,1,0,"0","0"
619,6,2015-06-20,2056,204,1,0,"0","0"
620,6,2015-06-20,9659,807,1,0,"0","0"
621,6,2015-06-20,5572,688,1,0,"0","0"
622,6,2015-06-20,2823,279,1,0,"0","0"
623,6,2015-06-20,3909,529,1,0,"0","0"
624,6,2015-06-20,4289,432,1,0,"0","0"
625,6,2015-06-20,5018,494,1,0,"0","0"
626,6,2015-06-20,7355,671,1,0,"0","0"
627,6,2015-06-20,7341,787,1,0,"0","0"
628,6,2015-06-20,3768,486,1,0,"0","0"
629,6,2015-06-20,6487,587,1,0,"0","0"
630,6,2015-06-20,2319,269,1,0,"0","0"
631,6,2015-06-20,4094,521,1,0,"0","0"
632,6,2015-06-20,7840,1011,1,0,"0","0"
633,6,2015-06-20,8907,697,1,0,"0","0"
634,6,2015-06-20,3334,340,1,0,"0","0"
635,6,2015-06-20,2150,206,1,0,"0","0"
636,6,2015-06-20,5708,691,1,0,"0","0"
637,6,2015-06-20,7159,568,1,0,"0","0"
638,6,2015-06-20,6000,569,1,0,"0","0"
639,6,2015-06-20,2468,276,1,0,"0","0"
640,6,2015-06-20,10793,825,1,0,"0","0"
641,6,2015-06-20,3868,342,1,0,"0","0"
642,6,2015-06-20,3313,416,1,0,"0","0"
643,6,2015-06-20,5457,765,1,0,"0","0"
644,6,2015-06-20,10102,1107,1,0,"0","0"
645,6,2015-06-20,10246,1340,1,0,"0","0"
646,6,2015-06-20,3685,516,1,0,"0","0"
647,6,2015-06-20,4060,539,1,0,"0","0"
648,6,2015-06-20,5663,507,1,0,"0","0"
649,6,2015-06-20,1295,142,1,0,"0","0"
650,6,2015-06-20,6237,639,1,0,"0","0"
651,6,2015-06-20,7463,882,1,0,"0","0"
652,6,2015-06-20,4319,525,1,0,"0","0"
653,6,2015-06-20,4235,358,1,0,"0","0"
654,6,2015-06-20,2667,264,1,0,"0","0"
655,6,2015-06-20,7785,721,1,0,"0","0"
656,6,2015-06-20,3206,360,1,0,"0","0"
657,6,2015-06-20,4299,524,1,0,"0","0"
658,6,2015-06-20,3713,412,1,0,"0","0"
659,6,2015-06-20,3554,436,1,0,"0","0"
660,6,2015-06-20,2877,287,1,0,"0","0"
661,6,2015-06-20,8340,654,1,0,"0","0"
662,6,2015-06-20,7618,743,1,0,"0","0"
663,6,2015-06-20,5182,687,1,0,"0","0"
664,6,2015-06-20,3883,479,1,0,"0","0"
665,6,2015-06-20,4898,763,1,0,"0","0"
666,6,2015-06-20,7648,791,1,0,"0","0"
667,6,2015-06-20,7163,743,1,0,"0","0"
668,6,2015-06-20,7657,1010,1,0,"0","0"
669,6,2015-06-20,4725,448,1,0,"0","0"
670,6,2015-06-20,5308,568,1,0,"0","0"
671,6,2015-06-20,4967,478,1,0,"0","0"
672,6,2015-06-20,8744,1385,1,0,"0","0"
673,6,2015-06-20,6653,577,1,0,"0","0"
674,6,2015-06-20,4875,607,1,0,"0","0"
675,6,2015-06-20,1884,195,1,0,"0","0"
676,6,2015-06-20,6193,1434,1,0,"0","0"
677,6,2015-06-20,5479,508,1,0,"0","0"
678,6,2015-06-20,5767,666,1,0,"0","0"
679,6,2015-06-20,7192,760,1,0,"0","0"
680,6,2015-06-20,6240,826,1,0,"0","0"
681,6,2015-06-20,2485,322,1,0,"0","0"
682,6,2015-06-20,7720,1344,1,0,"0","0"
683,6,2015-06-20,5550,542,1,0,"0","0"
684,6,2015-06-20,10127,861,1,0,"0","0"
685,6,2015-06-20,2499,280,1,0,"0","0"
686,6,2015-06-20,2507,287,1,0,"0","0"
687,6,2015-06-20,10004,778,1,0,"0","0"
688,6,2015-06-20,1576,152,1,0,"0","0"
689,6,2015-06-20,4614,546,1,0,"0","0"
690,6,2015-06-20,4842,651,1,0,"0","0"
691,6,2015-06-20,7684,627,1,0,"0","0"
692,6,2015-06-20,4020,491,1,0,"0","0"
693,6,2015-06-20,4680,415,1,0,"0","0"
694,6,2015-06-20,9210,871,1,0,"0","0"
695,6,2015-06-20,2939,262,1,0,"0","0"
696,6,2015-06-20,6492,790,1,0,"0","0"
697,6,2015-06-20,10008,967,1,0,"0","0"
698,6,2015-06-20,15435,1895,1,0,"0","0"
699,6,2015-06-20,6900,842,1,0,"0","0"
700,6,2015-06-20,2283,281,1,0,"0","0"
701,6,2015-06-20,5645,597,1,0,"0","0"
702,6,2015-06-20,3824,320,1,0,"0","0"
703,6,2015-06-20,2222,232,1,0,"0","0"
704,6,2015-06-20,8675,872,1,0,"0","0"
705,6,2015-06-20,3736,467,1,0,"0","0"
706,6,2015-06-20,6108,562,1,0,"0","0"
707,6,2015-06-20,4954,511,1,0,"0","0"
708,6,2015-06-20,4865,502,1,0,"0","0"
709,6,2015-06-20,5489,746,1,0,"0","0"
710,6,2015-06-20,5104,416,1,0,"0","0"
711,6,2015-06-20,4806,388,1,0,"0","0"
712,6,2015-06-20,3883,370,1,0,"0","0"
713,6,2015-06-20,9216,1118,1,0,"0","0"
714,6,2015-06-20,4823,383,1,0,"0","0"
715,6,2015-06-20,2113,210,1,0,"0","0"
716,6,2015-06-20,6052,449,1,0,"0","0"
717,6,2015-06-20,4563,438,1,0,"0","0"
718,6,2015-06-20,4951,576,1,0,"0","0"
719,6,2015-06-20,6386,614,1,0,"0","0"
720,6,2015-06-20,6250,637,1,0,"0","0"
721,6,2015-06-20,7552,743,1,0,"0","0"
722,6,2015-06-20,5796,1062,1,0,"0","0"
723,6,2015-06-20,8246,710,1,0,"0","0"
724,6,2015-06-20,6459,579,1,0,"0","0"
725,6,2015-06-20,4614,496,1,0,"0","0"
726,6,2015-06-20,6434,584,1,0,"0","0"
727,6,2015-06-20,2625,271,1,0,"0","0"
728,6,2015-06-20,5963,516,1,0,"0","0"
729,6,2015-06-20,9265,914,1,0,"0","0"
730,6,2015-06-20,8524,832,1,0,"0","0"
731,6,2015-06-20,7194,775,1,0,"0","0"
732,6,2015-06-20,5054,602,1,0,"0","0"
733,6,2015-06-20,13357,3160,1,0,"0","0"
734,6,2015-06-20,2608,250,1,0,"0","0"
735,6,2015-06-20,3376,410,1,0,"0","0"
736,6,2015-06-20,4272,438,1,0,"0","0"
737,6,2015-06-20,4390,659,1,0,"0","0"
738,6,2015-06-20,8394,707,1,0,"0","0"
739,6,2015-06-20,10100,834,1,0,"0","0"
740,6,2015-06-20,8000,619,1,0,"0","0"
741,6,2015-06-20,7947,966,1,0,"0","0"
742,6,2015-06-20,7474,863,1,0,"0","0"
743,6,2015-06-20,1672,197,1,0,"0","0"
744,6,2015-06-20,7689,844,1,0,"0","0"
745,6,2015-06-20,3005,303,1,0,"0","0"
746,6,2015-06-20,6303,533,1,0,"0","0"
747,6,2015-06-20,5258,499,1,0,"0","0"
748,6,2015-06-20,4742,446,1,0,"0","0"
749,6,2015-06-20,2103,291,1,0,"0","0"
750,6,2015-06-20,4938,419,1,0,"0","0"
751,6,2015-06-20,3931,602,1,0,"0","0"
752,6,2015-06-20,3214,270,1,0,"0","0"
753,6,2015-06-20,6250,588,1,0,"0","0"
754,6,2015-06-20,4506,551,1,0,"0","0"
755,6,2015-06-20,7775,705,1,0,"0","0"
756,6,2015-06-20,18820,2771,1,0,"0","0"
757,6,2015-06-20,6021,496,1,0,"0","0"
758,6,2015-06-20,3307,386,1,0,"0","0"
759,6,2015-06-20,4943,573,1,0,"0","0"
760,6,2015-06-20,8210,1394,1,0,"0","0"
761,6,2015-06-20,6104,702,1,0,"0","0"
762,6,2015-06-20,4646,466,1,0,"0","0"
763,6,2015-06-20,5021,533,1,0,"0","0"
764,6,2015-06-20,1836,200,1,0,"0","0"
765,6,2015-06-20,6550,535,1,0,"0","0"
766,6,2015-06-20,7124,620,1,0,"0","0"
767,6,2015-06-20,3542,346,1,0,"0","0"
768,6,2015-06-20,10360,1110,1,0,"0","0"
769,6,2015-06-20,9986,2984,1,0,"0","0"
770,6,2015-06-20,3142,394,1,0,"0","0"
771,6,2015-06-20,4728,463,1,0,"0","0"
772,6,2015-06-20,3898,525,1,0,"0","0"
773,6,2015-06-20,4741,556,1,0,"0","0"
774,6,2015-06-20,3989,537,1,0,"0","0"
775,6,2015-06-20,8531,627,1,0,"0","0"
776,6,2015-06-20,3924,397,1,0,"0","0"
777,6,2015-06-20,4380,389,1,0,"0","0"
778,6,2015-06-20,4609,611,1,0,"0","0"
779,6,2015-06-20,2385,252,1,0,"0","0"
780,6,2015-06-20,2485,313,1,0,"0","0"
781,6,2015-06-20,2520,414,1,0,"0","0"
782,6,2015-06-20,4927,468,1,0,"0","0"
783,6,2015-06-20,5408,553,1,0,"0","0"
784,6,2015-06-20,4331,536,1,0,"0","0"
785,6,2015-06-20,7359,678,1,0,"0","0"
786,6,2015-06-20,999,180,1,0,"0","0"
787,6,2015-06-20,7543,877,1,0,"0","0"
788,6,2015-06-20,15718,1359,1,0,"0","0"
789,6,2015-06-20,3102,344,1,0,"0","0"
790,6,2015-06-20,7754,744,1,0,"0","0"
791,6,2015-06-20,6710,727,1,0,"0","0"
792,6,2015-06-20,4883,478,1,0,"0","0"
793,6,2015-06-20,4359,445,1,0,"0","0"
794,6,2015-06-20,2567,425,1,0,"0","0"
795,6,2015-06-20,3963,431,1,0,"0","0"
796,6,2015-06-20,4694,424,1,0,"0","0"
797,6,2015-06-20,4858,470,1,0,"0","0"
798,6,2015-06-20,2884,317,1,0,"0","0"
799,6,2015-06-20,9148,830,1,0,"0","0"
800,6,2015-06-20,4596,422,1,0,"0","0"
801,6,2015-06-20,3219,361,1,0,"0","0"
802,6,2015-06-20,6159,492,1,0,"0","0"
803,6,2015-06-20,4446,407,1,0,"0","0"
804,6,2015-06-20,6329,550,1,0,"0","0"
805,6,2015-06-20,4360,451,1,0,"0","0"
806,6,2015-06-20,5335,449,1,0,"0","0"
807,6,2015-06-20,10451,1029,1,0,"0","0"
808,6,2015-06-20,4688,389,1,0,"0","0"
809,6,2015-06-20,7659,692,1,0,"0","0"
810,6,2015-06-20,5346,493,1,0,"0","0"
811,6,2015-06-20,3101,561,1,0,"0","0"
812,6,2015-06-20,3158,394,1,0,"0","0"
813,6,2015-06-20,4382,558,1,0,"0","0"
814,6,2015-06-20,5397,488,1,0,"0","0"
815,6,2015-06-20,5536,573,1,0,"0","0"
816,6,2015-06-20,3206,516,1,0,"0","0"
817,6,2015-06-20,14658,2053,1,0,"0","0"
818,6,2015-06-20,5465,561,1,0,"0","0"
819,6,2015-06-20,4650,417,1,0,"0","0"
820,6,2015-06-20,10613,975,1,0,"0","0"
821,6,2015-06-20,4236,533,1,0,"0","0"
822,6,2015-06-20,6806,586,1,0,"0","0"
823,6,2015-06-20,3919,399,1,0,"0","0"
824,6,2015-06-20,5213,706,1,0,"0","0"
825,6,2015-06-20,5125,592,1,0,"0","0"
826,6,2015-06-20,6270,516,1,0,"0","0"
827,6,2015-06-20,15917,2051,1,0,"0","0"
828,6,2015-06-20,2651,307,1,0,"0","0"
829,6,2015-06-20,5284,764,1,0,"0","0"
830,6,2015-06-20,3303,266,1,0,"0","0"
831,6,2015-06-20,9669,1209,1,0,"0","0"
832,6,2015-06-20,5976,555,1,0,"0","0"
833,6,2015-06-20,4600,469,1,0,"0","0"
834,6,2015-06-20,2817,353,1,0,"0","0"
835,6,2015-06-20,4006,481,1,0,"0","0"
836,6,2015-06-20,2495,266,1,0,"0","0"
837,6,2015-06-20,2232,261,1,0,"0","0"
838,6,2015-06-20,6844,692,1,0,"0","0"
839,6,2015-06-20,1925,276,1,0,"0","0"
840,6,2015-06-20,3311,517,1,0,"0","0"
841,6,2015-06-20,1267,161,1,0,"0","0"
842,6,2015-06-20,23978,1318,1,0,"0","0"
843,6,2015-06-20,8660,1029,1,0,"0","0"
844,6,2015-06-20,2214,233,1,0,"0","0"
845,6,2015-06-20,4571,325,1,0,"0","0"
846,6,2015-06-20,6779,667,1,0,"0","0"
847,6,2015-06-20,6763,998,1,0,"0","0"
848,6,2015-06-20,5761,710,1,0,"0","0"
849,6,2015-06-20,8732,896,1,0,"0","0"
850,6,2015-06-20,6061,624,1,0,"0","0"
851,6,2015-06-20,5167,460,1,0,"0","0"
852,6,2015-06-20,2930,357,1,0,"0","0"
853,6,2015-06-20,7500,781,1,0,"0","0"
854,6,2015-06-20,7250,779,1,0,"0","0"
855,6,2015-06-20,3700,438,1,0,"0","0"
856,6,2015-06-20,6588,850,1,0,"0","0"
857,6,2015-06-20,10061,1160,1,0,"0","0"
858,6,2015-06-20,3850,354,1,0,"0","0"
859,6,2015-06-20,8286,812,1,0,"0","0"
860,6,2015-06-20,5709,791,1,0,"0","0"
861,6,2015-06-20,3002,465,1,0,"0","0"
862,6,2015-06-20,5255,692,1,0,"0","0"
863,6,2015-06-20,5780,688,1,0,"0","0"
864,6,2015-06-20,2995,430,1,0,"0","0"
865,6,2015-06-20,9606,780,1,0,"0","0"
866,6,2015-06-20,6052,471,1,0,"0","0"
867,6,2015-06-20,4122,428,1,0,"0","0"
868,6,2015-06-20,10253,642,1,0,"0","0"
869,6,2015-06-20,3544,544,1,0,"0","0"
870,6,2015-06-20,4663,602,1,0,"0","0"
871,6,2015-06-20,8428,644,1,0,"0","0"
872,6,2015-06-20,6904,623,1,0,"0","0"
873,6,2015-06-20,2246,247,1,0,"0","0"
874,6,2015-06-20,4615,495,1,0,"0","0"
875,6,2015-06-20,3102,320,1,0,"0","0"
876,6,2015-06-20,2485,282,1,0,"0","0"
877,6,2015-06-20,4948,700,1,0,"0","0"
878,6,2015-06-20,6211,596,1,0,"0","0"
879,6,2015-06-20,3745,369,1,0,"0","0"
880,6,2015-06-20,5360,549,1,0,"0","0"
881,6,2015-06-20,2212,364,1,0,"0","0"
882,6,2015-06-20,6080,752,1,0,"0","0"
883,6,2015-06-20,3094,308,1,0,"0","0"
884,6,2015-06-20,5578,528,1,0,"0","0"
885,6,2015-06-20,6253,729,1,0,"0","0"
886,6,2015-06-20,4833,420,1,0,"0","0"
887,6,2015-06-20,5317,484,1,0,"0","0"
888,6,2015-06-20,8615,790,1,0,"0","0"
889,6,2015-06-20,2676,296,1,0,"0","0"
890,6,2015-06-20,5579,449,1,0,"0","0"
891,6,2015-06-20,6508,911,1,0,"0","0"
892,6,2015-06-20,3069,336,1,0,"0","0"
893,6,2015-06-20,5319,657,1,0,"0","0"
894,6,2015-06-20,6231,788,1,0,"0","0"
895,6,2015-06-20,9322,883,1,0,"0","0"
896,6,2015-06-20,6353,1011,1,0,"0","0"
897,6,2015-06-20,4100,425,1,0,"0","0"
898,6,2015-06-20,1839,202,1,0,"0","0"
899,6,2015-06-20,1846,222,1,0,"0","0"
900,6,2015-06-20,5874,521,1,0,"0","0"
901,6,2015-06-20,4669,436,1,0,"0","0"
902,6,2015-06-20,3979,528,1,0,"0","0"
903,6,2015-06-20,11546,838,1,0,"0","0"
904,6,2015-06-20,5393,471,1,0,"0","0"
905,6,2015-06-20,5817,871,1,0,"0","0"
906,6,2015-06-20,9045,1058,1,0,"0","0"
907,6,2015-06-20,7012,884,1,0,"0","0"
908,6,2015-06-20,2271,212,1,0,"0","0"
909,6,2015-06-20,22882,1214,1,0,"0","0"
910,6,2015-06-20,3806,433,1,0,"0","0"
911,6,2015-06-20,7435,728,1,0,"0","0"
912,6,2015-06-20,6429,820,1,0,"0","0"
913,6,2015-06-20,6749,984,1,0,"0","0"
914,6,2015-06-20,6167,730,1,0,"0","0"
915,6,2015-06-20,8103,670,1,0,"0","0"
916,6,2015-06-20,5059,673,1,0,"0","0"
917,6,2015-06-20,4054,449,1,0,"0","0"
918,6,2015-06-20,2758,303,1,0,"0","0"
919,6,2015-06-20,3059,363,1,0,"0","0"
920,6,2015-06-20,6093,568,1,0,"0","0"
921,6,2015-06-20,3425,408,1,0,"0","0"
922,6,2015-06-20,8862,829,1,0,"0","0"
923,6,2015-06-20,5177,494,1,0,"0","0"
924,6,2015-06-20,3015,276,1,0,"0","0"
925,6,2015-06-20,7438,1317,1,0,"0","0"
926,6,2015-06-20,7038,533,1,0,"0","0"
927,6,2015-06-20,4594,673,1,0,"0","0"
928,6,2015-06-20,6485,589,1,0,"0","0"
929,6,2015-06-20,3955,517,1,0,"0","0"
930,6,2015-06-20,7404,1212,1,0,"0","0"
931,6,2015-06-20,2999,403,1,0,"0","0"
932,6,2015-06-20,4406,426,1,0,"0","0"
933,6,2015-06-20,3412,432,1,0,"0","0"
934,6,2015-06-20,4921,499,1,0,"0","0"
935,6,2015-06-20,3857,370,1,0,"0","0"
936,6,2015-06-20,6280,791,1,0,"0","0"
937,6,2015-06-20,7714,631,1,0,"0","0"
938,6,2015-06-20,8183,815,1,0,"0","0"
939,6,2015-06-20,6548,633,1,0,"0","0"
940,6,2015-06-20,6047,586,1,0,"0","0"
941,6,2015-06-20,4382,457,1,0,"0","0"
942,6,2015-06-20,5986,492,1,0,"0","0"
943,6,2015-06-20,7056,652,1,0,"0","0"
944,6,2015-06-20,7790,1241,1,0,"0","0"
945,6,2015-06-20,2563,315,1,0,"0","0"
946,6,2015-06-20,3104,376,1,0,"0","0"
947,6,2015-06-20,8539,1172,1,0,"0","0"
948,6,2015-06-20,6029,1436,1,0,"0","0"
949,6,2015-06-20,2829,338,1,0,"0","0"
950,6,2015-06-20,3728,364,1,0,"0","0"
951,6,2015-06-20,7724,748,1,0,"0","0"
952,6,2015-06-20,6657,566,1,0,"0","0"
953,6,2015-06-20,1888,206,1,0,"0","0"
954,6,2015-06-20,5804,812,1,0,"0","0"
955,6,2015-06-20,4381,469,1,0,"0","0"
956,6,2015-06-20,1646,245,1,0,"0","0"
957,6,2015-06-20,5085,557,1,0,"0","0"
958,6,2015-06-20,2838,395,1,0,"0","0"
959,6,2015-06-20,3978,424,1,0,"0","0"
960,6,2015-06-20,6251,556,1,0,"0","0"
961,6,2015-06-20,6231,641,1,0,"0","0"
962,6,2015-06-20,5675,737,1,0,"0","0"
963,6,2015-06-20,3303,367,1,0,"0","0"
964,6,2015-06-20,7714,1221,1,0,"0","0"
965,6,2015-06-20,6527,733,1,0,"0","0"
966,6,2015-06-20,3963,462,1,0,"0","0"
967,6,2015-06-20,5423,546,1,0,"0","0"
968,6,2015-06-20,5791,673,1,0,"0","0"
969,6,2015-06-20,3203,489,1,0,"0","0"
970,6,2015-06-20,1178,143,1,0,"0","0"
971,6,2015-06-20,7970,920,1,0,"0","0"
972,6,2015-06-20,1463,149,1,0,"0","0"
973,6,2015-06-20,5123,628,1,0,"0","0"
974,6,2015-06-20,9902,1301,1,0,"0","0"
975,6,2015-06-20,6044,543,1,0,"0","0"
976,6,2015-06-20,4565,490,1,0,"0","0"
977,6,2015-06-20,3028,360,1,0,"0","0"
978,6,2015-06-20,5787,733,1,0,"0","0"
979,6,2015-06-20,5089,549,1,0,"0","0"
980,6,2015-06-20,4627,386,1,0,"0","0"
981,6,2015-06-20,5934,619,1,0,"0","0"
982,6,2015-06-20,6422,555,1,0,"0","0"
983,6,2015-06-20,8285,1113,1,0,"0","0"
984,6,2015-06-20,6053,743,1,0,"0","0"
985,6,2015-06-20,8471,839,1,0,"0","0"
986,6,2015-06-20,3463,503,1,0,"0","0"
987,6,2015-06-20,3612,511,1,0,"0","0"
988,6,2015-06-20,4998,1052,1,0,"0","0"
989,6,2015-06-20,3090,341,1,0,"0","0"
990,6,2015-06-20,4893,477,1,0,"0","0"
991,6,2015-06-20,6779,571,1,0,"0","0"
992,6,2015-06-20,3071,341,1,0,"0","0"
993,6,2015-06-20,5310,535,1,0,"0","0"
994,6,2015-06-20,2477,257,1,0,"0","0"
995,6,2015-06-20,8212,690,1,0,"0","0"
996,6,2015-06-20,4375,479,1,0,"0","0"
997,6,2015-06-20,3829,356,1,0,"0","0"
998,6,2015-06-20,3743,464,1,0,"0","0"
999,6,2015-06-20,5489,421,1,0,"0","0"
1000,6,2015-06-20,6924,652,1,0,"0","0"
1001,6,2015-06-20,3240,351,1,0,"0","0"
1002,6,2015-06-20,6821,783,1,0,"0","0"
1003,6,2015-06-20,4575,501,1,0,"0","0"
1004,6,2015-06-20,5640,491,1,0,"0","0"
1005,6,2015-06-20,5470,809,1,0,"0","0"
1006,6,2015-06-20,6416,826,1,0,"0","0"
1007,6,2015-06-20,7210,914,1,0,"0","0"
1008,6,2015-06-20,4905,670,1,0,"0","0"
1009,6,2015-06-20,3370,304,1,0,"0","0"
1010,6,2015-06-20,9763,885,1,0,"0","0"
1011,6,2015-06-20,6068,809,1,0,"0","0"
1012,6,2015-06-20,6229,517,1,0,"0","0"
1013,6,2015-06-20,2169,236,1,0,"0","0"
1014,6,2015-06-20,4686,522,1,0,"0","0"
1015,6,2015-06-20,5191,395,1,0,"0","0"
1016,6,2015-06-20,4289,410,1,0,"0","0"
1017,6,2015-06-20,5231,694,1,0,"0","0"
1018,6,2015-06-20,10289,1237,1,0,"0","0"
1019,6,2015-06-20,7959,693,1,0,"0","0"
1020,6,2015-06-20,10115,1161,1,0,"0","0"
1021,6,2015-06-20,9738,1117,1,0,"0","0"
1022,6,2015-06-20,6245,752,1,0,"0","0"
1023,6,2015-06-20,5664,603,1,0,"0","0"
1024,6,2015-06-20,5456,746,1,0,"0","0"
1025,6,2015-06-20,6255,723,1,0,"0","0"
1026,6,2015-06-20,7762,969,1,0,"0","0"
1027,6,2015-06-20,10116,1331,1,0,"0","0"
1028,6,2015-06-20,3151,347,1,0,"0","0"
1029,6,2015-06-20,1538,224,1,0,"0","0"
1030,6,2015-06-20,1676,153,1,0,"0","0"
1031,6,2015-06-20,4012,362,1,0,"0","0"
1032,6,2015-06-20,4878,446,1,0,"0","0"
1033,6,2015-06-20,9521,883,1,0,"0","0"
1034,6,2015-06-20,2311,248,1,0,"0","0"
1035,6,2015-06-20,1737,199,1,0,"0","0"
1036,6,2015-06-20,4764,483,1,0,"0","0"
1037,6,2015-06-20,5806,700,1,0,"0","0"
1038,6,2015-06-20,6034,570,1,0,"0","0"
1039,6,2015-06-20,9017,1124,1,0,"0","0"
1040,6,2015-06-20,7028,704,1,0,"0","0"
1041,6,2015-06-20,6054,614,1,0,"0","0"
1042,6,2015-06-20,2647,368,1,0,"0","0"
1043,6,2015-06-20,8276,1196,1,0,"0","0"
1044,6,2015-06-20,6871,877,1,0,"0","0"
1045,6,2015-06-20,6124,749,1,0,"0","0"
1046,6,2015-06-20,6158,533,1,0,"0","0"
1047,6,2015-06-20,3445,385,1,0,"0","0"
1048,6,2015-06-20,5691,503,1,0,"0","0"
1049,6,2015-06-20,2642,403,1,0,"0","0"
1050,6,2015-06-20,6201,473,1,0,"0","0"
1051,6,2015-06-20,4880,694,1,0,"0","0"
1052,6,2015-06-20,4652,485,1,0,"0","0"
1053,6,2015-06-20,5544,801,1,0,"0","0"
1054,6,2015-06-20,3960,399,1,0,"0","0"
1055,6,2015-06-20,6280,806,1,0,"0","0"
1056,6,2015-06-20,5484,522,1,0,"0","0"
1057,6,2015-06-20,5957,672,1,0,"0","0"
1058,6,2015-06-20,5162,486,1,0,"0","0"
1059,6,2015-06-20,8122,1143,1,0,"0","0"
1060,6,2015-06-20,4986,635,1,0,"0","0"
1061,6,2015-06-20,7969,622,1,0,"0","0"
1062,6,2015-06-20,5062,480,1,0,"0","0"
1063,6,2015-06-20,3449,473,1,0,"0","0"
1064,6,2015-06-20,8043,891,1,0,"0","0"
1065,6,2015-06-20,2447,274,1,0,"0","0"
1066,6,2015-06-20,10547,1008,1,0,"0","0"
1067,6,2015-06-20,5686,494,1,0,"0","0"
1068,6,2015-06-20,4824,360,1,0,"0","0"
1069,6,2015-06-20,3257,439,1,0,"0","0"
1070,6,2015-06-20,7446,966,1,0,"0","0"
1071,6,2015-06-20,4048,523,1,0,"0","0"
1072,6,2015-06-20,4145,431,1,0,"0","0"
1073,6,2015-06-20,7744,1020,1,0,"0","0"
1074,6,2015-06-20,4498,492,1,0,"0","0"
1075,6,2015-06-20,11979,1126,1,0,"0","0"
1076,6,2015-06-20,2609,421,1,0,"0","0"
1077,6,2015-06-20,3023,330,1,0,"0","0"
1078,6,2015-06-20,6221,467,1,0,"0","0"
1079,6,2015-06-20,5671,485,1,0,"0","0"
1080,6,2015-06-20,9945,777,1,0,"0","0"
1081,6,2015-06-20,2661,475,1,0,"0","0"
1082,6,2015-06-20,5198,733,1,0,"0","0"
1083,6,2015-06-20,6049,413,1,0,"0","0"
1084,6,2015-06-20,5898,705,1,0,"0","0"
1085,6,2015-06-20,4774,469,1,0,"0","0"
1086,6,2015-06-20,3976,485,1,0,"0","0"
1087,6,2015-06-20,6041,621,1,0,"0","0"
1088,6,2015-06-20,3418,311,1,0,"0","0"
1089,6,2015-06-20,9787,992,1,0,"0","0"
1090,6,2015-06-20,2564,316,1,0,"0","0"
1091,6,2015-06-20,5819,509,1,0,"0","0"
1092,6,2015-06-20,12789,1140,1,0,"0","0"
1093,6,2015-06-20,7890,804,1,0,"0","0"
1094,6,2015-06-20,5463,417,1,0,"0","0"
1095,6,2015-06-20,4646,989,1,0,"0","0"
1096,6,2015-06-20,5273,584,1,0,"0","0"
1097,6,2015-06-20,7685,2009,1,0,"0","0"
1098,6,2015-06-20,2776,365,1,0,"0","0"
1099,6,2015-06-20,7326,968,1,0,"0","0"
1100,6,2015-06-20,3296,389,1,0,"0","0"
1101,6,2015-06-20,7889,809,1,0,"0","0"
1102,6,2015-06-20,5987,598,1,0,"0","0"
1103,6,2015-06-20,5687,453,1,0,"0","0"
1104,6,2015-06-20,5923,504,1,0,"0","0"
1105,6,2015-06-20,5133,570,1,0,"0","0"
1106,6,2015-06-20,3039,336,1,0,"0","0"
1107,6,2015-06-20,4762,558,1,0,"0","0"
1108,6,2015-06-20,1989,201,1,0,"0","0"
1109,6,2015-06-20,3111,283,1,0,"0","0"
1110,6,2015-06-20,3275,404,1,0,"0","0"
1111,6,2015-06-20,2738,222,1,0,"0","0"
1112,6,2015-06-20,8528,735,1,0,"0","0"
1113,6,2015-06-20,5431,566,1,0,"0","0"
1114,6,2015-06-20,22183,3549,1,0,"0","0"
1115,6,2015-06-20,7824,512,1,0,"0","0"
1,5,2015-06-19,4202,487,1,1,"0","0"
2,5,2015-06-19,4926,544,1,1,"0","0"
3,5,2015-06-19,8074,797,1,1,"0","0"
4,5,2015-06-19,9686,1281,1,1,"0","0"
5,5,2015-06-19,5711,610,1,1,"0","0"
6,5,2015-06-19,5464,622,1,1,"0","0"
7,5,2015-06-19,9677,1030,1,1,"0","0"
8,5,2015-06-19,6773,690,1,1,"0","0"
9,5,2015-06-19,7849,649,1,1,"0","0"
10,5,2015-06-19,6191,611,1,1,"0","0"
11,5,2015-06-19,6592,969,1,1,"0","0"
12,5,2015-06-19,8836,892,1,1,"0","0"
13,5,2015-06-19,5546,402,1,1,"0","0"
14,5,2015-06-19,6239,664,1,1,"0","0"
15,5,2015-06-19,7851,764,1,1,"0","0"
16,5,2015-06-19,8580,887,1,1,"0","0"
17,5,2015-06-19,6820,820,1,1,"0","0"
18,5,2015-06-19,8270,846,1,1,"0","0"
19,5,2015-06-19,8508,727,1,1,"0","0"
20,5,2015-06-19,8505,894,1,1,"0","0"
21,5,2015-06-19,7499,584,1,1,"0","0"
22,5,2015-06-19,5765,565,1,1,"0","0"
23,5,2015-06-19,6435,534,1,1,"0","0"
24,5,2015-06-19,11395,905,1,1,"0","0"
25,5,2015-06-19,10679,1470,1,1,"0","0"
26,5,2015-06-19,7730,604,1,1,"0","0"
27,5,2015-06-19,11190,1139,1,1,"0","0"
28,5,2015-06-19,5100,545,1,1,"0","0"
29,5,2015-06-19,8746,735,1,1,"0","0"
30,5,2015-06-19,3668,524,1,1,"0","0"
31,5,2015-06-19,5881,552,1,1,"0","0"
32,5,2015-06-19,5085,532,1,1,"0","0"
33,5,2015-06-19,8165,769,1,1,"0","0"
34,5,2015-06-19,8348,958,1,1,"0","0"
35,5,2015-06-19,12160,845,1,1,"0","0"
36,5,2015-06-19,9326,1047,1,1,"0","0"
37,5,2015-06-19,8189,804,1,1,"0","0"
38,5,2015-06-19,6571,572,1,1,"0","0"
39,5,2015-06-19,4907,587,1,1,"0","0"
40,5,2015-06-19,4462,545,1,1,"0","0"
41,5,2015-06-19,6050,433,1,1,"0","0"
42,5,2015-06-19,10251,1024,1,1,"0","0"
43,5,2015-06-19,7486,637,1,1,"0","0"
44,5,2015-06-19,5724,624,1,1,"0","0"
45,5,2015-06-19,5888,449,1,1,"0","0"
46,5,2015-06-19,6473,710,1,1,"0","0"
47,5,2015-06-19,7509,897,1,1,"0","0"
48,5,2015-06-19,4319,451,1,1,"0","0"
49,5,2015-06-19,8387,603,1,1,"0","0"
50,5,2015-06-19,4837,399,1,1,"0","0"
51,5,2015-06-19,8287,576,1,1,"0","0"
52,5,2015-06-19,7732,501,1,1,"0","0"
53,5,2015-06-19,5361,608,1,1,"0","0"
54,5,2015-06-19,8854,750,1,1,"0","0"
55,5,2015-06-19,5847,682,1,1,"0","0"
56,5,2015-06-19,9511,635,1,1,"0","0"
57,5,2015-06-19,9065,875,1,1,"0","0"
58,5,2015-06-19,8650,634,1,1,"0","0"
59,5,2015-06-19,6021,593,1,1,"0","0"
60,5,2015-06-19,9485,781,1,1,"0","0"
61,5,2015-06-19,5852,641,1,1,"0","0"
62,5,2015-06-19,6890,721,1,1,"0","0"
63,5,2015-06-19,7887,696,1,1,"0","0"
64,5,2015-06-19,13772,945,1,1,"0","0"
65,5,2015-06-19,6162,511,1,1,"0","0"
66,5,2015-06-19,7038,572,1,1,"0","0"
67,5,2015-06-19,8479,828,1,1,"0","0"
68,5,2015-06-19,6823,1037,1,1,"0","0"
69,5,2015-06-19,10108,1263,1,1,"0","0"
70,5,2015-06-19,7877,749,1,1,"0","0"
71,5,2015-06-19,9988,812,1,1,"0","0"
72,5,2015-06-19,5206,532,1,1,"0","0"
73,5,2015-06-19,5337,513,1,1,"0","0"
74,5,2015-06-19,5815,724,1,1,"0","0"
75,5,2015-06-19,6641,708,1,1,"0","0"
76,5,2015-06-19,10230,997,1,1,"0","0"
77,5,2015-06-19,8722,677,1,1,"0","0"
78,5,2015-06-19,4215,554,1,1,"0","0"
79,5,2015-06-19,6731,675,1,1,"0","0"
80,5,2015-06-19,8271,600,1,1,"0","0"
81,5,2015-06-19,7921,598,1,1,"0","0"
82,5,2015-06-19,10948,979,1,1,"0","0"
83,5,2015-06-19,4294,375,1,1,"0","0"
84,5,2015-06-19,13439,1325,1,1,"0","0"
85,5,2015-06-19,6796,920,1,1,"0","0"
86,5,2015-06-19,4844,523,1,1,"0","0"
87,5,2015-06-19,6878,797,1,1,"0","0"
88,5,2015-06-19,7183,739,1,1,"0","0"
89,5,2015-06-19,6597,662,1,1,"0","0"
90,5,2015-06-19,8288,996,1,1,"0","0"
91,5,2015-06-19,4519,425,1,1,"0","0"
92,5,2015-06-19,7677,614,1,1,"0","0"
93,5,2015-06-19,7102,728,1,1,"0","0"
94,5,2015-06-19,8692,744,1,1,"0","0"
95,5,2015-06-19,7973,898,1,1,"0","0"
96,5,2015-06-19,5131,536,1,1,"0","0"
97,5,2015-06-19,7684,802,1,1,"0","0"
98,5,2015-06-19,6295,507,1,1,"0","0"
99,5,2015-06-19,5949,531,1,1,"0","0"
100,5,2015-06-19,8546,707,1,1,"0","0"
101,5,2015-06-19,8779,829,1,1,"0","0"
102,5,2015-06-19,6932,936,1,1,"0","0"
103,5,2015-06-19,4735,409,1,1,"0","0"
104,5,2015-06-19,10319,1300,1,1,"0","0"
105,5,2015-06-19,6249,657,1,1,"0","0"
106,5,2015-06-19,9912,915,1,1,"0","0"
107,5,2015-06-19,7537,976,1,1,"0","0"
108,5,2015-06-19,14199,992,1,1,"0","0"
109,5,2015-06-19,7340,783,1,1,"0","0"
110,5,2015-06-19,4179,560,1,1,"0","0"
111,5,2015-06-19,8028,665,1,1,"0","0"
112,5,2015-06-19,6128,740,1,1,"0","0"
113,5,2015-06-19,5742,614,1,1,"0","0"
114,5,2015-06-19,5959,621,1,1,"0","0"
115,5,2015-06-19,8203,612,1,1,"0","0"
116,5,2015-06-19,7707,780,1,1,"0","0"
117,5,2015-06-19,4125,476,1,1,"0","0"
118,5,2015-06-19,9472,753,1,1,"0","0"
119,5,2015-06-19,6249,710,1,1,"0","0"
120,5,2015-06-19,8546,732,1,1,"0","0"
121,5,2015-06-19,5028,590,1,1,"0","0"
122,5,2015-06-19,7357,890,1,1,"0","0"
123,5,2015-06-19,7458,928,1,1,"0","0"
124,5,2015-06-19,5401,641,1,1,"0","0"
125,5,2015-06-19,12080,1581,1,1,"0","0"
126,5,2015-06-19,5681,532,1,1,"0","0"
127,5,2015-06-19,6279,749,1,1,"0","0"
128,5,2015-06-19,9102,712,1,1,"0","0"
129,5,2015-06-19,8964,1134,1,1,"0","0"
130,5,2015-06-19,5958,592,1,1,"0","0"
131,5,2015-06-19,5360,559,1,1,"0","0"
132,5,2015-06-19,7964,692,1,1,"0","0"
133,5,2015-06-19,6387,742,1,1,"0","0"
134,5,2015-06-19,4723,497,1,1,"0","0"
135,5,2015-06-19,7180,620,1,1,"0","0"
136,5,2015-06-19,6003,462,1,1,"0","0"
137,5,2015-06-19,9989,1113,1,1,"0","0"
138,5,2015-06-19,8504,760,1,1,"0","0"
139,5,2015-06-19,7532,549,1,1,"0","0"
140,5,2015-06-19,7674,922,1,1,"0","0"
141,5,2015-06-19,6232,609,1,1,"0","0"
142,5,2015-06-19,5087,581,1,1,"0","0"
143,5,2015-06-19,7079,642,1,1,"0","0"
144,5,2015-06-19,9097,821,1,1,"0","0"
145,5,2015-06-19,8000,1180,1,1,"0","0"
146,5,2015-06-19,9410,768,1,1,"0","0"
147,5,2015-06-19,8984,866,1,1,"0","0"
148,5,2015-06-19,9374,850,1,1,"0","0"
149,5,2015-06-19,6103,546,1,1,"0","0"
150,5,2015-06-19,9691,915,1,1,"0","0"
151,5,2015-06-19,7992,716,1,1,"0","0"
152,5,2015-06-19,6062,652,1,1,"0","0"
153,5,2015-06-19,7522,662,1,1,"0","0"
154,5,2015-06-19,10021,807,1,1,"0","0"
155,5,2015-06-19,7594,748,1,1,"0","0"
156,5,2015-06-19,7060,684,1,1,"0","0"
157,5,2015-06-19,10106,955,1,1,"0","0"
158,5,2015-06-19,8586,535,1,1,"0","0"
159,5,2015-06-19,8093,716,1,1,"0","0"
160,5,2015-06-19,6740,598,1,1,"0","0"
161,5,2015-06-19,7562,813,1,1,"0","0"
162,5,2015-06-19,8698,620,1,1,"0","0"
163,5,2015-06-19,7307,820,1,1,"0","0"
164,5,2015-06-19,7825,739,1,1,"0","0"
165,5,2015-06-19,4706,442,1,1,"0","0"
166,5,2015-06-19,5383,712,1,1,"0","0"
167,5,2015-06-19,9261,1020,1,1,"0","0"
168,5,2015-06-19,8403,812,1,1,"0","0"
169,5,2015-06-19,7523,665,1,1,"0","0"
170,5,2015-06-19,4078,440,1,1,"0","0"
171,5,2015-06-19,9223,898,1,1,"0","0"
172,5,2015-06-19,7353,850,1,1,"0","0"
173,5,2015-06-19,8129,983,1,1,"0","0"
174,5,2015-06-19,6140,496,1,1,"0","0"
175,5,2015-06-19,6521,732,1,1,"0","0"
176,5,2015-06-19,5610,661,1,1,"0","0"
177,5,2015-06-19,4198,522,1,1,"0","0"
178,5,2015-06-19,11520,963,1,1,"0","0"
179,5,2015-06-19,6474,871,1,1,"0","0"
180,5,2015-06-19,7324,850,1,1,"0","0"
181,5,2015-06-19,7151,696,1,1,"0","0"
182,5,2015-06-19,5941,458,1,1,"0","0"
183,5,2015-06-19,0,0,0,1,"0","0"
184,5,2015-06-19,6945,622,1,1,"0","0"
185,5,2015-06-19,8151,620,1,1,"0","0"
186,5,2015-06-19,4901,455,1,1,"0","0"
187,5,2015-06-19,6876,860,1,1,"0","0"
188,5,2015-06-19,6208,475,1,1,"0","0"
189,5,2015-06-19,9608,903,1,1,"0","0"
190,5,2015-06-19,8610,748,1,1,"0","0"
191,5,2015-06-19,7143,715,1,1,"0","0"
192,5,2015-06-19,15313,1028,1,1,"0","0"
193,5,2015-06-19,4926,667,1,1,"0","0"
194,5,2015-06-19,5361,455,1,1,"0","0"
195,5,2015-06-19,10822,1272,1,1,"0","0"
196,5,2015-06-19,5452,688,1,1,"0","0"
197,5,2015-06-19,8140,945,1,1,"0","0"
198,5,2015-06-19,3494,405,1,1,"0","0"
199,5,2015-06-19,9239,698,1,1,"0","0"
200,5,2015-06-19,7626,921,1,1,"0","0"
201,5,2015-06-19,6035,475,1,1,"0","0"
202,5,2015-06-19,7133,562,1,1,"0","0"
203,5,2015-06-19,7153,864,1,1,"0","0"
204,5,2015-06-19,5790,539,1,1,"0","0"
205,5,2015-06-19,6637,894,1,1,"0","0"
206,5,2015-06-19,7987,830,1,1,"0","0"
207,5,2015-06-19,11341,1279,1,1,"0","0"
208,5,2015-06-19,3697,485,1,1,"0","0"
209,5,2015-06-19,6548,633,1,1,"0","0"
210,5,2015-06-19,3591,345,1,1,"0","0"
211,5,2015-06-19,14771,1536,1,1,"0","0"
212,5,2015-06-19,5197,458,1,1,"0","0"
213,5,2015-06-19,9780,724,1,1,"0","0"
214,5,2015-06-19,11143,737,1,1,"0","0"
215,5,2015-06-19,7646,557,1,1,"0","0"
216,5,2015-06-19,6442,796,1,1,"0","0"
217,5,2015-06-19,5186,681,1,1,"0","0"
218,5,2015-06-19,5371,684,1,1,"0","0"
219,5,2015-06-19,3434,419,1,1,"0","0"
220,5,2015-06-19,4734,583,1,1,"0","0"
221,5,2015-06-19,6578,646,1,1,"0","0"
222,5,2015-06-19,5616,605,1,1,"0","0"
223,5,2015-06-19,8291,821,1,1,"0","0"
224,5,2015-06-19,8869,561,1,1,"0","0"
225,5,2015-06-19,5997,581,1,1,"0","0"
226,5,2015-06-19,7168,706,1,1,"0","0"
227,5,2015-06-19,6760,602,1,1,"0","0"
228,5,2015-06-19,10058,665,1,1,"0","0"
229,5,2015-06-19,10796,857,1,1,"0","0"
230,5,2015-06-19,7502,952,1,1,"0","0"
231,5,2015-06-19,6146,447,1,1,"0","0"
232,5,2015-06-19,4707,411,1,1,"0","0"
233,5,2015-06-19,10341,1065,1,1,"0","0"
234,5,2015-06-19,12395,1100,1,1,"0","0"
235,5,2015-06-19,6148,531,1,1,"0","0"
236,5,2015-06-19,7936,948,1,1,"0","0"
237,5,2015-06-19,4865,598,1,1,"0","0"
238,5,2015-06-19,7725,1090,1,1,"0","0"
239,5,2015-06-19,6163,528,1,1,"0","0"
240,5,2015-06-19,5587,474,1,1,"0","0"
241,5,2015-06-19,7723,727,1,1,"0","0"
242,5,2015-06-19,4897,414,1,1,"0","0"
243,5,2015-06-19,7190,911,1,1,"0","0"
244,5,2015-06-19,6458,586,1,1,"0","0"
245,5,2015-06-19,9431,1057,1,1,"0","0"
246,5,2015-06-19,7331,974,1,1,"0","0"
247,5,2015-06-19,8991,700,1,1,"0","0"
248,5,2015-06-19,7512,981,1,1,"0","0"
249,5,2015-06-19,6353,576,1,1,"0","0"
250,5,2015-06-19,10002,709,1,1,"0","0"
251,5,2015-06-19,20680,2448,1,1,"0","0"
252,5,2015-06-19,11079,807,1,1,"0","0"
253,5,2015-06-19,5713,664,1,1,"0","0"
254,5,2015-06-19,3274,266,1,1,"0","0"
255,5,2015-06-19,7626,712,1,1,"0","0"
256,5,2015-06-19,7744,971,1,1,"0","0"
257,5,2015-06-19,5117,613,1,1,"0","0"
258,5,2015-06-19,6268,520,1,1,"0","0"
259,5,2015-06-19,14085,2712,1,1,"0","0"
260,5,2015-06-19,6235,884,1,1,"0","0"
261,5,2015-06-19,14662,1031,1,1,"0","0"
262,5,2015-06-19,20772,3471,1,1,"0","0"
263,5,2015-06-19,4297,399,1,1,"0","0"
264,5,2015-06-19,6878,916,1,1,"0","0"
265,5,2015-06-19,5655,549,1,1,"0","0"
266,5,2015-06-19,3846,469,1,1,"0","0"
267,5,2015-06-19,8354,1038,1,1,"0","0"
268,5,2015-06-19,5286,619,1,1,"0","0"
269,5,2015-06-19,9220,1194,1,1,"0","0"
270,5,2015-06-19,10362,1296,1,1,"0","0"
271,5,2015-06-19,8894,820,1,1,"0","0"
272,5,2015-06-19,7207,694,1,1,"0","0"
273,5,2015-06-19,8722,764,1,1,"0","0"
274,5,2015-06-19,5619,1306,1,1,"0","0"
275,5,2015-06-19,7917,759,1,1,"0","0"
276,5,2015-06-19,3622,487,1,1,"0","0"
277,5,2015-06-19,7002,603,1,1,"0","0"
278,5,2015-06-19,7694,759,1,1,"0","0"
279,5,2015-06-19,10873,786,1,1,"0","0"
280,5,2015-06-19,6920,550,1,1,"0","0"
281,5,2015-06-19,7756,666,1,1,"0","0"
282,5,2015-06-19,4208,606,1,1,"0","0"
283,5,2015-06-19,7762,737,1,1,"0","0"
284,5,2015-06-19,6219,469,1,1,"0","0"
285,5,2015-06-19,5485,487,1,1,"0","0"
286,5,2015-06-19,4562,408,1,1,"0","0"
287,5,2015-06-19,8899,810,1,1,"0","0"
288,5,2015-06-19,6512,493,1,1,"0","0"
289,5,2015-06-19,6590,534,1,1,"0","0"
290,5,2015-06-19,7262,704,1,1,"0","0"
291,5,2015-06-19,8551,860,1,1,"0","0"
292,5,2015-06-19,6056,711,1,1,"0","0"
293,5,2015-06-19,6206,809,1,1,"0","0"
294,5,2015-06-19,5383,721,1,1,"0","0"
295,5,2015-06-19,5925,694,1,1,"0","0"
296,5,2015-06-19,7253,759,1,1,"0","0"
297,5,2015-06-19,7808,759,1,1,"0","0"
298,5,2015-06-19,10452,803,1,1,"0","0"
299,5,2015-06-19,7080,777,1,1,"0","0"
300,5,2015-06-19,8094,890,1,1,"0","0"
301,5,2015-06-19,5822,592,1,1,"0","0"
302,5,2015-06-19,4975,460,1,1,"0","0"
303,5,2015-06-19,6806,665,1,1,"0","0"
304,5,2015-06-19,6877,1040,1,1,"0","0"
305,5,2015-06-19,7078,604,1,1,"0","0"
306,5,2015-06-19,5015,548,1,1,"0","0"
307,5,2015-06-19,2916,328,1,1,"0","0"
308,5,2015-06-19,9200,843,1,1,"0","0"
309,5,2015-06-19,7099,566,1,1,"0","0"
310,5,2015-06-19,10572,859,1,1,"0","0"
311,5,2015-06-19,6997,764,1,1,"0","0"
312,5,2015-06-19,6472,613,1,1,"0","0"
313,5,2015-06-19,7823,744,1,1,"0","0"
314,5,2015-06-19,5032,562,1,1,"0","0"
315,5,2015-06-19,4559,494,1,1,"0","0"
316,5,2015-06-19,11282,960,1,1,"0","0"
317,5,2015-06-19,7206,715,1,1,"0","0"
318,5,2015-06-19,8171,742,1,1,"0","0"
319,5,2015-06-19,9015,922,1,1,"0","0"
320,5,2015-06-19,14194,1954,1,1,"0","0"
321,5,2015-06-19,7131,683,1,1,"0","0"
322,5,2015-06-19,5674,582,1,1,"0","0"
323,5,2015-06-19,8459,678,1,1,"0","0"
324,5,2015-06-19,5522,625,1,1,"0","0"
325,5,2015-06-19,6156,561,1,1,"0","0"
326,5,2015-06-19,6418,503,1,1,"0","0"
327,5,2015-06-19,8382,997,1,1,"0","0"
328,5,2015-06-19,3979,483,1,1,"0","0"
329,5,2015-06-19,8951,740,1,1,"0","0"
330,5,2015-06-19,5031,467,1,1,"0","0"
331,5,2015-06-19,5596,724,1,1,"0","0"
332,5,2015-06-19,3431,479,1,1,"0","0"
333,5,2015-06-19,9724,1253,1,1,"0","0"
334,5,2015-06-19,6016,547,1,1,"0","0"
335,5,2015-06-19,16221,2699,1,1,"0","0"
336,5,2015-06-19,14725,1936,1,1,"0","0"
337,5,2015-06-19,5158,403,1,1,"0","0"
338,5,2015-06-19,8070,614,1,1,"0","0"
339,5,2015-06-19,5633,701,1,1,"0","0"
340,5,2015-06-19,7123,804,1,1,"0","0"
341,5,2015-06-19,5466,726,1,1,"0","0"
342,5,2015-06-19,12497,892,1,1,"0","0"
343,5,2015-06-19,9732,802,1,1,"0","0"
344,5,2015-06-19,9676,1228,1,1,"0","0"
345,5,2015-06-19,4512,478,1,1,"0","0"
346,5,2015-06-19,8754,746,1,1,"0","0"
347,5,2015-06-19,6467,485,1,1,"0","0"
348,5,2015-06-19,9250,757,1,1,"0","0"
349,5,2015-06-19,7685,804,1,1,"0","0"
350,5,2015-06-19,8402,635,1,1,"0","0"
351,5,2015-06-19,6716,554,1,1,"0","0"
352,5,2015-06-19,7235,684,1,1,"0","0"
353,5,2015-06-19,7389,1826,1,1,"0","0"
354,5,2015-06-19,10018,802,1,1,"0","0"
355,5,2015-06-19,8764,1043,1,1,"0","0"
356,5,2015-06-19,6802,517,1,1,"0","0"
357,5,2015-06-19,8172,1044,1,1,"0","0"
358,5,2015-06-19,9917,1040,1,1,"0","0"
359,5,2015-06-19,6939,620,1,1,"0","0"
360,5,2015-06-19,7989,838,1,1,"0","0"
361,5,2015-06-19,7584,739,1,1,"0","0"
362,5,2015-06-19,9421,1120,1,1,"0","0"
363,5,2015-06-19,7399,897,1,1,"0","0"
364,5,2015-06-19,6168,678,1,1,"0","0"
365,5,2015-06-19,5466,578,1,1,"0","0"
366,5,2015-06-19,6636,624,1,1,"0","0"
367,5,2015-06-19,5899,571,1,1,"0","0"
368,5,2015-06-19,11665,831,1,1,"0","0"
369,5,2015-06-19,6576,579,1,1,"0","0"
370,5,2015-06-19,8345,657,1,1,"0","0"
371,5,2015-06-19,7750,570,1,1,"0","0"
372,5,2015-06-19,11136,840,1,1,"0","0"
373,5,2015-06-19,5564,367,1,1,"0","0"
374,5,2015-06-19,7420,856,1,1,"0","0"
375,5,2015-06-19,8513,787,1,1,"0","0"
376,5,2015-06-19,8589,939,1,1,"0","0"
377,5,2015-06-19,8498,1016,1,1,"0","0"
378,5,2015-06-19,5994,917,1,1,"0","0"
379,5,2015-06-19,4326,446,1,1,"0","0"
380,5,2015-06-19,15012,1278,1,1,"0","0"
381,5,2015-06-19,10191,973,1,1,"0","0"
382,5,2015-06-19,8974,748,1,1,"0","0"
383,5,2015-06-19,17637,2030,1,1,"0","0"
384,5,2015-06-19,9704,983,1,1,"0","0"
385,5,2015-06-19,8133,725,1,1,"0","0"
386,5,2015-06-19,7720,630,1,1,"0","0"
387,5,2015-06-19,9492,1122,1,1,"0","0"
388,5,2015-06-19,10534,1078,1,1,"0","0"
389,5,2015-06-19,11135,1261,1,1,"0","0"
390,5,2015-06-19,12091,1076,1,1,"0","0"
391,5,2015-06-19,5829,690,1,1,"0","0"
392,5,2015-06-19,8082,738,1,1,"0","0"
393,5,2015-06-19,6570,604,1,1,"0","0"
394,5,2015-06-19,10265,805,1,1,"0","0"
395,5,2015-06-19,3965,520,1,1,"0","0"
396,5,2015-06-19,10254,1038,1,1,"0","0"
397,5,2015-06-19,6461,830,1,1,"0","0"
398,5,2015-06-19,5941,647,1,1,"0","0"
399,5,2015-06-19,6692,627,1,1,"0","0"
400,5,2015-06-19,8889,1218,1,1,"0","0"
401,5,2015-06-19,8399,718,1,1,"0","0"
402,5,2015-06-19,6233,580,1,1,"0","0"
403,5,2015-06-19,7619,712,1,1,"0","0"
404,5,2015-06-19,5771,646,1,1,"0","0"
405,5,2015-06-19,5335,538,1,1,"0","0"
406,5,2015-06-19,8241,555,1,1,"0","0"
407,5,2015-06-19,4733,367,1,1,"0","0"
408,5,2015-06-19,5458,509,1,1,"0","0"
409,5,2015-06-19,6516,587,1,1,"0","0"
410,5,2015-06-19,7506,812,1,1,"0","0"
411,5,2015-06-19,10994,808,1,1,"0","0"
412,5,2015-06-19,9472,690,1,1,"0","0"
413,5,2015-06-19,6726,841,1,1,"0","0"
414,5,2015-06-19,8085,555,1,1,"0","0"
415,5,2015-06-19,7308,607,1,1,"0","0"
416,5,2015-06-19,11038,1370,1,1,"0","0"
417,5,2015-06-19,6969,650,1,1,"0","0"
418,5,2015-06-19,6271,639,1,1,"0","0"
419,5,2015-06-19,5996,876,1,1,"0","0"
420,5,2015-06-19,5491,491,1,1,"0","0"
421,5,2015-06-19,10503,1052,1,1,"0","0"
422,5,2015-06-19,4923,519,1,1,"0","0"
423,5,2015-06-19,12894,2342,1,1,"0","0"
424,5,2015-06-19,7924,819,1,1,"0","0"
425,5,2015-06-19,3203,428,1,1,"0","0"
426,5,2015-06-19,5120,586,1,1,"0","0"
427,5,2015-06-19,7947,784,1,1,"0","0"
428,5,2015-06-19,7326,556,1,1,"0","0"
429,5,2015-06-19,6528,494,1,1,"0","0"
430,5,2015-06-19,9985,777,1,1,"0","0"
431,5,2015-06-19,9259,934,1,1,"0","0"
432,5,2015-06-19,11745,1607,1,1,"0","0"
433,5,2015-06-19,6208,666,1,1,"0","0"
434,5,2015-06-19,11582,844,1,1,"0","0"
435,5,2015-06-19,2954,349,1,1,"0","0"
436,5,2015-06-19,6068,654,1,1,"0","0"
437,5,2015-06-19,8901,743,1,1,"0","0"
438,5,2015-06-19,7434,737,1,1,"0","0"
439,5,2015-06-19,7482,882,1,1,"0","0"
440,5,2015-06-19,7265,625,1,1,"0","0"
441,5,2015-06-19,8225,834,1,1,"0","0"
442,5,2015-06-19,5326,517,1,1,"0","0"
443,5,2015-06-19,5424,540,1,1,"0","0"
444,5,2015-06-19,12880,1474,1,1,"0","0"
445,5,2015-06-19,8280,1186,1,1,"0","0"
446,5,2015-06-19,4964,558,1,1,"0","0"
447,5,2015-06-19,4843,582,1,1,"0","0"
448,5,2015-06-19,9468,808,1,1,"0","0"
449,5,2015-06-19,10529,1396,1,1,"0","0"
450,5,2015-06-19,9045,1011,1,1,"0","0"
451,5,2015-06-19,5676,447,1,1,"0","0"
452,5,2015-06-19,5669,501,1,1,"0","0"
453,5,2015-06-19,8043,989,1,1,"0","0"
454,5,2015-06-19,5948,710,1,1,"0","0"
455,5,2015-06-19,7335,458,1,1,"0","0"
456,5,2015-06-19,5981,786,1,1,"0","0"
457,5,2015-06-19,6480,543,1,1,"0","0"
458,5,2015-06-19,7362,688,1,1,"0","0"
459,5,2015-06-19,9438,1137,1,1,"0","0"
460,5,2015-06-19,3721,394,1,1,"0","0"
461,5,2015-06-19,5099,498,1,1,"0","0"
462,5,2015-06-19,4589,585,1,1,"0","0"
463,5,2015-06-19,5745,919,1,1,"0","0"
464,5,2015-06-19,10095,1216,1,1,"0","0"
465,5,2015-06-19,8356,649,1,1,"0","0"
466,5,2015-06-19,8960,797,1,1,"0","0"
467,5,2015-06-19,11878,1385,1,1,"0","0"
468,5,2015-06-19,6575,689,1,1,"0","0"
469,5,2015-06-19,12040,1470,1,1,"0","0"
470,5,2015-06-19,11836,1505,1,1,"0","0"
471,5,2015-06-19,8319,658,1,1,"0","0"
472,5,2015-06-19,5417,688,1,1,"0","0"
473,5,2015-06-19,3998,480,1,1,"0","0"
474,5,2015-06-19,8712,819,1,1,"0","0"
475,5,2015-06-19,6086,855,1,1,"0","0"
476,5,2015-06-19,6905,708,1,1,"0","0"
477,5,2015-06-19,7294,476,1,1,"0","0"
478,5,2015-06-19,6873,719,1,1,"0","0"
479,5,2015-06-19,11649,1474,1,1,"0","0"
480,5,2015-06-19,4637,619,1,1,"0","0"
481,5,2015-06-19,6060,556,1,1,"0","0"
482,5,2015-06-19,8245,879,1,1,"0","0"
483,5,2015-06-19,4748,632,1,1,"0","0"
484,5,2015-06-19,9495,864,1,1,"0","0"
485,5,2015-06-19,5709,453,1,1,"0","0"
486,5,2015-06-19,4724,522,1,1,"0","0"
487,5,2015-06-19,7996,760,1,1,"0","0"
488,5,2015-06-19,4090,398,1,1,"0","0"
489,5,2015-06-19,7670,668,1,1,"0","0"
490,5,2015-06-19,8415,1049,1,1,"0","0"
491,5,2015-06-19,8002,582,1,1,"0","0"
492,5,2015-06-19,8171,1119,1,1,"0","0"
493,5,2015-06-19,9733,892,1,1,"0","0"
494,5,2015-06-19,8540,1146,1,1,"0","0"
495,5,2015-06-19,7231,512,1,1,"0","0"
496,5,2015-06-19,8578,851,1,1,"0","0"
497,5,2015-06-19,9885,1179,1,1,"0","0"
498,5,2015-06-19,7303,909,1,1,"0","0"
499,5,2015-06-19,6115,802,1,1,"0","0"
500,5,2015-06-19,7026,479,1,1,"0","0"
501,5,2015-06-19,5259,547,1,1,"0","0"
502,5,2015-06-19,10095,1365,1,1,"0","0"
503,5,2015-06-19,8614,571,1,1,"0","0"
504,5,2015-06-19,6303,880,1,1,"0","0"
505,5,2015-06-19,6642,775,1,1,"0","0"
506,5,2015-06-19,7060,789,1,1,"0","0"
507,5,2015-06-19,9646,733,1,1,"0","0"
508,5,2015-06-19,7786,719,1,1,"0","0"
509,5,2015-06-19,7124,572,1,1,"0","0"
510,5,2015-06-19,9302,856,1,1,"0","0"
511,5,2015-06-19,5377,752,1,1,"0","0"
512,5,2015-06-19,7450,1671,1,1,"0","0"
513,5,2015-06-19,16088,1907,1,1,"0","0"
514,5,2015-06-19,7505,727,1,1,"0","0"
515,5,2015-06-19,10482,850,1,1,"0","0"
516,5,2015-06-19,6071,727,1,1,"0","0"
517,5,2015-06-19,7146,689,1,1,"0","0"
518,5,2015-06-19,7097,559,1,1,"0","0"
519,5,2015-06-19,6314,596,1,1,"0","0"
520,5,2015-06-19,4473,445,1,1,"0","0"
521,5,2015-06-19,5386,405,1,1,"0","0"
522,5,2015-06-19,9831,732,1,1,"0","0"
523,5,2015-06-19,14633,1623,1,1,"0","0"
524,5,2015-06-19,8224,839,1,1,"0","0"
525,5,2015-06-19,9482,810,1,1,"0","0"
526,5,2015-06-19,11346,1466,1,1,"0","0"
527,5,2015-06-19,12505,1083,1,1,"0","0"
528,5,2015-06-19,11837,1038,1,1,"0","0"
529,5,2015-06-19,9155,880,1,1,"0","0"
530,5,2015-06-19,5015,820,1,1,"0","0"
531,5,2015-06-19,5386,639,1,1,"0","0"
532,5,2015-06-19,10854,1266,1,1,"0","0"
533,5,2015-06-19,11955,1139,1,1,"0","0"
534,5,2015-06-19,8805,596,1,1,"0","0"
535,5,2015-06-19,7785,881,1,1,"0","0"
536,5,2015-06-19,9393,941,1,1,"0","0"
537,5,2015-06-19,6919,708,1,1,"0","0"
538,5,2015-06-19,4075,597,1,1,"0","0"
539,5,2015-06-19,11628,1139,1,1,"0","0"
540,5,2015-06-19,7721,507,1,1,"0","0"
541,5,2015-06-19,6931,861,1,1,"0","0"
542,5,2015-06-19,7275,572,1,1,"0","0"
543,5,2015-06-19,3305,259,1,1,"0","0"
544,5,2015-06-19,13047,1615,1,1,"0","0"
545,5,2015-06-19,11632,1037,1,1,"0","0"
546,5,2015-06-19,15138,1673,1,1,"0","0"
547,5,2015-06-19,6800,496,1,1,"0","0"
548,5,2015-06-19,6271,433,1,1,"0","0"
549,5,2015-06-19,5728,672,1,1,"0","0"
550,5,2015-06-19,6270,500,1,1,"0","0"
551,5,2015-06-19,6374,931,1,1,"0","0"
552,5,2015-06-19,9158,733,1,1,"0","0"
553,5,2015-06-19,7384,646,1,1,"0","0"
554,5,2015-06-19,5100,655,1,1,"0","0"
555,5,2015-06-19,5522,455,1,1,"0","0"
556,5,2015-06-19,6811,749,1,1,"0","0"
557,5,2015-06-19,3852,533,1,1,"0","0"
558,5,2015-06-19,3659,458,1,1,"0","0"
559,5,2015-06-19,6104,763,1,1,"0","0"
560,5,2015-06-19,14673,1692,1,1,"0","0"
561,5,2015-06-19,8386,756,1,1,"0","0"
562,5,2015-06-19,18604,3311,1,1,"0","0"
563,5,2015-06-19,3804,471,1,1,"0","0"
564,5,2015-06-19,6722,550,1,1,"0","0"
565,5,2015-06-19,7170,769,1,1,"0","0"
566,5,2015-06-19,6280,633,1,1,"0","0"
567,5,2015-06-19,5509,650,1,1,"0","0"
568,5,2015-06-19,6375,465,1,1,"0","0"
569,5,2015-06-19,4719,667,1,1,"0","0"
570,5,2015-06-19,4056,563,1,1,"0","0"
571,5,2015-06-19,9430,636,1,1,"0","0"
572,5,2015-06-19,8422,629,1,1,"0","0"
573,5,2015-06-19,5445,392,1,1,"0","0"
574,5,2015-06-19,11417,778,1,1,"0","0"
575,5,2015-06-19,6481,584,1,1,"0","0"
576,5,2015-06-19,7792,1035,1,1,"0","0"
577,5,2015-06-19,5075,555,1,1,"0","0"
578,5,2015-06-19,10111,900,1,1,"0","0"
579,5,2015-06-19,8171,828,1,1,"0","0"
580,5,2015-06-19,9396,1489,1,1,"0","0"
581,5,2015-06-19,5141,550,1,1,"0","0"
582,5,2015-06-19,7641,887,1,1,"0","0"
583,5,2015-06-19,4996,488,1,1,"0","0"
584,5,2015-06-19,5328,470,1,1,"0","0"
585,5,2015-06-19,5327,796,1,1,"0","0"
586,5,2015-06-19,14549,2168,1,1,"0","0"
587,5,2015-06-19,12054,774,1,1,"0","0"
588,5,2015-06-19,7318,786,1,1,"0","0"
589,5,2015-06-19,6096,598,1,1,"0","0"
590,5,2015-06-19,6038,445,1,1,"0","0"
591,5,2015-06-19,7376,636,1,1,"0","0"
592,5,2015-06-19,4537,545,1,1,"0","0"
593,5,2015-06-19,8612,1129,1,1,"0","0"
594,5,2015-06-19,4422,469,1,1,"0","0"
595,5,2015-06-19,15686,1808,1,1,"0","0"
596,5,2015-06-19,5004,750,1,1,"0","0"
597,5,2015-06-19,5228,756,1,1,"0","0"
598,5,2015-06-19,5778,770,1,1,"0","0"
599,5,2015-06-19,10483,883,1,1,"0","0"
600,5,2015-06-19,8830,735,1,1,"0","0"
601,5,2015-06-19,6311,437,1,1,"0","0"
602,5,2015-06-19,7267,634,1,1,"0","0"
603,5,2015-06-19,8456,1056,1,1,"0","0"
604,5,2015-06-19,6794,552,1,1,"0","0"
605,5,2015-06-19,9399,645,1,1,"0","0"
606,5,2015-06-19,5924,620,1,1,"0","0"
607,5,2015-06-19,3654,422,1,1,"0","0"
608,5,2015-06-19,10010,961,1,1,"0","0"
609,5,2015-06-19,5056,507,1,1,"0","0"
610,5,2015-06-19,3962,504,1,1,"0","0"
611,5,2015-06-19,6014,499,1,1,"0","0"
612,5,2015-06-19,7991,491,1,1,"0","0"
613,5,2015-06-19,6240,874,1,1,"0","0"
614,5,2015-06-19,6217,844,1,1,"0","0"
615,5,2015-06-19,9613,1195,1,1,"0","0"
616,5,2015-06-19,9666,914,1,1,"0","0"
617,5,2015-06-19,7748,657,1,1,"0","0"
618,5,2015-06-19,8198,604,1,1,"0","0"
619,5,2015-06-19,5056,471,1,1,"0","0"
620,5,2015-06-19,9517,833,1,1,"0","0"
621,5,2015-06-19,5923,785,1,1,"0","0"
622,5,2015-06-19,4570,448,1,1,"0","0"
623,5,2015-06-19,8181,915,1,1,"0","0"
624,5,2015-06-19,7231,673,1,1,"0","0"
625,5,2015-06-19,6938,621,1,1,"0","0"
626,5,2015-06-19,9472,876,1,1,"0","0"
627,5,2015-06-19,6699,637,1,1,"0","0"
628,5,2015-06-19,6033,739,1,1,"0","0"
629,5,2015-06-19,7430,630,1,1,"0","0"
630,5,2015-06-19,6188,715,1,1,"0","0"
631,5,2015-06-19,6102,682,1,1,"0","0"
632,5,2015-06-19,7113,918,1,1,"0","0"
633,5,2015-06-19,8817,630,1,1,"0","0"
634,5,2015-06-19,7496,707,1,1,"0","0"
635,5,2015-06-19,6890,656,1,1,"0","0"
636,5,2015-06-19,8344,875,1,1,"0","0"
637,5,2015-06-19,9851,752,1,1,"0","0"
638,5,2015-06-19,7385,585,1,1,"0","0"
639,5,2015-06-19,4599,506,1,1,"0","0"
640,5,2015-06-19,13779,1043,1,1,"0","0"
641,5,2015-06-19,6103,511,1,1,"0","0"
642,5,2015-06-19,3503,460,1,1,"0","0"
643,5,2015-06-19,7995,976,1,1,"0","0"
644,5,2015-06-19,9913,1076,1,1,"0","0"
645,5,2015-06-19,11204,1261,1,1,"0","0"
646,5,2015-06-19,4815,689,1,1,"0","0"
647,5,2015-06-19,6619,778,1,1,"0","0"
648,5,2015-06-19,7255,603,1,1,"0","0"
649,5,2015-06-19,4056,402,1,1,"0","0"
650,5,2015-06-19,7953,694,1,1,"0","0"
651,5,2015-06-19,7829,960,1,1,"0","0"
652,5,2015-06-19,7629,787,1,1,"0","0"
653,5,2015-06-19,6339,539,1,1,"0","0"
654,5,2015-06-19,6238,662,1,1,"0","0"
655,5,2015-06-19,9489,764,1,1,"0","0"
656,5,2015-06-19,3939,394,1,1,"0","0"
657,5,2015-06-19,6153,671,1,1,"0","0"
658,5,2015-06-19,6523,631,1,1,"0","0"
659,5,2015-06-19,4976,640,1,1,"0","0"
660,5,2015-06-19,5658,591,1,1,"0","0"
661,5,2015-06-19,7176,566,1,1,"0","0"
662,5,2015-06-19,10824,866,1,1,"0","0"
663,5,2015-06-19,5916,767,1,1,"0","0"
664,5,2015-06-19,5824,678,1,1,"0","0"
665,5,2015-06-19,9423,1397,1,1,"0","0"
666,5,2015-06-19,7623,721,1,1,"0","0"
667,5,2015-06-19,10033,807,1,1,"0","0"
668,5,2015-06-19,9542,1170,1,1,"0","0"
669,5,2015-06-19,5643,441,1,1,"0","0"
670,5,2015-06-19,7175,769,1,1,"0","0"
671,5,2015-06-19,7574,703,1,1,"0","0"
672,5,2015-06-19,8808,1246,1,1,"0","0"
673,5,2015-06-19,8644,672,1,1,"0","0"
674,5,2015-06-19,8670,1064,1,1,"0","0"
675,5,2015-06-19,3689,373,1,1,"0","0"
676,5,2015-06-19,9568,2023,1,1,"0","0"
677,5,2015-06-19,7707,619,1,1,"0","0"
678,5,2015-06-19,7344,831,1,1,"0","0"
679,5,2015-06-19,10266,1102,1,1,"0","0"
680,5,2015-06-19,4819,721,1,1,"0","0"
681,5,2015-06-19,3907,538,1,1,"0","0"
682,5,2015-06-19,14471,2101,1,1,"0","0"
683,5,2015-06-19,8388,861,1,1,"0","0"
684,5,2015-06-19,9167,703,1,1,"0","0"
685,5,2015-06-19,6348,604,1,1,"0","0"
686,5,2015-06-19,7124,802,1,1,"0","0"
687,5,2015-06-19,9762,805,1,1,"0","0"
688,5,2015-06-19,4068,406,1,1,"0","0"
689,5,2015-06-19,7954,767,1,1,"0","0"
690,5,2015-06-19,6295,802,1,1,"0","0"
691,5,2015-06-19,9001,654,1,1,"0","0"
692,5,2015-06-19,7326,791,1,1,"0","0"
693,5,2015-06-19,8322,614,1,1,"0","0"
694,5,2015-06-19,8935,823,1,1,"0","0"
695,5,2015-06-19,6579,561,1,1,"0","0"
696,5,2015-06-19,11077,1015,1,1,"0","0"
697,5,2015-06-19,12163,1061,1,1,"0","0"
698,5,2015-06-19,15965,1942,1,1,"0","0"
699,5,2015-06-19,8266,916,1,1,"0","0"
700,5,2015-06-19,5414,593,1,1,"0","0"
701,5,2015-06-19,6855,642,1,1,"0","0"
702,5,2015-06-19,4654,397,1,1,"0","0"
703,5,2015-06-19,3363,346,1,1,"0","0"
704,5,2015-06-19,11229,1150,1,1,"0","0"
705,5,2015-06-19,6637,779,1,1,"0","0"
706,5,2015-06-19,7351,598,1,1,"0","0"
707,5,2015-06-19,8827,1005,1,1,"0","0"
708,5,2015-06-19,6917,633,1,1,"0","0"
709,5,2015-06-19,9518,1274,1,1,"0","0"
710,5,2015-06-19,5173,399,1,1,"0","0"
711,5,2015-06-19,6465,501,1,1,"0","0"
712,5,2015-06-19,6810,603,1,1,"0","0"
713,5,2015-06-19,8154,998,1,1,"0","0"
714,5,2015-06-19,5975,415,1,1,"0","0"
715,5,2015-06-19,6260,668,1,1,"0","0"
716,5,2015-06-19,6495,491,1,1,"0","0"
717,5,2015-06-19,5665,551,1,1,"0","0"
718,5,2015-06-19,7920,840,1,1,"0","0"
719,5,2015-06-19,4934,469,1,1,"0","0"
720,5,2015-06-19,6786,638,1,1,"0","0"
721,5,2015-06-19,9060,828,1,1,"0","0"
722,5,2015-06-19,7007,1150,1,1,"0","0"
723,5,2015-06-19,8468,666,1,1,"0","0"
724,5,2015-06-19,7341,724,1,1,"0","0"
725,5,2015-06-19,6245,632,1,1,"0","0"
726,5,2015-06-19,11537,1118,1,1,"0","0"
727,5,2015-06-19,5054,477,1,1,"0","0"
728,5,2015-06-19,5810,513,1,1,"0","0"
729,5,2015-06-19,12691,1218,1,1,"0","0"
730,5,2015-06-19,7318,899,1,1,"0","0"
731,5,2015-06-19,9778,915,1,1,"0","0"
732,5,2015-06-19,6650,790,1,1,"0","0"
733,5,2015-06-19,17254,3863,1,1,"0","0"
734,5,2015-06-19,6375,601,1,1,"0","0"
735,5,2015-06-19,6043,565,1,1,"0","0"
736,5,2015-06-19,5788,522,1,1,"0","0"
737,5,2015-06-19,6196,806,1,1,"0","0"
738,5,2015-06-19,10036,776,1,1,"0","0"
739,5,2015-06-19,11904,913,1,1,"0","0"
740,5,2015-06-19,8192,551,1,1,"0","0"
741,5,2015-06-19,7329,938,1,1,"0","0"
742,5,2015-06-19,9209,900,1,1,"0","0"
743,5,2015-06-19,4498,482,1,1,"0","0"
744,5,2015-06-19,8626,913,1,1,"0","0"
745,5,2015-06-19,8074,744,1,1,"0","0"
746,5,2015-06-19,7856,576,1,1,"0","0"
747,5,2015-06-19,9367,783,1,1,"0","0"
748,5,2015-06-19,6798,540,1,1,"0","0"
749,5,2015-06-19,5749,678,1,1,"0","0"
750,5,2015-06-19,5440,439,1,1,"0","0"
751,5,2015-06-19,4408,538,1,1,"0","0"
752,5,2015-06-19,5752,459,1,1,"0","0"
753,5,2015-06-19,9122,775,1,1,"0","0"
754,5,2015-06-19,7343,884,1,1,"0","0"
755,5,2015-06-19,12675,987,1,1,"0","0"
756,5,2015-06-19,17557,2239,1,1,"0","0"
757,5,2015-06-19,7610,616,1,1,"0","0"
758,5,2015-06-19,4482,577,1,1,"0","0"
759,5,2015-06-19,7859,756,1,1,"0","0"
760,5,2015-06-19,7864,1265,1,1,"0","0"
761,5,2015-06-19,9307,996,1,1,"0","0"
762,5,2015-06-19,5183,479,1,1,"0","0"
763,5,2015-06-19,6859,646,1,1,"0","0"
764,5,2015-06-19,4780,494,1,1,"0","0"
765,5,2015-06-19,8330,718,1,1,"0","0"
766,5,2015-06-19,8075,686,1,1,"0","0"
767,5,2015-06-19,6416,703,1,1,"0","0"
768,5,2015-06-19,13694,1367,1,1,"0","0"
769,5,2015-06-19,12692,3556,1,1,"0","0"
770,5,2015-06-19,4983,555,1,1,"0","0"
771,5,2015-06-19,7087,710,1,1,"0","0"
772,5,2015-06-19,4360,536,1,1,"0","0"
773,5,2015-06-19,6388,825,1,1,"0","0"
774,5,2015-06-19,5109,665,1,1,"0","0"
775,5,2015-06-19,10112,695,1,1,"0","0"
776,5,2015-06-19,5696,603,1,1,"0","0"
777,5,2015-06-19,5389,446,1,1,"0","0"
778,5,2015-06-19,6262,769,1,1,"0","0"
779,5,2015-06-19,7719,815,1,1,"0","0"
780,5,2015-06-19,6786,753,1,1,"0","0"
781,5,2015-06-19,5069,719,1,1,"0","0"
782,5,2015-06-19,7019,588,1,1,"0","0"
783,5,2015-06-19,8172,757,1,1,"0","0"
784,5,2015-06-19,8072,830,1,1,"0","0"
785,5,2015-06-19,7747,642,1,1,"0","0"
786,5,2015-06-19,3506,512,1,1,"0","0"
787,5,2015-06-19,11638,1269,1,1,"0","0"
788,5,2015-06-19,18367,1708,1,1,"0","0"
789,5,2015-06-19,3886,491,1,1,"0","0"
790,5,2015-06-19,8192,730,1,1,"0","0"
791,5,2015-06-19,9532,919,1,1,"0","0"
792,5,2015-06-19,8413,735,1,1,"0","0"
793,5,2015-06-19,5786,515,1,1,"0","0"
794,5,2015-06-19,3292,517,1,1,"0","0"
795,5,2015-06-19,5460,497,1,1,"0","0"
796,5,2015-06-19,8177,706,1,1,"0","0"
797,5,2015-06-19,5726,517,1,1,"0","0"
798,5,2015-06-19,8319,973,1,1,"0","0"
799,5,2015-06-19,8718,854,1,1,"0","0"
800,5,2015-06-19,4424,451,1,1,"0","0"
801,5,2015-06-19,5875,533,1,1,"0","0"
802,5,2015-06-19,7779,587,1,1,"0","0"
803,5,2015-06-19,6920,530,1,1,"0","0"
804,5,2015-06-19,5454,434,1,1,"0","0"
805,5,2015-06-19,6219,566,1,1,"0","0"
806,5,2015-06-19,7992,602,1,1,"0","0"
807,5,2015-06-19,10736,1024,1,1,"0","0"
808,5,2015-06-19,8577,712,1,1,"0","0"
809,5,2015-06-19,11467,912,1,1,"0","0"
810,5,2015-06-19,6802,539,1,1,"0","0"
811,5,2015-06-19,3999,692,1,1,"0","0"
812,5,2015-06-19,6791,836,1,1,"0","0"
813,5,2015-06-19,6576,710,1,1,"0","0"
814,5,2015-06-19,9152,800,1,1,"0","0"
815,5,2015-06-19,6987,635,1,1,"0","0"
816,5,2015-06-19,4832,675,1,1,"0","0"
817,5,2015-06-19,22946,2996,1,1,"0","0"
818,5,2015-06-19,7842,736,1,1,"0","0"
819,5,2015-06-19,6447,532,1,1,"0","0"
820,5,2015-06-19,12765,1086,1,1,"0","0"
821,5,2015-06-19,6807,837,1,1,"0","0"
822,5,2015-06-19,8477,667,1,1,"0","0"
823,5,2015-06-19,7384,684,1,1,"0","0"
824,5,2015-06-19,7664,899,1,1,"0","0"
825,5,2015-06-19,5620,611,1,1,"0","0"
826,5,2015-06-19,9431,803,1,1,"0","0"
827,5,2015-06-19,13424,1799,1,1,"0","0"
828,5,2015-06-19,6066,651,1,1,"0","0"
829,5,2015-06-19,6231,790,1,1,"0","0"
830,5,2015-06-19,7027,581,1,1,"0","0"
831,5,2015-06-19,13009,1481,1,1,"0","0"
832,5,2015-06-19,7530,629,1,1,"0","0"
833,5,2015-06-19,6043,498,1,1,"0","0"
834,5,2015-06-19,6472,680,1,1,"0","0"
835,5,2015-06-19,6170,664,1,1,"0","0"
836,5,2015-06-19,6535,798,1,1,"0","0"
837,5,2015-06-19,4706,614,1,1,"0","0"
838,5,2015-06-19,9001,883,1,1,"0","0"
839,5,2015-06-19,4319,546,1,1,"0","0"
840,5,2015-06-19,6440,908,1,1,"0","0"
841,5,2015-06-19,3034,453,1,1,"0","0"
842,5,2015-06-19,22540,1311,1,1,"0","0"
843,5,2015-06-19,9807,1082,1,1,"0","0"
844,5,2015-06-19,4761,448,1,1,"0","0"
845,5,2015-06-19,7080,436,1,1,"0","0"
846,5,2015-06-19,10788,960,1,1,"0","0"
847,5,2015-06-19,7107,911,1,1,"0","0"
848,5,2015-06-19,7880,868,1,1,"0","0"
849,5,2015-06-19,9610,888,1,1,"0","0"
850,5,2015-06-19,7329,675,1,1,"0","0"
851,5,2015-06-19,5851,497,1,1,"0","0"
852,5,2015-06-19,4655,566,1,1,"0","0"
853,5,2015-06-19,9595,1087,1,1,"0","0"
854,5,2015-06-19,6893,710,1,1,"0","0"
855,5,2015-06-19,6754,659,1,1,"0","0"
856,5,2015-06-19,7211,937,1,1,"0","0"
857,5,2015-06-19,8053,916,1,1,"0","0"
858,5,2015-06-19,5290,448,1,1,"0","0"
859,5,2015-06-19,7423,732,1,1,"0","0"
860,5,2015-06-19,7605,892,1,1,"0","0"
861,5,2015-06-19,4310,627,1,1,"0","0"
862,5,2015-06-19,7943,1059,1,1,"0","0"
863,5,2015-06-19,10132,1171,1,1,"0","0"
864,5,2015-06-19,5122,675,1,1,"0","0"
865,5,2015-06-19,8983,736,1,1,"0","0"
866,5,2015-06-19,7563,513,1,1,"0","0"
867,5,2015-06-19,5249,462,1,1,"0","0"
868,5,2015-06-19,11959,718,1,1,"0","0"
869,5,2015-06-19,6353,866,1,1,"0","0"
870,5,2015-06-19,7323,914,1,1,"0","0"
871,5,2015-06-19,7847,572,1,1,"0","0"
872,5,2015-06-19,8897,795,1,1,"0","0"
873,5,2015-06-19,3972,468,1,1,"0","0"
874,5,2015-06-19,5273,562,1,1,"0","0"
875,5,2015-06-19,6126,509,1,1,"0","0"
876,5,2015-06-19,9921,993,1,1,"0","0"
877,5,2015-06-19,5583,812,1,1,"0","0"
878,5,2015-06-19,9843,835,1,1,"0","0"
879,5,2015-06-19,4526,398,1,1,"0","0"
880,5,2015-06-19,8971,863,1,1,"0","0"
881,5,2015-06-19,4327,559,1,1,"0","0"
882,5,2015-06-19,6748,799,1,1,"0","0"
883,5,2015-06-19,4978,517,1,1,"0","0"
884,5,2015-06-19,6974,643,1,1,"0","0"
885,5,2015-06-19,6062,747,1,1,"0","0"
886,5,2015-06-19,7728,666,1,1,"0","0"
887,5,2015-06-19,7776,632,1,1,"0","0"
888,5,2015-06-19,9947,891,1,1,"0","0"
889,5,2015-06-19,5398,569,1,1,"0","0"
890,5,2015-06-19,6742,497,1,1,"0","0"
891,5,2015-06-19,5833,833,1,1,"0","0"
892,5,2015-06-19,9639,1003,1,1,"0","0"
893,5,2015-06-19,6734,799,1,1,"0","0"
894,5,2015-06-19,10563,1236,1,1,"0","0"
895,5,2015-06-19,10461,931,1,1,"0","0"
896,5,2015-06-19,7003,1064,1,1,"0","0"
897,5,2015-06-19,3785,415,1,1,"0","0"
898,5,2015-06-19,7739,823,1,1,"0","0"
899,5,2015-06-19,6309,625,1,1,"0","0"
900,5,2015-06-19,6732,594,1,1,"0","0"
901,5,2015-06-19,7632,647,1,1,"0","0"
902,5,2015-06-19,4508,565,1,1,"0","0"
903,5,2015-06-19,13339,874,1,1,"0","0"
904,5,2015-06-19,6283,454,1,1,"0","0"
905,5,2015-06-19,6276,890,1,1,"0","0"
906,5,2015-06-19,10635,1189,1,1,"0","0"
907,5,2015-06-19,8228,886,1,1,"0","0"
908,5,2015-06-19,4966,417,1,1,"0","0"
909,5,2015-06-19,11856,1106,1,1,"0","0"
910,5,2015-06-19,7112,654,1,1,"0","0"
911,5,2015-06-19,10335,954,1,1,"0","0"
912,5,2015-06-19,5803,749,1,1,"0","0"
913,5,2015-06-19,8717,1121,1,1,"0","0"
914,5,2015-06-19,9460,1028,1,1,"0","0"
915,5,2015-06-19,7809,552,1,1,"0","0"
916,5,2015-06-19,5978,692,1,1,"0","0"
917,5,2015-06-19,6787,698,1,1,"0","0"
918,5,2015-06-19,6224,637,1,1,"0","0"
919,5,2015-06-19,5971,700,1,1,"0","0"
920,5,2015-06-19,7420,658,1,1,"0","0"
921,5,2015-06-19,9604,1080,1,1,"0","0"
922,5,2015-06-19,8737,793,1,1,"0","0"
923,5,2015-06-19,5003,642,1,1,"0","0"
924,5,2015-06-19,5537,489,1,1,"0","0"
925,5,2015-06-19,7794,1164,1,1,"0","0"
926,5,2015-06-19,8846,614,1,1,"0","0"
927,5,2015-06-19,6626,847,1,1,"0","0"
928,5,2015-06-19,8838,738,1,1,"0","0"
929,5,2015-06-19,6452,757,1,1,"0","0"
930,5,2015-06-19,6303,968,1,1,"0","0"
931,5,2015-06-19,4163,477,1,1,"0","0"
932,5,2015-06-19,8717,831,1,1,"0","0"
933,5,2015-06-19,7557,874,1,1,"0","0"
934,5,2015-06-19,7784,748,1,1,"0","0"
935,5,2015-06-19,6728,678,1,1,"0","0"
936,5,2015-06-19,6831,823,1,1,"0","0"
937,5,2015-06-19,9096,624,1,1,"0","0"
938,5,2015-06-19,9156,903,1,1,"0","0"
939,5,2015-06-19,6874,629,1,1,"0","0"
940,5,2015-06-19,9007,885,1,1,"0","0"
941,5,2015-06-19,5048,572,1,1,"0","0"
942,5,2015-06-19,7157,553,1,1,"0","0"
943,5,2015-06-19,8587,690,1,1,"0","0"
944,5,2015-06-19,6146,1018,1,1,"0","0"
945,5,2015-06-19,4467,539,1,1,"0","0"
946,5,2015-06-19,4661,562,1,1,"0","0"
947,5,2015-06-19,8014,1047,1,1,"0","0"
948,5,2015-06-19,8945,2156,1,1,"0","0"
949,5,2015-06-19,5445,502,1,1,"0","0"
950,5,2015-06-19,6816,635,1,1,"0","0"
951,5,2015-06-19,9859,826,1,1,"0","0"
952,5,2015-06-19,6314,555,1,1,"0","0"
953,5,2015-06-19,5911,571,1,1,"0","0"
954,5,2015-06-19,6659,752,1,1,"0","0"
955,5,2015-06-19,5706,507,1,1,"0","0"
956,5,2015-06-19,3357,426,1,1,"0","0"
957,5,2015-06-19,8073,849,1,1,"0","0"
958,5,2015-06-19,4142,526,1,1,"0","0"
959,5,2015-06-19,7976,822,1,1,"0","0"
960,5,2015-06-19,8227,616,1,1,"0","0"
961,5,2015-06-19,7764,768,1,1,"0","0"
962,5,2015-06-19,7654,1027,1,1,"0","0"
963,5,2015-06-19,10896,974,1,1,"0","0"
964,5,2015-06-19,9794,1211,1,1,"0","0"
965,5,2015-06-19,7415,791,1,1,"0","0"
966,5,2015-06-19,5019,583,1,1,"0","0"
967,5,2015-06-19,8000,808,1,1,"0","0"
968,5,2015-06-19,7103,880,1,1,"0","0"
969,5,2015-06-19,3861,631,1,1,"0","0"
970,5,2015-06-19,3325,367,1,1,"0","0"
971,5,2015-06-19,8563,924,1,1,"0","0"
972,5,2015-06-19,3842,442,1,1,"0","0"
973,5,2015-06-19,7097,877,1,1,"0","0"
974,5,2015-06-19,13031,1656,1,1,"0","0"
975,5,2015-06-19,8484,757,1,1,"0","0"
976,5,2015-06-19,7470,750,1,1,"0","0"
977,5,2015-06-19,5450,527,1,1,"0","0"
978,5,2015-06-19,7558,995,1,1,"0","0"
979,5,2015-06-19,8379,700,1,1,"0","0"
980,5,2015-06-19,6904,503,1,1,"0","0"
981,5,2015-06-19,7552,832,1,1,"0","0"
982,5,2015-06-19,8845,760,1,1,"0","0"
983,5,2015-06-19,8161,1037,1,1,"0","0"
984,5,2015-06-19,7292,764,1,1,"0","0"
985,5,2015-06-19,9854,834,1,1,"0","0"
986,5,2015-06-19,5358,625,1,1,"0","0"
987,5,2015-06-19,7523,921,1,1,"0","0"
988,5,2015-06-19,4223,763,1,1,"0","0"
989,5,2015-06-19,6032,673,1,1,"0","0"
990,5,2015-06-19,7676,662,1,1,"0","0"
991,5,2015-06-19,6970,586,1,1,"0","0"
992,5,2015-06-19,5386,676,1,1,"0","0"
993,5,2015-06-19,8995,787,1,1,"0","0"
994,5,2015-06-19,5886,536,1,1,"0","0"
995,5,2015-06-19,11345,945,1,1,"0","0"
996,5,2015-06-19,8637,787,1,1,"0","0"
997,5,2015-06-19,5686,440,1,1,"0","0"
998,5,2015-06-19,5438,603,1,1,"0","0"
999,5,2015-06-19,11023,787,1,1,"0","0"
1000,5,2015-06-19,9355,689,1,1,"0","0"
1001,5,2015-06-19,6004,607,1,1,"0","0"
1002,5,2015-06-19,7292,809,1,1,"0","0"
1003,5,2015-06-19,7236,753,1,1,"0","0"
1004,5,2015-06-19,7046,527,1,1,"0","0"
1005,5,2015-06-19,6339,883,1,1,"0","0"
1006,5,2015-06-19,7042,868,1,1,"0","0"
1007,5,2015-06-19,8371,935,1,1,"0","0"
1008,5,2015-06-19,6168,782,1,1,"0","0"
1009,5,2015-06-19,4863,464,1,1,"0","0"
1010,5,2015-06-19,10203,912,1,1,"0","0"
1011,5,2015-06-19,6953,769,1,1,"0","0"
1012,5,2015-06-19,6754,559,1,1,"0","0"
1013,5,2015-06-19,3972,436,1,1,"0","0"
1014,5,2015-06-19,11704,1278,1,1,"0","0"
1015,5,2015-06-19,7205,527,1,1,"0","0"
1016,5,2015-06-19,6339,532,1,1,"0","0"
1017,5,2015-06-19,6750,974,1,1,"0","0"
1018,5,2015-06-19,12210,1347,1,1,"0","0"
1019,5,2015-06-19,9872,785,1,1,"0","0"
1020,5,2015-06-19,7985,931,1,1,"0","0"
1021,5,2015-06-19,9051,1031,1,1,"0","0"
1022,5,2015-06-19,7647,785,1,1,"0","0"
1023,5,2015-06-19,6563,625,1,1,"0","0"
1024,5,2015-06-19,6673,819,1,1,"0","0"
1025,5,2015-06-19,7315,823,1,1,"0","0"
1026,5,2015-06-19,10932,1314,1,1,"0","0"
1027,5,2015-06-19,14886,1660,1,1,"0","0"
1028,5,2015-06-19,5722,617,1,1,"0","0"
1029,5,2015-06-19,5602,788,1,1,"0","0"
1030,5,2015-06-19,3286,293,1,1,"0","0"
1031,5,2015-06-19,5024,415,1,1,"0","0"
1032,5,2015-06-19,10959,1081,1,1,"0","0"
1033,5,2015-06-19,16007,1397,1,1,"0","0"
1034,5,2015-06-19,6797,764,1,1,"0","0"
1035,5,2015-06-19,5267,593,1,1,"0","0"
1036,5,2015-06-19,5415,477,1,1,"0","0"
1037,5,2015-06-19,6157,738,1,1,"0","0"
1038,5,2015-06-19,6818,589,1,1,"0","0"
1039,5,2015-06-19,8210,941,1,1,"0","0"
1040,5,2015-06-19,9683,895,1,1,"0","0"
1041,5,2015-06-19,6633,673,1,1,"0","0"
1042,5,2015-06-19,4224,514,1,1,"0","0"
1043,5,2015-06-19,9131,1186,1,1,"0","0"
1044,5,2015-06-19,7160,861,1,1,"0","0"
1045,5,2015-06-19,8561,992,1,1,"0","0"
1046,5,2015-06-19,10614,821,1,1,"0","0"
1047,5,2015-06-19,5634,639,1,1,"0","0"
1048,5,2015-06-19,8019,572,1,1,"0","0"
1049,5,2015-06-19,3885,641,1,1,"0","0"
1050,5,2015-06-19,8492,528,1,1,"0","0"
1051,5,2015-06-19,9631,1150,1,1,"0","0"
1052,5,2015-06-19,7742,678,1,1,"0","0"
1053,5,2015-06-19,8928,1009,1,1,"0","0"
1054,5,2015-06-19,6503,640,1,1,"0","0"
1055,5,2015-06-19,8362,1037,1,1,"0","0"
1056,5,2015-06-19,4714,467,1,1,"0","0"
1057,5,2015-06-19,7043,674,1,1,"0","0"
1058,5,2015-06-19,7286,710,1,1,"0","0"
1059,5,2015-06-19,9517,1219,1,1,"0","0"
1060,5,2015-06-19,7994,843,1,1,"0","0"
1061,5,2015-06-19,10086,693,1,1,"0","0"
1062,5,2015-06-19,7202,647,1,1,"0","0"
1063,5,2015-06-19,5025,587,1,1,"0","0"
1064,5,2015-06-19,10528,1078,1,1,"0","0"
1065,5,2015-06-19,4818,549,1,1,"0","0"
1066,5,2015-06-19,11412,1107,1,1,"0","0"
1067,5,2015-06-19,6969,575,1,1,"0","0"
1068,5,2015-06-19,4748,299,1,1,"0","0"
1069,5,2015-06-19,5984,705,1,1,"0","0"
1070,5,2015-06-19,7577,877,1,1,"0","0"
1071,5,2015-06-19,6429,743,1,1,"0","0"
1072,5,2015-06-19,8628,739,1,1,"0","0"
1073,5,2015-06-19,8896,1053,1,1,"0","0"
1074,5,2015-06-19,6692,639,1,1,"0","0"
1075,5,2015-06-19,11894,1046,1,1,"0","0"
1076,5,2015-06-19,3811,550,1,1,"0","0"
1077,5,2015-06-19,4768,518,1,1,"0","0"
1078,5,2015-06-19,8441,636,1,1,"0","0"
1079,5,2015-06-19,8970,753,1,1,"0","0"
1080,5,2015-06-19,11873,903,1,1,"0","0"
1081,5,2015-06-19,8424,1172,1,1,"0","0"
1082,5,2015-06-19,6578,941,1,1,"0","0"
1083,5,2015-06-19,5791,407,1,1,"0","0"
1084,5,2015-06-19,5922,729,1,1,"0","0"
1085,5,2015-06-19,8019,790,1,1,"0","0"
1086,5,2015-06-19,6153,691,1,1,"0","0"
1087,5,2015-06-19,6661,611,1,1,"0","0"
1088,5,2015-06-19,5831,497,1,1,"0","0"
1089,5,2015-06-19,12328,1047,1,1,"0","0"
1090,5,2015-06-19,6535,760,1,1,"0","0"
1091,5,2015-06-19,9173,765,1,1,"0","0"
1092,5,2015-06-19,12446,1168,1,1,"0","0"
1093,5,2015-06-19,9265,931,1,1,"0","0"
1094,5,2015-06-19,5494,404,1,1,"0","0"
1095,5,2015-06-19,5073,828,1,1,"0","0"
1096,5,2015-06-19,6755,710,1,1,"0","0"
1097,5,2015-06-19,10712,2566,1,1,"0","0"
1098,5,2015-06-19,6174,775,1,1,"0","0"
1099,5,2015-06-19,8130,961,1,1,"0","0"
1100,5,2015-06-19,5623,648,1,1,"0","0"
1101,5,2015-06-19,11020,1074,1,1,"0","0"
1102,5,2015-06-19,7662,692,1,1,"0","0"
1103,5,2015-06-19,6418,483,1,1,"0","0"
1104,5,2015-06-19,6463,464,1,1,"0","0"
1105,5,2015-06-19,5184,542,1,1,"0","0"
1106,5,2015-06-19,5541,614,1,1,"0","0"
1107,5,2015-06-19,7018,694,1,1,"0","0"
1108,5,2015-06-19,6587,666,1,1,"0","0"
1109,5,2015-06-19,5119,472,1,1,"0","0"
1110,5,2015-06-19,5399,642,1,1,"0","0"
1111,5,2015-06-19,5618,416,1,1,"0","0"
1112,5,2015-06-19,11240,870,1,1,"0","0"
1113,5,2015-06-19,7114,700,1,1,"0","0"
1114,5,2015-06-19,21834,3211,1,1,"0","0"
1115,5,2015-06-19,8291,535,1,1,"0","0"
1,4,2015-06-18,4645,498,1,1,"0","0"
2,4,2015-06-18,5154,594,1,1,"0","0"
3,4,2015-06-18,7537,743,1,1,"0","0"
4,4,2015-06-18,8880,1138,1,1,"0","0"
5,4,2015-06-18,4924,545,1,1,"0","0"
6,4,2015-06-18,4405,514,1,1,"0","0"
7,4,2015-06-18,8955,911,1,1,"0","0"
8,4,2015-06-18,7302,871,1,1,"0","0"
9,4,2015-06-18,8098,626,1,1,"0","0"
10,4,2015-06-18,5829,603,1,1,"0","0"
11,4,2015-06-18,6637,974,1,1,"0","0"
12,4,2015-06-18,8058,890,1,1,"0","0"
13,4,2015-06-18,5047,333,1,1,"0","0"
14,4,2015-06-18,5918,651,1,1,"0","0"
15,4,2015-06-18,6786,634,1,1,"0","0"
16,4,2015-06-18,7026,819,1,1,"0","0"
17,4,2015-06-18,7241,820,1,1,"0","0"
18,4,2015-06-18,7818,738,1,1,"0","0"
19,4,2015-06-18,7911,700,1,1,"0","0"
20,4,2015-06-18,9105,922,1,1,"0","0"
21,4,2015-06-18,6318,508,1,1,"0","0"
22,4,2015-06-18,4545,465,1,1,"0","0"
23,4,2015-06-18,5879,503,1,1,"0","0"
24,4,2015-06-18,9734,851,1,1,"0","0"
25,4,2015-06-18,11233,1488,1,1,"0","0"
26,4,2015-06-18,8043,633,1,1,"0","0"
27,4,2015-06-18,10496,1091,1,1,"0","0"
28,4,2015-06-18,5634,582,1,1,"0","0"
29,4,2015-06-18,9408,736,1,1,"0","0"
30,4,2015-06-18,4482,649,1,1,"0","0"
31,4,2015-06-18,5984,558,1,1,"0","0"
32,4,2015-06-18,4152,422,1,1,"0","0"
33,4,2015-06-18,8856,786,1,1,"0","0"
34,4,2015-06-18,8451,975,1,1,"0","0"
35,4,2015-06-18,13133,916,1,1,"0","0"
36,4,2015-06-18,9491,1047,1,1,"0","0"
37,4,2015-06-18,6953,733,1,1,"0","0"
38,4,2015-06-18,5647,507,1,1,"0","0"
39,4,2015-06-18,4923,622,1,1,"0","0"
40,4,2015-06-18,4650,596,1,1,"0","0"
41,4,2015-06-18,7141,486,1,1,"0","0"
42,4,2015-06-18,11218,1096,1,1,"0","0"
43,4,2015-06-18,6901,630,1,1,"0","0"
44,4,2015-06-18,4859,578,1,1,"0","0"
45,4,2015-06-18,5481,429,1,1,"0","0"
46,4,2015-06-18,5787,665,1,1,"0","0"
47,4,2015-06-18,7721,918,1,1,"0","0"
48,4,2015-06-18,3441,381,1,1,"0","0"
49,4,2015-06-18,7760,552,1,1,"0","0"
50,4,2015-06-18,5401,441,1,1,"0","0"
51,4,2015-06-18,7393,507,1,1,"0","0"
52,4,2015-06-18,6839,461,1,1,"0","0"
53,4,2015-06-18,5503,539,1,1,"0","0"
54,4,2015-06-18,8584,686,1,1,"0","0"
55,4,2015-06-18,5231,595,1,1,"0","0"
56,4,2015-06-18,8509,550,1,1,"0","0"
57,4,2015-06-18,10350,929,1,1,"0","0"
58,4,2015-06-18,6328,478,1,1,"0","0"
59,4,2015-06-18,5862,554,1,1,"0","0"
60,4,2015-06-18,10930,852,1,1,"0","0"
61,4,2015-06-18,5445,558,1,1,"0","0"
62,4,2015-06-18,6825,764,1,1,"0","0"
63,4,2015-06-18,7918,682,1,1,"0","0"
64,4,2015-06-18,13484,940,1,1,"0","0"
65,4,2015-06-18,5784,498,1,1,"0","0"
66,4,2015-06-18,5943,518,1,1,"0","0"
67,4,2015-06-18,8401,811,1,1,"0","0"
68,4,2015-06-18,6588,1052,1,1,"0","0"
69,4,2015-06-18,9007,1138,1,1,"0","0"
70,4,2015-06-18,7393,689,1,1,"0","0"
71,4,2015-06-18,10215,740,1,1,"0","0"
72,4,2015-06-18,4748,476,1,1,"0","0"
73,4,2015-06-18,5007,517,1,1,"0","0"
74,4,2015-06-18,6393,879,1,1,"0","0"
75,4,2015-06-18,6012,619,1,1,"0","0"
76,4,2015-06-18,8789,826,1,1,"0","0"
77,4,2015-06-18,8717,702,1,1,"0","0"
78,4,2015-06-18,4041,512,1,1,"0","0"
79,4,2015-06-18,5631,562,1,1,"0","0"
80,4,2015-06-18,8541,636,1,1,"0","0"
81,4,2015-06-18,6658,496,1,1,"0","0"
82,4,2015-06-18,12196,1033,1,1,"0","0"
83,4,2015-06-18,4724,356,1,1,"0","0"
84,4,2015-06-18,13799,1363,1,1,"0","0"
85,4,2015-06-18,6745,857,1,1,"0","0"
86,4,2015-06-18,5697,606,1,1,"0","0"
87,4,2015-06-18,8593,851,1,1,"0","0"
88,4,2015-06-18,7410,727,1,1,"0","0"
89,4,2015-06-18,6127,566,1,1,"0","0"
90,4,2015-06-18,8661,1007,1,1,"0","0"
91,4,2015-06-18,4220,413,1,1,"0","0"
92,4,2015-06-18,7005,547,1,1,"0","0"
93,4,2015-06-18,7002,654,1,1,"0","0"
94,4,2015-06-18,8678,734,1,1,"0","0"
95,4,2015-06-18,7432,780,1,1,"0","0"
96,4,2015-06-18,5587,554,1,1,"0","0"
97,4,2015-06-18,8395,811,1,1,"0","0"
98,4,2015-06-18,5884,499,1,1,"0","0"
99,4,2015-06-18,6047,523,1,1,"0","0"
100,4,2015-06-18,8509,669,1,1,"0","0"
101,4,2015-06-18,8181,771,1,1,"0","0"
102,4,2015-06-18,7126,997,1,1,"0","0"
103,4,2015-06-18,4279,411,1,1,"0","0"
104,4,2015-06-18,9720,1290,1,1,"0","0"
105,4,2015-06-18,4657,561,1,1,"0","0"
106,4,2015-06-18,8719,815,1,1,"0","0"
107,4,2015-06-18,7157,917,1,1,"0","0"
108,4,2015-06-18,12621,912,1,1,"0","0"
109,4,2015-06-18,6601,745,1,1,"0","0"
110,4,2015-06-18,4354,577,1,1,"0","0"
111,4,2015-06-18,7813,597,1,1,"0","0"
112,4,2015-06-18,5943,670,1,1,"0","0"
113,4,2015-06-18,5447,525,1,1,"0","0"
114,4,2015-06-18,5549,549,1,1,"0","0"
115,4,2015-06-18,7123,511,1,1,"0","0"
116,4,2015-06-18,7815,788,1,1,"0","0"
117,4,2015-06-18,3875,510,1,1,"0","0"
118,4,2015-06-18,8674,724,1,1,"0","0"
119,4,2015-06-18,6047,693,1,1,"0","0"
120,4,2015-06-18,8171,700,1,1,"0","0"
121,4,2015-06-18,4556,473,1,1,"0","0"
122,4,2015-06-18,6900,866,1,1,"0","0"
123,4,2015-06-18,8146,957,1,1,"0","0"
124,4,2015-06-18,4178,523,1,1,"0","0"
125,4,2015-06-18,6496,896,1,1,"0","0"
126,4,2015-06-18,6290,552,1,1,"0","0"
127,4,2015-06-18,4853,569,1,1,"0","0"
128,4,2015-06-18,8101,616,1,1,"0","0"
129,4,2015-06-18,9152,1066,1,1,"0","0"
130,4,2015-06-18,5567,576,1,1,"0","0"
131,4,2015-06-18,5928,619,1,1,"0","0"
132,4,2015-06-18,7919,663,1,1,"0","0"
133,4,2015-06-18,6290,654,1,1,"0","0"
134,4,2015-06-18,5098,548,1,1,"0","0"
135,4,2015-06-18,6507,536,1,1,"0","0"
136,4,2015-06-18,6127,426,1,1,"0","0"
137,4,2015-06-18,9049,957,1,1,"0","0"
138,4,2015-06-18,9009,910,1,1,"0","0"
139,4,2015-06-18,6841,556,1,1,"0","0"
140,4,2015-06-18,7503,909,1,1,"0","0"
141,4,2015-06-18,5594,565,1,1,"0","0"
142,4,2015-06-18,4457,564,1,1,"0","0"
143,4,2015-06-18,6597,558,1,1,"0","0"
144,4,2015-06-18,8538,803,1,1,"0","0"
145,4,2015-06-18,7774,1073,1,1,"0","0"
146,4,2015-06-18,8893,767,1,1,"0","0"
147,4,2015-06-18,8111,801,1,1,"0","0"
148,4,2015-06-18,8637,798,1,1,"0","0"
149,4,2015-06-18,6266,521,1,1,"0","0"
150,4,2015-06-18,8995,889,1,1,"0","0"
151,4,2015-06-18,6704,657,1,1,"0","0"
152,4,2015-06-18,5945,620,1,1,"0","0"
153,4,2015-06-18,7721,644,1,1,"0","0"
154,4,2015-06-18,10959,867,1,1,"0","0"
155,4,2015-06-18,6462,621,1,1,"0","0"
156,4,2015-06-18,8366,904,1,1,"0","0"
157,4,2015-06-18,10327,1031,1,1,"0","0"
158,4,2015-06-18,8060,473,1,1,"0","0"
159,4,2015-06-18,8548,689,1,1,"0","0"
160,4,2015-06-18,5882,585,1,1,"0","0"
161,4,2015-06-18,7577,857,1,1,"0","0"
162,4,2015-06-18,8524,619,1,1,"0","0"
163,4,2015-06-18,6685,829,1,1,"0","0"
164,4,2015-06-18,6537,606,1,1,"0","0"
165,4,2015-06-18,3358,396,1,1,"0","0"
166,4,2015-06-18,5212,750,1,1,"0","0"
167,4,2015-06-18,10107,1106,1,1,"0","0"
168,4,2015-06-18,7353,689,1,1,"0","0"
169,4,2015-06-18,6391,567,1,1,"0","0"
170,4,2015-06-18,4607,485,1,1,"0","0"
171,4,2015-06-18,9191,846,1,1,"0","0"
172,4,2015-06-18,6253,780,1,1,"0","0"
173,4,2015-06-18,8663,1021,1,1,"0","0"
174,4,2015-06-18,6186,472,1,1,"0","0"
175,4,2015-06-18,5545,635,1,1,"0","0"
176,4,2015-06-18,5764,649,1,1,"0","0"
177,4,2015-06-18,3710,437,1,1,"0","0"
178,4,2015-06-18,12335,963,1,1,"0","0"
179,4,2015-06-18,7790,970,1,1,"0","0"
180,4,2015-06-18,7237,811,1,1,"0","0"
181,4,2015-06-18,7119,609,1,1,"0","0"
182,4,2015-06-18,6490,439,1,1,"0","0"
183,4,2015-06-18,0,0,0,1,"0","0"
184,4,2015-06-18,7009,593,1,1,"0","0"
185,4,2015-06-18,7409,563,1,1,"0","0"
186,4,2015-06-18,3857,350,1,1,"0","0"
187,4,2015-06-18,5690,710,1,1,"0","0"
188,4,2015-06-18,5439,454,1,1,"0","0"
189,4,2015-06-18,9213,831,1,1,"0","0"
190,4,2015-06-18,7189,673,1,1,"0","0"
191,4,2015-06-18,6527,631,1,1,"0","0"
192,4,2015-06-18,11906,796,1,1,"0","0"
193,4,2015-06-18,4600,678,1,1,"0","0"
194,4,2015-06-18,5686,458,1,1,"0","0"
195,4,2015-06-18,10838,1242,1,1,"0","0"
196,4,2015-06-18,5157,672,1,1,"0","0"
197,4,2015-06-18,6569,744,1,1,"0","0"
198,4,2015-06-18,3671,394,1,1,"0","0"
199,4,2015-06-18,8833,662,1,1,"0","0"
200,4,2015-06-18,8872,1027,1,1,"0","0"
201,4,2015-06-18,6490,510,1,1,"0","0"
202,4,2015-06-18,6686,528,1,1,"0","0"
203,4,2015-06-18,6923,864,1,1,"0","0"
204,4,2015-06-18,5338,484,1,1,"0","0"
205,4,2015-06-18,6261,862,1,1,"0","0"
206,4,2015-06-18,9375,1000,1,1,"0","0"
207,4,2015-06-18,11196,1278,1,1,"0","0"
208,4,2015-06-18,3447,455,1,1,"0","0"
209,4,2015-06-18,6220,627,1,1,"0","0"
210,4,2015-06-18,3776,351,1,1,"0","0"
211,4,2015-06-18,15530,1674,1,1,"0","0"
212,4,2015-06-18,4612,431,1,1,"0","0"
213,4,2015-06-18,9171,694,1,1,"0","0"
214,4,2015-06-18,9884,685,1,1,"0","0"
215,4,2015-06-18,6608,485,1,1,"0","0"
216,4,2015-06-18,6514,816,1,1,"0","0"
217,4,2015-06-18,5142,661,1,1,"0","0"
218,4,2015-06-18,5066,646,1,1,"0","0"
219,4,2015-06-18,3456,422,1,1,"0","0"
220,4,2015-06-18,5041,686,1,1,"0","0"
221,4,2015-06-18,6838,606,1,1,"0","0"
222,4,2015-06-18,5758,609,1,1,"0","0"
223,4,2015-06-18,7760,750,1,1,"0","0"
224,4,2015-06-18,7520,485,1,1,"0","0"
225,4,2015-06-18,5856,595,1,1,"0","0"
226,4,2015-06-18,6116,630,1,1,"0","0"
227,4,2015-06-18,7151,603,1,1,"0","0"
228,4,2015-06-18,9184,628,1,1,"0","0"
229,4,2015-06-18,10237,782,1,1,"0","0"
230,4,2015-06-18,8103,907,1,1,"0","0"
231,4,2015-06-18,5570,395,1,1,"0","0"
232,4,2015-06-18,3639,342,1,1,"0","0"
233,4,2015-06-18,9593,952,1,1,"0","0"
234,4,2015-06-18,11586,1032,1,1,"0","0"
235,4,2015-06-18,6464,518,1,1,"0","0"
236,4,2015-06-18,7202,891,1,1,"0","0"
237,4,2015-06-18,4695,593,1,1,"0","0"
238,4,2015-06-18,7627,1094,1,1,"0","0"
239,4,2015-06-18,6176,551,1,1,"0","0"
240,4,2015-06-18,5183,453,1,1,"0","0"
241,4,2015-06-18,6707,694,1,1,"0","0"
242,4,2015-06-18,4795,367,1,1,"0","0"
243,4,2015-06-18,6712,866,1,1,"0","0"
244,4,2015-06-18,6103,523,1,1,"0","0"
245,4,2015-06-18,8519,1017,1,1,"0","0"
246,4,2015-06-18,7270,900,1,1,"0","0"
247,4,2015-06-18,8696,695,1,1,"0","0"
248,4,2015-06-18,8025,1035,1,1,"0","0"
249,4,2015-06-18,5939,555,1,1,"0","0"
250,4,2015-06-18,8160,587,1,1,"0","0"
251,4,2015-06-18,20512,2433,1,1,"0","0"
252,4,2015-06-18,11873,832,1,1,"0","0"
253,4,2015-06-18,6203,700,1,1,"0","0"
254,4,2015-06-18,3484,277,1,1,"0","0"
255,4,2015-06-18,6190,614,1,1,"0","0"
256,4,2015-06-18,8942,1031,1,1,"0","0"
257,4,2015-06-18,5249,614,1,1,"0","0"
258,4,2015-06-18,5982,503,1,1,"0","0"
259,4,2015-06-18,12992,2667,1,1,"0","0"
260,4,2015-06-18,6092,830,1,1,"0","0"
261,4,2015-06-18,14260,1063,1,1,"0","0"
262,4,2015-06-18,19724,3202,1,1,"0","0"
263,4,2015-06-18,4187,354,1,1,"0","0"
264,4,2015-06-18,7805,941,1,1,"0","0"
265,4,2015-06-18,4754,448,1,1,"0","0"
266,4,2015-06-18,4881,587,1,1,"0","0"
267,4,2015-06-18,11240,1283,1,1,"0","0"
268,4,2015-06-18,5037,588,1,1,"0","0"
269,4,2015-06-18,11219,1397,1,1,"0","0"
270,4,2015-06-18,10607,1252,1,1,"0","0"
271,4,2015-06-18,8744,825,1,1,"0","0"
272,4,2015-06-18,6461,630,1,1,"0","0"
273,4,2015-06-18,8201,769,1,1,"0","0"
274,4,2015-06-18,5161,1220,1,1,"0","0"
275,4,2015-06-18,6315,583,1,1,"0","0"
276,4,2015-06-18,3634,483,1,1,"0","0"
277,4,2015-06-18,6149,509,1,1,"0","0"
278,4,2015-06-18,7211,758,1,1,"0","0"
279,4,2015-06-18,10696,720,1,1,"0","0"
280,4,2015-06-18,6194,548,1,1,"0","0"
281,4,2015-06-18,6165,568,1,1,"0","0"
282,4,2015-06-18,5047,673,1,1,"0","0"
283,4,2015-06-18,7458,664,1,1,"0","0"
284,4,2015-06-18,5287,365,1,1,"0","0"
285,4,2015-06-18,5493,432,1,1,"0","0"
286,4,2015-06-18,4212,384,1,1,"0","0"
287,4,2015-06-18,8209,779,1,1,"0","0"
288,4,2015-06-18,7062,489,1,1,"0","0"
289,4,2015-06-18,6072,540,1,1,"0","0"
290,4,2015-06-18,7795,717,1,1,"0","0"
291,4,2015-06-18,8198,867,1,1,"0","0"
292,4,2015-06-18,6762,782,1,1,"0","0"
293,4,2015-06-18,7012,860,1,1,"0","0"
294,4,2015-06-18,6315,780,1,1,"0","0"
295,4,2015-06-18,5819,703,1,1,"0","0"
296,4,2015-06-18,7349,725,1,1,"0","0"
297,4,2015-06-18,6620,654,1,1,"0","0"
298,4,2015-06-18,8644,661,1,1,"0","0"
299,4,2015-06-18,7235,785,1,1,"0","0"
300,4,2015-06-18,7531,817,1,1,"0","0"
301,4,2015-06-18,6365,611,1,1,"0","0"
302,4,2015-06-18,4381,313,1,1,"0","0"
303,4,2015-06-18,6209,641,1,1,"0","0"
304,4,2015-06-18,6587,1021,1,1,"0","0"
305,4,2015-06-18,6511,605,1,1,"0","0"
306,4,2015-06-18,4692,457,1,1,"0","0"
307,4,2015-06-18,3045,356,1,1,"0","0"
308,4,2015-06-18,9360,912,1,1,"0","0"
309,4,2015-06-18,8465,641,1,1,"0","0"
310,4,2015-06-18,10536,867,1,1,"0","0"
311,4,2015-06-18,6801,771,1,1,"0","0"
312,4,2015-06-18,6293,570,1,1,"0","0"
313,4,2015-06-18,7183,684,1,1,"0","0"
314,4,2015-06-18,6098,654,1,1,"0","0"
315,4,2015-06-18,4068,462,1,1,"0","0"
316,4,2015-06-18,11432,968,1,1,"0","0"
317,4,2015-06-18,5544,530,1,1,"0","0"
318,4,2015-06-18,8058,719,1,1,"0","0"
319,4,2015-06-18,7761,748,1,1,"0","0"
320,4,2015-06-18,13544,1985,1,1,"0","0"
321,4,2015-06-18,6760,638,1,1,"0","0"
322,4,2015-06-18,6567,647,1,1,"0","0"
323,4,2015-06-18,7710,628,1,1,"0","0"
324,4,2015-06-18,6087,722,1,1,"0","0"
325,4,2015-06-18,8010,880,1,1,"0","0"
326,4,2015-06-18,6323,491,1,1,"0","0"
327,4,2015-06-18,8574,994,1,1,"0","0"
328,4,2015-06-18,4907,544,1,1,"0","0"
329,4,2015-06-18,8029,656,1,1,"0","0"
330,4,2015-06-18,4184,405,1,1,"0","0"
331,4,2015-06-18,5299,689,1,1,"0","0"
332,4,2015-06-18,3944,529,1,1,"0","0"
333,4,2015-06-18,10805,1311,1,1,"0","0"
334,4,2015-06-18,5832,571,1,1,"0","0"
335,4,2015-06-18,18484,2811,1,1,"0","0"
336,4,2015-06-18,12654,1783,1,1,"0","0"
337,4,2015-06-18,5424,333,1,1,"0","0"
338,4,2015-06-18,6959,564,1,1,"0","0"
339,4,2015-06-18,5294,675,1,1,"0","0"
340,4,2015-06-18,7160,743,1,1,"0","0"
341,4,2015-06-18,5934,761,1,1,"0","0"
342,4,2015-06-18,11440,786,1,1,"0","0"
343,4,2015-06-18,8902,778,1,1,"0","0"
344,4,2015-06-18,9112,1156,1,1,"0","0"
345,4,2015-06-18,4293,498,1,1,"0","0"
346,4,2015-06-18,8055,696,1,1,"0","0"
347,4,2015-06-18,5192,399,1,1,"0","0"
348,4,2015-06-18,8950,673,1,1,"0","0"
349,4,2015-06-18,8371,813,1,1,"0","0"
350,4,2015-06-18,7669,550,1,1,"0","0"
351,4,2015-06-18,6628,529,1,1,"0","0"
352,4,2015-06-18,6818,628,1,1,"0","0"
353,4,2015-06-18,6964,1699,1,1,"0","0"
354,4,2015-06-18,8803,729,1,1,"0","0"
355,4,2015-06-18,8965,1065,1,1,"0","0"
356,4,2015-06-18,6055,437,1,1,"0","0"
357,4,2015-06-18,8157,1026,1,1,"0","0"
358,4,2015-06-18,10716,1028,1,1,"0","0"
359,4,2015-06-18,6523,555,1,1,"0","0"
360,4,2015-06-18,6709,725,1,1,"0","0"
361,4,2015-06-18,7162,670,1,1,"0","0"
362,4,2015-06-18,9218,1103,1,1,"0","0"
363,4,2015-06-18,6994,894,1,1,"0","0"
364,4,2015-06-18,5802,668,1,1,"0","0"
365,4,2015-06-18,4991,504,1,1,"0","0"
366,4,2015-06-18,6190,615,1,1,"0","0"
367,4,2015-06-18,5183,519,1,1,"0","0"
368,4,2015-06-18,10709,716,1,1,"0","0"
369,4,2015-06-18,6085,536,1,1,"0","0"
370,4,2015-06-18,8380,651,1,1,"0","0"
371,4,2015-06-18,7341,563,1,1,"0","0"
372,4,2015-06-18,9694,744,1,1,"0","0"
373,4,2015-06-18,4633,319,1,1,"0","0"
374,4,2015-06-18,7417,873,1,1,"0","0"
375,4,2015-06-18,10729,832,1,1,"0","0"
376,4,2015-06-18,8929,926,1,1,"0","0"
377,4,2015-06-18,8380,941,1,1,"0","0"
378,4,2015-06-18,6970,1064,1,1,"0","0"
379,4,2015-06-18,4121,479,1,1,"0","0"
380,4,2015-06-18,15713,1382,1,1,"0","0"
381,4,2015-06-18,9772,1047,1,1,"0","0"
382,4,2015-06-18,10281,775,1,1,"0","0"
383,4,2015-06-18,17419,2056,1,1,"0","0"
384,4,2015-06-18,10275,1090,1,1,"0","0"
385,4,2015-06-18,7871,644,1,1,"0","0"
386,4,2015-06-18,7839,596,1,1,"0","0"
387,4,2015-06-18,10826,1183,1,1,"0","0"
388,4,2015-06-18,12759,1195,1,1,"0","0"
389,4,2015-06-18,11109,1284,1,1,"0","0"
390,4,2015-06-18,10828,999,1,1,"0","0"
391,4,2015-06-18,5978,722,1,1,"0","0"
392,4,2015-06-18,8772,802,1,1,"0","0"
393,4,2015-06-18,6674,634,1,1,"0","0"
394,4,2015-06-18,8580,663,1,1,"0","0"
395,4,2015-06-18,4491,560,1,1,"0","0"
396,4,2015-06-18,11795,1255,1,1,"0","0"
397,4,2015-06-18,6956,854,1,1,"0","0"
398,4,2015-06-18,5918,601,1,1,"0","0"
399,4,2015-06-18,5863,539,1,1,"0","0"
400,4,2015-06-18,9411,1192,1,1,"0","0"
401,4,2015-06-18,8110,695,1,1,"0","0"
402,4,2015-06-18,5683,572,1,1,"0","0"
403,4,2015-06-18,8040,795,1,1,"0","0"
404,4,2015-06-18,5144,577,1,1,"0","0"
405,4,2015-06-18,5335,544,1,1,"0","0"
406,4,2015-06-18,6959,517,1,1,"0","0"
407,4,2015-06-18,4580,365,1,1,"0","0"
408,4,2015-06-18,4846,429,1,1,"0","0"
409,4,2015-06-18,6832,547,1,1,"0","0"
410,4,2015-06-18,6765,744,1,1,"0","0"
411,4,2015-06-18,10291,709,1,1,"0","0"
412,4,2015-06-18,9725,625,1,1,"0","0"
413,4,2015-06-18,7760,945,1,1,"0","0"
414,4,2015-06-18,6634,487,1,1,"0","0"
415,4,2015-06-18,7014,559,1,1,"0","0"
416,4,2015-06-18,11919,1442,1,1,"0","0"
417,4,2015-06-18,7470,788,1,1,"0","0"
418,4,2015-06-18,5680,548,1,1,"0","0"
419,4,2015-06-18,5248,824,1,1,"0","0"
420,4,2015-06-18,5165,423,1,1,"0","0"
421,4,2015-06-18,9117,938,1,1,"0","0"
422,4,2015-06-18,4233,405,1,1,"0","0"
423,4,2015-06-18,11796,1954,1,1,"0","0"
424,4,2015-06-18,7810,800,1,1,"0","0"
425,4,2015-06-18,3629,476,1,1,"0","0"
426,4,2015-06-18,5049,624,1,1,"0","0"
427,4,2015-06-18,7508,735,1,1,"0","0"
428,4,2015-06-18,6897,541,1,1,"0","0"
429,4,2015-06-18,5473,400,1,1,"0","0"
430,4,2015-06-18,9681,712,1,1,"0","0"
431,4,2015-06-18,11038,1114,1,1,"0","0"
432,4,2015-06-18,12272,1745,1,1,"0","0"
433,4,2015-06-18,5717,627,1,1,"0","0"
434,4,2015-06-18,11200,753,1,1,"0","0"
435,4,2015-06-18,3214,398,1,1,"0","0"
436,4,2015-06-18,5714,612,1,1,"0","0"
437,4,2015-06-18,6450,611,1,1,"0","0"
438,4,2015-06-18,5769,550,1,1,"0","0"
439,4,2015-06-18,7314,843,1,1,"0","0"
440,4,2015-06-18,4274,504,1,1,"0","0"
441,4,2015-06-18,6775,712,1,1,"0","0"
442,4,2015-06-18,5025,478,1,1,"0","0"
443,4,2015-06-18,5327,478,1,1,"0","0"
444,4,2015-06-18,10907,1208,1,1,"0","0"
445,4,2015-06-18,9237,1254,1,1,"0","0"
446,4,2015-06-18,5108,748,1,1,"0","0"
447,4,2015-06-18,4953,573,1,1,"0","0"
448,4,2015-06-18,8728,737,1,1,"0","0"
449,4,2015-06-18,11263,1436,1,1,"0","0"
450,4,2015-06-18,11157,1204,1,1,"0","0"
451,4,2015-06-18,5771,430,1,1,"0","0"
452,4,2015-06-18,5118,460,1,1,"0","0"
453,4,2015-06-18,8452,995,1,1,"0","0"
454,4,2015-06-18,6578,732,1,1,"0","0"
455,4,2015-06-18,8050,511,1,1,"0","0"
456,4,2015-06-18,6671,944,1,1,"0","0"
457,4,2015-06-18,5611,477,1,1,"0","0"
458,4,2015-06-18,6809,631,1,1,"0","0"
459,4,2015-06-18,10399,1210,1,1,"0","0"
460,4,2015-06-18,3931,391,1,1,"0","0"
461,4,2015-06-18,4633,443,1,1,"0","0"
462,4,2015-06-18,5106,640,1,1,"0","0"
463,4,2015-06-18,6657,1005,1,1,"0","0"
464,4,2015-06-18,9044,1045,1,1,"0","0"
465,4,2015-06-18,9080,633,1,1,"0","0"
466,4,2015-06-18,9503,805,1,1,"0","0"
467,4,2015-06-18,14971,1587,1,1,"0","0"
468,4,2015-06-18,5698,657,1,1,"0","0"
469,4,2015-06-18,10309,1305,1,1,"0","0"
470,4,2015-06-18,12116,1516,1,1,"0","0"
471,4,2015-06-18,7314,557,1,1,"0","0"
472,4,2015-06-18,5167,660,1,1,"0","0"
473,4,2015-06-18,3845,528,1,1,"0","0"
474,4,2015-06-18,8860,782,1,1,"0","0"
475,4,2015-06-18,6946,948,1,1,"0","0"
476,4,2015-06-18,6257,653,1,1,"0","0"
477,4,2015-06-18,6660,483,1,1,"0","0"
478,4,2015-06-18,7142,710,1,1,"0","0"
479,4,2015-06-18,12019,1261,1,1,"0","0"
480,4,2015-06-18,5665,691,1,1,"0","0"
481,4,2015-06-18,6543,548,1,1,"0","0"
482,4,2015-06-18,7983,798,1,1,"0","0"
483,4,2015-06-18,5683,712,1,1,"0","0"
484,4,2015-06-18,6691,660,1,1,"0","0"
485,4,2015-06-18,5610,435,1,1,"0","0"
486,4,2015-06-18,5019,580,1,1,"0","0"
487,4,2015-06-18,7693,715,1,1,"0","0"
488,4,2015-06-18,3357,373,1,1,"0","0"
489,4,2015-06-18,9189,766,1,1,"0","0"
490,4,2015-06-18,7365,968,1,1,"0","0"
491,4,2015-06-18,6522,494,1,1,"0","0"
492,4,2015-06-18,7433,943,1,1,"0","0"
493,4,2015-06-18,9199,816,1,1,"0","0"
494,4,2015-06-18,8610,1130,1,1,"0","0"
495,4,2015-06-18,6528,445,1,1,"0","0"
496,4,2015-06-18,8239,832,1,1,"0","0"
497,4,2015-06-18,8151,987,1,1,"0","0"
498,4,2015-06-18,6707,831,1,1,"0","0"
499,4,2015-06-18,5881,740,1,1,"0","0"
500,4,2015-06-18,5555,390,1,1,"0","0"
501,4,2015-06-18,4671,543,1,1,"0","0"
502,4,2015-06-18,10813,1411,1,1,"0","0"
503,4,2015-06-18,9524,614,1,1,"0","0"
504,4,2015-06-18,6050,881,1,1,"0","0"
505,4,2015-06-18,5697,635,1,1,"0","0"
506,4,2015-06-18,7814,830,1,1,"0","0"
507,4,2015-06-18,9642,655,1,1,"0","0"
508,4,2015-06-18,8498,741,1,1,"0","0"
509,4,2015-06-18,6710,524,1,1,"0","0"
510,4,2015-06-18,9298,887,1,1,"0","0"
511,4,2015-06-18,5530,760,1,1,"0","0"
512,4,2015-06-18,5946,1338,1,1,"0","0"
513,4,2015-06-18,18815,2031,1,1,"0","0"
514,4,2015-06-18,7162,684,1,1,"0","0"
515,4,2015-06-18,9157,737,1,1,"0","0"
516,4,2015-06-18,7430,884,1,1,"0","0"
517,4,2015-06-18,7176,700,1,1,"0","0"
518,4,2015-06-18,6096,462,1,1,"0","0"
519,4,2015-06-18,5619,507,1,1,"0","0"
520,4,2015-06-18,4265,434,1,1,"0","0"
521,4,2015-06-18,6924,523,1,1,"0","0"
522,4,2015-06-18,9671,644,1,1,"0","0"
523,4,2015-06-18,12720,1465,1,1,"0","0"
524,4,2015-06-18,9119,920,1,1,"0","0"
525,4,2015-06-18,8810,743,1,1,"0","0"
526,4,2015-06-18,11761,1541,1,1,"0","0"
527,4,2015-06-18,11371,1011,1,1,"0","0"
528,4,2015-06-18,12004,966,1,1,"0","0"
529,4,2015-06-18,8694,812,1,1,"0","0"
530,4,2015-06-18,4793,824,1,1,"0","0"
531,4,2015-06-18,4912,583,1,1,"0","0"
532,4,2015-06-18,11221,1267,1,1,"0","0"
533,4,2015-06-18,10651,936,1,1,"0","0"
534,4,2015-06-18,9792,574,1,1,"0","0"
535,4,2015-06-18,9024,968,1,1,"0","0"
536,4,2015-06-18,7979,805,1,1,"0","0"
537,4,2015-06-18,5601,565,1,1,"0","0"
538,4,2015-06-18,4051,601,1,1,"0","0"
539,4,2015-06-18,10033,984,1,1,"0","0"
540,4,2015-06-18,8229,482,1,1,"0","0"
541,4,2015-06-18,6960,879,1,1,"0","0"
542,4,2015-06-18,6404,542,1,1,"0","0"
543,4,2015-06-18,3271,250,1,1,"0","0"
544,4,2015-06-18,14009,1720,1,1,"0","0"
545,4,2015-06-18,13966,1237,1,1,"0","0"
546,4,2015-06-18,14881,1767,1,1,"0","0"
547,4,2015-06-18,6361,468,1,1,"0","0"
548,4,2015-06-18,5520,407,1,1,"0","0"
549,4,2015-06-18,4971,560,1,1,"0","0"
550,4,2015-06-18,6439,470,1,1,"0","0"
551,4,2015-06-18,6533,948,1,1,"0","0"
552,4,2015-06-18,8797,743,1,1,"0","0"
553,4,2015-06-18,7871,591,1,1,"0","0"
554,4,2015-06-18,4920,662,1,1,"0","0"
555,4,2015-06-18,5620,448,1,1,"0","0"
556,4,2015-06-18,7809,831,1,1,"0","0"
557,4,2015-06-18,4155,585,1,1,"0","0"
558,4,2015-06-18,3667,449,1,1,"0","0"
559,4,2015-06-18,6779,861,1,1,"0","0"
560,4,2015-06-18,13801,1568,1,1,"0","0"
561,4,2015-06-18,7189,698,1,1,"0","0"
562,4,2015-06-18,17918,3060,1,1,"0","0"
563,4,2015-06-18,4719,576,1,1,"0","0"
564,4,2015-06-18,6921,570,1,1,"0","0"
565,4,2015-06-18,6872,770,1,1,"0","0"
566,4,2015-06-18,6102,579,1,1,"0","0"
567,4,2015-06-18,5548,678,1,1,"0","0"
568,4,2015-06-18,5027,396,1,1,"0","0"
569,4,2015-06-18,4740,680,1,1,"0","0"
570,4,2015-06-18,4472,626,1,1,"0","0"
571,4,2015-06-18,8502,582,1,1,"0","0"
572,4,2015-06-18,8340,639,1,1,"0","0"
573,4,2015-06-18,3813,292,1,1,"0","0"
574,4,2015-06-18,9320,652,1,1,"0","0"
575,4,2015-06-18,5732,496,1,1,"0","0"
576,4,2015-06-18,6844,941,1,1,"0","0"
577,4,2015-06-18,4480,493,1,1,"0","0"
578,4,2015-06-18,9657,869,1,1,"0","0"
579,4,2015-06-18,8556,873,1,1,"0","0"
580,4,2015-06-18,9589,1415,1,1,"0","0"
581,4,2015-06-18,5527,533,1,1,"0","0"
582,4,2015-06-18,5781,732,1,1,"0","0"
583,4,2015-06-18,4701,436,1,1,"0","0"
584,4,2015-06-18,5270,425,1,1,"0","0"
585,4,2015-06-18,5099,746,1,1,"0","0"
586,4,2015-06-18,15931,2244,1,1,"0","0"
587,4,2015-06-18,11664,796,1,1,"0","0"
588,4,2015-06-18,6469,662,1,1,"0","0"
589,4,2015-06-18,5523,531,1,1,"0","0"
590,4,2015-06-18,5243,380,1,1,"0","0"
591,4,2015-06-18,6022,491,1,1,"0","0"
592,4,2015-06-18,5144,691,1,1,"0","0"
593,4,2015-06-18,11723,1524,1,1,"0","0"
594,4,2015-06-18,4638,496,1,1,"0","0"
595,4,2015-06-18,14043,1647,1,1,"0","0"
596,4,2015-06-18,4484,668,1,1,"0","0"
597,4,2015-06-18,4917,740,1,1,"0","0"
598,4,2015-06-18,5801,700,1,1,"0","0"
599,4,2015-06-18,9541,840,1,1,"0","0"
600,4,2015-06-18,7062,609,1,1,"0","0"
601,4,2015-06-18,4648,342,1,1,"0","0"
602,4,2015-06-18,6161,592,1,1,"0","0"
603,4,2015-06-18,7804,982,1,1,"0","0"
604,4,2015-06-18,7434,488,1,1,"0","0"
605,4,2015-06-18,8235,513,1,1,"0","0"
606,4,2015-06-18,5978,590,1,1,"0","0"
607,4,2015-06-18,3639,401,1,1,"0","0"
608,4,2015-06-18,10454,1005,1,1,"0","0"
609,4,2015-06-18,4684,508,1,1,"0","0"
610,4,2015-06-18,4444,550,1,1,"0","0"
611,4,2015-06-18,4832,418,1,1,"0","0"
612,4,2015-06-18,7211,422,1,1,"0","0"
613,4,2015-06-18,6015,873,1,1,"0","0"
614,4,2015-06-18,5951,851,1,1,"0","0"
615,4,2015-06-18,9358,1176,1,1,"0","0"
616,4,2015-06-18,9157,818,1,1,"0","0"
617,4,2015-06-18,6202,572,1,1,"0","0"
618,4,2015-06-18,7694,543,1,1,"0","0"
619,4,2015-06-18,4562,406,1,1,"0","0"
620,4,2015-06-18,8475,724,1,1,"0","0"
621,4,2015-06-18,6263,812,1,1,"0","0"
622,4,2015-06-18,4619,426,1,1,"0","0"
623,4,2015-06-18,7676,855,1,1,"0","0"
624,4,2015-06-18,7146,726,1,1,"0","0"
625,4,2015-06-18,8078,685,1,1,"0","0"
626,4,2015-06-18,11401,951,1,1,"0","0"
627,4,2015-06-18,6609,601,1,1,"0","0"
628,4,2015-06-18,6288,753,1,1,"0","0"
629,4,2015-06-18,8328,605,1,1,"0","0"
630,4,2015-06-18,5936,747,1,1,"0","0"
631,4,2015-06-18,5837,635,1,1,"0","0"
632,4,2015-06-18,7715,939,1,1,"0","0"
633,4,2015-06-18,6586,476,1,1,"0","0"
634,4,2015-06-18,8563,757,1,1,"0","0"
635,4,2015-06-18,6688,636,1,1,"0","0"
636,4,2015-06-18,6542,710,1,1,"0","0"
637,4,2015-06-18,9591,749,1,1,"0","0"
638,4,2015-06-18,6712,523,1,1,"0","0"
639,4,2015-06-18,4474,478,1,1,"0","0"
640,4,2015-06-18,13223,918,1,1,"0","0"
641,4,2015-06-18,7007,631,1,1,"0","0"
642,4,2015-06-18,3867,504,1,1,"0","0"
643,4,2015-06-18,6751,853,1,1,"0","0"
644,4,2015-06-18,8915,903,1,1,"0","0"
645,4,2015-06-18,9590,1118,1,1,"0","0"
646,4,2015-06-18,5373,743,1,1,"0","0"
647,4,2015-06-18,6591,692,1,1,"0","0"
648,4,2015-06-18,6208,544,1,1,"0","0"
649,4,2015-06-18,3843,401,1,1,"0","0"
650,4,2015-06-18,5610,569,1,1,"0","0"
651,4,2015-06-18,7840,952,1,1,"0","0"
652,4,2015-06-18,7816,795,1,1,"0","0"
653,4,2015-06-18,6050,507,1,1,"0","0"
654,4,2015-06-18,6869,710,1,1,"0","0"
655,4,2015-06-18,9971,786,1,1,"0","0"
656,4,2015-06-18,3118,357,1,1,"0","0"
657,4,2015-06-18,6060,671,1,1,"0","0"
658,4,2015-06-18,6569,603,1,1,"0","0"
659,4,2015-06-18,5729,705,1,1,"0","0"
660,4,2015-06-18,4971,496,1,1,"0","0"
661,4,2015-06-18,6761,537,1,1,"0","0"
662,4,2015-06-18,9215,856,1,1,"0","0"
663,4,2015-06-18,5629,616,1,1,"0","0"
664,4,2015-06-18,5691,659,1,1,"0","0"
665,4,2015-06-18,8400,1238,1,1,"0","0"
666,4,2015-06-18,8677,729,1,1,"0","0"
667,4,2015-06-18,9233,812,1,1,"0","0"
668,4,2015-06-18,8080,1018,1,1,"0","0"
669,4,2015-06-18,5290,433,1,1,"0","0"
670,4,2015-06-18,6403,630,1,1,"0","0"
671,4,2015-06-18,7209,620,1,1,"0","0"
672,4,2015-06-18,8288,1225,1,1,"0","0"
673,4,2015-06-18,7223,598,1,1,"0","0"
674,4,2015-06-18,8328,924,1,1,"0","0"
675,4,2015-06-18,5686,589,1,1,"0","0"
676,4,2015-06-18,8929,1896,1,1,"0","0"
677,4,2015-06-18,8243,611,1,1,"0","0"
678,4,2015-06-18,7932,823,1,1,"0","0"
679,4,2015-06-18,9872,1025,1,1,"0","0"
680,4,2015-06-18,4107,713,1,1,"0","0"
681,4,2015-06-18,3809,530,1,1,"0","0"
682,4,2015-06-18,13195,1916,1,1,"0","0"
683,4,2015-06-18,9105,882,1,1,"0","0"
684,4,2015-06-18,9467,666,1,1,"0","0"
685,4,2015-06-18,6842,582,1,1,"0","0"
686,4,2015-06-18,6808,836,1,1,"0","0"
687,4,2015-06-18,9188,782,1,1,"0","0"
688,4,2015-06-18,4229,392,1,1,"0","0"
689,4,2015-06-18,7522,729,1,1,"0","0"
690,4,2015-06-18,5656,769,1,1,"0","0"
691,4,2015-06-18,9457,651,1,1,"0","0"
692,4,2015-06-18,8993,890,1,1,"0","0"
693,4,2015-06-18,8404,531,1,1,"0","0"
694,4,2015-06-18,8227,725,1,1,"0","0"
695,4,2015-06-18,8366,651,1,1,"0","0"
696,4,2015-06-18,9781,984,1,1,"0","0"
697,4,2015-06-18,12634,1047,1,1,"0","0"
698,4,2015-06-18,15333,1869,1,1,"0","0"
699,4,2015-06-18,7918,845,1,1,"0","0"
700,4,2015-06-18,5533,630,1,1,"0","0"
701,4,2015-06-18,6431,602,1,1,"0","0"
702,4,2015-06-18,4648,368,1,1,"0","0"
703,4,2015-06-18,3523,367,1,1,"0","0"
704,4,2015-06-18,11231,1153,1,1,"0","0"
705,4,2015-06-18,7090,833,1,1,"0","0"
706,4,2015-06-18,5466,458,1,1,"0","0"
707,4,2015-06-18,8372,878,1,1,"0","0"
708,4,2015-06-18,6696,619,1,1,"0","0"
709,4,2015-06-18,11101,1446,1,1,"0","0"
710,4,2015-06-18,5543,453,1,1,"0","0"
711,4,2015-06-18,5724,459,1,1,"0","0"
712,4,2015-06-18,6333,547,1,1,"0","0"
713,4,2015-06-18,9853,1103,1,1,"0","0"
714,4,2015-06-18,5309,374,1,1,"0","0"
715,4,2015-06-18,6365,676,1,1,"0","0"
716,4,2015-06-18,5393,394,1,1,"0","0"
717,4,2015-06-18,5919,575,1,1,"0","0"
718,4,2015-06-18,6358,694,1,1,"0","0"
719,4,2015-06-18,5737,462,1,1,"0","0"
720,4,2015-06-18,7050,676,1,1,"0","0"
721,4,2015-06-18,7447,678,1,1,"0","0"
722,4,2015-06-18,7315,1176,1,1,"0","0"
723,4,2015-06-18,8361,598,1,1,"0","0"
724,4,2015-06-18,8420,813,1,1,"0","0"
725,4,2015-06-18,6268,649,1,1,"0","0"
726,4,2015-06-18,12154,1123,1,1,"0","0"
727,4,2015-06-18,4527,452,1,1,"0","0"
728,4,2015-06-18,5405,444,1,1,"0","0"
729,4,2015-06-18,11456,1099,1,1,"0","0"
730,4,2015-06-18,7083,784,1,1,"0","0"
731,4,2015-06-18,9948,942,1,1,"0","0"
732,4,2015-06-18,6982,875,1,1,"0","0"
733,4,2015-06-18,15269,3410,1,1,"0","0"
734,4,2015-06-18,6760,560,1,1,"0","0"
735,4,2015-06-18,5800,577,1,1,"0","0"
736,4,2015-06-18,5508,513,1,1,"0","0"
737,4,2015-06-18,6425,909,1,1,"0","0"
738,4,2015-06-18,10054,753,1,1,"0","0"
739,4,2015-06-18,12021,896,1,1,"0","0"
740,4,2015-06-18,7840,529,1,1,"0","0"
741,4,2015-06-18,8232,981,1,1,"0","0"
742,4,2015-06-18,8603,876,1,1,"0","0"
743,4,2015-06-18,4120,426,1,1,"0","0"
744,4,2015-06-18,7823,807,1,1,"0","0"
745,4,2015-06-18,7540,695,1,1,"0","0"
746,4,2015-06-18,7633,548,1,1,"0","0"
747,4,2015-06-18,8132,702,1,1,"0","0"
748,4,2015-06-18,7260,550,1,1,"0","0"
749,4,2015-06-18,4151,511,1,1,"0","0"
750,4,2015-06-18,5500,375,1,1,"0","0"
751,4,2015-06-18,4384,605,1,1,"0","0"
752,4,2015-06-18,5514,474,1,1,"0","0"
753,4,2015-06-18,8771,763,1,1,"0","0"
754,4,2015-06-18,8453,957,1,1,"0","0"
755,4,2015-06-18,11280,873,1,1,"0","0"
756,4,2015-06-18,17356,2260,1,1,"0","0"
757,4,2015-06-18,6502,523,1,1,"0","0"
758,4,2015-06-18,4799,635,1,1,"0","0"
759,4,2015-06-18,7780,773,1,1,"0","0"
760,4,2015-06-18,7662,1211,1,1,"0","0"
761,4,2015-06-18,9587,1070,1,1,"0","0"
762,4,2015-06-18,4959,464,1,1,"0","0"
763,4,2015-06-18,6012,571,1,1,"0","0"
764,4,2015-06-18,4830,492,1,1,"0","0"
765,4,2015-06-18,9314,734,1,1,"0","0"
766,4,2015-06-18,6688,560,1,1,"0","0"
767,4,2015-06-18,5709,592,1,1,"0","0"
768,4,2015-06-18,13993,1351,1,1,"0","0"
769,4,2015-06-18,11388,3410,1,1,"0","0"
770,4,2015-06-18,5693,652,1,1,"0","0"
771,4,2015-06-18,6575,673,1,1,"0","0"
772,4,2015-06-18,3708,508,1,1,"0","0"
773,4,2015-06-18,6119,803,1,1,"0","0"
774,4,2015-06-18,5457,701,1,1,"0","0"
775,4,2015-06-18,8761,581,1,1,"0","0"
776,4,2015-06-18,5788,582,1,1,"0","0"
777,4,2015-06-18,5032,394,1,1,"0","0"
778,4,2015-06-18,5804,755,1,1,"0","0"
779,4,2015-06-18,8475,780,1,1,"0","0"
780,4,2015-06-18,7745,900,1,1,"0","0"
781,4,2015-06-18,5173,740,1,1,"0","0"
782,4,2015-06-18,7254,614,1,1,"0","0"
783,4,2015-06-18,7687,713,1,1,"0","0"
784,4,2015-06-18,6841,647,1,1,"0","0"
785,4,2015-06-18,6836,601,1,1,"0","0"
786,4,2015-06-18,3958,584,1,1,"0","0"
787,4,2015-06-18,10820,1112,1,1,"0","0"
788,4,2015-06-18,18575,1658,1,1,"0","0"
789,4,2015-06-18,3984,533,1,1,"0","0"
790,4,2015-06-18,7918,678,1,1,"0","0"
791,4,2015-06-18,9529,950,1,1,"0","0"
792,4,2015-06-18,7912,692,1,1,"0","0"
793,4,2015-06-18,5273,483,1,1,"0","0"
794,4,2015-06-18,3260,550,1,1,"0","0"
795,4,2015-06-18,4943,489,1,1,"0","0"
796,4,2015-06-18,9337,805,1,1,"0","0"
797,4,2015-06-18,5257,449,1,1,"0","0"
798,4,2015-06-18,8016,893,1,1,"0","0"
799,4,2015-06-18,10458,910,1,1,"0","0"
800,4,2015-06-18,4840,435,1,1,"0","0"
801,4,2015-06-18,5173,524,1,1,"0","0"
802,4,2015-06-18,8039,571,1,1,"0","0"
803,4,2015-06-18,6762,492,1,1,"0","0"
804,4,2015-06-18,5022,414,1,1,"0","0"
805,4,2015-06-18,7122,565,1,1,"0","0"
806,4,2015-06-18,8013,583,1,1,"0","0"
807,4,2015-06-18,9120,936,1,1,"0","0"
808,4,2015-06-18,8851,668,1,1,"0","0"
809,4,2015-06-18,11626,898,1,1,"0","0"
810,4,2015-06-18,6435,510,1,1,"0","0"
811,4,2015-06-18,3814,621,1,1,"0","0"
812,4,2015-06-18,6875,807,1,1,"0","0"
813,4,2015-06-18,5570,589,1,1,"0","0"
814,4,2015-06-18,10170,784,1,1,"0","0"
815,4,2015-06-18,5808,571,1,1,"0","0"
816,4,2015-06-18,5160,697,1,1,"0","0"
817,4,2015-06-18,23337,3169,1,1,"0","0"
818,4,2015-06-18,7226,722,1,1,"0","0"
819,4,2015-06-18,6627,550,1,1,"0","0"
820,4,2015-06-18,11716,1032,1,1,"0","0"
821,4,2015-06-18,7254,850,1,1,"0","0"
822,4,2015-06-18,7177,573,1,1,"0","0"
823,4,2015-06-18,6362,595,1,1,"0","0"
824,4,2015-06-18,6862,872,1,1,"0","0"
825,4,2015-06-18,4901,559,1,1,"0","0"
826,4,2015-06-18,10301,819,1,1,"0","0"
827,4,2015-06-18,13519,1669,1,1,"0","0"
828,4,2015-06-18,5168,611,1,1,"0","0"
829,4,2015-06-18,5334,663,1,1,"0","0"
830,4,2015-06-18,6747,545,1,1,"0","0"
831,4,2015-06-18,14860,1746,1,1,"0","0"
832,4,2015-06-18,6329,514,1,1,"0","0"
833,4,2015-06-18,6355,512,1,1,"0","0"
834,4,2015-06-18,6345,690,1,1,"0","0"
835,4,2015-06-18,5611,625,1,1,"0","0"
836,4,2015-06-18,6829,793,1,1,"0","0"
837,4,2015-06-18,4056,551,1,1,"0","0"
838,4,2015-06-18,8978,861,1,1,"0","0"
839,4,2015-06-18,3939,528,1,1,"0","0"
840,4,2015-06-18,6748,939,1,1,"0","0"
841,4,2015-06-18,2812,379,1,1,"0","0"
842,4,2015-06-18,18954,1127,1,1,"0","0"
843,4,2015-06-18,8949,965,1,1,"0","0"
844,4,2015-06-18,4485,464,1,1,"0","0"
845,4,2015-06-18,5207,369,1,1,"0","0"
846,4,2015-06-18,10577,866,1,1,"0","0"
847,4,2015-06-18,6205,837,1,1,"0","0"
848,4,2015-06-18,6817,696,1,1,"0","0"
849,4,2015-06-18,8105,823,1,1,"0","0"
850,4,2015-06-18,7611,657,1,1,"0","0"
851,4,2015-06-18,5406,448,1,1,"0","0"
852,4,2015-06-18,5276,587,1,1,"0","0"
853,4,2015-06-18,9198,979,1,1,"0","0"
854,4,2015-06-18,6748,646,1,1,"0","0"
855,4,2015-06-18,5238,546,1,1,"0","0"
856,4,2015-06-18,7498,930,1,1,"0","0"
857,4,2015-06-18,8127,880,1,1,"0","0"
858,4,2015-06-18,4803,405,1,1,"0","0"
859,4,2015-06-18,6667,694,1,1,"0","0"
860,4,2015-06-18,6162,762,1,1,"0","0"
861,4,2015-06-18,3575,548,1,1,"0","0"
862,4,2015-06-18,7778,1028,1,1,"0","0"
863,4,2015-06-18,8227,967,1,1,"0","0"
864,4,2015-06-18,4344,619,1,1,"0","0"
865,4,2015-06-18,8520,691,1,1,"0","0"
866,4,2015-06-18,7994,548,1,1,"0","0"
867,4,2015-06-18,5009,453,1,1,"0","0"
868,4,2015-06-18,10826,666,1,1,"0","0"
869,4,2015-06-18,6615,844,1,1,"0","0"
870,4,2015-06-18,7569,986,1,1,"0","0"
871,4,2015-06-18,6849,488,1,1,"0","0"
872,4,2015-06-18,8929,809,1,1,"0","0"
873,4,2015-06-18,3842,438,1,1,"0","0"
874,4,2015-06-18,4739,519,1,1,"0","0"
875,4,2015-06-18,5362,474,1,1,"0","0"
876,4,2015-06-18,11353,1236,1,1,"0","0"
877,4,2015-06-18,5951,838,1,1,"0","0"
878,4,2015-06-18,8819,796,1,1,"0","0"
879,4,2015-06-18,4491,386,1,1,"0","0"
880,4,2015-06-18,7021,737,1,1,"0","0"
881,4,2015-06-18,3897,603,1,1,"0","0"
882,4,2015-06-18,6253,763,1,1,"0","0"
883,4,2015-06-18,4794,496,1,1,"0","0"
884,4,2015-06-18,7180,608,1,1,"0","0"
885,4,2015-06-18,5815,777,1,1,"0","0"
886,4,2015-06-18,7699,698,1,1,"0","0"
887,4,2015-06-18,7495,602,1,1,"0","0"
888,4,2015-06-18,8824,769,1,1,"0","0"
889,4,2015-06-18,4631,496,1,1,"0","0"
890,4,2015-06-18,6787,447,1,1,"0","0"
891,4,2015-06-18,6621,914,1,1,"0","0"
892,4,2015-06-18,8868,823,1,1,"0","0"
893,4,2015-06-18,6098,702,1,1,"0","0"
894,4,2015-06-18,9601,1057,1,1,"0","0"
895,4,2015-06-18,8456,774,1,1,"0","0"
896,4,2015-06-18,7274,1054,1,1,"0","0"
897,4,2015-06-18,3332,330,1,1,"0","0"
898,4,2015-06-18,8125,858,1,1,"0","0"
899,4,2015-06-18,5757,557,1,1,"0","0"
900,4,2015-06-18,6121,545,1,1,"0","0"
901,4,2015-06-18,7655,651,1,1,"0","0"
902,4,2015-06-18,4074,560,1,1,"0","0"
903,4,2015-06-18,10498,757,1,1,"0","0"
904,4,2015-06-18,5195,416,1,1,"0","0"
905,4,2015-06-18,7319,1060,1,1,"0","0"
906,4,2015-06-18,9871,1104,1,1,"0","0"
907,4,2015-06-18,7280,927,1,1,"0","0"
908,4,2015-06-18,4942,391,1,1,"0","0"
909,4,2015-06-18,10528,937,1,1,"0","0"
910,4,2015-06-18,6103,550,1,1,"0","0"
911,4,2015-06-18,9817,903,1,1,"0","0"
912,4,2015-06-18,5365,679,1,1,"0","0"
913,4,2015-06-18,9174,1063,1,1,"0","0"
914,4,2015-06-18,10281,1187,1,1,"0","0"
915,4,2015-06-18,6215,464,1,1,"0","0"
916,4,2015-06-18,5323,654,1,1,"0","0"
917,4,2015-06-18,7697,760,1,1,"0","0"
918,4,2015-06-18,5633,578,1,1,"0","0"
919,4,2015-06-18,5434,643,1,1,"0","0"
920,4,2015-06-18,5705,550,1,1,"0","0"
921,4,2015-06-18,9531,1082,1,1,"0","0"
922,4,2015-06-18,8294,761,1,1,"0","0"
923,4,2015-06-18,5755,700,1,1,"0","0"
924,4,2015-06-18,4549,444,1,1,"0","0"
925,4,2015-06-18,6415,1063,1,1,"0","0"
926,4,2015-06-18,8537,587,1,1,"0","0"
927,4,2015-06-18,7127,877,1,1,"0","0"
928,4,2015-06-18,9470,669,1,1,"0","0"
929,4,2015-06-18,5852,695,1,1,"0","0"
930,4,2015-06-18,6564,1058,1,1,"0","0"
931,4,2015-06-18,4169,524,1,1,"0","0"
932,4,2015-06-18,7392,654,1,1,"0","0"
933,4,2015-06-18,7739,821,1,1,"0","0"
934,4,2015-06-18,7165,649,1,1,"0","0"
935,4,2015-06-18,6027,620,1,1,"0","0"
936,4,2015-06-18,6932,838,1,1,"0","0"
937,4,2015-06-18,8614,621,1,1,"0","0"
938,4,2015-06-18,9244,938,1,1,"0","0"
939,4,2015-06-18,5807,546,1,1,"0","0"
940,4,2015-06-18,7621,751,1,1,"0","0"
941,4,2015-06-18,5396,557,1,1,"0","0"
942,4,2015-06-18,7309,533,1,1,"0","0"
943,4,2015-06-18,7825,641,1,1,"0","0"
944,4,2015-06-18,6877,1070,1,1,"0","0"
945,4,2015-06-18,4273,472,1,1,"0","0"
946,4,2015-06-18,4178,500,1,1,"0","0"
947,4,2015-06-18,7183,924,1,1,"0","0"
948,4,2015-06-18,8386,2008,1,1,"0","0"
949,4,2015-06-18,6633,561,1,1,"0","0"
950,4,2015-06-18,5642,518,1,1,"0","0"
951,4,2015-06-18,9304,789,1,1,"0","0"
952,4,2015-06-18,5333,450,1,1,"0","0"
953,4,2015-06-18,5997,592,1,1,"0","0"
954,4,2015-06-18,6644,782,1,1,"0","0"
955,4,2015-06-18,5305,501,1,1,"0","0"
956,4,2015-06-18,3478,458,1,1,"0","0"
957,4,2015-06-18,8042,880,1,1,"0","0"
958,4,2015-06-18,4234,543,1,1,"0","0"
959,4,2015-06-18,7476,782,1,1,"0","0"
960,4,2015-06-18,7839,596,1,1,"0","0"
961,4,2015-06-18,6671,651,1,1,"0","0"
962,4,2015-06-18,7918,942,1,1,"0","0"
963,4,2015-06-18,11635,1081,1,1,"0","0"
964,4,2015-06-18,8394,1045,1,1,"0","0"
965,4,2015-06-18,8603,866,1,1,"0","0"
966,4,2015-06-18,5140,618,1,1,"0","0"
967,4,2015-06-18,9303,962,1,1,"0","0"
968,4,2015-06-18,7719,912,1,1,"0","0"
969,4,2015-06-18,3763,590,1,1,"0","0"
970,4,2015-06-18,3187,422,1,1,"0","0"
971,4,2015-06-18,8764,976,1,1,"0","0"
972,4,2015-06-18,3464,386,1,1,"0","0"
973,4,2015-06-18,7645,861,1,1,"0","0"
974,4,2015-06-18,12374,1617,1,1,"0","0"
975,4,2015-06-18,8492,827,1,1,"0","0"
976,4,2015-06-18,6952,720,1,1,"0","0"
977,4,2015-06-18,5315,517,1,1,"0","0"
978,4,2015-06-18,6926,892,1,1,"0","0"
979,4,2015-06-18,7759,686,1,1,"0","0"
980,4,2015-06-18,6449,442,1,1,"0","0"
981,4,2015-06-18,8057,811,1,1,"0","0"
982,4,2015-06-18,9528,775,1,1,"0","0"
983,4,2015-06-18,9001,1165,1,1,"0","0"
984,4,2015-06-18,7090,744,1,1,"0","0"
985,4,2015-06-18,8825,775,1,1,"0","0"
986,4,2015-06-18,5284,624,1,1,"0","0"
987,4,2015-06-18,7385,850,1,1,"0","0"
988,4,2015-06-18,5562,792,1,1,"0","0"
989,4,2015-06-18,6029,592,1,1,"0","0"
990,4,2015-06-18,7465,622,1,1,"0","0"
991,4,2015-06-18,6363,516,1,1,"0","0"
992,4,2015-06-18,5771,682,1,1,"0","0"
993,4,2015-06-18,8853,784,1,1,"0","0"
994,4,2015-06-18,5623,511,1,1,"0","0"
995,4,2015-06-18,10453,780,1,1,"0","0"
996,4,2015-06-18,8528,825,1,1,"0","0"
997,4,2015-06-18,5922,446,1,1,"0","0"
998,4,2015-06-18,4159,476,1,1,"0","0"
999,4,2015-06-18,10667,775,1,1,"0","0"
1000,4,2015-06-18,6711,601,1,1,"0","0"
1001,4,2015-06-18,7077,701,1,1,"0","0"
1002,4,2015-06-18,8078,774,1,1,"0","0"
1003,4,2015-06-18,7810,716,1,1,"0","0"
1004,4,2015-06-18,6012,476,1,1,"0","0"
1005,4,2015-06-18,5997,897,1,1,"0","0"
1006,4,2015-06-18,6189,769,1,1,"0","0"
1007,4,2015-06-18,7080,805,1,1,"0","0"
1008,4,2015-06-18,6012,727,1,1,"0","0"
1009,4,2015-06-18,4983,453,1,1,"0","0"
1010,4,2015-06-18,9205,804,1,1,"0","0"
1011,4,2015-06-18,6643,780,1,1,"0","0"
1012,4,2015-06-18,6128,477,1,1,"0","0"
1013,4,2015-06-18,4143,435,1,1,"0","0"
1014,4,2015-06-18,10898,1145,1,1,"0","0"
1015,4,2015-06-18,7501,567,1,1,"0","0"
1016,4,2015-06-18,6086,557,1,1,"0","0"
1017,4,2015-06-18,7745,1035,1,1,"0","0"
1018,4,2015-06-18,11425,1226,1,1,"0","0"
1019,4,2015-06-18,9445,736,1,1,"0","0"
1020,4,2015-06-18,7311,891,1,1,"0","0"
1021,4,2015-06-18,7967,987,1,1,"0","0"
1022,4,2015-06-18,7820,844,1,1,"0","0"
1023,4,2015-06-18,6384,613,1,1,"0","0"
1024,4,2015-06-18,6449,759,1,1,"0","0"
1025,4,2015-06-18,7168,846,1,1,"0","0"
1026,4,2015-06-18,10138,1107,1,1,"0","0"
1027,4,2015-06-18,11561,1306,1,1,"0","0"
1028,4,2015-06-18,5042,533,1,1,"0","0"
1029,4,2015-06-18,6631,877,1,1,"0","0"
1030,4,2015-06-18,4196,403,1,1,"0","0"
1031,4,2015-06-18,5973,447,1,1,"0","0"
1032,4,2015-06-18,9360,922,1,1,"0","0"
1033,4,2015-06-18,14541,1304,1,1,"0","0"
1034,4,2015-06-18,6875,780,1,1,"0","0"
1035,4,2015-06-18,5544,635,1,1,"0","0"
1036,4,2015-06-18,5294,484,1,1,"0","0"
1037,4,2015-06-18,7176,914,1,1,"0","0"
1038,4,2015-06-18,5869,496,1,1,"0","0"
1039,4,2015-06-18,7763,925,1,1,"0","0"
1040,4,2015-06-18,10196,920,1,1,"0","0"
1041,4,2015-06-18,6407,653,1,1,"0","0"
1042,4,2015-06-18,4018,536,1,1,"0","0"
1043,4,2015-06-18,7779,989,1,1,"0","0"
1044,4,2015-06-18,6486,840,1,1,"0","0"
1045,4,2015-06-18,8701,1068,1,1,"0","0"
1046,4,2015-06-18,9907,706,1,1,"0","0"
1047,4,2015-06-18,5697,548,1,1,"0","0"
1048,4,2015-06-18,7918,550,1,1,"0","0"
1049,4,2015-06-18,3974,627,1,1,"0","0"
1050,4,2015-06-18,7501,514,1,1,"0","0"
1051,4,2015-06-18,8021,1049,1,1,"0","0"
1052,4,2015-06-18,7825,750,1,1,"0","0"
1053,4,2015-06-18,9190,1002,1,1,"0","0"
1054,4,2015-06-18,7078,647,1,1,"0","0"
1055,4,2015-06-18,7510,935,1,1,"0","0"
1056,4,2015-06-18,4113,377,1,1,"0","0"
1057,4,2015-06-18,7181,669,1,1,"0","0"
1058,4,2015-06-18,7674,710,1,1,"0","0"
1059,4,2015-06-18,8924,1145,1,1,"0","0"
1060,4,2015-06-18,7998,815,1,1,"0","0"
1061,4,2015-06-18,9131,611,1,1,"0","0"
1062,4,2015-06-18,6002,533,1,1,"0","0"
1063,4,2015-06-18,4934,563,1,1,"0","0"
1064,4,2015-06-18,9493,1026,1,1,"0","0"
1065,4,2015-06-18,4474,505,1,1,"0","0"
1066,4,2015-06-18,12025,1105,1,1,"0","0"
1067,4,2015-06-18,7917,564,1,1,"0","0"
1068,4,2015-06-18,4172,315,1,1,"0","0"
1069,4,2015-06-18,6215,698,1,1,"0","0"
1070,4,2015-06-18,6711,779,1,1,"0","0"
1071,4,2015-06-18,6260,751,1,1,"0","0"
1072,4,2015-06-18,8357,707,1,1,"0","0"
1073,4,2015-06-18,10434,1107,1,1,"0","0"
1074,4,2015-06-18,6175,577,1,1,"0","0"
1075,4,2015-06-18,10591,1049,1,1,"0","0"
1076,4,2015-06-18,4125,602,1,1,"0","0"
1077,4,2015-06-18,5530,562,1,1,"0","0"
1078,4,2015-06-18,7928,541,1,1,"0","0"
1079,4,2015-06-18,9611,706,1,1,"0","0"
1080,4,2015-06-18,10891,814,1,1,"0","0"
1081,4,2015-06-18,7776,1146,1,1,"0","0"
1082,4,2015-06-18,7277,1032,1,1,"0","0"
1083,4,2015-06-18,5442,371,1,1,"0","0"
1084,4,2015-06-18,6166,727,1,1,"0","0"
1085,4,2015-06-18,7842,727,1,1,"0","0"
1086,4,2015-06-18,6530,714,1,1,"0","0"
1087,4,2015-06-18,6262,624,1,1,"0","0"
1088,4,2015-06-18,6227,550,1,1,"0","0"
1089,4,2015-06-18,11235,990,1,1,"0","0"
1090,4,2015-06-18,7420,790,1,1,"0","0"
1091,4,2015-06-18,9114,741,1,1,"0","0"
1092,4,2015-06-18,11233,1100,1,1,"0","0"
1093,4,2015-06-18,9726,960,1,1,"0","0"
1094,4,2015-06-18,4572,347,1,1,"0","0"
1095,4,2015-06-18,5177,690,1,1,"0","0"
1096,4,2015-06-18,6114,616,1,1,"0","0"
1097,4,2015-06-18,10720,2637,1,1,"0","0"
1098,4,2015-06-18,5512,696,1,1,"0","0"
1099,4,2015-06-18,7431,994,1,1,"0","0"
1100,4,2015-06-18,5371,635,1,1,"0","0"
1101,4,2015-06-18,10641,988,1,1,"0","0"
1102,4,2015-06-18,6448,648,1,1,"0","0"
1103,4,2015-06-18,5373,389,1,1,"0","0"
1104,4,2015-06-18,5794,418,1,1,"0","0"
1105,4,2015-06-18,5379,576,1,1,"0","0"
1106,4,2015-06-18,5624,595,1,1,"0","0"
1107,4,2015-06-18,6581,614,1,1,"0","0"
1108,4,2015-06-18,7180,672,1,1,"0","0"
1109,4,2015-06-18,5227,400,1,1,"0","0"
1110,4,2015-06-18,5281,616,1,1,"0","0"
1111,4,2015-06-18,5495,448,1,1,"0","0"
1112,4,2015-06-18,10243,829,1,1,"0","0"
1113,4,2015-06-18,6662,734,1,1,"0","0"
1114,4,2015-06-18,21282,2982,1,1,"0","0"
1115,4,2015-06-18,7495,463,1,1,"0","0"
1,3,2015-06-17,4000,476,1,1,"0","0"
2,3,2015-06-17,6924,805,1,1,"0","0"
3,3,2015-06-17,8524,821,1,1,"0","0"
4,3,2015-06-17,9685,1254,1,1,"0","0"
5,3,2015-06-17,5632,651,1,1,"0","0"
6,3,2015-06-17,5135,586,1,1,"0","0"
7,3,2015-06-17,9041,935,1,1,"0","0"
8,3,2015-06-17,7751,768,1,1,"0","0"
9,3,2015-06-17,8045,632,1,1,"0","0"
10,3,2015-06-17,6338,622,1,1,"0","0"
11,3,2015-06-17,8557,1174,1,1,"0","0"
12,3,2015-06-17,10070,1025,1,1,"0","0"
13,3,2015-06-17,5885,403,1,1,"0","0"
14,3,2015-06-17,6108,662,1,1,"0","0"
15,3,2015-06-17,7026,681,1,1,"0","0"
16,3,2015-06-17,9922,1036,1,1,"0","0"
17,3,2015-06-17,7672,860,1,1,"0","0"
18,3,2015-06-17,8194,842,1,1,"0","0"
19,3,2015-06-17,9076,753,1,1,"0","0"
20,3,2015-06-17,9647,1010,1,1,"0","0"
21,3,2015-06-17,5302,492,1,1,"0","0"
22,3,2015-06-17,5407,522,1,1,"0","0"
23,3,2015-06-17,5886,483,1,1,"0","0"
24,3,2015-06-17,10717,907,1,1,"0","0"
25,3,2015-06-17,12022,1492,1,1,"0","0"
26,3,2015-06-17,7037,527,1,1,"0","0"
27,3,2015-06-17,11877,1210,1,1,"0","0"
28,3,2015-06-17,5316,544,1,1,"0","0"
29,3,2015-06-17,9075,732,1,1,"0","0"
30,3,2015-06-17,4213,617,1,1,"0","0"
31,3,2015-06-17,6306,551,1,1,"0","0"
32,3,2015-06-17,5405,588,1,1,"0","0"
33,3,2015-06-17,8899,839,1,1,"0","0"
34,3,2015-06-17,8482,980,1,1,"0","0"
35,3,2015-06-17,13833,888,1,1,"0","0"
36,3,2015-06-17,9866,1092,1,1,"0","0"
37,3,2015-06-17,6197,609,1,1,"0","0"
38,3,2015-06-17,7538,545,1,1,"0","0"
39,3,2015-06-17,5593,705,1,1,"0","0"
40,3,2015-06-17,4398,566,1,1,"0","0"
41,3,2015-06-17,5709,400,1,1,"0","0"
42,3,2015-06-17,12636,1256,1,1,"0","0"
43,3,2015-06-17,7895,678,1,1,"0","0"
44,3,2015-06-17,5812,668,1,1,"0","0"
45,3,2015-06-17,6129,437,1,1,"0","0"
46,3,2015-06-17,6353,673,1,1,"0","0"
47,3,2015-06-17,9298,1061,1,1,"0","0"
48,3,2015-06-17,3895,402,1,1,"0","0"
49,3,2015-06-17,7977,522,1,1,"0","0"
50,3,2015-06-17,4485,369,1,1,"0","0"
51,3,2015-06-17,7191,455,1,1,"0","0"
52,3,2015-06-17,7157,420,1,1,"0","0"
53,3,2015-06-17,5382,545,1,1,"0","0"
54,3,2015-06-17,8354,678,1,1,"0","0"
55,3,2015-06-17,5624,630,1,1,"0","0"
56,3,2015-06-17,8083,523,1,1,"0","0"
57,3,2015-06-17,9884,859,1,1,"0","0"
58,3,2015-06-17,7959,550,1,1,"0","0"
59,3,2015-06-17,5925,598,1,1,"0","0"
60,3,2015-06-17,11237,916,1,1,"0","0"
61,3,2015-06-17,6969,642,1,1,"0","0"
62,3,2015-06-17,8281,813,1,1,"0","0"
63,3,2015-06-17,8916,677,1,1,"0","0"
64,3,2015-06-17,11817,795,1,1,"0","0"
65,3,2015-06-17,5876,479,1,1,"0","0"
66,3,2015-06-17,6609,482,1,1,"0","0"
67,3,2015-06-17,8556,867,1,1,"0","0"
68,3,2015-06-17,7600,1127,1,1,"0","0"
69,3,2015-06-17,9198,1155,1,1,"0","0"
70,3,2015-06-17,7004,694,1,1,"0","0"
71,3,2015-06-17,10307,781,1,1,"0","0"
72,3,2015-06-17,5368,522,1,1,"0","0"
73,3,2015-06-17,5104,519,1,1,"0","0"
74,3,2015-06-17,7029,895,1,1,"0","0"
75,3,2015-06-17,6039,633,1,1,"0","0"
76,3,2015-06-17,9148,905,1,1,"0","0"
77,3,2015-06-17,7647,611,1,1,"0","0"
78,3,2015-06-17,4359,512,1,1,"0","0"
79,3,2015-06-17,6353,604,1,1,"0","0"
80,3,2015-06-17,8469,599,1,1,"0","0"
81,3,2015-06-17,6962,566,1,1,"0","0"
82,3,2015-06-17,10029,911,1,1,"0","0"
83,3,2015-06-17,5055,381,1,1,"0","0"
84,3,2015-06-17,16038,1574,1,1,"0","0"
85,3,2015-06-17,6809,929,1,1,"0","0"
86,3,2015-06-17,5847,678,1,1,"0","0"
87,3,2015-06-17,6704,830,1,1,"0","0"
88,3,2015-06-17,7335,707,1,1,"0","0"
89,3,2015-06-17,5712,634,1,1,"0","0"
90,3,2015-06-17,9685,1116,1,1,"0","0"
91,3,2015-06-17,5459,511,1,1,"0","0"
92,3,2015-06-17,7462,597,1,1,"0","0"
93,3,2015-06-17,7312,655,1,1,"0","0"
94,3,2015-06-17,8612,672,1,1,"0","0"
95,3,2015-06-17,8223,825,1,1,"0","0"
96,3,2015-06-17,6897,680,1,1,"0","0"
97,3,2015-06-17,7856,700,1,1,"0","0"
98,3,2015-06-17,5763,464,1,1,"0","0"
99,3,2015-06-17,6611,517,1,1,"0","0"
100,3,2015-06-17,7844,668,1,1,"0","0"
101,3,2015-06-17,7706,734,1,1,"0","0"
102,3,2015-06-17,8412,1166,1,1,"0","0"
103,3,2015-06-17,4849,442,1,1,"0","0"
104,3,2015-06-17,10398,1284,1,1,"0","0"
105,3,2015-06-17,5887,683,1,1,"0","0"
106,3,2015-06-17,10250,902,1,1,"0","0"
107,3,2015-06-17,6929,895,1,1,"0","0"
108,3,2015-06-17,12238,868,1,1,"0","0"
109,3,2015-06-17,7001,737,1,1,"0","0"
110,3,2015-06-17,4354,557,1,1,"0","0"
111,3,2015-06-17,7270,537,1,1,"0","0"
112,3,2015-06-17,5439,708,1,1,"0","0"
113,3,2015-06-17,6036,575,1,1,"0","0"
114,3,2015-06-17,5900,601,1,1,"0","0"
115,3,2015-06-17,8519,587,1,1,"0","0"
116,3,2015-06-17,8146,798,1,1,"0","0"
117,3,2015-06-17,4304,529,1,1,"0","0"
118,3,2015-06-17,9466,738,1,1,"0","0"
119,3,2015-06-17,6451,704,1,1,"0","0"
120,3,2015-06-17,7506,657,1,1,"0","0"
121,3,2015-06-17,5151,509,1,1,"0","0"
122,3,2015-06-17,7839,911,1,1,"0","0"
123,3,2015-06-17,10076,1123,1,1,"0","0"
124,3,2015-06-17,5741,615,1,1,"0","0"
125,3,2015-06-17,13622,1734,1,1,"0","0"
126,3,2015-06-17,7277,570,1,1,"0","0"
127,3,2015-06-17,5744,700,1,1,"0","0"
128,3,2015-06-17,9311,684,1,1,"0","0"
129,3,2015-06-17,9706,1175,1,1,"0","0"
130,3,2015-06-17,5896,608,1,1,"0","0"
131,3,2015-06-17,5248,537,1,1,"0","0"
132,3,2015-06-17,8370,662,1,1,"0","0"
133,3,2015-06-17,7066,726,1,1,"0","0"
134,3,2015-06-17,5659,536,1,1,"0","0"
135,3,2015-06-17,6075,524,1,1,"0","0"
136,3,2015-06-17,6002,454,1,1,"0","0"
137,3,2015-06-17,9457,992,1,1,"0","0"
138,3,2015-06-17,8331,785,1,1,"0","0"
139,3,2015-06-17,7172,538,1,1,"0","0"
140,3,2015-06-17,7865,1025,1,1,"0","0"
141,3,2015-06-17,5945,635,1,1,"0","0"
142,3,2015-06-17,4937,590,1,1,"0","0"
143,3,2015-06-17,7218,616,1,1,"0","0"
144,3,2015-06-17,7967,732,1,1,"0","0"
145,3,2015-06-17,8096,1156,1,1,"0","0"
146,3,2015-06-17,8707,723,1,1,"0","0"
147,3,2015-06-17,9527,902,1,1,"0","0"
148,3,2015-06-17,9239,859,1,1,"0","0"
149,3,2015-06-17,6262,523,1,1,"0","0"
150,3,2015-06-17,9132,866,1,1,"0","0"
151,3,2015-06-17,7658,706,1,1,"0","0"
152,3,2015-06-17,7440,726,1,1,"0","0"
153,3,2015-06-17,8247,689,1,1,"0","0"
154,3,2015-06-17,10357,768,1,1,"0","0"
155,3,2015-06-17,7680,674,1,1,"0","0"
156,3,2015-06-17,8346,812,1,1,"0","0"
157,3,2015-06-17,11639,1070,1,1,"0","0"
158,3,2015-06-17,9079,521,1,1,"0","0"
159,3,2015-06-17,8529,700,1,1,"0","0"
160,3,2015-06-17,5622,489,1,1,"0","0"
161,3,2015-06-17,8153,812,1,1,"0","0"
162,3,2015-06-17,8228,558,1,1,"0","0"
163,3,2015-06-17,6838,833,1,1,"0","0"
164,3,2015-06-17,8229,757,1,1,"0","0"
165,3,2015-06-17,4253,460,1,1,"0","0"
166,3,2015-06-17,6491,830,1,1,"0","0"
167,3,2015-06-17,11866,1266,1,1,"0","0"
168,3,2015-06-17,9166,835,1,1,"0","0"
169,3,2015-06-17,6913,567,1,1,"0","0"
170,3,2015-06-17,4702,515,1,1,"0","0"
171,3,2015-06-17,8857,893,1,1,"0","0"
172,3,2015-06-17,7415,871,1,1,"0","0"
173,3,2015-06-17,9145,1025,1,1,"0","0"
174,3,2015-06-17,6127,493,1,1,"0","0"
175,3,2015-06-17,6567,741,1,1,"0","0"
176,3,2015-06-17,5956,665,1,1,"0","0"
177,3,2015-06-17,4192,475,1,1,"0","0"
178,3,2015-06-17,11922,939,1,1,"0","0"
179,3,2015-06-17,7959,1005,1,1,"0","0"
180,3,2015-06-17,7734,826,1,1,"0","0"
181,3,2015-06-17,8062,762,1,1,"0","0"
182,3,2015-06-17,5867,421,1,1,"0","0"
183,3,2015-06-17,0,0,0,1,"0","0"
184,3,2015-06-17,7773,628,1,1,"0","0"
185,3,2015-06-17,7196,524,1,1,"0","0"
186,3,2015-06-17,4492,367,1,1,"0","0"
187,3,2015-06-17,5348,661,1,1,"0","0"
188,3,2015-06-17,6092,474,1,1,"0","0"
189,3,2015-06-17,9133,775,1,1,"0","0"
190,3,2015-06-17,9053,769,1,1,"0","0"
191,3,2015-06-17,7246,763,1,1,"0","0"
192,3,2015-06-17,14273,906,1,1,"0","0"
193,3,2015-06-17,7040,925,1,1,"0","0"
194,3,2015-06-17,5472,446,1,1,"0","0"
195,3,2015-06-17,12882,1327,1,1,"0","0"
196,3,2015-06-17,5454,721,1,1,"0","0"
197,3,2015-06-17,8367,939,1,1,"0","0"
198,3,2015-06-17,3214,352,1,1,"0","0"
199,3,2015-06-17,8940,617,1,1,"0","0"
200,3,2015-06-17,8170,987,1,1,"0","0"
201,3,2015-06-17,4871,380,1,1,"0","0"
202,3,2015-06-17,6502,512,1,1,"0","0"
203,3,2015-06-17,8943,1126,1,1,"0","0"
204,3,2015-06-17,5770,531,1,1,"0","0"
205,3,2015-06-17,7185,914,1,1,"0","0"
206,3,2015-06-17,9553,957,1,1,"0","0"
207,3,2015-06-17,13573,1441,1,1,"0","0"
208,3,2015-06-17,2839,442,1,1,"0","0"
209,3,2015-06-17,5997,586,1,1,"0","0"
210,3,2015-06-17,3383,308,1,1,"0","0"
211,3,2015-06-17,14994,1669,1,1,"0","0"
212,3,2015-06-17,5954,551,1,1,"0","0"
213,3,2015-06-17,10644,741,1,1,"0","0"
214,3,2015-06-17,10715,733,1,1,"0","0"
215,3,2015-06-17,6816,512,1,1,"0","0"
216,3,2015-06-17,7504,861,1,1,"0","0"
217,3,2015-06-17,4690,598,1,1,"0","0"
218,3,2015-06-17,5465,775,1,1,"0","0"
219,3,2015-06-17,3631,460,1,1,"0","0"
220,3,2015-06-17,5479,682,1,1,"0","0"
221,3,2015-06-17,6312,544,1,1,"0","0"
222,3,2015-06-17,6129,636,1,1,"0","0"
223,3,2015-06-17,8318,802,1,1,"0","0"
224,3,2015-06-17,8693,539,1,1,"0","0"
225,3,2015-06-17,6107,550,1,1,"0","0"
226,3,2015-06-17,7913,743,1,1,"0","0"
227,3,2015-06-17,6835,576,1,1,"0","0"
228,3,2015-06-17,8357,582,1,1,"0","0"
229,3,2015-06-17,10809,780,1,1,"0","0"
230,3,2015-06-17,8366,975,1,1,"0","0"
231,3,2015-06-17,5059,396,1,1,"0","0"
232,3,2015-06-17,4322,357,1,1,"0","0"
233,3,2015-06-17,11369,1162,1,1,"0","0"
234,3,2015-06-17,13297,1074,1,1,"0","0"
235,3,2015-06-17,6151,498,1,1,"0","0"
236,3,2015-06-17,8078,944,1,1,"0","0"
237,3,2015-06-17,5518,627,1,1,"0","0"
238,3,2015-06-17,8152,1162,1,1,"0","0"
239,3,2015-06-17,6434,517,1,1,"0","0"
240,3,2015-06-17,5709,479,1,1,"0","0"
241,3,2015-06-17,7554,762,1,1,"0","0"
242,3,2015-06-17,4078,346,1,1,"0","0"
243,3,2015-06-17,8590,1048,1,1,"0","0"
244,3,2015-06-17,6699,564,1,1,"0","0"
245,3,2015-06-17,10072,1174,1,1,"0","0"
246,3,2015-06-17,7593,955,1,1,"0","0"
247,3,2015-06-17,9005,672,1,1,"0","0"
248,3,2015-06-17,8115,1039,1,1,"0","0"
249,3,2015-06-17,5679,528,1,1,"0","0"
250,3,2015-06-17,10814,726,1,1,"0","0"
251,3,2015-06-17,21100,2575,1,1,"0","0"
252,3,2015-06-17,11455,805,1,1,"0","0"
253,3,2015-06-17,6714,769,1,1,"0","0"
254,3,2015-06-17,3553,280,1,1,"0","0"
255,3,2015-06-17,7333,630,1,1,"0","0"
256,3,2015-06-17,9340,1113,1,1,"0","0"
257,3,2015-06-17,5161,634,1,1,"0","0"
258,3,2015-06-17,5818,467,1,1,"0","0"
259,3,2015-06-17,13025,2702,1,1,"0","0"
260,3,2015-06-17,6607,857,1,1,"0","0"
261,3,2015-06-17,15427,1039,1,1,"0","0"
262,3,2015-06-17,19639,3057,1,1,"0","0"
263,3,2015-06-17,4575,404,1,1,"0","0"
264,3,2015-06-17,7730,954,1,1,"0","0"
265,3,2015-06-17,6212,608,1,1,"0","0"
266,3,2015-06-17,5017,573,1,1,"0","0"
267,3,2015-06-17,8282,957,1,1,"0","0"
268,3,2015-06-17,5935,729,1,1,"0","0"
269,3,2015-06-17,14252,1651,1,1,"0","0"
270,3,2015-06-17,9859,1252,1,1,"0","0"
271,3,2015-06-17,9576,884,1,1,"0","0"
272,3,2015-06-17,6894,647,1,1,"0","0"
273,3,2015-06-17,9258,840,1,1,"0","0"
274,3,2015-06-17,4833,1188,1,1,"0","0"
275,3,2015-06-17,8346,725,1,1,"0","0"
276,3,2015-06-17,4112,520,1,1,"0","0"
277,3,2015-06-17,6128,521,1,1,"0","0"
278,3,2015-06-17,8047,790,1,1,"0","0"
279,3,2015-06-17,12551,836,1,1,"0","0"
280,3,2015-06-17,6293,487,1,1,"0","0"
281,3,2015-06-17,6181,521,1,1,"0","0"
282,3,2015-06-17,5359,667,1,1,"0","0"
283,3,2015-06-17,8451,742,1,1,"0","0"
284,3,2015-06-17,6454,471,1,1,"0","0"
285,3,2015-06-17,5755,498,1,1,"0","0"
286,3,2015-06-17,4509,412,1,1,"0","0"
287,3,2015-06-17,7993,817,1,1,"0","0"
288,3,2015-06-17,5473,391,1,1,"0","0"
289,3,2015-06-17,5839,528,1,1,"0","0"
290,3,2015-06-17,8638,747,1,1,"0","0"
291,3,2015-06-17,9400,892,1,1,"0","0"
292,3,2015-06-17,6491,794,1,1,"0","0"
293,3,2015-06-17,6795,808,1,1,"0","0"
294,3,2015-06-17,6571,866,1,1,"0","0"
295,3,2015-06-17,6995,834,1,1,"0","0"
296,3,2015-06-17,7818,822,1,1,"0","0"
297,3,2015-06-17,8521,786,1,1,"0","0"
298,3,2015-06-17,9150,668,1,1,"0","0"
299,3,2015-06-17,6674,733,1,1,"0","0"
300,3,2015-06-17,8219,934,1,1,"0","0"
301,3,2015-06-17,6324,625,1,1,"0","0"
302,3,2015-06-17,4015,339,1,1,"0","0"
303,3,2015-06-17,7016,716,1,1,"0","0"
304,3,2015-06-17,7574,1038,1,1,"0","0"
305,3,2015-06-17,6932,582,1,1,"0","0"
306,3,2015-06-17,4970,511,1,1,"0","0"
307,3,2015-06-17,2948,283,1,1,"0","0"
308,3,2015-06-17,10205,960,1,1,"0","0"
309,3,2015-06-17,8306,627,1,1,"0","0"
310,3,2015-06-17,10025,787,1,1,"0","0"
311,3,2015-06-17,7388,912,1,1,"0","0"
312,3,2015-06-17,6127,556,1,1,"0","0"
313,3,2015-06-17,7454,647,1,1,"0","0"
314,3,2015-06-17,5790,566,1,1,"0","0"
315,3,2015-06-17,4506,474,1,1,"0","0"
316,3,2015-06-17,10782,902,1,1,"0","0"
317,3,2015-06-17,5765,561,1,1,"0","0"
318,3,2015-06-17,7726,658,1,1,"0","0"
319,3,2015-06-17,7874,797,1,1,"0","0"
320,3,2015-06-17,15155,2036,1,1,"0","0"
321,3,2015-06-17,5911,536,1,1,"0","0"
322,3,2015-06-17,5717,560,1,1,"0","0"
323,3,2015-06-17,6490,566,1,1,"0","0"
324,3,2015-06-17,6121,737,1,1,"0","0"
325,3,2015-06-17,6252,624,1,1,"0","0"
326,3,2015-06-17,5615,396,1,1,"0","0"
327,3,2015-06-17,8690,931,1,1,"0","0"
328,3,2015-06-17,5178,592,1,1,"0","0"
329,3,2015-06-17,8349,631,1,1,"0","0"
330,3,2015-06-17,4192,448,1,1,"0","0"
331,3,2015-06-17,6427,805,1,1,"0","0"
332,3,2015-06-17,4368,559,1,1,"0","0"
333,3,2015-06-17,11883,1343,1,1,"0","0"
334,3,2015-06-17,5406,517,1,1,"0","0"
335,3,2015-06-17,19155,2967,1,1,"0","0"
336,3,2015-06-17,15344,2039,1,1,"0","0"
337,3,2015-06-17,4929,335,1,1,"0","0"
338,3,2015-06-17,7877,618,1,1,"0","0"
339,3,2015-06-17,6067,737,1,1,"0","0"
340,3,2015-06-17,7322,722,1,1,"0","0"
341,3,2015-06-17,6745,810,1,1,"0","0"
342,3,2015-06-17,11669,848,1,1,"0","0"
343,3,2015-06-17,9514,792,1,1,"0","0"
344,3,2015-06-17,10750,1278,1,1,"0","0"
345,3,2015-06-17,4651,531,1,1,"0","0"
346,3,2015-06-17,8159,691,1,1,"0","0"
347,3,2015-06-17,5174,416,1,1,"0","0"
348,3,2015-06-17,9406,788,1,1,"0","0"
349,3,2015-06-17,9799,914,1,1,"0","0"
350,3,2015-06-17,7763,531,1,1,"0","0"
351,3,2015-06-17,6829,512,1,1,"0","0"
352,3,2015-06-17,7295,615,1,1,"0","0"
353,3,2015-06-17,7197,1703,1,1,"0","0"
354,3,2015-06-17,9573,769,1,1,"0","0"
355,3,2015-06-17,8736,1033,1,1,"0","0"
356,3,2015-06-17,6585,440,1,1,"0","0"
357,3,2015-06-17,7941,1032,1,1,"0","0"
358,3,2015-06-17,10311,1119,1,1,"0","0"
359,3,2015-06-17,6108,543,1,1,"0","0"
360,3,2015-06-17,6971,740,1,1,"0","0"
361,3,2015-06-17,6693,625,1,1,"0","0"
362,3,2015-06-17,9862,1187,1,1,"0","0"
363,3,2015-06-17,7915,961,1,1,"0","0"
364,3,2015-06-17,5890,704,1,1,"0","0"
365,3,2015-06-17,6215,574,1,1,"0","0"
366,3,2015-06-17,6526,584,1,1,"0","0"
367,3,2015-06-17,6604,586,1,1,"0","0"
368,3,2015-06-17,13468,909,1,1,"0","0"
369,3,2015-06-17,6419,545,1,1,"0","0"
370,3,2015-06-17,8990,625,1,1,"0","0"
371,3,2015-06-17,7312,551,1,1,"0","0"
372,3,2015-06-17,9142,710,1,1,"0","0"
373,3,2015-06-17,4461,323,1,1,"0","0"
374,3,2015-06-17,8756,920,1,1,"0","0"
375,3,2015-06-17,10962,833,1,1,"0","0"
376,3,2015-06-17,9512,972,1,1,"0","0"
377,3,2015-06-17,8237,957,1,1,"0","0"
378,3,2015-06-17,7822,1070,1,1,"0","0"
379,3,2015-06-17,4879,505,1,1,"0","0"
380,3,2015-06-17,18120,1477,1,1,"0","0"
381,3,2015-06-17,9774,1003,1,1,"0","0"
382,3,2015-06-17,8956,639,1,1,"0","0"
383,3,2015-06-17,16450,2153,1,1,"0","0"
384,3,2015-06-17,9646,980,1,1,"0","0"
385,3,2015-06-17,7971,659,1,1,"0","0"
386,3,2015-06-17,7537,619,1,1,"0","0"
387,3,2015-06-17,10355,1158,1,1,"0","0"
388,3,2015-06-17,12346,1155,1,1,"0","0"
389,3,2015-06-17,11920,1332,1,1,"0","0"
390,3,2015-06-17,14076,1173,1,1,"0","0"
391,3,2015-06-17,5674,665,1,1,"0","0"
392,3,2015-06-17,8066,769,1,1,"0","0"
393,3,2015-06-17,6855,594,1,1,"0","0"
394,3,2015-06-17,9670,705,1,1,"0","0"
395,3,2015-06-17,4298,523,1,1,"0","0"
396,3,2015-06-17,11973,1183,1,1,"0","0"
397,3,2015-06-17,7095,814,1,1,"0","0"
398,3,2015-06-17,6509,618,1,1,"0","0"
399,3,2015-06-17,6860,644,1,1,"0","0"
400,3,2015-06-17,10557,1303,1,1,"0","0"
401,3,2015-06-17,9119,816,1,1,"0","0"
402,3,2015-06-17,6223,547,1,1,"0","0"
403,3,2015-06-17,9176,797,1,1,"0","0"
404,3,2015-06-17,5261,629,1,1,"0","0"
405,3,2015-06-17,5854,574,1,1,"0","0"
406,3,2015-06-17,7609,550,1,1,"0","0"
407,3,2015-06-17,3996,297,1,1,"0","0"
408,3,2015-06-17,5332,454,1,1,"0","0"
409,3,2015-06-17,6256,603,1,1,"0","0"
410,3,2015-06-17,8991,962,1,1,"0","0"
411,3,2015-06-17,10484,729,1,1,"0","0"
412,3,2015-06-17,9282,609,1,1,"0","0"
413,3,2015-06-17,8158,956,1,1,"0","0"
414,3,2015-06-17,6287,440,1,1,"0","0"
415,3,2015-06-17,6894,528,1,1,"0","0"
416,3,2015-06-17,11663,1395,1,1,"0","0"
417,3,2015-06-17,9154,871,1,1,"0","0"
418,3,2015-06-17,6175,585,1,1,"0","0"
419,3,2015-06-17,5977,909,1,1,"0","0"
420,3,2015-06-17,4915,463,1,1,"0","0"
421,3,2015-06-17,9310,917,1,1,"0","0"
422,3,2015-06-17,4620,464,1,1,"0","0"
423,3,2015-06-17,11474,1868,1,1,"0","0"
424,3,2015-06-17,8803,910,1,1,"0","0"
425,3,2015-06-17,3746,491,1,1,"0","0"
426,3,2015-06-17,6368,740,1,1,"0","0"
427,3,2015-06-17,8570,814,1,1,"0","0"
428,3,2015-06-17,7281,573,1,1,"0","0"
429,3,2015-06-17,5399,410,1,1,"0","0"
430,3,2015-06-17,7956,612,1,1,"0","0"
431,3,2015-06-17,10489,993,1,1,"0","0"
432,3,2015-06-17,13593,1734,1,1,"0","0"
433,3,2015-06-17,6312,703,1,1,"0","0"
434,3,2015-06-17,9948,718,1,1,"0","0"
435,3,2015-06-17,3388,405,1,1,"0","0"
436,3,2015-06-17,5885,639,1,1,"0","0"
437,3,2015-06-17,7745,666,1,1,"0","0"
438,3,2015-06-17,6343,580,1,1,"0","0"
439,3,2015-06-17,7691,882,1,1,"0","0"
440,3,2015-06-17,5760,649,1,1,"0","0"
441,3,2015-06-17,7835,755,1,1,"0","0"
442,3,2015-06-17,4361,447,1,1,"0","0"
443,3,2015-06-17,5966,472,1,1,"0","0"
444,3,2015-06-17,10922,1116,1,1,"0","0"
445,3,2015-06-17,9594,1434,1,1,"0","0"
446,3,2015-06-17,5191,660,1,1,"0","0"
447,3,2015-06-17,5392,601,1,1,"0","0"
448,3,2015-06-17,9802,822,1,1,"0","0"
449,3,2015-06-17,12083,1582,1,1,"0","0"
450,3,2015-06-17,8235,863,1,1,"0","0"
451,3,2015-06-17,6023,469,1,1,"0","0"
452,3,2015-06-17,5384,464,1,1,"0","0"
453,3,2015-06-17,8979,1108,1,1,"0","0"
454,3,2015-06-17,7583,914,1,1,"0","0"
455,3,2015-06-17,8269,499,1,1,"0","0"
456,3,2015-06-17,7428,989,1,1,"0","0"
457,3,2015-06-17,5518,452,1,1,"0","0"
458,3,2015-06-17,7923,659,1,1,"0","0"
459,3,2015-06-17,9968,1166,1,1,"0","0"
460,3,2015-06-17,4069,394,1,1,"0","0"
461,3,2015-06-17,4646,450,1,1,"0","0"
462,3,2015-06-17,4969,614,1,1,"0","0"
463,3,2015-06-17,7822,1164,1,1,"0","0"
464,3,2015-06-17,9433,1141,1,1,"0","0"
465,3,2015-06-17,9315,649,1,1,"0","0"
466,3,2015-06-17,9495,866,1,1,"0","0"
467,3,2015-06-17,15484,1813,1,1,"0","0"
468,3,2015-06-17,6282,621,1,1,"0","0"
469,3,2015-06-17,11847,1424,1,1,"0","0"
470,3,2015-06-17,13908,1703,1,1,"0","0"
471,3,2015-06-17,6757,547,1,1,"0","0"
472,3,2015-06-17,5158,641,1,1,"0","0"
473,3,2015-06-17,3848,479,1,1,"0","0"
474,3,2015-06-17,8927,765,1,1,"0","0"
475,3,2015-06-17,7163,1027,1,1,"0","0"
476,3,2015-06-17,6974,734,1,1,"0","0"
477,3,2015-06-17,6056,391,1,1,"0","0"
478,3,2015-06-17,7941,739,1,1,"0","0"
479,3,2015-06-17,11765,1346,1,1,"0","0"
480,3,2015-06-17,5581,635,1,1,"0","0"
481,3,2015-06-17,6192,521,1,1,"0","0"
482,3,2015-06-17,7820,800,1,1,"0","0"
483,3,2015-06-17,5829,678,1,1,"0","0"
484,3,2015-06-17,7179,647,1,1,"0","0"
485,3,2015-06-17,4987,447,1,1,"0","0"
486,3,2015-06-17,5070,546,1,1,"0","0"
487,3,2015-06-17,7323,620,1,1,"0","0"
488,3,2015-06-17,3485,373,1,1,"0","0"
489,3,2015-06-17,8463,705,1,1,"0","0"
490,3,2015-06-17,8985,1055,1,1,"0","0"
491,3,2015-06-17,8077,591,1,1,"0","0"
492,3,2015-06-17,8444,1152,1,1,"0","0"
493,3,2015-06-17,9423,818,1,1,"0","0"
494,3,2015-06-17,8574,1118,1,1,"0","0"
495,3,2015-06-17,5849,415,1,1,"0","0"
496,3,2015-06-17,8256,839,1,1,"0","0"
497,3,2015-06-17,9079,1060,1,1,"0","0"
498,3,2015-06-17,7186,905,1,1,"0","0"
499,3,2015-06-17,6057,789,1,1,"0","0"
500,3,2015-06-17,5720,401,1,1,"0","0"
501,3,2015-06-17,5823,634,1,1,"0","0"
502,3,2015-06-17,11857,1538,1,1,"0","0"
503,3,2015-06-17,8380,489,1,1,"0","0"
504,3,2015-06-17,7008,932,1,1,"0","0"
505,3,2015-06-17,5839,700,1,1,"0","0"
506,3,2015-06-17,8860,918,1,1,"0","0"
507,3,2015-06-17,9902,662,1,1,"0","0"
508,3,2015-06-17,7678,691,1,1,"0","0"
509,3,2015-06-17,7185,539,1,1,"0","0"
510,3,2015-06-17,10642,955,1,1,"0","0"
511,3,2015-06-17,5408,747,1,1,"0","0"
512,3,2015-06-17,6207,1409,1,1,"0","0"
513,3,2015-06-17,17461,1937,1,1,"0","0"
514,3,2015-06-17,7348,681,1,1,"0","0"
515,3,2015-06-17,9138,716,1,1,"0","0"
516,3,2015-06-17,7098,836,1,1,"0","0"
517,3,2015-06-17,7491,732,1,1,"0","0"
518,3,2015-06-17,6466,503,1,1,"0","0"
519,3,2015-06-17,5339,525,1,1,"0","0"
520,3,2015-06-17,4062,389,1,1,"0","0"
521,3,2015-06-17,5744,395,1,1,"0","0"
522,3,2015-06-17,9850,679,1,1,"0","0"
523,3,2015-06-17,12774,1407,1,1,"0","0"
524,3,2015-06-17,7918,818,1,1,"0","0"
525,3,2015-06-17,9184,752,1,1,"0","0"
526,3,2015-06-17,12768,1558,1,1,"0","0"
527,3,2015-06-17,11309,1016,1,1,"0","0"
528,3,2015-06-17,12260,986,1,1,"0","0"
529,3,2015-06-17,8431,747,1,1,"0","0"
530,3,2015-06-17,4634,844,1,1,"0","0"
531,3,2015-06-17,5732,636,1,1,"0","0"
532,3,2015-06-17,11310,1298,1,1,"0","0"
533,3,2015-06-17,11382,946,1,1,"0","0"
534,3,2015-06-17,9408,571,1,1,"0","0"
535,3,2015-06-17,9807,1006,1,1,"0","0"
536,3,2015-06-17,8558,806,1,1,"0","0"
537,3,2015-06-17,7650,744,1,1,"0","0"
538,3,2015-06-17,4163,630,1,1,"0","0"
539,3,2015-06-17,11721,1135,1,1,"0","0"
540,3,2015-06-17,8213,530,1,1,"0","0"
541,3,2015-06-17,6888,837,1,1,"0","0"
542,3,2015-06-17,6832,560,1,1,"0","0"
543,3,2015-06-17,3391,266,1,1,"0","0"
544,3,2015-06-17,15817,1830,1,1,"0","0"
545,3,2015-06-17,13342,1165,1,1,"0","0"
546,3,2015-06-17,15245,1686,1,1,"0","0"
547,3,2015-06-17,6293,451,1,1,"0","0"
548,3,2015-06-17,6016,444,1,1,"0","0"
549,3,2015-06-17,4620,581,1,1,"0","0"
550,3,2015-06-17,7390,505,1,1,"0","0"
551,3,2015-06-17,6379,956,1,1,"0","0"
552,3,2015-06-17,10223,832,1,1,"0","0"
553,3,2015-06-17,6783,557,1,1,"0","0"
554,3,2015-06-17,5909,710,1,1,"0","0"
555,3,2015-06-17,5325,433,1,1,"0","0"
556,3,2015-06-17,8039,852,1,1,"0","0"
557,3,2015-06-17,5135,768,1,1,"0","0"
558,3,2015-06-17,3806,455,1,1,"0","0"
559,3,2015-06-17,6686,781,1,1,"0","0"
560,3,2015-06-17,14946,1624,1,1,"0","0"
561,3,2015-06-17,7433,688,1,1,"0","0"
562,3,2015-06-17,18456,3017,1,1,"0","0"
563,3,2015-06-17,5211,622,1,1,"0","0"
564,3,2015-06-17,7058,504,1,1,"0","0"
565,3,2015-06-17,8159,926,1,1,"0","0"
566,3,2015-06-17,5380,566,1,1,"0","0"
567,3,2015-06-17,5971,659,1,1,"0","0"
568,3,2015-06-17,5410,397,1,1,"0","0"
569,3,2015-06-17,4938,701,1,1,"0","0"
570,3,2015-06-17,4947,718,1,1,"0","0"
571,3,2015-06-17,8036,550,1,1,"0","0"
572,3,2015-06-17,7795,593,1,1,"0","0"
573,3,2015-06-17,4973,372,1,1,"0","0"
574,3,2015-06-17,10151,702,1,1,"0","0"
575,3,2015-06-17,7179,582,1,1,"0","0"
576,3,2015-06-17,7926,1011,1,1,"0","0"
577,3,2015-06-17,4340,489,1,1,"0","0"
578,3,2015-06-17,9876,844,1,1,"0","0"
579,3,2015-06-17,8505,878,1,1,"0","0"
580,3,2015-06-17,9739,1456,1,1,"0","0"
581,3,2015-06-17,5855,624,1,1,"0","0"
582,3,2015-06-17,8362,918,1,1,"0","0"
583,3,2015-06-17,4323,427,1,1,"0","0"
584,3,2015-06-17,5110,437,1,1,"0","0"
585,3,2015-06-17,4937,766,1,1,"0","0"
586,3,2015-06-17,17508,2531,1,1,"0","0"
587,3,2015-06-17,11493,743,1,1,"0","0"
588,3,2015-06-17,6700,679,1,1,"0","0"
589,3,2015-06-17,5734,562,1,1,"0","0"
590,3,2015-06-17,4430,366,1,1,"0","0"
591,3,2015-06-17,6435,553,1,1,"0","0"
592,3,2015-06-17,5194,564,1,1,"0","0"
593,3,2015-06-17,8662,1102,1,1,"0","0"
594,3,2015-06-17,4541,460,1,1,"0","0"
595,3,2015-06-17,16926,1821,1,1,"0","0"
596,3,2015-06-17,4257,684,1,1,"0","0"
597,3,2015-06-17,5855,757,1,1,"0","0"
598,3,2015-06-17,6201,771,1,1,"0","0"
599,3,2015-06-17,9547,844,1,1,"0","0"
600,3,2015-06-17,8175,633,1,1,"0","0"
601,3,2015-06-17,5181,367,1,1,"0","0"
602,3,2015-06-17,7099,636,1,1,"0","0"
603,3,2015-06-17,9564,1140,1,1,"0","0"
604,3,2015-06-17,7451,531,1,1,"0","0"
605,3,2015-06-17,7810,509,1,1,"0","0"
606,3,2015-06-17,6081,620,1,1,"0","0"
607,3,2015-06-17,4431,448,1,1,"0","0"
608,3,2015-06-17,11810,1036,1,1,"0","0"
609,3,2015-06-17,5213,571,1,1,"0","0"
610,3,2015-06-17,4770,545,1,1,"0","0"
611,3,2015-06-17,5917,480,1,1,"0","0"
612,3,2015-06-17,7022,395,1,1,"0","0"
613,3,2015-06-17,6581,918,1,1,"0","0"
614,3,2015-06-17,6545,941,1,1,"0","0"
615,3,2015-06-17,10122,1254,1,1,"0","0"
616,3,2015-06-17,9532,877,1,1,"0","0"
617,3,2015-06-17,7532,635,1,1,"0","0"
618,3,2015-06-17,7097,485,1,1,"0","0"
619,3,2015-06-17,5379,501,1,1,"0","0"
620,3,2015-06-17,8618,742,1,1,"0","0"
621,3,2015-06-17,7238,835,1,1,"0","0"
622,3,2015-06-17,5107,437,1,1,"0","0"
623,3,2015-06-17,7569,845,1,1,"0","0"
624,3,2015-06-17,7536,665,1,1,"0","0"
625,3,2015-06-17,8191,720,1,1,"0","0"
626,3,2015-06-17,10006,815,1,1,"0","0"
627,3,2015-06-17,6894,630,1,1,"0","0"
628,3,2015-06-17,6689,797,1,1,"0","0"
629,3,2015-06-17,7046,613,1,1,"0","0"
630,3,2015-06-17,6532,768,1,1,"0","0"
631,3,2015-06-17,6124,608,1,1,"0","0"
632,3,2015-06-17,7691,921,1,1,"0","0"
633,3,2015-06-17,7192,501,1,1,"0","0"
634,3,2015-06-17,7433,697,1,1,"0","0"
635,3,2015-06-17,5717,584,1,1,"0","0"
636,3,2015-06-17,8414,891,1,1,"0","0"
637,3,2015-06-17,9741,705,1,1,"0","0"
638,3,2015-06-17,7125,531,1,1,"0","0"
639,3,2015-06-17,5145,542,1,1,"0","0"
640,3,2015-06-17,14155,918,1,1,"0","0"
641,3,2015-06-17,6238,551,1,1,"0","0"
642,3,2015-06-17,3935,528,1,1,"0","0"
643,3,2015-06-17,7391,912,1,1,"0","0"
644,3,2015-06-17,9177,932,1,1,"0","0"
645,3,2015-06-17,12172,1367,1,1,"0","0"
646,3,2015-06-17,5829,748,1,1,"0","0"
647,3,2015-06-17,6974,704,1,1,"0","0"
648,3,2015-06-17,6590,559,1,1,"0","0"
649,3,2015-06-17,4598,432,1,1,"0","0"
650,3,2015-06-17,6356,612,1,1,"0","0"
651,3,2015-06-17,8729,984,1,1,"0","0"
652,3,2015-06-17,6886,644,1,1,"0","0"
653,3,2015-06-17,6288,449,1,1,"0","0"
654,3,2015-06-17,7926,734,1,1,"0","0"
655,3,2015-06-17,10030,756,1,1,"0","0"
656,3,2015-06-17,3514,379,1,1,"0","0"
657,3,2015-06-17,6515,731,1,1,"0","0"
658,3,2015-06-17,7814,647,1,1,"0","0"
659,3,2015-06-17,6183,745,1,1,"0","0"
660,3,2015-06-17,6024,609,1,1,"0","0"
661,3,2015-06-17,7886,620,1,1,"0","0"
662,3,2015-06-17,10050,777,1,1,"0","0"
663,3,2015-06-17,6893,771,1,1,"0","0"
664,3,2015-06-17,5428,605,1,1,"0","0"
665,3,2015-06-17,9257,1353,1,1,"0","0"
666,3,2015-06-17,8146,666,1,1,"0","0"
667,3,2015-06-17,8758,785,1,1,"0","0"
668,3,2015-06-17,9883,1168,1,1,"0","0"
669,3,2015-06-17,5512,476,1,1,"0","0"
670,3,2015-06-17,7399,743,1,1,"0","0"
671,3,2015-06-17,7087,635,1,1,"0","0"
672,3,2015-06-17,9455,1263,1,1,"0","0"
673,3,2015-06-17,8070,617,1,1,"0","0"
674,3,2015-06-17,9377,1126,1,1,"0","0"
675,3,2015-06-17,4483,408,1,1,"0","0"
676,3,2015-06-17,9528,2129,1,1,"0","0"
677,3,2015-06-17,7675,597,1,1,"0","0"
678,3,2015-06-17,9093,937,1,1,"0","0"
679,3,2015-06-17,11509,1145,1,1,"0","0"
680,3,2015-06-17,5330,746,1,1,"0","0"
681,3,2015-06-17,4865,623,1,1,"0","0"
682,3,2015-06-17,13715,1998,1,1,"0","0"
683,3,2015-06-17,9649,931,1,1,"0","0"
684,3,2015-06-17,9501,659,1,1,"0","0"
685,3,2015-06-17,7552,598,1,1,"0","0"
686,3,2015-06-17,6434,738,1,1,"0","0"
687,3,2015-06-17,10625,848,1,1,"0","0"
688,3,2015-06-17,3724,384,1,1,"0","0"
689,3,2015-06-17,6982,694,1,1,"0","0"
690,3,2015-06-17,5889,855,1,1,"0","0"
691,3,2015-06-17,8073,570,1,1,"0","0"
692,3,2015-06-17,7485,853,1,1,"0","0"
693,3,2015-06-17,8083,582,1,1,"0","0"
694,3,2015-06-17,9639,823,1,1,"0","0"
695,3,2015-06-17,7239,587,1,1,"0","0"
696,3,2015-06-17,10500,1035,1,1,"0","0"
697,3,2015-06-17,12837,1072,1,1,"0","0"
698,3,2015-06-17,17053,1986,1,1,"0","0"
699,3,2015-06-17,8490,896,1,1,"0","0"
700,3,2015-06-17,5444,582,1,1,"0","0"
701,3,2015-06-17,7096,648,1,1,"0","0"
702,3,2015-06-17,4719,358,1,1,"0","0"
703,3,2015-06-17,4112,391,1,1,"0","0"
704,3,2015-06-17,12223,1189,1,1,"0","0"
705,3,2015-06-17,8336,877,1,1,"0","0"
706,3,2015-06-17,5006,443,1,1,"0","0"
707,3,2015-06-17,9337,900,1,1,"0","0"
708,3,2015-06-17,5933,517,1,1,"0","0"
709,3,2015-06-17,11418,1493,1,1,"0","0"
710,3,2015-06-17,5043,388,1,1,"0","0"
711,3,2015-06-17,6458,434,1,1,"0","0"
712,3,2015-06-17,5132,551,1,1,"0","0"
713,3,2015-06-17,13176,1459,1,1,"0","0"
714,3,2015-06-17,5778,377,1,1,"0","0"
715,3,2015-06-17,8031,786,1,1,"0","0"
716,3,2015-06-17,6232,468,1,1,"0","0"
717,3,2015-06-17,7023,608,1,1,"0","0"
718,3,2015-06-17,8464,900,1,1,"0","0"
719,3,2015-06-17,5345,432,1,1,"0","0"
720,3,2015-06-17,8186,785,1,1,"0","0"
721,3,2015-06-17,7164,663,1,1,"0","0"
722,3,2015-06-17,8295,1348,1,1,"0","0"
723,3,2015-06-17,8208,600,1,1,"0","0"
724,3,2015-06-17,7118,681,1,1,"0","0"
725,3,2015-06-17,5667,579,1,1,"0","0"
726,3,2015-06-17,13160,1185,1,1,"0","0"
727,3,2015-06-17,5776,494,1,1,"0","0"
728,3,2015-06-17,5861,481,1,1,"0","0"
729,3,2015-06-17,11939,1176,1,1,"0","0"
730,3,2015-06-17,7753,899,1,1,"0","0"
731,3,2015-06-17,11854,1043,1,1,"0","0"
732,3,2015-06-17,6937,796,1,1,"0","0"
733,3,2015-06-17,15036,3464,1,1,"0","0"
734,3,2015-06-17,6797,568,1,1,"0","0"
735,3,2015-06-17,6371,544,1,1,"0","0"
736,3,2015-06-17,4775,448,1,1,"0","0"
737,3,2015-06-17,7170,909,1,1,"0","0"
738,3,2015-06-17,9256,739,1,1,"0","0"
739,3,2015-06-17,11468,865,1,1,"0","0"
740,3,2015-06-17,8697,588,1,1,"0","0"
741,3,2015-06-17,8344,976,1,1,"0","0"
742,3,2015-06-17,9242,900,1,1,"0","0"
743,3,2015-06-17,4839,476,1,1,"0","0"
744,3,2015-06-17,8631,893,1,1,"0","0"
745,3,2015-06-17,8962,860,1,1,"0","0"
746,3,2015-06-17,8038,578,1,1,"0","0"
747,3,2015-06-17,8213,673,1,1,"0","0"
748,3,2015-06-17,6410,469,1,1,"0","0"
749,3,2015-06-17,5345,614,1,1,"0","0"
750,3,2015-06-17,4989,380,1,1,"0","0"
751,3,2015-06-17,4616,640,1,1,"0","0"
752,3,2015-06-17,7159,522,1,1,"0","0"
753,3,2015-06-17,9398,769,1,1,"0","0"
754,3,2015-06-17,7447,839,1,1,"0","0"
755,3,2015-06-17,10679,815,1,1,"0","0"
756,3,2015-06-17,19288,2468,1,1,"0","0"
757,3,2015-06-17,8095,646,1,1,"0","0"
758,3,2015-06-17,5556,669,1,1,"0","0"
759,3,2015-06-17,8679,899,1,1,"0","0"
760,3,2015-06-17,7710,1215,1,1,"0","0"
761,3,2015-06-17,10880,1130,1,1,"0","0"
762,3,2015-06-17,4108,384,1,1,"0","0"
763,3,2015-06-17,6402,554,1,1,"0","0"
764,3,2015-06-17,4452,430,1,1,"0","0"
765,3,2015-06-17,9120,727,1,1,"0","0"
766,3,2015-06-17,6994,582,1,1,"0","0"
767,3,2015-06-17,6268,580,1,1,"0","0"
768,3,2015-06-17,13871,1365,1,1,"0","0"
769,3,2015-06-17,12982,3712,1,1,"0","0"
770,3,2015-06-17,6033,596,1,1,"0","0"
771,3,2015-06-17,7443,727,1,1,"0","0"
772,3,2015-06-17,4177,484,1,1,"0","0"
773,3,2015-06-17,5614,809,1,1,"0","0"
774,3,2015-06-17,5812,714,1,1,"0","0"
775,3,2015-06-17,9630,630,1,1,"0","0"
776,3,2015-06-17,5339,571,1,1,"0","0"
777,3,2015-06-17,5232,388,1,1,"0","0"
778,3,2015-06-17,6501,836,1,1,"0","0"
779,3,2015-06-17,7715,732,1,1,"0","0"
780,3,2015-06-17,6883,748,1,1,"0","0"
781,3,2015-06-17,5561,738,1,1,"0","0"
782,3,2015-06-17,5916,531,1,1,"0","0"
783,3,2015-06-17,7187,687,1,1,"0","0"
784,3,2015-06-17,6970,685,1,1,"0","0"
785,3,2015-06-17,7866,586,1,1,"0","0"
786,3,2015-06-17,4511,643,1,1,"0","0"
787,3,2015-06-17,11548,1137,1,1,"0","0"
788,3,2015-06-17,18965,1765,1,1,"0","0"
789,3,2015-06-17,3972,519,1,1,"0","0"
790,3,2015-06-17,7247,626,1,1,"0","0"
791,3,2015-06-17,8693,941,1,1,"0","0"
792,3,2015-06-17,8649,707,1,1,"0","0"
793,3,2015-06-17,6404,510,1,1,"0","0"
794,3,2015-06-17,3487,543,1,1,"0","0"
795,3,2015-06-17,6039,538,1,1,"0","0"
796,3,2015-06-17,9183,751,1,1,"0","0"
797,3,2015-06-17,5076,463,1,1,"0","0"
798,3,2015-06-17,8264,989,1,1,"0","0"
799,3,2015-06-17,10697,877,1,1,"0","0"
800,3,2015-06-17,4940,431,1,1,"0","0"
801,3,2015-06-17,5308,485,1,1,"0","0"
802,3,2015-06-17,7707,536,1,1,"0","0"
803,3,2015-06-17,6817,475,1,1,"0","0"
804,3,2015-06-17,5836,481,1,1,"0","0"
805,3,2015-06-17,7113,535,1,1,"0","0"
806,3,2015-06-17,8880,625,1,1,"0","0"
807,3,2015-06-17,9826,981,1,1,"0","0"
808,3,2015-06-17,7964,618,1,1,"0","0"
809,3,2015-06-17,11850,920,1,1,"0","0"
810,3,2015-06-17,5915,445,1,1,"0","0"
811,3,2015-06-17,4339,689,1,1,"0","0"
812,3,2015-06-17,7372,828,1,1,"0","0"
813,3,2015-06-17,6418,635,1,1,"0","0"
814,3,2015-06-17,8612,684,1,1,"0","0"
815,3,2015-06-17,6840,594,1,1,"0","0"
816,3,2015-06-17,5251,732,1,1,"0","0"
817,3,2015-06-17,24332,3330,1,1,"0","0"
818,3,2015-06-17,8192,709,1,1,"0","0"
819,3,2015-06-17,6501,547,1,1,"0","0"
820,3,2015-06-17,13834,1151,1,1,"0","0"
821,3,2015-06-17,8908,984,1,1,"0","0"
822,3,2015-06-17,8278,625,1,1,"0","0"
823,3,2015-06-17,6666,611,1,1,"0","0"
824,3,2015-06-17,8713,1011,1,1,"0","0"
825,3,2015-06-17,5705,596,1,1,"0","0"
826,3,2015-06-17,9602,780,1,1,"0","0"
827,3,2015-06-17,14572,1832,1,1,"0","0"
828,3,2015-06-17,6024,622,1,1,"0","0"
829,3,2015-06-17,6712,849,1,1,"0","0"
830,3,2015-06-17,7536,707,1,1,"0","0"
831,3,2015-06-17,15873,1796,1,1,"0","0"
832,3,2015-06-17,7025,567,1,1,"0","0"
833,3,2015-06-17,5733,515,1,1,"0","0"
834,3,2015-06-17,6837,670,1,1,"0","0"
835,3,2015-06-17,5799,627,1,1,"0","0"
836,3,2015-06-17,7122,798,1,1,"0","0"
837,3,2015-06-17,3867,539,1,1,"0","0"
838,3,2015-06-17,9236,850,1,1,"0","0"
839,3,2015-06-17,4425,588,1,1,"0","0"
840,3,2015-06-17,6239,952,1,1,"0","0"
841,3,2015-06-17,3444,448,1,1,"0","0"
842,3,2015-06-17,19842,1128,1,1,"0","0"
843,3,2015-06-17,9688,1061,1,1,"0","0"
844,3,2015-06-17,5672,568,1,1,"0","0"
845,3,2015-06-17,4367,316,1,1,"0","0"
846,3,2015-06-17,9904,805,1,1,"0","0"
847,3,2015-06-17,5937,855,1,1,"0","0"
848,3,2015-06-17,8573,871,1,1,"0","0"
849,3,2015-06-17,8661,848,1,1,"0","0"
850,3,2015-06-17,6379,587,1,1,"0","0"
851,3,2015-06-17,5100,436,1,1,"0","0"
852,3,2015-06-17,4940,563,1,1,"0","0"
853,3,2015-06-17,11198,1151,1,1,"0","0"
854,3,2015-06-17,6304,595,1,1,"0","0"
855,3,2015-06-17,6890,675,1,1,"0","0"
856,3,2015-06-17,8040,984,1,1,"0","0"
857,3,2015-06-17,7602,882,1,1,"0","0"
858,3,2015-06-17,5693,486,1,1,"0","0"
859,3,2015-06-17,7565,707,1,1,"0","0"
860,3,2015-06-17,6798,748,1,1,"0","0"
861,3,2015-06-17,4755,609,1,1,"0","0"
862,3,2015-06-17,8539,1078,1,1,"0","0"
863,3,2015-06-17,8164,955,1,1,"0","0"
864,3,2015-06-17,5546,702,1,1,"0","0"
865,3,2015-06-17,8693,629,1,1,"0","0"
866,3,2015-06-17,8002,488,1,1,"0","0"
867,3,2015-06-17,4890,448,1,1,"0","0"
868,3,2015-06-17,9771,588,1,1,"0","0"
869,3,2015-06-17,6411,841,1,1,"0","0"
870,3,2015-06-17,7170,865,1,1,"0","0"
871,3,2015-06-17,6348,482,1,1,"0","0"
872,3,2015-06-17,8080,784,1,1,"0","0"
873,3,2015-06-17,4655,486,1,1,"0","0"
874,3,2015-06-17,4829,499,1,1,"0","0"
875,3,2015-06-17,5175,446,1,1,"0","0"
876,3,2015-06-17,11365,1080,1,1,"0","0"
877,3,2015-06-17,7049,962,1,1,"0","0"
878,3,2015-06-17,9859,869,1,1,"0","0"
879,3,2015-06-17,4099,361,1,1,"0","0"
880,3,2015-06-17,7894,832,1,1,"0","0"
881,3,2015-06-17,6064,775,1,1,"0","0"
882,3,2015-06-17,6225,783,1,1,"0","0"
883,3,2015-06-17,5593,528,1,1,"0","0"
884,3,2015-06-17,6575,578,1,1,"0","0"
885,3,2015-06-17,6733,822,1,1,"0","0"
886,3,2015-06-17,8035,688,1,1,"0","0"
887,3,2015-06-17,7464,586,1,1,"0","0"
888,3,2015-06-17,8635,743,1,1,"0","0"
889,3,2015-06-17,5215,477,1,1,"0","0"
890,3,2015-06-17,6204,474,1,1,"0","0"
891,3,2015-06-17,8296,1032,1,1,"0","0"
892,3,2015-06-17,8796,801,1,1,"0","0"
893,3,2015-06-17,8053,956,1,1,"0","0"
894,3,2015-06-17,11071,1198,1,1,"0","0"
895,3,2015-06-17,10798,953,1,1,"0","0"
896,3,2015-06-17,6384,965,1,1,"0","0"
897,3,2015-06-17,2910,290,1,1,"0","0"
898,3,2015-06-17,7983,826,1,1,"0","0"
899,3,2015-06-17,5483,565,1,1,"0","0"
900,3,2015-06-17,6556,578,1,1,"0","0"
901,3,2015-06-17,7508,632,1,1,"0","0"
902,3,2015-06-17,4137,582,1,1,"0","0"
903,3,2015-06-17,11529,745,1,1,"0","0"
904,3,2015-06-17,5584,478,1,1,"0","0"
905,3,2015-06-17,8398,1117,1,1,"0","0"
906,3,2015-06-17,14850,1375,1,1,"0","0"
907,3,2015-06-17,7589,897,1,1,"0","0"
908,3,2015-06-17,5065,403,1,1,"0","0"
909,3,2015-06-17,12244,1125,1,1,"0","0"
910,3,2015-06-17,6924,619,1,1,"0","0"
911,3,2015-06-17,11214,909,1,1,"0","0"
912,3,2015-06-17,5932,734,1,1,"0","0"
913,3,2015-06-17,9829,1281,1,1,"0","0"
914,3,2015-06-17,9441,1061,1,1,"0","0"
915,3,2015-06-17,5708,438,1,1,"0","0"
916,3,2015-06-17,6401,736,1,1,"0","0"
917,3,2015-06-17,7718,784,1,1,"0","0"
918,3,2015-06-17,5761,598,1,1,"0","0"
919,3,2015-06-17,6829,762,1,1,"0","0"
920,3,2015-06-17,6373,612,1,1,"0","0"
921,3,2015-06-17,10601,1196,1,1,"0","0"
922,3,2015-06-17,7711,730,1,1,"0","0"
923,3,2015-06-17,6368,668,1,1,"0","0"
924,3,2015-06-17,5147,473,1,1,"0","0"
925,3,2015-06-17,6264,1177,1,1,"0","0"
926,3,2015-06-17,8716,571,1,1,"0","0"
927,3,2015-06-17,7278,914,1,1,"0","0"
928,3,2015-06-17,9676,713,1,1,"0","0"
929,3,2015-06-17,6043,695,1,1,"0","0"
930,3,2015-06-17,8083,1180,1,1,"0","0"
931,3,2015-06-17,4282,468,1,1,"0","0"
932,3,2015-06-17,8320,791,1,1,"0","0"
933,3,2015-06-17,9719,1050,1,1,"0","0"
934,3,2015-06-17,7002,682,1,1,"0","0"
935,3,2015-06-17,6145,590,1,1,"0","0"
936,3,2015-06-17,7800,919,1,1,"0","0"
937,3,2015-06-17,8153,597,1,1,"0","0"
938,3,2015-06-17,9392,915,1,1,"0","0"
939,3,2015-06-17,6372,521,1,1,"0","0"
940,3,2015-06-17,8239,804,1,1,"0","0"
941,3,2015-06-17,6842,651,1,1,"0","0"
942,3,2015-06-17,6886,467,1,1,"0","0"
943,3,2015-06-17,7736,625,1,1,"0","0"
944,3,2015-06-17,7208,1090,1,1,"0","0"
945,3,2015-06-17,5148,582,1,1,"0","0"
946,3,2015-06-17,5165,591,1,1,"0","0"
947,3,2015-06-17,10117,1236,1,1,"0","0"
948,3,2015-06-17,8050,2042,1,1,"0","0"
949,3,2015-06-17,6680,597,1,1,"0","0"
950,3,2015-06-17,6356,636,1,1,"0","0"
951,3,2015-06-17,8916,775,1,1,"0","0"
952,3,2015-06-17,6089,480,1,1,"0","0"
953,3,2015-06-17,6167,566,1,1,"0","0"
954,3,2015-06-17,8546,1015,1,1,"0","0"
955,3,2015-06-17,5402,479,1,1,"0","0"
956,3,2015-06-17,3618,491,1,1,"0","0"
957,3,2015-06-17,9478,982,1,1,"0","0"
958,3,2015-06-17,3999,513,1,1,"0","0"
959,3,2015-06-17,8203,823,1,1,"0","0"
960,3,2015-06-17,7382,576,1,1,"0","0"
961,3,2015-06-17,6042,626,1,1,"0","0"
962,3,2015-06-17,7312,872,1,1,"0","0"
963,3,2015-06-17,12923,1096,1,1,"0","0"
964,3,2015-06-17,10279,1317,1,1,"0","0"
965,3,2015-06-17,9927,949,1,1,"0","0"
966,3,2015-06-17,5190,621,1,1,"0","0"
967,3,2015-06-17,9184,835,1,1,"0","0"
968,3,2015-06-17,7671,907,1,1,"0","0"
969,3,2015-06-17,5197,782,1,1,"0","0"
970,3,2015-06-17,3887,452,1,1,"0","0"
971,3,2015-06-17,8739,934,1,1,"0","0"
972,3,2015-06-17,3780,381,1,1,"0","0"
973,3,2015-06-17,7765,926,1,1,"0","0"
974,3,2015-06-17,13720,1747,1,1,"0","0"
975,3,2015-06-17,8148,710,1,1,"0","0"
976,3,2015-06-17,8231,756,1,1,"0","0"
977,3,2015-06-17,5143,535,1,1,"0","0"
978,3,2015-06-17,8308,1032,1,1,"0","0"
979,3,2015-06-17,7358,615,1,1,"0","0"
980,3,2015-06-17,7090,487,1,1,"0","0"
981,3,2015-06-17,7356,727,1,1,"0","0"
982,3,2015-06-17,9437,721,1,1,"0","0"
983,3,2015-06-17,10281,1198,1,1,"0","0"
984,3,2015-06-17,7278,761,1,1,"0","0"
985,3,2015-06-17,8615,724,1,1,"0","0"
986,3,2015-06-17,6038,691,1,1,"0","0"
987,3,2015-06-17,7269,890,1,1,"0","0"
988,3,2015-06-17,5002,751,1,1,"0","0"
989,3,2015-06-17,6042,602,1,1,"0","0"
990,3,2015-06-17,6903,549,1,1,"0","0"
991,3,2015-06-17,6157,491,1,1,"0","0"
992,3,2015-06-17,6324,762,1,1,"0","0"
993,3,2015-06-17,8648,736,1,1,"0","0"
994,3,2015-06-17,6244,532,1,1,"0","0"
995,3,2015-06-17,10168,786,1,1,"0","0"
996,3,2015-06-17,8792,842,1,1,"0","0"
997,3,2015-06-17,4986,367,1,1,"0","0"
998,3,2015-06-17,4752,547,1,1,"0","0"
999,3,2015-06-17,10689,693,1,1,"0","0"
1000,3,2015-06-17,8655,737,1,1,"0","0"
1001,3,2015-06-17,6980,657,1,1,"0","0"
1002,3,2015-06-17,6543,746,1,1,"0","0"
1003,3,2015-06-17,7698,720,1,1,"0","0"
1004,3,2015-06-17,5626,481,1,1,"0","0"
1005,3,2015-06-17,7198,998,1,1,"0","0"
1006,3,2015-06-17,6365,810,1,1,"0","0"
1007,3,2015-06-17,7808,812,1,1,"0","0"
1008,3,2015-06-17,6132,762,1,1,"0","0"
1009,3,2015-06-17,6143,504,1,1,"0","0"
1010,3,2015-06-17,10333,786,1,1,"0","0"
1011,3,2015-06-17,8345,858,1,1,"0","0"
1012,3,2015-06-17,5652,489,1,1,"0","0"
1013,3,2015-06-17,4051,421,1,1,"0","0"
1014,3,2015-06-17,12493,1249,1,1,"0","0"
1015,3,2015-06-17,6078,452,1,1,"0","0"
1016,3,2015-06-17,6416,496,1,1,"0","0"
1017,3,2015-06-17,7131,954,1,1,"0","0"
1018,3,2015-06-17,11110,1193,1,1,"0","0"
1019,3,2015-06-17,9722,737,1,1,"0","0"
1020,3,2015-06-17,9450,1136,1,1,"0","0"
1021,3,2015-06-17,9726,1113,1,1,"0","0"
1022,3,2015-06-17,9144,878,1,1,"0","0"
1023,3,2015-06-17,5913,563,1,1,"0","0"
1024,3,2015-06-17,6015,724,1,1,"0","0"
1025,3,2015-06-17,8412,918,1,1,"0","0"
1026,3,2015-06-17,11270,1200,1,1,"0","0"
1027,3,2015-06-17,15216,1728,1,1,"0","0"
1028,3,2015-06-17,6062,605,1,1,"0","0"
1029,3,2015-06-17,6199,848,1,1,"0","0"
1030,3,2015-06-17,4106,357,1,1,"0","0"
1031,3,2015-06-17,5962,464,1,1,"0","0"
1032,3,2015-06-17,9248,960,1,1,"0","0"
1033,3,2015-06-17,14917,1295,1,1,"0","0"
1034,3,2015-06-17,7537,772,1,1,"0","0"
1035,3,2015-06-17,5153,571,1,1,"0","0"
1036,3,2015-06-17,5310,423,1,1,"0","0"
1037,3,2015-06-17,7796,833,1,1,"0","0"
1038,3,2015-06-17,6179,485,1,1,"0","0"
1039,3,2015-06-17,10039,1128,1,1,"0","0"
1040,3,2015-06-17,9147,850,1,1,"0","0"
1041,3,2015-06-17,6951,674,1,1,"0","0"
1042,3,2015-06-17,4778,556,1,1,"0","0"
1043,3,2015-06-17,7931,992,1,1,"0","0"
1044,3,2015-06-17,7016,881,1,1,"0","0"
1045,3,2015-06-17,8305,973,1,1,"0","0"
1046,3,2015-06-17,9799,689,1,1,"0","0"
1047,3,2015-06-17,5630,571,1,1,"0","0"
1048,3,2015-06-17,7621,569,1,1,"0","0"
1049,3,2015-06-17,4746,715,1,1,"0","0"
1050,3,2015-06-17,7443,477,1,1,"0","0"
1051,3,2015-06-17,9166,1109,1,1,"0","0"
1052,3,2015-06-17,7808,752,1,1,"0","0"
1053,3,2015-06-17,9786,1111,1,1,"0","0"
1054,3,2015-06-17,6633,625,1,1,"0","0"
1055,3,2015-06-17,8636,1014,1,1,"0","0"
1056,3,2015-06-17,4710,418,1,1,"0","0"
1057,3,2015-06-17,6656,587,1,1,"0","0"
1058,3,2015-06-17,8668,743,1,1,"0","0"
1059,3,2015-06-17,9342,1138,1,1,"0","0"
1060,3,2015-06-17,8212,856,1,1,"0","0"
1061,3,2015-06-17,8090,587,1,1,"0","0"
1062,3,2015-06-17,7447,580,1,1,"0","0"
1063,3,2015-06-17,4807,523,1,1,"0","0"
1064,3,2015-06-17,10253,1041,1,1,"0","0"
1065,3,2015-06-17,5134,539,1,1,"0","0"
1066,3,2015-06-17,10848,1035,1,1,"0","0"
1067,3,2015-06-17,6209,496,1,1,"0","0"
1068,3,2015-06-17,4959,341,1,1,"0","0"
1069,3,2015-06-17,10075,1208,1,1,"0","0"
1070,3,2015-06-17,7453,814,1,1,"0","0"
1071,3,2015-06-17,6752,756,1,1,"0","0"
1072,3,2015-06-17,8795,741,1,1,"0","0"
1073,3,2015-06-17,12031,1231,1,1,"0","0"
1074,3,2015-06-17,5379,511,1,1,"0","0"
1075,3,2015-06-17,11130,1040,1,1,"0","0"
1076,3,2015-06-17,4779,657,1,1,"0","0"
1077,3,2015-06-17,4882,513,1,1,"0","0"
1078,3,2015-06-17,8672,655,1,1,"0","0"
1079,3,2015-06-17,9189,641,1,1,"0","0"
1080,3,2015-06-17,10818,872,1,1,"0","0"
1081,3,2015-06-17,7826,1187,1,1,"0","0"
1082,3,2015-06-17,7238,969,1,1,"0","0"
1083,3,2015-06-17,5061,361,1,1,"0","0"
1084,3,2015-06-17,6294,840,1,1,"0","0"
1085,3,2015-06-17,8299,742,1,1,"0","0"
1086,3,2015-06-17,6581,721,1,1,"0","0"
1087,3,2015-06-17,7316,673,1,1,"0","0"
1088,3,2015-06-17,6495,559,1,1,"0","0"
1089,3,2015-06-17,10625,1000,1,1,"0","0"
1090,3,2015-06-17,8635,1020,1,1,"0","0"
1091,3,2015-06-17,9807,733,1,1,"0","0"
1092,3,2015-06-17,13702,1215,1,1,"0","0"
1093,3,2015-06-17,9706,898,1,1,"0","0"
1094,3,2015-06-17,5243,383,1,1,"0","0"
1095,3,2015-06-17,5261,723,1,1,"0","0"
1096,3,2015-06-17,6068,671,1,1,"0","0"
1097,3,2015-06-17,11279,2694,1,1,"0","0"
1098,3,2015-06-17,6227,794,1,1,"0","0"
1099,3,2015-06-17,8493,995,1,1,"0","0"
1100,3,2015-06-17,6073,658,1,1,"0","0"
1101,3,2015-06-17,10662,966,1,1,"0","0"
1102,3,2015-06-17,6922,684,1,1,"0","0"
1103,3,2015-06-17,5161,383,1,1,"0","0"
1104,3,2015-06-17,5077,400,1,1,"0","0"
1105,3,2015-06-17,5793,595,1,1,"0","0"
1106,3,2015-06-17,5349,594,1,1,"0","0"
1107,3,2015-06-17,7302,730,1,1,"0","0"
1108,3,2015-06-17,7018,637,1,1,"0","0"
1109,3,2015-06-17,6367,525,1,1,"0","0"
1110,3,2015-06-17,5308,577,1,1,"0","0"
1111,3,2015-06-17,5839,442,1,1,"0","0"
1112,3,2015-06-17,11707,853,1,1,"0","0"
1113,3,2015-06-17,6976,695,1,1,"0","0"
1114,3,2015-06-17,23455,3322,1,1,"0","0"
1115,3,2015-06-17,8423,510,1,1,"0","0"
1,2,2015-06-16,4852,503,1,1,"0","0"
2,2,2015-06-16,6243,648,1,1,"0","0"
3,2,2015-06-16,9780,911,1,1,"0","0"
4,2,2015-06-16,10671,1352,1,1,"0","0"
5,2,2015-06-16,6354,671,1,1,"0","0"
6,2,2015-06-16,5804,642,1,1,"0","0"
7,2,2015-06-16,11151,1198,1,1,"0","0"
8,2,2015-06-16,8386,879,1,1,"0","0"
9,2,2015-06-16,9078,727,1,1,"0","0"
10,2,2015-06-16,6681,667,1,1,"0","0"
11,2,2015-06-16,8810,1169,1,1,"0","0"
12,2,2015-06-16,9626,985,1,1,"0","0"
13,2,2015-06-16,7159,419,1,1,"0","0"
14,2,2015-06-16,7071,740,1,1,"0","0"
15,2,2015-06-16,8600,725,1,1,"0","0"
16,2,2015-06-16,10333,1001,1,1,"0","0"
17,2,2015-06-16,8129,954,1,1,"0","0"
18,2,2015-06-16,8488,809,1,1,"0","0"
19,2,2015-06-16,8467,729,1,1,"0","0"
20,2,2015-06-16,10223,1021,1,1,"0","0"
21,2,2015-06-16,7567,566,1,1,"0","0"
22,2,2015-06-16,6523,584,1,1,"0","0"
23,2,2015-06-16,6911,539,1,1,"0","0"
24,2,2015-06-16,11824,950,1,1,"0","0"
25,2,2015-06-16,12278,1680,1,1,"0","0"
26,2,2015-06-16,7485,547,1,1,"0","0"
27,2,2015-06-16,13517,1263,1,1,"0","0"
28,2,2015-06-16,6464,619,1,1,"0","0"
29,2,2015-06-16,10375,813,1,1,"0","0"
30,2,2015-06-16,5958,776,1,1,"0","0"
31,2,2015-06-16,6906,594,1,1,"0","0"
32,2,2015-06-16,5221,581,1,1,"0","0"
33,2,2015-06-16,9792,867,1,1,"0","0"
34,2,2015-06-16,9036,1004,1,1,"0","0"
35,2,2015-06-16,15392,992,1,1,"0","0"
36,2,2015-06-16,11218,1155,1,1,"0","0"
37,2,2015-06-16,7646,721,1,1,"0","0"
38,2,2015-06-16,7795,570,1,1,"0","0"
39,2,2015-06-16,6519,730,1,1,"0","0"
40,2,2015-06-16,4985,625,1,1,"0","0"
41,2,2015-06-16,6407,421,1,1,"0","0"
42,2,2015-06-16,13845,1296,1,1,"0","0"
43,2,2015-06-16,8927,705,1,1,"0","0"
44,2,2015-06-16,7358,786,1,1,"0","0"
45,2,2015-06-16,6190,435,1,1,"0","0"
46,2,2015-06-16,6652,683,1,1,"0","0"
47,2,2015-06-16,9007,1036,1,1,"0","0"
48,2,2015-06-16,4217,412,1,1,"0","0"
49,2,2015-06-16,8892,589,1,1,"0","0"
50,2,2015-06-16,5090,421,1,1,"0","0"
51,2,2015-06-16,7143,505,1,1,"0","0"
52,2,2015-06-16,8396,463,1,1,"0","0"
53,2,2015-06-16,6143,615,1,1,"0","0"
54,2,2015-06-16,8728,676,1,1,"0","0"
55,2,2015-06-16,6939,735,1,1,"0","0"
56,2,2015-06-16,9595,616,1,1,"0","0"
57,2,2015-06-16,11734,1022,1,1,"0","0"
58,2,2015-06-16,7804,564,1,1,"0","0"
59,2,2015-06-16,7391,672,1,1,"0","0"
60,2,2015-06-16,11713,884,1,1,"0","0"
61,2,2015-06-16,6360,680,1,1,"0","0"
62,2,2015-06-16,8807,863,1,1,"0","0"
63,2,2015-06-16,7941,657,1,1,"0","0"
64,2,2015-06-16,13359,852,1,1,"0","0"
65,2,2015-06-16,6818,546,1,1,"0","0"
66,2,2015-06-16,7120,523,1,1,"0","0"
67,2,2015-06-16,10875,1012,1,1,"0","0"
68,2,2015-06-16,7239,1058,1,1,"0","0"
69,2,2015-06-16,10478,1236,1,1,"0","0"
70,2,2015-06-16,7454,715,1,1,"0","0"
71,2,2015-06-16,11860,847,1,1,"0","0"
72,2,2015-06-16,7022,649,1,1,"0","0"
73,2,2015-06-16,6188,592,1,1,"0","0"
74,2,2015-06-16,8094,1006,1,1,"0","0"
75,2,2015-06-16,6614,638,1,1,"0","0"
76,2,2015-06-16,10496,995,1,1,"0","0"
77,2,2015-06-16,9611,683,1,1,"0","0"
78,2,2015-06-16,4661,551,1,1,"0","0"
79,2,2015-06-16,7134,702,1,1,"0","0"
80,2,2015-06-16,9406,635,1,1,"0","0"
81,2,2015-06-16,8033,598,1,1,"0","0"
82,2,2015-06-16,11343,927,1,1,"0","0"
83,2,2015-06-16,4845,389,1,1,"0","0"
84,2,2015-06-16,17204,1561,1,1,"0","0"
85,2,2015-06-16,7425,976,1,1,"0","0"
86,2,2015-06-16,6040,702,1,1,"0","0"
87,2,2015-06-16,7351,847,1,1,"0","0"
88,2,2015-06-16,9045,803,1,1,"0","0"
89,2,2015-06-16,8411,787,1,1,"0","0"
90,2,2015-06-16,10710,1216,1,1,"0","0"
91,2,2015-06-16,6181,541,1,1,"0","0"
92,2,2015-06-16,8234,622,1,1,"0","0"
93,2,2015-06-16,8169,712,1,1,"0","0"
94,2,2015-06-16,9800,743,1,1,"0","0"
95,2,2015-06-16,8935,988,1,1,"0","0"
96,2,2015-06-16,7938,744,1,1,"0","0"
97,2,2015-06-16,8519,762,1,1,"0","0"
98,2,2015-06-16,6677,512,1,1,"0","0"
99,2,2015-06-16,6990,566,1,1,"0","0"
100,2,2015-06-16,9347,709,1,1,"0","0"
101,2,2015-06-16,8920,845,1,1,"0","0"
102,2,2015-06-16,9318,1223,1,1,"0","0"
103,2,2015-06-16,6128,489,1,1,"0","0"
104,2,2015-06-16,10995,1318,1,1,"0","0"
105,2,2015-06-16,6480,714,1,1,"0","0"
106,2,2015-06-16,10642,936,1,1,"0","0"
107,2,2015-06-16,7561,930,1,1,"0","0"
108,2,2015-06-16,14284,987,1,1,"0","0"
109,2,2015-06-16,7459,790,1,1,"0","0"
110,2,2015-06-16,5599,682,1,1,"0","0"
111,2,2015-06-16,8458,610,1,1,"0","0"
112,2,2015-06-16,6813,772,1,1,"0","0"
113,2,2015-06-16,6878,657,1,1,"0","0"
114,2,2015-06-16,6400,637,1,1,"0","0"
115,2,2015-06-16,9161,577,1,1,"0","0"
116,2,2015-06-16,7849,807,1,1,"0","0"
117,2,2015-06-16,4587,541,1,1,"0","0"
118,2,2015-06-16,9176,735,1,1,"0","0"
119,2,2015-06-16,7576,776,1,1,"0","0"
120,2,2015-06-16,9177,751,1,1,"0","0"
121,2,2015-06-16,5701,561,1,1,"0","0"
122,2,2015-06-16,8426,995,1,1,"0","0"
123,2,2015-06-16,11192,1168,1,1,"0","0"
124,2,2015-06-16,5751,695,1,1,"0","0"
125,2,2015-06-16,14168,1762,1,1,"0","0"
126,2,2015-06-16,6854,600,1,1,"0","0"
127,2,2015-06-16,6864,717,1,1,"0","0"
128,2,2015-06-16,10138,727,1,1,"0","0"
129,2,2015-06-16,11656,1304,1,1,"0","0"
130,2,2015-06-16,5792,582,1,1,"0","0"
131,2,2015-06-16,6440,631,1,1,"0","0"
132,2,2015-06-16,8108,668,1,1,"0","0"
133,2,2015-06-16,7782,822,1,1,"0","0"
134,2,2015-06-16,5055,537,1,1,"0","0"
135,2,2015-06-16,7401,597,1,1,"0","0"
136,2,2015-06-16,7701,529,1,1,"0","0"
137,2,2015-06-16,11178,1200,1,1,"0","0"
138,2,2015-06-16,10760,898,1,1,"0","0"
139,2,2015-06-16,9065,614,1,1,"0","0"
140,2,2015-06-16,8738,1065,1,1,"0","0"
141,2,2015-06-16,7802,747,1,1,"0","0"
142,2,2015-06-16,5429,625,1,1,"0","0"
143,2,2015-06-16,7477,691,1,1,"0","0"
144,2,2015-06-16,8303,748,1,1,"0","0"
145,2,2015-06-16,9711,1297,1,1,"0","0"
146,2,2015-06-16,9896,749,1,1,"0","0"
147,2,2015-06-16,9504,876,1,1,"0","0"
148,2,2015-06-16,11426,968,1,1,"0","0"
149,2,2015-06-16,7223,554,1,1,"0","0"
150,2,2015-06-16,10011,850,1,1,"0","0"
151,2,2015-06-16,8480,742,1,1,"0","0"
152,2,2015-06-16,7089,777,1,1,"0","0"
153,2,2015-06-16,8851,705,1,1,"0","0"
154,2,2015-06-16,10645,811,1,1,"0","0"
155,2,2015-06-16,7614,652,1,1,"0","0"
156,2,2015-06-16,9742,885,1,1,"0","0"
157,2,2015-06-16,13568,1228,1,1,"0","0"
158,2,2015-06-16,8943,508,1,1,"0","0"
159,2,2015-06-16,9608,775,1,1,"0","0"
160,2,2015-06-16,6934,596,1,1,"0","0"
161,2,2015-06-16,9473,940,1,1,"0","0"
162,2,2015-06-16,10504,635,1,1,"0","0"
163,2,2015-06-16,7164,894,1,1,"0","0"
164,2,2015-06-16,8330,753,1,1,"0","0"
165,2,2015-06-16,4691,469,1,1,"0","0"
166,2,2015-06-16,6413,785,1,1,"0","0"
167,2,2015-06-16,13593,1312,1,1,"0","0"
168,2,2015-06-16,10167,934,1,1,"0","0"
169,2,2015-06-16,7306,631,1,1,"0","0"
170,2,2015-06-16,5202,569,1,1,"0","0"
171,2,2015-06-16,10629,977,1,1,"0","0"
172,2,2015-06-16,8210,961,1,1,"0","0"
173,2,2015-06-16,9494,1102,1,1,"0","0"
174,2,2015-06-16,6555,532,1,1,"0","0"
175,2,2015-06-16,6692,725,1,1,"0","0"
176,2,2015-06-16,6897,737,1,1,"0","0"
177,2,2015-06-16,4823,486,1,1,"0","0"
178,2,2015-06-16,12028,968,1,1,"0","0"
179,2,2015-06-16,10085,1169,1,1,"0","0"
180,2,2015-06-16,8437,882,1,1,"0","0"
181,2,2015-06-16,8185,779,1,1,"0","0"
182,2,2015-06-16,6926,475,1,1,"0","0"
183,2,2015-06-16,0,0,0,1,"0","0"
184,2,2015-06-16,8637,672,1,1,"0","0"
185,2,2015-06-16,7915,553,1,1,"0","0"
186,2,2015-06-16,5363,486,1,1,"0","0"
187,2,2015-06-16,7989,916,1,1,"0","0"
188,2,2015-06-16,5891,458,1,1,"0","0"
189,2,2015-06-16,10349,871,1,1,"0","0"
190,2,2015-06-16,10439,797,1,1,"0","0"
191,2,2015-06-16,7950,788,1,1,"0","0"
192,2,2015-06-16,14660,945,1,1,"0","0"
193,2,2015-06-16,6960,882,1,1,"0","0"
194,2,2015-06-16,4825,415,1,1,"0","0"
195,2,2015-06-16,13964,1434,1,1,"0","0"
196,2,2015-06-16,6394,746,1,1,"0","0"
197,2,2015-06-16,7768,821,1,1,"0","0"
198,2,2015-06-16,5023,531,1,1,"0","0"
199,2,2015-06-16,10922,749,1,1,"0","0"
200,2,2015-06-16,9593,1105,1,1,"0","0"
201,2,2015-06-16,5866,397,1,1,"0","0"
202,2,2015-06-16,6424,514,1,1,"0","0"
203,2,2015-06-16,8554,946,1,1,"0","0"
204,2,2015-06-16,7128,608,1,1,"0","0"
205,2,2015-06-16,7809,979,1,1,"0","0"
206,2,2015-06-16,10114,1016,1,1,"0","0"
207,2,2015-06-16,14575,1455,1,1,"0","0"
208,2,2015-06-16,3436,464,1,1,"0","0"
209,2,2015-06-16,6989,675,1,1,"0","0"
210,2,2015-06-16,3782,330,1,1,"0","0"
211,2,2015-06-16,19118,1879,1,1,"0","0"
212,2,2015-06-16,5422,478,1,1,"0","0"
213,2,2015-06-16,11746,782,1,1,"0","0"
214,2,2015-06-16,10741,706,1,1,"0","0"
215,2,2015-06-16,8062,554,1,1,"0","0"
216,2,2015-06-16,8182,945,1,1,"0","0"
217,2,2015-06-16,5390,697,1,1,"0","0"
218,2,2015-06-16,6744,871,1,1,"0","0"
219,2,2015-06-16,4024,448,1,1,"0","0"
220,2,2015-06-16,6792,779,1,1,"0","0"
221,2,2015-06-16,6923,624,1,1,"0","0"
222,2,2015-06-16,6694,718,1,1,"0","0"
223,2,2015-06-16,8689,790,1,1,"0","0"
224,2,2015-06-16,8358,556,1,1,"0","0"
225,2,2015-06-16,5668,563,1,1,"0","0"
226,2,2015-06-16,8497,803,1,1,"0","0"
227,2,2015-06-16,8415,660,1,1,"0","0"
228,2,2015-06-16,9847,618,1,1,"0","0"
229,2,2015-06-16,10530,818,1,1,"0","0"
230,2,2015-06-16,9232,1046,1,1,"0","0"
231,2,2015-06-16,5694,423,1,1,"0","0"
232,2,2015-06-16,4314,346,1,1,"0","0"
233,2,2015-06-16,11678,1173,1,1,"0","0"
234,2,2015-06-16,15282,1176,1,1,"0","0"
235,2,2015-06-16,7693,550,1,1,"0","0"
236,2,2015-06-16,9706,1070,1,1,"0","0"
237,2,2015-06-16,4837,621,1,1,"0","0"
238,2,2015-06-16,9455,1284,1,1,"0","0"
239,2,2015-06-16,6210,515,1,1,"0","0"
240,2,2015-06-16,6159,538,1,1,"0","0"
241,2,2015-06-16,8701,795,1,1,"0","0"
242,2,2015-06-16,5180,430,1,1,"0","0"
243,2,2015-06-16,9781,1099,1,1,"0","0"
244,2,2015-06-16,7359,614,1,1,"0","0"
245,2,2015-06-16,10234,1203,1,1,"0","0"
246,2,2015-06-16,8556,1014,1,1,"0","0"
247,2,2015-06-16,9428,713,1,1,"0","0"
248,2,2015-06-16,8428,1052,1,1,"0","0"
249,2,2015-06-16,5789,566,1,1,"0","0"
250,2,2015-06-16,11049,767,1,1,"0","0"
251,2,2015-06-16,23394,2664,1,1,"0","0"
252,2,2015-06-16,13569,898,1,1,"0","0"
253,2,2015-06-16,8019,857,1,1,"0","0"
254,2,2015-06-16,4214,306,1,1,"0","0"
255,2,2015-06-16,7372,687,1,1,"0","0"
256,2,2015-06-16,10704,1278,1,1,"0","0"
257,2,2015-06-16,5934,657,1,1,"0","0"
258,2,2015-06-16,6694,530,1,1,"0","0"
259,2,2015-06-16,13727,2809,1,1,"0","0"
260,2,2015-06-16,6196,844,1,1,"0","0"
261,2,2015-06-16,16184,1056,1,1,"0","0"
262,2,2015-06-16,19982,2941,1,1,"0","0"
263,2,2015-06-16,4944,456,1,1,"0","0"
264,2,2015-06-16,8788,1075,1,1,"0","0"
265,2,2015-06-16,7142,641,1,1,"0","0"
266,2,2015-06-16,4660,531,1,1,"0","0"
267,2,2015-06-16,8663,968,1,1,"0","0"
268,2,2015-06-16,5544,642,1,1,"0","0"
269,2,2015-06-16,16051,1856,1,1,"0","0"
270,2,2015-06-16,10985,1381,1,1,"0","0"
271,2,2015-06-16,13663,1143,1,1,"0","0"
272,2,2015-06-16,8073,724,1,1,"0","0"
273,2,2015-06-16,10104,886,1,1,"0","0"
274,2,2015-06-16,5733,1187,1,1,"0","0"
275,2,2015-06-16,9101,796,1,1,"0","0"
276,2,2015-06-16,4649,564,1,1,"0","0"
277,2,2015-06-16,7890,606,1,1,"0","0"
278,2,2015-06-16,7958,832,1,1,"0","0"
279,2,2015-06-16,11692,787,1,1,"0","0"
280,2,2015-06-16,7562,585,1,1,"0","0"
281,2,2015-06-16,6840,554,1,1,"0","0"
282,2,2015-06-16,6127,748,1,1,"0","0"
283,2,2015-06-16,9860,859,1,1,"0","0"
284,2,2015-06-16,7556,527,1,1,"0","0"
285,2,2015-06-16,5934,510,1,1,"0","0"
286,2,2015-06-16,5776,468,1,1,"0","0"
287,2,2015-06-16,10594,936,1,1,"0","0"
288,2,2015-06-16,6423,462,1,1,"0","0"
289,2,2015-06-16,7068,588,1,1,"0","0"
290,2,2015-06-16,10942,930,1,1,"0","0"
291,2,2015-06-16,10187,957,1,1,"0","0"
292,2,2015-06-16,7817,906,1,1,"0","0"
293,2,2015-06-16,7888,945,1,1,"0","0"
294,2,2015-06-16,8038,1001,1,1,"0","0"
295,2,2015-06-16,7453,845,1,1,"0","0"
296,2,2015-06-16,8415,879,1,1,"0","0"
297,2,2015-06-16,9332,813,1,1,"0","0"
298,2,2015-06-16,9635,688,1,1,"0","0"
299,2,2015-06-16,7611,791,1,1,"0","0"
300,2,2015-06-16,8666,982,1,1,"0","0"
301,2,2015-06-16,6454,609,1,1,"0","0"
302,2,2015-06-16,4238,365,1,1,"0","0"
303,2,2015-06-16,7423,726,1,1,"0","0"
304,2,2015-06-16,8842,1188,1,1,"0","0"
305,2,2015-06-16,7211,590,1,1,"0","0"
306,2,2015-06-16,6219,617,1,1,"0","0"
307,2,2015-06-16,3974,414,1,1,"0","0"
308,2,2015-06-16,11490,993,1,1,"0","0"
309,2,2015-06-16,9980,716,1,1,"0","0"
310,2,2015-06-16,11053,853,1,1,"0","0"
311,2,2015-06-16,8820,968,1,1,"0","0"
312,2,2015-06-16,6348,580,1,1,"0","0"
313,2,2015-06-16,8548,786,1,1,"0","0"
314,2,2015-06-16,6567,620,1,1,"0","0"
315,2,2015-06-16,4903,470,1,1,"0","0"
316,2,2015-06-16,13208,1056,1,1,"0","0"
317,2,2015-06-16,6104,589,1,1,"0","0"
318,2,2015-06-16,8883,691,1,1,"0","0"
319,2,2015-06-16,8268,780,1,1,"0","0"
320,2,2015-06-16,17232,2240,1,1,"0","0"
321,2,2015-06-16,7115,606,1,1,"0","0"
322,2,2015-06-16,7420,737,1,1,"0","0"
323,2,2015-06-16,9104,690,1,1,"0","0"
324,2,2015-06-16,8094,925,1,1,"0","0"
325,2,2015-06-16,8012,718,1,1,"0","0"
326,2,2015-06-16,5794,416,1,1,"0","0"
327,2,2015-06-16,10214,1108,1,1,"0","0"
328,2,2015-06-16,6288,607,1,1,"0","0"
329,2,2015-06-16,9061,696,1,1,"0","0"
330,2,2015-06-16,5063,514,1,1,"0","0"
331,2,2015-06-16,7242,876,1,1,"0","0"
332,2,2015-06-16,4799,599,1,1,"0","0"
333,2,2015-06-16,11791,1451,1,1,"0","0"
334,2,2015-06-16,5789,526,1,1,"0","0"
335,2,2015-06-16,20930,3187,1,1,"0","0"
336,2,2015-06-16,17590,2190,1,1,"0","0"
337,2,2015-06-16,5758,421,1,1,"0","0"
338,2,2015-06-16,8270,615,1,1,"0","0"
339,2,2015-06-16,7101,828,1,1,"0","0"
340,2,2015-06-16,8352,850,1,1,"0","0"
341,2,2015-06-16,7746,914,1,1,"0","0"
342,2,2015-06-16,13491,898,1,1,"0","0"
343,2,2015-06-16,9778,784,1,1,"0","0"
344,2,2015-06-16,12503,1411,1,1,"0","0"
345,2,2015-06-16,5849,595,1,1,"0","0"
346,2,2015-06-16,9537,750,1,1,"0","0"
347,2,2015-06-16,5905,458,1,1,"0","0"
348,2,2015-06-16,10729,824,1,1,"0","0"
349,2,2015-06-16,10604,955,1,1,"0","0"
350,2,2015-06-16,8877,586,1,1,"0","0"
351,2,2015-06-16,7449,563,1,1,"0","0"
352,2,2015-06-16,7208,618,1,1,"0","0"
353,2,2015-06-16,6408,1681,1,1,"0","0"
354,2,2015-06-16,10490,752,1,1,"0","0"
355,2,2015-06-16,10572,1168,1,1,"0","0"
356,2,2015-06-16,7287,510,1,1,"0","0"
357,2,2015-06-16,9537,1138,1,1,"0","0"
358,2,2015-06-16,12516,1186,1,1,"0","0"
359,2,2015-06-16,6377,533,1,1,"0","0"
360,2,2015-06-16,8346,844,1,1,"0","0"
361,2,2015-06-16,7639,668,1,1,"0","0"
362,2,2015-06-16,10949,1309,1,1,"0","0"
363,2,2015-06-16,8498,1059,1,1,"0","0"
364,2,2015-06-16,6335,779,1,1,"0","0"
365,2,2015-06-16,5848,575,1,1,"0","0"
366,2,2015-06-16,8376,742,1,1,"0","0"
367,2,2015-06-16,6138,576,1,1,"0","0"
368,2,2015-06-16,13080,843,1,1,"0","0"
369,2,2015-06-16,6857,533,1,1,"0","0"
370,2,2015-06-16,8698,625,1,1,"0","0"
371,2,2015-06-16,8888,632,1,1,"0","0"
372,2,2015-06-16,11864,855,1,1,"0","0"
373,2,2015-06-16,4718,305,1,1,"0","0"
374,2,2015-06-16,8718,977,1,1,"0","0"
375,2,2015-06-16,13671,1032,1,1,"0","0"
376,2,2015-06-16,10936,1093,1,1,"0","0"
377,2,2015-06-16,10263,1156,1,1,"0","0"
378,2,2015-06-16,9112,1243,1,1,"0","0"
379,2,2015-06-16,4650,511,1,1,"0","0"
380,2,2015-06-16,16252,1437,1,1,"0","0"
381,2,2015-06-16,11228,1136,1,1,"0","0"
382,2,2015-06-16,9637,692,1,1,"0","0"
383,2,2015-06-16,18129,2130,1,1,"0","0"
384,2,2015-06-16,12356,1305,1,1,"0","0"
385,2,2015-06-16,8410,683,1,1,"0","0"
386,2,2015-06-16,8047,618,1,1,"0","0"
387,2,2015-06-16,12216,1343,1,1,"0","0"
388,2,2015-06-16,13077,1235,1,1,"0","0"
389,2,2015-06-16,13281,1446,1,1,"0","0"
390,2,2015-06-16,15946,1304,1,1,"0","0"
391,2,2015-06-16,7884,844,1,1,"0","0"
392,2,2015-06-16,9457,848,1,1,"0","0"
393,2,2015-06-16,7514,648,1,1,"0","0"
394,2,2015-06-16,11633,803,1,1,"0","0"
395,2,2015-06-16,5548,633,1,1,"0","0"
396,2,2015-06-16,12564,1272,1,1,"0","0"
397,2,2015-06-16,8976,985,1,1,"0","0"
398,2,2015-06-16,6514,668,1,1,"0","0"
399,2,2015-06-16,8386,721,1,1,"0","0"
400,2,2015-06-16,11470,1415,1,1,"0","0"
401,2,2015-06-16,10008,828,1,1,"0","0"
402,2,2015-06-16,6389,581,1,1,"0","0"
403,2,2015-06-16,9790,865,1,1,"0","0"
404,2,2015-06-16,6441,706,1,1,"0","0"
405,2,2015-06-16,6701,602,1,1,"0","0"
406,2,2015-06-16,8093,572,1,1,"0","0"
407,2,2015-06-16,4804,349,1,1,"0","0"
408,2,2015-06-16,5816,523,1,1,"0","0"
409,2,2015-06-16,8215,661,1,1,"0","0"
410,2,2015-06-16,8403,882,1,1,"0","0"
411,2,2015-06-16,11745,785,1,1,"0","0"
412,2,2015-06-16,11029,706,1,1,"0","0"
413,2,2015-06-16,8666,1018,1,1,"0","0"
414,2,2015-06-16,6844,491,1,1,"0","0"
415,2,2015-06-16,7279,563,1,1,"0","0"
416,2,2015-06-16,13518,1582,1,1,"0","0"
417,2,2015-06-16,10522,910,1,1,"0","0"
418,2,2015-06-16,7426,679,1,1,"0","0"
419,2,2015-06-16,6838,913,1,1,"0","0"
420,2,2015-06-16,5811,479,1,1,"0","0"
421,2,2015-06-16,9159,876,1,1,"0","0"
422,2,2015-06-16,5125,450,1,1,"0","0"
423,2,2015-06-16,11373,1845,1,1,"0","0"
424,2,2015-06-16,8565,897,1,1,"0","0"
425,2,2015-06-16,4272,534,1,1,"0","0"
426,2,2015-06-16,6844,733,1,1,"0","0"
427,2,2015-06-16,11588,955,1,1,"0","0"
428,2,2015-06-16,7038,581,1,1,"0","0"
429,2,2015-06-16,5469,442,1,1,"0","0"
430,2,2015-06-16,10440,731,1,1,"0","0"
431,2,2015-06-16,11327,1065,1,1,"0","0"
432,2,2015-06-16,13780,1776,1,1,"0","0"
433,2,2015-06-16,6611,712,1,1,"0","0"
434,2,2015-06-16,10647,756,1,1,"0","0"
435,2,2015-06-16,4404,467,1,1,"0","0"
436,2,2015-06-16,6838,716,1,1,"0","0"
437,2,2015-06-16,8539,737,1,1,"0","0"
438,2,2015-06-16,7459,630,1,1,"0","0"
439,2,2015-06-16,9440,1011,1,1,"0","0"
440,2,2015-06-16,6732,686,1,1,"0","0"
441,2,2015-06-16,7207,726,1,1,"0","0"
442,2,2015-06-16,5874,549,1,1,"0","0"
443,2,2015-06-16,6570,512,1,1,"0","0"
444,2,2015-06-16,10749,1117,1,1,"0","0"
445,2,2015-06-16,9636,1306,1,1,"0","0"
446,2,2015-06-16,6081,678,1,1,"0","0"
447,2,2015-06-16,5673,641,1,1,"0","0"
448,2,2015-06-16,10355,820,1,1,"0","0"
449,2,2015-06-16,13887,1676,1,1,"0","0"
450,2,2015-06-16,9559,921,1,1,"0","0"
451,2,2015-06-16,7125,518,1,1,"0","0"
452,2,2015-06-16,5397,511,1,1,"0","0"
453,2,2015-06-16,10365,1144,1,1,"0","0"
454,2,2015-06-16,7699,843,1,1,"0","0"
455,2,2015-06-16,7275,472,1,1,"0","0"
456,2,2015-06-16,8355,1087,1,1,"0","0"
457,2,2015-06-16,5656,464,1,1,"0","0"
458,2,2015-06-16,8036,692,1,1,"0","0"
459,2,2015-06-16,12103,1332,1,1,"0","0"
460,2,2015-06-16,6035,485,1,1,"0","0"
461,2,2015-06-16,5688,507,1,1,"0","0"
462,2,2015-06-16,6057,705,1,1,"0","0"
463,2,2015-06-16,7965,1212,1,1,"0","0"
464,2,2015-06-16,10327,1173,1,1,"0","0"
465,2,2015-06-16,10056,687,1,1,"0","0"
466,2,2015-06-16,11644,960,1,1,"0","0"
467,2,2015-06-16,15874,1708,1,1,"0","0"
468,2,2015-06-16,6698,627,1,1,"0","0"
469,2,2015-06-16,13522,1536,1,1,"0","0"
470,2,2015-06-16,15387,1838,1,1,"0","0"
471,2,2015-06-16,7781,557,1,1,"0","0"
472,2,2015-06-16,5839,702,1,1,"0","0"
473,2,2015-06-16,4735,597,1,1,"0","0"
474,2,2015-06-16,9637,807,1,1,"0","0"
475,2,2015-06-16,8046,1067,1,1,"0","0"
476,2,2015-06-16,8901,847,1,1,"0","0"
477,2,2015-06-16,8004,492,1,1,"0","0"
478,2,2015-06-16,8516,775,1,1,"0","0"
479,2,2015-06-16,14177,1584,1,1,"0","0"
480,2,2015-06-16,6405,740,1,1,"0","0"
481,2,2015-06-16,6774,532,1,1,"0","0"
482,2,2015-06-16,8464,842,1,1,"0","0"
483,2,2015-06-16,7576,926,1,1,"0","0"
484,2,2015-06-16,7414,673,1,1,"0","0"
485,2,2015-06-16,6635,481,1,1,"0","0"
486,2,2015-06-16,6061,606,1,1,"0","0"
487,2,2015-06-16,7793,685,1,1,"0","0"
488,2,2015-06-16,4618,386,1,1,"0","0"
489,2,2015-06-16,11674,904,1,1,"0","0"
490,2,2015-06-16,9442,1134,1,1,"0","0"
491,2,2015-06-16,8813,619,1,1,"0","0"
492,2,2015-06-16,10614,1373,1,1,"0","0"
493,2,2015-06-16,11111,960,1,1,"0","0"
494,2,2015-06-16,9294,1140,1,1,"0","0"
495,2,2015-06-16,6500,479,1,1,"0","0"
496,2,2015-06-16,9463,904,1,1,"0","0"
497,2,2015-06-16,11816,1278,1,1,"0","0"
498,2,2015-06-16,8245,908,1,1,"0","0"
499,2,2015-06-16,7582,796,1,1,"0","0"
500,2,2015-06-16,6616,441,1,1,"0","0"
501,2,2015-06-16,5812,575,1,1,"0","0"
502,2,2015-06-16,12607,1590,1,1,"0","0"
503,2,2015-06-16,8253,514,1,1,"0","0"
504,2,2015-06-16,7379,979,1,1,"0","0"
505,2,2015-06-16,7177,758,1,1,"0","0"
506,2,2015-06-16,9072,893,1,1,"0","0"
507,2,2015-06-16,10570,714,1,1,"0","0"
508,2,2015-06-16,9146,803,1,1,"0","0"
509,2,2015-06-16,7802,588,1,1,"0","0"
510,2,2015-06-16,10707,909,1,1,"0","0"
511,2,2015-06-16,5751,753,1,1,"0","0"
512,2,2015-06-16,6451,1535,1,1,"0","0"
513,2,2015-06-16,20236,2229,1,1,"0","0"
514,2,2015-06-16,8576,760,1,1,"0","0"
515,2,2015-06-16,9667,725,1,1,"0","0"
516,2,2015-06-16,8693,996,1,1,"0","0"
517,2,2015-06-16,8856,843,1,1,"0","0"
518,2,2015-06-16,7494,534,1,1,"0","0"
519,2,2015-06-16,5940,560,1,1,"0","0"
520,2,2015-06-16,5007,462,1,1,"0","0"
521,2,2015-06-16,5813,416,1,1,"0","0"
522,2,2015-06-16,8677,658,1,1,"0","0"
523,2,2015-06-16,15455,1584,1,1,"0","0"
524,2,2015-06-16,9191,925,1,1,"0","0"
525,2,2015-06-16,10382,787,1,1,"0","0"
526,2,2015-06-16,15547,1817,1,1,"0","0"
527,2,2015-06-16,12717,1078,1,1,"0","0"
528,2,2015-06-16,14742,1076,1,1,"0","0"
529,2,2015-06-16,8365,760,1,1,"0","0"
530,2,2015-06-16,5546,898,1,1,"0","0"
531,2,2015-06-16,5954,666,1,1,"0","0"
532,2,2015-06-16,13607,1444,1,1,"0","0"
533,2,2015-06-16,13351,1075,1,1,"0","0"
534,2,2015-06-16,9347,651,1,1,"0","0"
535,2,2015-06-16,11484,1137,1,1,"0","0"
536,2,2015-06-16,11181,1087,1,1,"0","0"
537,2,2015-06-16,7433,722,1,1,"0","0"
538,2,2015-06-16,5112,680,1,1,"0","0"
539,2,2015-06-16,13018,1221,1,1,"0","0"
540,2,2015-06-16,8229,553,1,1,"0","0"
541,2,2015-06-16,8524,980,1,1,"0","0"
542,2,2015-06-16,8333,618,1,1,"0","0"
543,2,2015-06-16,3970,314,1,1,"0","0"
544,2,2015-06-16,18460,2157,1,1,"0","0"
545,2,2015-06-16,15817,1256,1,1,"0","0"
546,2,2015-06-16,16452,1827,1,1,"0","0"
547,2,2015-06-16,6894,504,1,1,"0","0"
548,2,2015-06-16,6707,445,1,1,"0","0"
549,2,2015-06-16,5554,596,1,1,"0","0"
550,2,2015-06-16,7781,555,1,1,"0","0"
551,2,2015-06-16,7560,1139,1,1,"0","0"
552,2,2015-06-16,11178,866,1,1,"0","0"
553,2,2015-06-16,7865,617,1,1,"0","0"
554,2,2015-06-16,5756,696,1,1,"0","0"
555,2,2015-06-16,5796,479,1,1,"0","0"
556,2,2015-06-16,9353,1005,1,1,"0","0"
557,2,2015-06-16,5239,705,1,1,"0","0"
558,2,2015-06-16,4072,503,1,1,"0","0"
559,2,2015-06-16,8103,946,1,1,"0","0"
560,2,2015-06-16,16954,1798,1,1,"0","0"
561,2,2015-06-16,8260,767,1,1,"0","0"
562,2,2015-06-16,19034,3021,1,1,"0","0"
563,2,2015-06-16,5396,640,1,1,"0","0"
564,2,2015-06-16,6736,533,1,1,"0","0"
565,2,2015-06-16,8308,852,1,1,"0","0"
566,2,2015-06-16,7362,689,1,1,"0","0"
567,2,2015-06-16,6428,769,1,1,"0","0"
568,2,2015-06-16,5965,437,1,1,"0","0"
569,2,2015-06-16,5454,713,1,1,"0","0"
570,2,2015-06-16,5265,724,1,1,"0","0"
571,2,2015-06-16,9109,613,1,1,"0","0"
572,2,2015-06-16,8611,615,1,1,"0","0"
573,2,2015-06-16,6179,448,1,1,"0","0"
574,2,2015-06-16,10940,699,1,1,"0","0"
575,2,2015-06-16,8715,703,1,1,"0","0"
576,2,2015-06-16,8261,988,1,1,"0","0"
577,2,2015-06-16,5661,574,1,1,"0","0"
578,2,2015-06-16,10009,910,1,1,"0","0"
579,2,2015-06-16,8816,871,1,1,"0","0"
580,2,2015-06-16,10907,1595,1,1,"0","0"
581,2,2015-06-16,7371,711,1,1,"0","0"
582,2,2015-06-16,9243,1042,1,1,"0","0"
583,2,2015-06-16,4781,465,1,1,"0","0"
584,2,2015-06-16,6958,524,1,1,"0","0"
585,2,2015-06-16,5411,820,1,1,"0","0"
586,2,2015-06-16,17287,2477,1,1,"0","0"
587,2,2015-06-16,12255,806,1,1,"0","0"
588,2,2015-06-16,6428,657,1,1,"0","0"
589,2,2015-06-16,7156,627,1,1,"0","0"
590,2,2015-06-16,5775,393,1,1,"0","0"
591,2,2015-06-16,7411,607,1,1,"0","0"
592,2,2015-06-16,5816,638,1,1,"0","0"
593,2,2015-06-16,10857,1284,1,1,"0","0"
594,2,2015-06-16,5440,534,1,1,"0","0"
595,2,2015-06-16,19106,1948,1,1,"0","0"
596,2,2015-06-16,4958,695,1,1,"0","0"
597,2,2015-06-16,5797,802,1,1,"0","0"
598,2,2015-06-16,7241,851,1,1,"0","0"
599,2,2015-06-16,10236,838,1,1,"0","0"
600,2,2015-06-16,7802,630,1,1,"0","0"
601,2,2015-06-16,5699,425,1,1,"0","0"
602,2,2015-06-16,8428,700,1,1,"0","0"
603,2,2015-06-16,9956,1218,1,1,"0","0"
604,2,2015-06-16,8936,567,1,1,"0","0"
605,2,2015-06-16,9572,551,1,1,"0","0"
606,2,2015-06-16,7193,705,1,1,"0","0"
607,2,2015-06-16,5940,528,1,1,"0","0"
608,2,2015-06-16,13902,1205,1,1,"0","0"
609,2,2015-06-16,5312,571,1,1,"0","0"
610,2,2015-06-16,5557,640,1,1,"0","0"
611,2,2015-06-16,7158,549,1,1,"0","0"
612,2,2015-06-16,7266,409,1,1,"0","0"
613,2,2015-06-16,6976,949,1,1,"0","0"
614,2,2015-06-16,7073,937,1,1,"0","0"
615,2,2015-06-16,11523,1344,1,1,"0","0"
616,2,2015-06-16,10657,973,1,1,"0","0"
617,2,2015-06-16,8008,662,1,1,"0","0"
618,2,2015-06-16,8752,603,1,1,"0","0"
619,2,2015-06-16,5807,518,1,1,"0","0"
620,2,2015-06-16,9509,845,1,1,"0","0"
621,2,2015-06-16,7272,913,1,1,"0","0"
622,2,2015-06-16,4874,448,1,1,"0","0"
623,2,2015-06-16,9655,1021,1,1,"0","0"
624,2,2015-06-16,8095,748,1,1,"0","0"
625,2,2015-06-16,9117,754,1,1,"0","0"
626,2,2015-06-16,11344,870,1,1,"0","0"
627,2,2015-06-16,7316,666,1,1,"0","0"
628,2,2015-06-16,7844,918,1,1,"0","0"
629,2,2015-06-16,7399,581,1,1,"0","0"
630,2,2015-06-16,8800,942,1,1,"0","0"
631,2,2015-06-16,6962,705,1,1,"0","0"
632,2,2015-06-16,8627,1004,1,1,"0","0"
633,2,2015-06-16,7980,560,1,1,"0","0"
634,2,2015-06-16,8462,755,1,1,"0","0"
635,2,2015-06-16,9050,797,1,1,"0","0"
636,2,2015-06-16,9773,965,1,1,"0","0"
637,2,2015-06-16,10532,744,1,1,"0","0"
638,2,2015-06-16,7259,538,1,1,"0","0"
639,2,2015-06-16,5998,555,1,1,"0","0"
640,2,2015-06-16,14816,954,1,1,"0","0"
641,2,2015-06-16,8288,625,1,1,"0","0"
642,2,2015-06-16,4171,504,1,1,"0","0"
643,2,2015-06-16,9077,1071,1,1,"0","0"
644,2,2015-06-16,10245,1014,1,1,"0","0"
645,2,2015-06-16,13465,1483,1,1,"0","0"
646,2,2015-06-16,6239,827,1,1,"0","0"
647,2,2015-06-16,7257,797,1,1,"0","0"
648,2,2015-06-16,7794,648,1,1,"0","0"
649,2,2015-06-16,4534,441,1,1,"0","0"
650,2,2015-06-16,8557,737,1,1,"0","0"
651,2,2015-06-16,9171,1048,1,1,"0","0"
652,2,2015-06-16,8664,845,1,1,"0","0"
653,2,2015-06-16,6992,550,1,1,"0","0"
654,2,2015-06-16,9732,887,1,1,"0","0"
655,2,2015-06-16,11303,824,1,1,"0","0"
656,2,2015-06-16,3866,432,1,1,"0","0"
657,2,2015-06-16,7273,791,1,1,"0","0"
658,2,2015-06-16,7159,651,1,1,"0","0"
659,2,2015-06-16,7678,862,1,1,"0","0"
660,2,2015-06-16,7652,684,1,1,"0","0"
661,2,2015-06-16,8120,615,1,1,"0","0"
662,2,2015-06-16,11121,920,1,1,"0","0"
663,2,2015-06-16,7249,822,1,1,"0","0"
664,2,2015-06-16,6260,702,1,1,"0","0"
665,2,2015-06-16,10185,1417,1,1,"0","0"
666,2,2015-06-16,8775,740,1,1,"0","0"
667,2,2015-06-16,11049,878,1,1,"0","0"
668,2,2015-06-16,11276,1281,1,1,"0","0"
669,2,2015-06-16,5523,394,1,1,"0","0"
670,2,2015-06-16,8238,796,1,1,"0","0"
671,2,2015-06-16,9422,796,1,1,"0","0"
672,2,2015-06-16,9766,1327,1,1,"0","0"
673,2,2015-06-16,10051,725,1,1,"0","0"
674,2,2015-06-16,10074,1053,1,1,"0","0"
675,2,2015-06-16,4961,469,1,1,"0","0"
676,2,2015-06-16,9576,2114,1,1,"0","0"
677,2,2015-06-16,7748,616,1,1,"0","0"
678,2,2015-06-16,9909,1014,1,1,"0","0"
679,2,2015-06-16,11907,1109,1,1,"0","0"
680,2,2015-06-16,5122,745,1,1,"0","0"
681,2,2015-06-16,4880,624,1,1,"0","0"
682,2,2015-06-16,15445,2104,1,1,"0","0"
683,2,2015-06-16,11364,1073,1,1,"0","0"
684,2,2015-06-16,11364,769,1,1,"0","0"
685,2,2015-06-16,8897,734,1,1,"0","0"
686,2,2015-06-16,8492,956,1,1,"0","0"
687,2,2015-06-16,11176,852,1,1,"0","0"
688,2,2015-06-16,4478,430,1,1,"0","0"
689,2,2015-06-16,7646,688,1,1,"0","0"
690,2,2015-06-16,7597,956,1,1,"0","0"
691,2,2015-06-16,10524,648,1,1,"0","0"
692,2,2015-06-16,9609,1028,1,1,"0","0"
693,2,2015-06-16,10697,684,1,1,"0","0"
694,2,2015-06-16,10878,909,1,1,"0","0"
695,2,2015-06-16,7801,638,1,1,"0","0"
696,2,2015-06-16,9969,1156,1,1,"0","0"
697,2,2015-06-16,14478,1147,1,1,"0","0"
698,2,2015-06-16,18530,2163,1,1,"0","0"
699,2,2015-06-16,9150,997,1,1,"0","0"
700,2,2015-06-16,6042,650,1,1,"0","0"
701,2,2015-06-16,8196,734,1,1,"0","0"
702,2,2015-06-16,5450,380,1,1,"0","0"
703,2,2015-06-16,4642,405,1,1,"0","0"
704,2,2015-06-16,12984,1289,1,1,"0","0"
705,2,2015-06-16,11082,1157,1,1,"0","0"
706,2,2015-06-16,7472,550,1,1,"0","0"
707,2,2015-06-16,11260,1143,1,1,"0","0"
708,2,2015-06-16,6612,549,1,1,"0","0"
709,2,2015-06-16,12400,1547,1,1,"0","0"
710,2,2015-06-16,5647,410,1,1,"0","0"
711,2,2015-06-16,6576,464,1,1,"0","0"
712,2,2015-06-16,7602,683,1,1,"0","0"
713,2,2015-06-16,11769,1315,1,1,"0","0"
714,2,2015-06-16,5590,367,1,1,"0","0"
715,2,2015-06-16,8436,832,1,1,"0","0"
716,2,2015-06-16,6869,475,1,1,"0","0"
717,2,2015-06-16,7832,680,1,1,"0","0"
718,2,2015-06-16,10249,993,1,1,"0","0"
719,2,2015-06-16,5996,467,1,1,"0","0"
720,2,2015-06-16,8261,684,1,1,"0","0"
721,2,2015-06-16,8178,769,1,1,"0","0"
722,2,2015-06-16,8311,1325,1,1,"0","0"
723,2,2015-06-16,9013,634,1,1,"0","0"
724,2,2015-06-16,8636,788,1,1,"0","0"
725,2,2015-06-16,7034,647,1,1,"0","0"
726,2,2015-06-16,14763,1333,1,1,"0","0"
727,2,2015-06-16,5528,543,1,1,"0","0"
728,2,2015-06-16,5346,426,1,1,"0","0"
729,2,2015-06-16,15189,1303,1,1,"0","0"
730,2,2015-06-16,7952,910,1,1,"0","0"
731,2,2015-06-16,12086,1045,1,1,"0","0"
732,2,2015-06-16,8513,903,1,1,"0","0"
733,2,2015-06-16,16007,3397,1,1,"0","0"
734,2,2015-06-16,7168,634,1,1,"0","0"
735,2,2015-06-16,7276,668,1,1,"0","0"
736,2,2015-06-16,6542,544,1,1,"0","0"
737,2,2015-06-16,8085,1033,1,1,"0","0"
738,2,2015-06-16,10640,763,1,1,"0","0"
739,2,2015-06-16,12989,915,1,1,"0","0"
740,2,2015-06-16,8366,563,1,1,"0","0"
741,2,2015-06-16,9040,1084,1,1,"0","0"
742,2,2015-06-16,9458,913,1,1,"0","0"
743,2,2015-06-16,5381,513,1,1,"0","0"
744,2,2015-06-16,9127,936,1,1,"0","0"
745,2,2015-06-16,10129,846,1,1,"0","0"
746,2,2015-06-16,7958,576,1,1,"0","0"
747,2,2015-06-16,10015,792,1,1,"0","0"
748,2,2015-06-16,7413,534,1,1,"0","0"
749,2,2015-06-16,6245,660,1,1,"0","0"
750,2,2015-06-16,5147,389,1,1,"0","0"
751,2,2015-06-16,5429,635,1,1,"0","0"
752,2,2015-06-16,7722,559,1,1,"0","0"
753,2,2015-06-16,10508,818,1,1,"0","0"
754,2,2015-06-16,9215,991,1,1,"0","0"
755,2,2015-06-16,13000,1006,1,1,"0","0"
756,2,2015-06-16,19445,2391,1,1,"0","0"
757,2,2015-06-16,9148,664,1,1,"0","0"
758,2,2015-06-16,6528,772,1,1,"0","0"
759,2,2015-06-16,9706,870,1,1,"0","0"
760,2,2015-06-16,8201,1265,1,1,"0","0"
761,2,2015-06-16,10829,1120,1,1,"0","0"
762,2,2015-06-16,4974,457,1,1,"0","0"
763,2,2015-06-16,6399,546,1,1,"0","0"
764,2,2015-06-16,4977,463,1,1,"0","0"
765,2,2015-06-16,11454,863,1,1,"0","0"
766,2,2015-06-16,6710,555,1,1,"0","0"
767,2,2015-06-16,7366,686,1,1,"0","0"
768,2,2015-06-16,16231,1511,1,1,"0","0"
769,2,2015-06-16,12450,3488,1,1,"0","0"
770,2,2015-06-16,6474,672,1,1,"0","0"
771,2,2015-06-16,8924,878,1,1,"0","0"
772,2,2015-06-16,4787,568,1,1,"0","0"
773,2,2015-06-16,5550,766,1,1,"0","0"
774,2,2015-06-16,6388,748,1,1,"0","0"
775,2,2015-06-16,8726,571,1,1,"0","0"
776,2,2015-06-16,6619,628,1,1,"0","0"
777,2,2015-06-16,5435,408,1,1,"0","0"
778,2,2015-06-16,8196,972,1,1,"0","0"
779,2,2015-06-16,10127,923,1,1,"0","0"
780,2,2015-06-16,10220,1101,1,1,"0","0"
781,2,2015-06-16,6667,828,1,1,"0","0"
782,2,2015-06-16,6604,553,1,1,"0","0"
783,2,2015-06-16,7802,714,1,1,"0","0"
784,2,2015-06-16,9369,863,1,1,"0","0"
785,2,2015-06-16,9488,682,1,1,"0","0"
786,2,2015-06-16,4986,705,1,1,"0","0"
787,2,2015-06-16,12227,1226,1,1,"0","0"
788,2,2015-06-16,20593,1885,1,1,"0","0"
789,2,2015-06-16,4105,576,1,1,"0","0"
790,2,2015-06-16,8250,721,1,1,"0","0"
791,2,2015-06-16,11707,1117,1,1,"0","0"
792,2,2015-06-16,9906,780,1,1,"0","0"
793,2,2015-06-16,7039,548,1,1,"0","0"
794,2,2015-06-16,3658,574,1,1,"0","0"
795,2,2015-06-16,6892,574,1,1,"0","0"
796,2,2015-06-16,10496,853,1,1,"0","0"
797,2,2015-06-16,7567,592,1,1,"0","0"
798,2,2015-06-16,10374,1054,1,1,"0","0"
799,2,2015-06-16,11616,970,1,1,"0","0"
800,2,2015-06-16,5457,472,1,1,"0","0"
801,2,2015-06-16,5896,556,1,1,"0","0"
802,2,2015-06-16,7788,557,1,1,"0","0"
803,2,2015-06-16,6901,496,1,1,"0","0"
804,2,2015-06-16,5966,449,1,1,"0","0"
805,2,2015-06-16,6973,566,1,1,"0","0"
806,2,2015-06-16,9264,609,1,1,"0","0"
807,2,2015-06-16,11237,1065,1,1,"0","0"
808,2,2015-06-16,9778,705,1,1,"0","0"
809,2,2015-06-16,14286,1016,1,1,"0","0"
810,2,2015-06-16,6053,469,1,1,"0","0"
811,2,2015-06-16,4321,671,1,1,"0","0"
812,2,2015-06-16,8640,934,1,1,"0","0"
813,2,2015-06-16,7001,735,1,1,"0","0"
814,2,2015-06-16,10765,804,1,1,"0","0"
815,2,2015-06-16,8243,717,1,1,"0","0"
816,2,2015-06-16,5992,824,1,1,"0","0"
817,2,2015-06-16,25085,3289,1,1,"0","0"
818,2,2015-06-16,8680,827,1,1,"0","0"
819,2,2015-06-16,6989,561,1,1,"0","0"
820,2,2015-06-16,16037,1246,1,1,"0","0"
821,2,2015-06-16,8344,930,1,1,"0","0"
822,2,2015-06-16,8828,622,1,1,"0","0"
823,2,2015-06-16,7623,696,1,1,"0","0"
824,2,2015-06-16,9034,1093,1,1,"0","0"
825,2,2015-06-16,6699,678,1,1,"0","0"
826,2,2015-06-16,11055,904,1,1,"0","0"
827,2,2015-06-16,14240,1677,1,1,"0","0"
828,2,2015-06-16,7098,677,1,1,"0","0"
829,2,2015-06-16,7130,859,1,1,"0","0"
830,2,2015-06-16,8703,661,1,1,"0","0"
831,2,2015-06-16,18561,2028,1,1,"0","0"
832,2,2015-06-16,8278,609,1,1,"0","0"
833,2,2015-06-16,7060,550,1,1,"0","0"
834,2,2015-06-16,7171,688,1,1,"0","0"
835,2,2015-06-16,6644,749,1,1,"0","0"
836,2,2015-06-16,8423,917,1,1,"0","0"
837,2,2015-06-16,5390,635,1,1,"0","0"
838,2,2015-06-16,10572,957,1,1,"0","0"
839,2,2015-06-16,5239,641,1,1,"0","0"
840,2,2015-06-16,7431,1039,1,1,"0","0"
841,2,2015-06-16,3264,416,1,1,"0","0"
842,2,2015-06-16,21991,1222,1,1,"0","0"
843,2,2015-06-16,10298,1071,1,1,"0","0"
844,2,2015-06-16,5553,497,1,1,"0","0"
845,2,2015-06-16,4999,349,1,1,"0","0"
846,2,2015-06-16,12712,1033,1,1,"0","0"
847,2,2015-06-16,7633,978,1,1,"0","0"
848,2,2015-06-16,8806,919,1,1,"0","0"
849,2,2015-06-16,9187,864,1,1,"0","0"
850,2,2015-06-16,7991,707,1,1,"0","0"
851,2,2015-06-16,6261,459,1,1,"0","0"
852,2,2015-06-16,5657,653,1,1,"0","0"
853,2,2015-06-16,11463,1092,1,1,"0","0"
854,2,2015-06-16,7227,635,1,1,"0","0"
855,2,2015-06-16,7793,799,1,1,"0","0"
856,2,2015-06-16,8485,1026,1,1,"0","0"
857,2,2015-06-16,8848,959,1,1,"0","0"
858,2,2015-06-16,6330,512,1,1,"0","0"
859,2,2015-06-16,8925,811,1,1,"0","0"
860,2,2015-06-16,7354,833,1,1,"0","0"
861,2,2015-06-16,4949,632,1,1,"0","0"
862,2,2015-06-16,10211,1259,1,1,"0","0"
863,2,2015-06-16,9252,1097,1,1,"0","0"
864,2,2015-06-16,5751,686,1,1,"0","0"
865,2,2015-06-16,9586,721,1,1,"0","0"
866,2,2015-06-16,7432,485,1,1,"0","0"
867,2,2015-06-16,5171,442,1,1,"0","0"
868,2,2015-06-16,11279,664,1,1,"0","0"
869,2,2015-06-16,7540,989,1,1,"0","0"
870,2,2015-06-16,7910,941,1,1,"0","0"
871,2,2015-06-16,6253,458,1,1,"0","0"
872,2,2015-06-16,8590,844,1,1,"0","0"
873,2,2015-06-16,4393,501,1,1,"0","0"
874,2,2015-06-16,5278,528,1,1,"0","0"
875,2,2015-06-16,6617,518,1,1,"0","0"
876,2,2015-06-16,14905,1457,1,1,"0","0"
877,2,2015-06-16,7154,979,1,1,"0","0"
878,2,2015-06-16,10685,914,1,1,"0","0"
879,2,2015-06-16,4628,362,1,1,"0","0"
880,2,2015-06-16,9742,956,1,1,"0","0"
881,2,2015-06-16,5896,707,1,1,"0","0"
882,2,2015-06-16,7082,839,1,1,"0","0"
883,2,2015-06-16,5596,559,1,1,"0","0"
884,2,2015-06-16,8038,680,1,1,"0","0"
885,2,2015-06-16,6943,818,1,1,"0","0"
886,2,2015-06-16,8798,754,1,1,"0","0"
887,2,2015-06-16,8982,664,1,1,"0","0"
888,2,2015-06-16,9811,818,1,1,"0","0"
889,2,2015-06-16,4645,467,1,1,"0","0"
890,2,2015-06-16,7735,512,1,1,"0","0"
891,2,2015-06-16,7815,981,1,1,"0","0"
892,2,2015-06-16,9996,900,1,1,"0","0"
893,2,2015-06-16,8300,920,1,1,"0","0"
894,2,2015-06-16,11523,1123,1,1,"0","0"
895,2,2015-06-16,11147,910,1,1,"0","0"
896,2,2015-06-16,7701,1078,1,1,"0","0"
897,2,2015-06-16,3225,320,1,1,"0","0"
898,2,2015-06-16,10313,991,1,1,"0","0"
899,2,2015-06-16,7801,737,1,1,"0","0"
900,2,2015-06-16,8685,704,1,1,"0","0"
901,2,2015-06-16,9018,725,1,1,"0","0"
902,2,2015-06-16,4597,603,1,1,"0","0"
903,2,2015-06-16,12677,821,1,1,"0","0"
904,2,2015-06-16,5698,481,1,1,"0","0"
905,2,2015-06-16,8487,1200,1,1,"0","0"
906,2,2015-06-16,12584,1394,1,1,"0","0"
907,2,2015-06-16,8719,1011,1,1,"0","0"
908,2,2015-06-16,5575,420,1,1,"0","0"
909,2,2015-06-16,14222,1239,1,1,"0","0"
910,2,2015-06-16,7191,644,1,1,"0","0"
911,2,2015-06-16,10688,957,1,1,"0","0"
912,2,2015-06-16,6439,781,1,1,"0","0"
913,2,2015-06-16,12597,1409,1,1,"0","0"
914,2,2015-06-16,11017,1238,1,1,"0","0"
915,2,2015-06-16,7528,522,1,1,"0","0"
916,2,2015-06-16,6799,757,1,1,"0","0"
917,2,2015-06-16,8446,854,1,1,"0","0"
918,2,2015-06-16,7704,727,1,1,"0","0"
919,2,2015-06-16,7601,826,1,1,"0","0"
920,2,2015-06-16,7327,675,1,1,"0","0"
921,2,2015-06-16,11637,1254,1,1,"0","0"
922,2,2015-06-16,9233,780,1,1,"0","0"
923,2,2015-06-16,6404,721,1,1,"0","0"
924,2,2015-06-16,6382,496,1,1,"0","0"
925,2,2015-06-16,8250,1222,1,1,"0","0"
926,2,2015-06-16,9809,633,1,1,"0","0"
927,2,2015-06-16,8570,1080,1,1,"0","0"
928,2,2015-06-16,10580,775,1,1,"0","0"
929,2,2015-06-16,7005,796,1,1,"0","0"
930,2,2015-06-16,8659,1225,1,1,"0","0"
931,2,2015-06-16,4707,535,1,1,"0","0"
932,2,2015-06-16,9101,846,1,1,"0","0"
933,2,2015-06-16,8680,1006,1,1,"0","0"
934,2,2015-06-16,9338,769,1,1,"0","0"
935,2,2015-06-16,6377,622,1,1,"0","0"
936,2,2015-06-16,7983,927,1,1,"0","0"
937,2,2015-06-16,8648,628,1,1,"0","0"
938,2,2015-06-16,11129,1058,1,1,"0","0"
939,2,2015-06-16,7100,628,1,1,"0","0"
940,2,2015-06-16,9584,868,1,1,"0","0"
941,2,2015-06-16,7729,709,1,1,"0","0"
942,2,2015-06-16,7812,496,1,1,"0","0"
943,2,2015-06-16,8212,632,1,1,"0","0"
944,2,2015-06-16,7737,1165,1,1,"0","0"
945,2,2015-06-16,4695,528,1,1,"0","0"
946,2,2015-06-16,5349,624,1,1,"0","0"
947,2,2015-06-16,9422,1106,1,1,"0","0"
948,2,2015-06-16,8171,2037,1,1,"0","0"
949,2,2015-06-16,7171,561,1,1,"0","0"
950,2,2015-06-16,7028,635,1,1,"0","0"
951,2,2015-06-16,9498,779,1,1,"0","0"
952,2,2015-06-16,6988,526,1,1,"0","0"
953,2,2015-06-16,7401,688,1,1,"0","0"
954,2,2015-06-16,8870,979,1,1,"0","0"
955,2,2015-06-16,5875,495,1,1,"0","0"
956,2,2015-06-16,4210,528,1,1,"0","0"
957,2,2015-06-16,11186,1118,1,1,"0","0"
958,2,2015-06-16,4517,555,1,1,"0","0"
959,2,2015-06-16,9553,903,1,1,"0","0"
960,2,2015-06-16,8347,635,1,1,"0","0"
961,2,2015-06-16,7743,753,1,1,"0","0"
962,2,2015-06-16,10317,1199,1,1,"0","0"
963,2,2015-06-16,16998,1488,1,1,"0","0"
964,2,2015-06-16,10176,1357,1,1,"0","0"
965,2,2015-06-16,10049,961,1,1,"0","0"
966,2,2015-06-16,6191,688,1,1,"0","0"
967,2,2015-06-16,9632,908,1,1,"0","0"
968,2,2015-06-16,8525,1000,1,1,"0","0"
969,2,2015-06-16,5109,816,1,1,"0","0"
970,2,2015-06-16,4199,505,1,1,"0","0"
971,2,2015-06-16,10137,1028,1,1,"0","0"
972,2,2015-06-16,4487,462,1,1,"0","0"
973,2,2015-06-16,9664,964,1,1,"0","0"
974,2,2015-06-16,15618,1879,1,1,"0","0"
975,2,2015-06-16,9000,817,1,1,"0","0"
976,2,2015-06-16,9233,830,1,1,"0","0"
977,2,2015-06-16,6337,575,1,1,"0","0"
978,2,2015-06-16,9431,1096,1,1,"0","0"
979,2,2015-06-16,8014,709,1,1,"0","0"
980,2,2015-06-16,9037,601,1,1,"0","0"
981,2,2015-06-16,9170,824,1,1,"0","0"
982,2,2015-06-16,10388,794,1,1,"0","0"
983,2,2015-06-16,11597,1301,1,1,"0","0"
984,2,2015-06-16,8179,818,1,1,"0","0"
985,2,2015-06-16,8743,759,1,1,"0","0"
986,2,2015-06-16,6386,777,1,1,"0","0"
987,2,2015-06-16,8043,956,1,1,"0","0"
988,2,2015-06-16,5532,793,1,1,"0","0"
989,2,2015-06-16,7786,728,1,1,"0","0"
990,2,2015-06-16,7575,610,1,1,"0","0"
991,2,2015-06-16,7342,571,1,1,"0","0"
992,2,2015-06-16,7388,813,1,1,"0","0"
993,2,2015-06-16,9954,865,1,1,"0","0"
994,2,2015-06-16,7213,604,1,1,"0","0"
995,2,2015-06-16,11188,791,1,1,"0","0"
996,2,2015-06-16,10373,925,1,1,"0","0"
997,2,2015-06-16,5577,395,1,1,"0","0"
998,2,2015-06-16,6131,616,1,1,"0","0"
999,2,2015-06-16,12392,814,1,1,"0","0"
1000,2,2015-06-16,9485,769,1,1,"0","0"
1001,2,2015-06-16,8197,765,1,1,"0","0"
1002,2,2015-06-16,7436,828,1,1,"0","0"
1003,2,2015-06-16,10790,997,1,1,"0","0"
1004,2,2015-06-16,8057,567,1,1,"0","0"
1005,2,2015-06-16,7489,1076,1,1,"0","0"
1006,2,2015-06-16,7867,952,1,1,"0","0"
1007,2,2015-06-16,7551,786,1,1,"0","0"
1008,2,2015-06-16,6770,839,1,1,"0","0"
1009,2,2015-06-16,6399,553,1,1,"0","0"
1010,2,2015-06-16,9846,784,1,1,"0","0"
1011,2,2015-06-16,7895,854,1,1,"0","0"
1012,2,2015-06-16,5946,458,1,1,"0","0"
1013,2,2015-06-16,4748,499,1,1,"0","0"
1014,2,2015-06-16,15293,1538,1,1,"0","0"
1015,2,2015-06-16,8280,549,1,1,"0","0"
1016,2,2015-06-16,7821,632,1,1,"0","0"
1017,2,2015-06-16,8481,1134,1,1,"0","0"
1018,2,2015-06-16,12357,1305,1,1,"0","0"
1019,2,2015-06-16,10587,781,1,1,"0","0"
1020,2,2015-06-16,9504,1056,1,1,"0","0"
1021,2,2015-06-16,10725,1178,1,1,"0","0"
1022,2,2015-06-16,9198,897,1,1,"0","0"
1023,2,2015-06-16,6929,630,1,1,"0","0"
1024,2,2015-06-16,6581,780,1,1,"0","0"
1025,2,2015-06-16,10320,1044,1,1,"0","0"
1026,2,2015-06-16,14056,1447,1,1,"0","0"
1027,2,2015-06-16,16499,1842,1,1,"0","0"
1028,2,2015-06-16,8433,775,1,1,"0","0"
1029,2,2015-06-16,7366,1011,1,1,"0","0"
1030,2,2015-06-16,5436,426,1,1,"0","0"
1031,2,2015-06-16,7869,571,1,1,"0","0"
1032,2,2015-06-16,12453,1201,1,1,"0","0"
1033,2,2015-06-16,18592,1527,1,1,"0","0"
1034,2,2015-06-16,9254,993,1,1,"0","0"
1035,2,2015-06-16,6775,748,1,1,"0","0"
1036,2,2015-06-16,5584,492,1,1,"0","0"
1037,2,2015-06-16,8177,888,1,1,"0","0"
1038,2,2015-06-16,6652,523,1,1,"0","0"
1039,2,2015-06-16,10241,1133,1,1,"0","0"
1040,2,2015-06-16,11024,951,1,1,"0","0"
1041,2,2015-06-16,7855,748,1,1,"0","0"
1042,2,2015-06-16,5154,618,1,1,"0","0"
1043,2,2015-06-16,9428,1104,1,1,"0","0"
1044,2,2015-06-16,7437,939,1,1,"0","0"
1045,2,2015-06-16,9158,1094,1,1,"0","0"
1046,2,2015-06-16,10799,753,1,1,"0","0"
1047,2,2015-06-16,6570,617,1,1,"0","0"
1048,2,2015-06-16,10372,652,1,1,"0","0"
1049,2,2015-06-16,5248,790,1,1,"0","0"
1050,2,2015-06-16,5896,368,1,1,"0","0"
1051,2,2015-06-16,9784,1157,1,1,"0","0"
1052,2,2015-06-16,9122,820,1,1,"0","0"
1053,2,2015-06-16,11752,1238,1,1,"0","0"
1054,2,2015-06-16,8472,725,1,1,"0","0"
1055,2,2015-06-16,8718,1019,1,1,"0","0"
1056,2,2015-06-16,4971,430,1,1,"0","0"
1057,2,2015-06-16,6783,611,1,1,"0","0"
1058,2,2015-06-16,10377,802,1,1,"0","0"
1059,2,2015-06-16,9564,1170,1,1,"0","0"
1060,2,2015-06-16,8836,894,1,1,"0","0"
1061,2,2015-06-16,9729,619,1,1,"0","0"
1062,2,2015-06-16,8417,657,1,1,"0","0"
1063,2,2015-06-16,5815,646,1,1,"0","0"
1064,2,2015-06-16,12688,1202,1,1,"0","0"
1065,2,2015-06-16,5535,570,1,1,"0","0"
1066,2,2015-06-16,13728,1204,1,1,"0","0"
1067,2,2015-06-16,7454,578,1,1,"0","0"
1068,2,2015-06-16,4996,345,1,1,"0","0"
1069,2,2015-06-16,8828,957,1,1,"0","0"
1070,2,2015-06-16,7872,858,1,1,"0","0"
1071,2,2015-06-16,7795,835,1,1,"0","0"
1072,2,2015-06-16,9107,733,1,1,"0","0"
1073,2,2015-06-16,12148,1202,1,1,"0","0"
1074,2,2015-06-16,6622,556,1,1,"0","0"
1075,2,2015-06-16,12837,1139,1,1,"0","0"
1076,2,2015-06-16,5154,651,1,1,"0","0"
1077,2,2015-06-16,6099,557,1,1,"0","0"
1078,2,2015-06-16,9866,608,1,1,"0","0"
1079,2,2015-06-16,11056,830,1,1,"0","0"
1080,2,2015-06-16,12714,956,1,1,"0","0"
1081,2,2015-06-16,9293,1261,1,1,"0","0"
1082,2,2015-06-16,7920,1034,1,1,"0","0"
1083,2,2015-06-16,6910,442,1,1,"0","0"
1084,2,2015-06-16,6884,867,1,1,"0","0"
1085,2,2015-06-16,9459,844,1,1,"0","0"
1086,2,2015-06-16,8444,828,1,1,"0","0"
1087,2,2015-06-16,7703,679,1,1,"0","0"
1088,2,2015-06-16,7139,615,1,1,"0","0"
1089,2,2015-06-16,12991,1159,1,1,"0","0"
1090,2,2015-06-16,8891,1001,1,1,"0","0"
1091,2,2015-06-16,9820,783,1,1,"0","0"
1092,2,2015-06-16,14484,1348,1,1,"0","0"
1093,2,2015-06-16,9079,885,1,1,"0","0"
1094,2,2015-06-16,6160,435,1,1,"0","0"
1095,2,2015-06-16,5838,733,1,1,"0","0"
1096,2,2015-06-16,7304,714,1,1,"0","0"
1097,2,2015-06-16,11522,2641,1,1,"0","0"
1098,2,2015-06-16,7568,850,1,1,"0","0"
1099,2,2015-06-16,8511,1024,1,1,"0","0"
1100,2,2015-06-16,7571,807,1,1,"0","0"
1101,2,2015-06-16,12837,1118,1,1,"0","0"
1102,2,2015-06-16,8454,759,1,1,"0","0"
1103,2,2015-06-16,6075,457,1,1,"0","0"
1104,2,2015-06-16,6102,465,1,1,"0","0"
1105,2,2015-06-16,6659,654,1,1,"0","0"
1106,2,2015-06-16,6387,614,1,1,"0","0"
1107,2,2015-06-16,8965,786,1,1,"0","0"
1108,2,2015-06-16,8749,796,1,1,"0","0"
1109,2,2015-06-16,6795,556,1,1,"0","0"
1110,2,2015-06-16,6546,694,1,1,"0","0"
1111,2,2015-06-16,6547,517,1,1,"0","0"
1112,2,2015-06-16,12860,870,1,1,"0","0"
1113,2,2015-06-16,7057,721,1,1,"0","0"
1114,2,2015-06-16,22344,3191,1,1,"0","0"
1115,2,2015-06-16,7860,501,1,1,"0","0"